stage,layer,layer_type,layer_category,tensor_type,count,min,max,min_abs_nonzero,empirical_min_spacing,frac_zero,format,verdict,mean_rel_error,max_rel_error,frac_overflow,frac_underflow_of_nonzero,scale
inference,features.0.0,Conv2d,conv,weight,864,-0.7085789442062378,0.9368358850479126,2.781013427011203e-05,7.450580596923828e-09,0.0,FP16,Sufficient,0.00017467951037344477,0.0009073972728895427,0.0,0.0,
inference,features.0.0,Conv2d,conv,weight,864,-0.7085789442062378,0.9368358850479126,2.781013427011203e-05,7.450580596923828e-09,0.0,FP8_E4M3,Marginal,0.03076675652195185,1.0,0.0,0.0023148148148148147,
inference,features.0.0,Conv2d,conv,weight,864,-0.7085789442062378,0.9368358850479126,2.781013427011203e-05,7.450580596923828e-09,0.0,FP8_E5M2,Marginal,0.04611911653006923,0.11022078716307215,0.0,0.0,
inference,features.0.0,Conv2d,conv,weight,864,-0.7085789442062378,0.9368358850479126,2.781013427011203e-05,7.450580596923828e-09,0.0,INT16,Sufficient,0.00021253190392578894,0.028072520527739342,,,2.8590834835288938e-05
inference,features.0.0,Conv2d,conv,weight,864,-0.7085789442062378,0.9368358850479126,2.781013427011203e-05,7.450580596923828e-09,0.0,INT8,Marginal,0.0484094805266997,1.0,,,0.0073766605121882885
inference,features.0.0,Conv2d,conv,input,30720000,-1.8974260091781616,2.0242578983306885,0.0008794242748990655,9.179115295410156e-06,0.0,FP16,Sufficient,0.00017885627372165306,0.0004648821227023157,0.0,0.0,
inference,features.0.0,Conv2d,conv,input,30720000,-1.8974260091781616,2.0242578983306885,0.0008794242748990655,9.179115295410156e-06,0.0,FP8_E4M3,Marginal,0.024702253960463622,1.0,0.0,0.00245,
inference,features.0.0,Conv2d,conv,input,30720000,-1.8974260091781616,2.0242578983306885,0.0008794242748990655,9.179115295410156e-06,0.0,FP8_E5M2,Marginal,0.04270365022415725,0.11099785911343181,0.0,0.0,
inference,features.0.0,Conv2d,conv,input,30720000,-1.8974260091781616,2.0242578983306885,0.0008794242748990655,9.179115295410156e-06,0.0,INT16,Sufficient,0.00010615622516586044,0.016535364539252178,,,6.177733385206728e-05
inference,features.0.0,Conv2d,conv,input,30720000,-1.8974260091781616,2.0242578983306885,0.0008794242748990655,9.179115295410156e-06,0.0,INT8,Marginal,0.020426009494334322,1.0,,,0.01593903856953298
inference,features.0.0,Conv2d,conv,activation,327680000,-13.146085739135742,12.87406063079834,2.2843398284067007e-09,9.313225746154785e-10,0.0,FP16,Sufficient,0.00017516202316502464,0.00048233300765549054,0.0,0.0,
inference,features.0.0,Conv2d,conv,activation,327680000,-13.146085739135742,12.87406063079834,2.2843398284067007e-09,9.313225746154785e-10,0.0,FP8_E4M3,Marginal,0.02346590969759444,1.0,0.0,0.00035,
inference,features.0.0,Conv2d,conv,activation,327680000,-13.146085739135742,12.87406063079834,2.2843398284067007e-09,9.313225746154785e-10,0.0,FP8_E5M2,Marginal,0.04512445311590227,0.11110275180653696,0.0,0.0,
inference,features.0.0,Conv2d,conv,activation,327680000,-13.146085739135742,12.87406063079834,2.2843398284067007e-09,9.313225746154785e-10,0.0,INT16,Sufficient,0.00038599321931812643,1.0,,,0.0003351860059192795
inference,features.0.0,Conv2d,conv,activation,327680000,-13.146085739135742,12.87406063079834,2.2843398284067007e-09,9.313225746154785e-10,0.0,INT8,Marginal,0.05362146348147908,1.0,,,0.08648062878706324
inference,features.0.1,BatchNorm2d,batchnorm,weight,32,0.4620157778263092,0.7916240096092224,0.4620157778263092,0.00010943412780761719,0.0,FP16,Sufficient,0.00018282025655195686,0.00031159752963863844,0.0,0.0,
inference,features.0.1,BatchNorm2d,batchnorm,weight,32,0.4620157778263092,0.7916240096092224,0.4620157778263092,0.00010943412780761719,0.0,FP8_E4M3,Sufficient,0.013174280271986537,0.05063556089001269,0.0,0.0,
inference,features.0.1,BatchNorm2d,batchnorm,weight,32,0.4620157778263092,0.7916240096092224,0.4620157778263092,0.00010943412780761719,0.0,FP8_E5M2,Sufficient,0.015683519429352987,0.05306264201982664,0.0,0.0,
inference,features.0.1,BatchNorm2d,batchnorm,weight,32,0.4620157778263092,0.7916240096092224,0.4620157778263092,0.00010943412780761719,0.0,INT16,Sufficient,6.816826542164923e-06,1.605794144563107e-05,,,2.4159184838685946e-05
inference,features.0.1,BatchNorm2d,batchnorm,weight,32,0.4620157778263092,0.7916240096092224,0.4620157778263092,0.00010943412780761719,0.0,INT8,Sufficient,0.0020796633536522106,0.0045695513923819115,,,0.006233259918182853
inference,features.0.1,BatchNorm2d,batchnorm,bias,32,-0.248845636844635,0.6751906871795654,0.002575673395767808,5.802139639854431e-05,0.0,FP16,Sufficient,0.0002185770732996784,0.0004084184243313612,0.0,0.0,
inference,features.0.1,BatchNorm2d,batchnorm,bias,32,-0.248845636844635,0.6751906871795654,0.002575673395767808,5.802139639854431e-05,0.0,FP8_E4M3,Marginal,0.04002038339780867,0.24170315878975268,0.0,0.0,
inference,features.0.1,BatchNorm2d,batchnorm,bias,32,-0.248845636844635,0.6751906871795654,0.002575673395767808,5.802139639854431e-05,0.0,FP8_E5M2,Marginal,0.04145721232390785,0.08942406012752349,0.0,0.0,
inference,features.0.1,BatchNorm2d,batchnorm,bias,32,-0.248845636844635,0.6751906871795654,0.002575673395767808,5.802139639854431e-05,0.0,INT16,Sufficient,0.00020740019374332287,0.002373469597063997,,,2.0605813384794624e-05
inference,features.0.1,BatchNorm2d,batchnorm,bias,32,-0.248845636844635,0.6751906871795654,0.002575673395767808,5.802139639854431e-05,0.0,INT8,Marginal,0.08455154857849144,1.0,,,0.005316462103776106
inference,features.0.1,BatchNorm2d,batchnorm,input,327680000,-13.146085739135742,12.87406063079834,2.2843398284067007e-09,9.313225746154785e-10,0.0,FP16,Sufficient,0.00017516202316502464,0.00048233300765549054,0.0,0.0,
inference,features.0.1,BatchNorm2d,batchnorm,input,327680000,-13.146085739135742,12.87406063079834,2.2843398284067007e-09,9.313225746154785e-10,0.0,FP8_E4M3,Marginal,0.02346590969759444,1.0,0.0,0.00035,
inference,features.0.1,BatchNorm2d,batchnorm,input,327680000,-13.146085739135742,12.87406063079834,2.2843398284067007e-09,9.313225746154785e-10,0.0,FP8_E5M2,Marginal,0.04512445311590227,0.11110275180653696,0.0,0.0,
inference,features.0.1,BatchNorm2d,batchnorm,input,327680000,-13.146085739135742,12.87406063079834,2.2843398284067007e-09,9.313225746154785e-10,0.0,INT16,Sufficient,0.00038599321931812643,1.0,,,0.0003351860059192795
inference,features.0.1,BatchNorm2d,batchnorm,input,327680000,-13.146085739135742,12.87406063079834,2.2843398284067007e-09,9.313225746154785e-10,0.0,INT8,Marginal,0.05362146348147908,1.0,,,0.08648062878706324
inference,features.0.1,BatchNorm2d,batchnorm,activation,327680000,-4.500263690948486,5.571164131164551,1.156497564380743e-09,2.3283064365386963e-10,0.0,FP16,Sufficient,0.00017439803122373934,0.00048281446618587975,0.0,0.0,
inference,features.0.1,BatchNorm2d,batchnorm,activation,327680000,-4.500263690948486,5.571164131164551,1.156497564380743e-09,2.3283064365386963e-10,0.0,FP8_E4M3,Marginal,0.02473254417639467,1.0,0.0,0.00095,
inference,features.0.1,BatchNorm2d,batchnorm,activation,327680000,-4.500263690948486,5.571164131164551,1.156497564380743e-09,2.3283064365386963e-10,0.0,FP8_E5M2,Marginal,0.045027647838881205,0.11650202960246198,0.0,0.0,
inference,features.0.1,BatchNorm2d,batchnorm,activation,327680000,-4.500263690948486,5.571164131164551,1.156497564380743e-09,2.3283064365386963e-10,0.0,INT16,Sufficient,0.00038400139872079675,1.0,,,0.000147685797413075
inference,features.0.1,BatchNorm2d,batchnorm,activation,327680000,-4.500263690948486,5.571164131164551,1.156497564380743e-09,2.3283064365386963e-10,0.0,INT8,Marginal,0.05722605140987712,1.0,,,0.03810409861286794
inference,features.1.conv.0.0,Conv2d,conv,weight,288,-0.766129195690155,1.0577137470245361,0.00038536309148184955,2.3642554879188538e-05,0.0,FP16,Sufficient,0.0001773290011862013,0.000469091546315245,0.0,0.0,
inference,features.1.conv.0.0,Conv2d,conv,weight,288,-0.766129195690155,1.0577137470245361,0.00038536309148184955,2.3642554879188538e-05,0.0,FP8_E4M3,Marginal,0.03116658963774568,1.0,0.0,0.006944444444444444,
inference,features.1.conv.0.0,Conv2d,conv,weight,288,-0.766129195690155,1.0577137470245361,0.00038536309148184955,2.3642554879188538e-05,0.0,FP8_E5M2,Marginal,0.04476054107183876,0.1106763056091818,0.0,0.0,
inference,features.1.conv.0.0,Conv2d,conv,weight,288,-0.766129195690155,1.0577137470245361,0.00038536309148184955,2.3642554879188538e-05,0.0,INT16,Sufficient,0.00021502661438118614,0.020889773604123543,,,3.22798470114608e-05
inference,features.1.conv.0.0,Conv2d,conv,weight,288,-0.766129195690155,1.0577137470245361,0.00038536309148184955,2.3642554879188538e-05,0.0,INT8,Marginal,0.03783981437826814,1.0,,,0.008328454700980599
inference,features.1.conv.0.0,Conv2d,conv,input,327680000,0.0,5.571164131164551,1.156497564380743e-09,4.0745362639427185e-10,0.45415830078125,FP16,Sufficient,9.550694389696074e-05,0.00047872110076825473,0.0,0.0,
inference,features.1.conv.0.0,Conv2d,conv,input,327680000,0.0,5.571164131164551,1.156497564380743e-09,4.0745362639427185e-10,0.45415830078125,FP8_E4M3,Sufficient,0.013633781256563912,1.0,0.0,0.00119233238558195,
inference,features.1.conv.0.0,Conv2d,conv,input,327680000,0.0,5.571164131164551,1.156497564380743e-09,4.0745362639427185e-10,0.45415830078125,FP8_E5M2,Marginal,0.024551440243672486,0.11650202960246198,0.0,0.0,
inference,features.1.conv.0.0,Conv2d,conv,input,327680000,0.0,5.571164131164551,1.156497564380743e-09,4.0745362639427185e-10,0.45415830078125,INT16,Sufficient,0.00024356416609073444,1.0,,,0.000147685797413075
inference,features.1.conv.0.0,Conv2d,conv,input,327680000,0.0,5.571164131164551,1.156497564380743e-09,4.0745362639427185e-10,0.45415830078125,INT8,Marginal,0.03042768138196851,1.0,,,0.03810409861286794
inference,features.1.conv.0.0,Conv2d,conv,activation,327680000,-6.5605902671813965,14.057796478271484,4.503600964378407e-11,2.9103830456733704e-11,0.3263699859619141,FP16,Sufficient,0.00012096272522793832,0.03515560841290691,0.0,0.0,
inference,features.1.conv.0.0,Conv2d,conv,activation,327680000,-6.5605902671813965,14.057796478271484,4.503600964378407e-11,2.9103830456733704e-11,0.3263699859619141,FP8_E4M3,Not sufficient,0.02719021613296999,1.0,0.0,0.011282660332541567,
inference,features.1.conv.0.0,Conv2d,conv,activation,327680000,-6.5605902671813965,14.057796478271484,4.503600964378407e-11,2.9103830456733704e-11,0.3263699859619141,FP8_E5M2,Marginal,0.030552778994680063,1.0,0.0,0.00022268408551068885,
inference,features.1.conv.0.0,Conv2d,conv,activation,327680000,-6.5605902671813965,14.057796478271484,4.503600964378407e-11,2.9103830456733704e-11,0.3263699859619141,INT16,Sufficient,0.003420460125098304,1.0,,,0.0002324967438618679
inference,features.1.conv.0.0,Conv2d,conv,activation,327680000,-6.5605902671813965,14.057796478271484,4.503600964378407e-11,2.9103830456733704e-11,0.3263699859619141,INT8,Not sufficient,0.13363024363364703,1.0,,,0.059985990599384455
inference,features.1.conv.0.1,BatchNorm2d,batchnorm,weight,32,0.38212305307388306,1.6279349327087402,0.38212305307388306,0.00012451410293579102,0.0,FP16,Sufficient,0.00015979811922054398,0.0004113653605145068,0.0,0.0,
inference,features.1.conv.0.1,BatchNorm2d,batchnorm,weight,32,0.38212305307388306,1.6279349327087402,0.38212305307388306,0.00012451410293579102,0.0,FP8_E4M3,Sufficient,0.018379482174708205,0.05160230059088537,0.0,0.0,
inference,features.1.conv.0.1,BatchNorm2d,batchnorm,weight,32,0.38212305307388306,1.6279349327087402,0.38212305307388306,0.00012451410293579102,0.0,FP8_E5M2,Marginal,0.046444201236968435,0.10676307244714336,0.0,0.0,
inference,features.1.conv.0.1,BatchNorm2d,batchnorm,weight,32,0.38212305307388306,1.6279349327087402,0.38212305307388306,0.00012451410293579102,0.0,INT16,Sufficient,1.891095890036368e-05,4.6203290793168975e-05,,,4.968214767017854e-05
inference,features.1.conv.0.1,BatchNorm2d,batchnorm,weight,32,0.38212305307388306,1.6279349327087402,0.38212305307388306,0.00012451410293579102,0.0,INT8,Sufficient,0.003775771428588564,0.010998270749837436,,,0.012818385296919215
inference,features.1.conv.0.1,BatchNorm2d,batchnorm,bias,32,-0.31327250599861145,0.9863197207450867,0.0002973994705826044,0.0007405579090118408,0.0,FP16,Sufficient,0.0001609064724455046,0.0004148434884195961,0.0,0.0,
inference,features.1.conv.0.1,BatchNorm2d,batchnorm,bias,32,-0.31327250599861145,0.9863197207450867,0.0002973994705826044,0.0007405579090118408,0.0,FP8_E4M3,Not sufficient,0.05206641571883215,1.0,0.0,0.03125,
inference,features.1.conv.0.1,BatchNorm2d,batchnorm,bias,32,-0.31327250599861145,0.9863197207450867,0.0002973994705826044,0.0007405579090118408,0.0,FP8_E5M2,Marginal,0.039059837368327126,0.09778309279006919,0.0,0.0,
inference,features.1.conv.0.1,BatchNorm2d,batchnorm,bias,32,-0.31327250599861145,0.9863197207450867,0.0002973994705826044,0.0007405579090118408,0.0,INT16,Sufficient,0.0004684253602751748,0.012140596113169807,,,3.0101007743921832e-05
inference,features.1.conv.0.1,BatchNorm2d,batchnorm,bias,32,-0.31327250599861145,0.9863197207450867,0.0002973994705826044,0.0007405579090118408,0.0,INT8,Marginal,0.051235799162549354,1.0,,,0.00776629701374084
inference,features.1.conv.0.1,BatchNorm2d,batchnorm,input,327680000,-6.5605902671813965,14.057796478271484,4.503600964378407e-11,2.9103830456733704e-11,0.3263699859619141,FP16,Sufficient,0.00012096272522793832,0.03515560841290691,0.0,0.0,
inference,features.1.conv.0.1,BatchNorm2d,batchnorm,input,327680000,-6.5605902671813965,14.057796478271484,4.503600964378407e-11,2.9103830456733704e-11,0.3263699859619141,FP8_E4M3,Not sufficient,0.02719021613296999,1.0,0.0,0.011282660332541567,
inference,features.1.conv.0.1,BatchNorm2d,batchnorm,input,327680000,-6.5605902671813965,14.057796478271484,4.503600964378407e-11,2.9103830456733704e-11,0.3263699859619141,FP8_E5M2,Marginal,0.030552778994680063,1.0,0.0,0.00022268408551068885,
inference,features.1.conv.0.1,BatchNorm2d,batchnorm,input,327680000,-6.5605902671813965,14.057796478271484,4.503600964378407e-11,2.9103830456733704e-11,0.3263699859619141,INT16,Sufficient,0.003420460125098304,1.0,,,0.0002324967438618679
inference,features.1.conv.0.1,BatchNorm2d,batchnorm,input,327680000,-6.5605902671813965,14.057796478271484,4.503600964378407e-11,2.9103830456733704e-11,0.3263699859619141,INT8,Not sufficient,0.13363024363364703,1.0,,,0.059985990599384455
inference,features.1.conv.0.1,BatchNorm2d,batchnorm,activation,327680000,-11.555059432983398,14.814153671264648,2.178447200407163e-09,2.3283064365386963e-10,0.0,FP16,Sufficient,0.0001805543543492639,0.0010500544920023927,0.0,0.0,
inference,features.1.conv.0.1,BatchNorm2d,batchnorm,activation,327680000,-11.555059432983398,14.814153671264648,2.178447200407163e-09,2.3283064365386963e-10,0.0,FP8_E4M3,Marginal,0.023069498892143568,1.0,0.0,0.001,
inference,features.1.conv.0.1,BatchNorm2d,batchnorm,activation,327680000,-11.555059432983398,14.814153671264648,2.178447200407163e-09,2.3283064365386963e-10,0.0,FP8_E5M2,Marginal,0.04459149836622594,0.14860859152839664,0.0,0.0,
inference,features.1.conv.0.1,BatchNorm2d,batchnorm,activation,327680000,-11.555059432983398,14.814153671264648,2.178447200407163e-09,2.3283064365386963e-10,0.0,INT16,Sufficient,0.0004896577021709371,1.0,,,0.00020504432918278377
inference,features.1.conv.0.1,BatchNorm2d,batchnorm,activation,327680000,-11.555059432983398,14.814153671264648,2.178447200407163e-09,2.3283064365386963e-10,0.0,INT8,Marginal,0.06410744377915283,1.0,,,0.052903051451435236
inference,features.1.conv.1,Conv2d,conv,weight,512,-0.9634611010551453,0.8071914911270142,0.00022562385129276663,2.682209014892578e-07,0.0,FP16,Sufficient,0.00017952329879068345,0.00047866020193829226,0.0,0.0,
inference,features.1.conv.1,Conv2d,conv,weight,512,-0.9634611010551453,0.8071914911270142,0.00022562385129276663,2.682209014892578e-07,0.0,FP8_E4M3,Marginal,0.026170266232089262,1.0,0.0,0.001953125,
inference,features.1.conv.1,Conv2d,conv,weight,512,-0.9634611010551453,0.8071914911270142,0.00022562385129276663,2.682209014892578e-07,0.0,FP8_E5M2,Marginal,0.04587166161646801,0.11037525486834869,0.0,0.0,
inference,features.1.conv.1,Conv2d,conv,weight,512,-0.9634611010551453,0.8071914911270142,0.00022562385129276663,2.682209014892578e-07,0.0,INT16,Sufficient,0.0001917165978033844,0.04256341956161953,,,2.940339674230614e-05
inference,features.1.conv.1,Conv2d,conv,weight,512,-0.9634611010551453,0.8071914911270142,0.00022562385129276663,2.682209014892578e-07,0.0,INT8,Marginal,0.0324137369245091,1.0,,,0.007586307882323978
inference,features.1.conv.1,Conv2d,conv,input,327680000,0.0,6.0,2.178447200407163e-09,2.3283064365386963e-10,0.4785447235107422,FP16,Sufficient,9.964496668891636e-05,0.0004800383653822146,0.0,0.0,
inference,features.1.conv.1,Conv2d,conv,input,327680000,0.0,6.0,2.178447200407163e-09,2.3283064365386963e-10,0.4785447235107422,FP8_E4M3,Sufficient,0.012163350269959837,1.0,0.0,0.0010519269388926079,
inference,features.1.conv.1,Conv2d,conv,input,327680000,0.0,6.0,2.178447200407163e-09,2.3283064365386963e-10,0.4785447235107422,FP8_E5M2,Marginal,0.02397703717164292,0.11109246108874168,0.0,0.0,
inference,features.1.conv.1,Conv2d,conv,input,327680000,0.0,6.0,2.178447200407163e-09,2.3283064365386963e-10,0.4785447235107422,INT16,Sufficient,0.0002774116626176267,1.0,,,0.00018311105685598315
inference,features.1.conv.1,Conv2d,conv,input,327680000,0.0,6.0,2.178447200407163e-09,2.3283064365386963e-10,0.4785447235107422,INT8,Marginal,0.028774246712498716,1.0,,,0.047244094488188976
inference,features.1.conv.1,Conv2d,conv,activation,163840000,-9.284723281860352,7.206003189086914,1.4901161193847656e-08,9.313225746154785e-10,6.103515625e-09,FP16,Sufficient,0.00017460245413241068,0.00048435154089616103,0.0,0.0,
inference,features.1.conv.1,Conv2d,conv,activation,163840000,-9.284723281860352,7.206003189086914,1.4901161193847656e-08,9.313225746154785e-10,6.103515625e-09,FP8_E4M3,Marginal,0.024365528021766426,1.0,0.0,0.00095,
inference,features.1.conv.1,Conv2d,conv,activation,163840000,-9.284723281860352,7.206003189086914,1.4901161193847656e-08,9.313225746154785e-10,6.103515625e-09,FP8_E5M2,Marginal,0.04457653057236324,0.11109980841937507,0.0,0.0,
inference,features.1.conv.1,Conv2d,conv,activation,163840000,-9.284723281860352,7.206003189086914,1.4901161193847656e-08,9.313225746154785e-10,6.103515625e-09,INT16,Sufficient,0.0005787503132240051,1.0,,,0.0002570953099048836
inference,features.1.conv.1,Conv2d,conv,activation,163840000,-9.284723281860352,7.206003189086914,1.4901161193847656e-08,9.313225746154785e-10,6.103515625e-09,INT8,Marginal,0.07575346388385006,1.0,,,0.0663326143279789
inference,features.1.conv.2,BatchNorm2d,batchnorm,weight,16,0.4502914845943451,1.0509260892868042,0.4502914845943451,0.0014091730117797852,0.0,FP16,Sufficient,0.00019835434498901991,0.00036910954261091573,0.0,0.0,
inference,features.1.conv.2,BatchNorm2d,batchnorm,weight,16,0.4502914845943451,1.0509260892868042,0.4502914845943451,0.0014091730117797852,0.0,FP8_E4M3,Marginal,0.026232013298248445,0.05743827640113589,0.0,0.0,
inference,features.1.conv.2,BatchNorm2d,batchnorm,weight,16,0.4502914845943451,1.0509260892868042,0.4502914845943451,0.0014091730117797852,0.0,FP8_E5M2,Marginal,0.04007050547435415,0.08509029508651007,0.0,0.0,
inference,features.1.conv.2,BatchNorm2d,batchnorm,weight,16,0.4502914845943451,1.0509260892868042,0.4502914845943451,0.0014091730117797852,0.0,INT16,Sufficient,1.103160794661255e-05,2.4851758248346716e-05,,,3.2072697814472005e-05
inference,features.1.conv.2,BatchNorm2d,batchnorm,weight,16,0.4502914845943451,1.0509260892868042,0.4502914845943451,0.0014091730117797852,0.0,INT8,Sufficient,0.0033603073913644702,0.007641764392072911,,,0.008275008577061451
inference,features.1.conv.2,BatchNorm2d,batchnorm,bias,16,-7.276743417605758e-05,5.3604573622578755e-05,8.778303595136094e-08,1.955762883198986e-06,0.0,FP16,Marginal,0.021391781921182944,0.3210004173424063,0.0,0.0,
inference,features.1.conv.2,BatchNorm2d,batchnorm,bias,16,-7.276743417605758e-05,5.3604573622578755e-05,8.778303595136094e-08,1.955762883198986e-06,0.0,FP8_E4M3,Not sufficient,1.0,1.0,0.0,1.0,
inference,features.1.conv.2,BatchNorm2d,batchnorm,bias,16,-7.276743417605758e-05,5.3604573622578755e-05,8.778303595136094e-08,1.955762883198986e-06,0.0,FP8_E5M2,Not sufficient,0.3258829664411417,1.0,0.0,0.1875,
inference,features.1.conv.2,BatchNorm2d,batchnorm,bias,16,-7.276743417605758e-05,5.3604573622578755e-05,8.778303595136094e-08,1.955762883198986e-06,0.0,INT16,Sufficient,0.000775934598263571,0.011928377905041344,,,2.2207536294460153e-09
inference,features.1.conv.2,BatchNorm2d,batchnorm,bias,16,-7.276743417605758e-05,5.3604573622578755e-05,8.778303595136094e-08,1.955762883198986e-06,0.0,INT8,Marginal,0.07814050824121234,1.0,,,5.729719226461226e-07
inference,features.1.conv.2,BatchNorm2d,batchnorm,input,163840000,-9.284723281860352,7.206003189086914,1.4901161193847656e-08,9.313225746154785e-10,6.103515625e-09,FP16,Sufficient,0.00017460245413241068,0.00048435154089616103,0.0,0.0,
inference,features.1.conv.2,BatchNorm2d,batchnorm,input,163840000,-9.284723281860352,7.206003189086914,1.4901161193847656e-08,9.313225746154785e-10,6.103515625e-09,FP8_E4M3,Marginal,0.024365528021766426,1.0,0.0,0.00095,
inference,features.1.conv.2,BatchNorm2d,batchnorm,input,163840000,-9.284723281860352,7.206003189086914,1.4901161193847656e-08,9.313225746154785e-10,6.103515625e-09,FP8_E5M2,Marginal,0.04457653057236324,0.11109980841937507,0.0,0.0,
inference,features.1.conv.2,BatchNorm2d,batchnorm,input,163840000,-9.284723281860352,7.206003189086914,1.4901161193847656e-08,9.313225746154785e-10,6.103515625e-09,INT16,Sufficient,0.0005787503132240051,1.0,,,0.0002570953099048836
inference,features.1.conv.2,BatchNorm2d,batchnorm,input,163840000,-9.284723281860352,7.206003189086914,1.4901161193847656e-08,9.313225746154785e-10,6.103515625e-09,INT8,Marginal,0.07575346388385006,1.0,,,0.0663326143279789
inference,features.1.conv.2,BatchNorm2d,batchnorm,activation,163840000,-7.151224136352539,6.137610912322998,5.9090856652233015e-09,1.1641532182693481e-10,0.0,FP16,Sufficient,0.0001766168435292216,0.0011591412801100816,0.0,0.0,
inference,features.1.conv.2,BatchNorm2d,batchnorm,activation,163840000,-7.151224136352539,6.137610912322998,5.9090856652233015e-09,1.1641532182693481e-10,0.0,FP8_E4M3,Marginal,0.02500634192891719,1.0,0.0,0.00105,
inference,features.1.conv.2,BatchNorm2d,batchnorm,activation,163840000,-7.151224136352539,6.137610912322998,5.9090856652233015e-09,1.1641532182693481e-10,0.0,FP8_E5M2,Marginal,0.04465186703900721,0.11109811269331527,0.0,0.0,
inference,features.1.conv.2,BatchNorm2d,batchnorm,activation,163840000,-7.151224136352539,6.137610912322998,5.9090856652233015e-09,1.1641532182693481e-10,0.0,INT16,Sufficient,0.0006588239733437253,1.0,,,0.00019276797340340212
inference,features.1.conv.2,BatchNorm2d,batchnorm,activation,163840000,-7.151224136352539,6.137610912322998,5.9090856652233015e-09,1.1641532182693481e-10,0.0,INT8,Marginal,0.08643475090836292,1.0,,,0.04973565499613604
inference,features.2.conv.0.0,Conv2d,conv,weight,1536,-0.6235144138336182,0.5032490491867065,4.850439290748909e-05,2.3469328880310059e-07,0.0,FP16,Sufficient,0.00017282652728161946,0.0004764339977012441,0.0,0.0,
inference,features.2.conv.0.0,Conv2d,conv,weight,1536,-0.6235144138336182,0.5032490491867065,4.850439290748909e-05,2.3469328880310059e-07,0.0,FP8_E4M3,Marginal,0.033739182426692306,1.0,0.0,0.005859375,
inference,features.2.conv.0.0,Conv2d,conv,weight,1536,-0.6235144138336182,0.5032490491867065,4.850439290748909e-05,2.3469328880310059e-07,0.0,FP8_E5M2,Marginal,0.04564087158481172,0.12555487893279155,0.0,0.0,
inference,features.2.conv.0.0,Conv2d,conv,weight,1536,-0.6235144138336182,0.5032490491867065,4.850439290748909e-05,2.3469328880310059e-07,0.0,INT16,Sufficient,0.00031437024084277217,0.17692827843212142,,,1.9028730547002112e-05
inference,features.2.conv.0.0,Conv2d,conv,weight,1536,-0.6235144138336182,0.5032490491867065,4.850439290748909e-05,2.3469328880310059e-07,0.0,INT8,Marginal,0.03584843232272566,1.0,,,0.004909562313650537
inference,features.2.conv.0.0,Conv2d,conv,input,163840000,-7.151224136352539,6.137610912322998,5.9090856652233015e-09,1.1641532182693481e-10,0.0,FP16,Sufficient,0.0001766168435292216,0.0011591412801100816,0.0,0.0,
inference,features.2.conv.0.0,Conv2d,conv,input,163840000,-7.151224136352539,6.137610912322998,5.9090856652233015e-09,1.1641532182693481e-10,0.0,FP8_E4M3,Marginal,0.02500634192891719,1.0,0.0,0.00105,
inference,features.2.conv.0.0,Conv2d,conv,input,163840000,-7.151224136352539,6.137610912322998,5.9090856652233015e-09,1.1641532182693481e-10,0.0,FP8_E5M2,Marginal,0.04465186703900721,0.11109811269331527,0.0,0.0,
inference,features.2.conv.0.0,Conv2d,conv,input,163840000,-7.151224136352539,6.137610912322998,5.9090856652233015e-09,1.1641532182693481e-10,0.0,INT16,Sufficient,0.0006588239733437253,1.0,,,0.00019276797340340212
inference,features.2.conv.0.0,Conv2d,conv,input,163840000,-7.151224136352539,6.137610912322998,5.9090856652233015e-09,1.1641532182693481e-10,0.0,INT8,Marginal,0.08643475090836292,1.0,,,0.04973565499613604
inference,features.2.conv.0.0,Conv2d,conv,activation,983040000,-6.407758712768555,7.200554847717285,3.725290298461914e-09,9.313225746154785e-10,7.120768229166667e-09,FP16,Sufficient,0.00017564802194967502,0.00048482742752997644,0.0,0.0,
inference,features.2.conv.0.0,Conv2d,conv,activation,983040000,-6.407758712768555,7.200554847717285,3.725290298461914e-09,9.313225746154785e-10,7.120768229166667e-09,FP8_E4M3,Marginal,0.02510286046658772,1.0,0.0,0.0012,
inference,features.2.conv.0.0,Conv2d,conv,activation,983040000,-6.407758712768555,7.200554847717285,3.725290298461914e-09,9.313225746154785e-10,7.120768229166667e-09,FP8_E5M2,Marginal,0.045042125128905035,0.292573402417962,0.0,0.0,
inference,features.2.conv.0.0,Conv2d,conv,activation,983040000,-6.407758712768555,7.200554847717285,3.725290298461914e-09,9.313225746154785e-10,7.120768229166667e-09,INT16,Sufficient,0.0007684335619181435,1.0,,,0.00020796484217694818
inference,features.2.conv.0.0,Conv2d,conv,activation,983040000,-6.407758712768555,7.200554847717285,3.725290298461914e-09,9.313225746154785e-10,7.120768229166667e-09,INT8,Marginal,0.09629981105957024,1.0,,,0.053656566800094965
inference,features.2.conv.0.1,BatchNorm2d,batchnorm,weight,96,0.5586798191070557,0.7530133724212646,0.5586798191070557,2.384185791015625e-07,0.0,FP16,Sufficient,0.00016698440869128837,0.00032313980926022416,0.0,0.0,
inference,features.2.conv.0.1,BatchNorm2d,batchnorm,weight,96,0.5586798191070557,0.7530133724212646,0.5586798191070557,2.384185791015625e-07,0.0,FP8_E4M3,Sufficient,0.0051344194442426,0.03362215757052818,0.0,0.0,
inference,features.2.conv.0.1,BatchNorm2d,batchnorm,weight,96,0.5586798191070557,0.7530133724212646,0.5586798191070557,2.384185791015625e-07,0.0,FP8_E5M2,Sufficient,0.008251027100636082,0.10503300298343385,0.0,0.0,
inference,features.2.conv.0.1,BatchNorm2d,batchnorm,weight,96,0.5586798191070557,0.7530133724212646,0.5586798191070557,2.384185791015625e-07,0.0,INT16,Sufficient,6.789968592002481e-06,1.5209498145900253e-05,,,2.298084574179097e-05
inference,features.2.conv.0.1,BatchNorm2d,batchnorm,weight,96,0.5586798191070557,0.7530133724212646,0.5586798191070557,2.384185791015625e-07,0.0,INT8,Sufficient,0.002135052066929349,0.004046508662047678,,,0.0059292391529233435
inference,features.2.conv.0.1,BatchNorm2d,batchnorm,bias,96,-0.13561919331550598,0.5340939164161682,0.000800292007625103,3.084540367126465e-06,0.0,FP16,Sufficient,0.000170799145514617,0.0004414268696184269,0.0,0.0,
inference,features.2.conv.0.1,BatchNorm2d,batchnorm,bias,96,-0.13561919331550598,0.5340939164161682,0.000800292007625103,3.084540367126465e-06,0.0,FP8_E4M3,Not sufficient,0.06156360350267795,1.0,0.0,0.020833333333333332,
inference,features.2.conv.0.1,BatchNorm2d,batchnorm,bias,96,-0.13561919331550598,0.5340939164161682,0.000800292007625103,3.084540367126465e-06,0.0,FP8_E5M2,Marginal,0.04146104889440048,0.1016059503903522,0.0,0.0,
inference,features.2.conv.0.1,BatchNorm2d,batchnorm,bias,96,-0.13561919331550598,0.5340939164161682,0.000800292007625103,3.084540367126465e-06,0.0,INT16,Sufficient,0.00038590798109213896,0.00714156855782302,,,1.629975024921928e-05
inference,features.2.conv.0.1,BatchNorm2d,batchnorm,bias,96,-0.13561919331550598,0.5340939164161682,0.000800292007625103,3.084540367126465e-06,0.0,INT8,Not sufficient,0.10191957995614492,1.0,,,0.004205463908788726
inference,features.2.conv.0.1,BatchNorm2d,batchnorm,input,983040000,-6.407758712768555,7.200554847717285,3.725290298461914e-09,9.313225746154785e-10,7.120768229166667e-09,FP16,Sufficient,0.00017564802194967502,0.00048482742752997644,0.0,0.0,
inference,features.2.conv.0.1,BatchNorm2d,batchnorm,input,983040000,-6.407758712768555,7.200554847717285,3.725290298461914e-09,9.313225746154785e-10,7.120768229166667e-09,FP8_E4M3,Marginal,0.02510286046658772,1.0,0.0,0.0012,
inference,features.2.conv.0.1,BatchNorm2d,batchnorm,input,983040000,-6.407758712768555,7.200554847717285,3.725290298461914e-09,9.313225746154785e-10,7.120768229166667e-09,FP8_E5M2,Marginal,0.045042125128905035,0.292573402417962,0.0,0.0,
inference,features.2.conv.0.1,BatchNorm2d,batchnorm,input,983040000,-6.407758712768555,7.200554847717285,3.725290298461914e-09,9.313225746154785e-10,7.120768229166667e-09,INT16,Sufficient,0.0007684335619181435,1.0,,,0.00020796484217694818
inference,features.2.conv.0.1,BatchNorm2d,batchnorm,input,983040000,-6.407758712768555,7.200554847717285,3.725290298461914e-09,9.313225746154785e-10,7.120768229166667e-09,INT8,Marginal,0.09629981105957024,1.0,,,0.053656566800094965
inference,features.2.conv.0.1,BatchNorm2d,batchnorm,activation,983040000,-6.327220916748047,5.811343193054199,1.944735483760951e-10,5.820766091346741e-11,0.0,FP16,Sufficient,0.00017623717718210586,0.0004824673272295183,0.0,0.0,
inference,features.2.conv.0.1,BatchNorm2d,batchnorm,activation,983040000,-6.327220916748047,5.811343193054199,1.944735483760951e-10,5.820766091346741e-11,0.0,FP8_E4M3,Marginal,0.02523148499485481,1.0,0.0,0.00145,
inference,features.2.conv.0.1,BatchNorm2d,batchnorm,activation,983040000,-6.327220916748047,5.811343193054199,1.944735483760951e-10,5.820766091346741e-11,0.0,FP8_E5M2,Marginal,0.04491106082290991,0.11110440011015932,0.0,0.0,
inference,features.2.conv.0.1,BatchNorm2d,batchnorm,activation,983040000,-6.327220916748047,5.811343193054199,1.944735483760951e-10,5.820766091346741e-11,0.0,INT16,Sufficient,0.00032593386471916437,0.2872600023819978,,,0.00011390612603951065
inference,features.2.conv.0.1,BatchNorm2d,batchnorm,activation,983040000,-6.327220916748047,5.811343193054199,1.944735483760951e-10,5.820766091346741e-11,0.0,INT8,Marginal,0.04867843792499574,1.0,,,0.02938867741682398
inference,features.2.conv.1.0,Conv2d,conv,weight,864,-0.6695807576179504,0.7494831681251526,0.0013165759155526757,1.4156103134155273e-07,0.0,FP16,Sufficient,0.00018285747763719182,0.0004582114476016856,0.0,0.0,
inference,features.2.conv.1.0,Conv2d,conv,weight,864,-0.6695807576179504,0.7494831681251526,0.0013165759155526757,1.4156103134155273e-07,0.0,FP8_E4M3,Marginal,0.02648365754184101,0.4834883252289421,0.0,0.0,
inference,features.2.conv.1.0,Conv2d,conv,weight,864,-0.6695807576179504,0.7494831681251526,0.0013165759155526757,1.4156103134155273e-07,0.0,FP8_E5M2,Marginal,0.04593857019452448,0.1105709798903732,0.0,0.0,
inference,features.2.conv.1.0,Conv2d,conv,weight,864,-0.6695807576179504,0.7494831681251526,0.0013165759155526757,1.4156103134155273e-07,0.0,INT16,Sufficient,0.000129372668421675,0.007644387310332545,,,2.2873109168527865e-05
inference,features.2.conv.1.0,Conv2d,conv,weight,864,-0.6695807576179504,0.7494831681251526,0.0013165759155526757,1.4156103134155273e-07,0.0,INT8,Marginal,0.03353213002833769,1.0,,,0.005901442268701989
inference,features.2.conv.1.0,Conv2d,conv,input,983040000,0.0,5.811343193054199,5.043481188238275e-09,5.820766091346741e-11,0.46426048177083334,FP16,Sufficient,9.412267278366418e-05,0.0004811360619929889,0.0,0.0,
inference,features.2.conv.1.0,Conv2d,conv,input,983040000,0.0,5.811343193054199,5.043481188238275e-09,5.820766091346741e-11,0.46426048177083334,FP8_E4M3,Sufficient,0.01327882315057076,1.0,0.0,0.0010274612366897068,
inference,features.2.conv.1.0,Conv2d,conv,input,983040000,0.0,5.811343193054199,5.043481188238275e-09,5.820766091346741e-11,0.46426048177083334,FP8_E5M2,Marginal,0.024252668332400446,0.11106390035162597,0.0,0.0,
inference,features.2.conv.1.0,Conv2d,conv,input,983040000,0.0,5.811343193054199,5.043481188238275e-09,5.820766091346741e-11,0.46426048177083334,INT16,Sufficient,0.00015359465931188483,0.2490571323418414,,,0.00011390612603951065
inference,features.2.conv.1.0,Conv2d,conv,input,983040000,0.0,5.811343193054199,5.043481188238275e-09,5.820766091346741e-11,0.46426048177083334,INT8,Marginal,0.025444523617842232,1.0,,,0.02938867741682398
inference,features.2.conv.1.0,Conv2d,conv,activation,983040000,-10.785969734191895,7.862907886505127,3.3625553730320945e-11,2.9103830456733704e-11,0.2121525675455729,FP16,Sufficient,0.00014131486708093827,0.010294284423587303,0.0,0.0,
inference,features.2.conv.1.0,Conv2d,conv,activation,983040000,-10.785969734191895,7.862907886505127,3.3625553730320945e-11,2.9103830456733704e-11,0.2121525675455729,FP8_E4M3,Marginal,0.03207358640916495,1.0,0.0,0.009826919419260761,
inference,features.2.conv.1.0,Conv2d,conv,activation,983040000,-10.785969734191895,7.862907886505127,3.3625553730320945e-11,2.9103830456733704e-11,0.2121525675455729,FP8_E5M2,Marginal,0.03546324637127418,1.0,0.0,0.00025359792049705195,
inference,features.2.conv.1.0,Conv2d,conv,activation,983040000,-10.785969734191895,7.862907886505127,3.3625553730320945e-11,2.9103830456733704e-11,0.2121525675455729,INT16,Sufficient,0.0025842557379521713,1.0,,,0.00015787058624287136
inference,features.2.conv.1.0,Conv2d,conv,activation,983040000,-10.785969734191895,7.862907886505127,3.3625553730320945e-11,2.9103830456733704e-11,0.2121525675455729,INT8,Not sufficient,0.1592950018469915,1.0,,,0.04073185432614304
inference,features.2.conv.1.1,BatchNorm2d,batchnorm,weight,96,0.5495423674583435,1.4721474647521973,0.5495423674583435,3.3974647521972656e-05,0.0,FP16,Sufficient,0.00017354432512755582,0.0004111806872845599,0.0,0.0,
inference,features.2.conv.1.1,BatchNorm2d,batchnorm,weight,96,0.5495423674583435,1.4721474647521973,0.5495423674583435,3.3974647521972656e-05,0.0,FP8_E4M3,Marginal,0.023267285384239497,0.046810221485485165,0.0,0.0,
inference,features.2.conv.1.1,BatchNorm2d,batchnorm,weight,96,0.5495423674583435,1.4721474647521973,0.5495423674583435,3.3974647521972656e-05,0.0,FP8_E5M2,Marginal,0.048852645390125904,0.10816537680704524,0.0,0.0,
inference,features.2.conv.1.1,BatchNorm2d,batchnorm,weight,96,0.5495423674583435,1.4721474647521973,0.5495423674583435,3.3974647521972656e-05,0.0,INT16,Sufficient,1.5586867983139634e-05,3.4979719402412165e-05,,,4.492774635310517e-05
inference,features.2.conv.1.1,BatchNorm2d,batchnorm,weight,96,0.5495423674583435,1.4721474647521973,0.5495423674583435,3.3974647521972656e-05,0.0,INT8,Sufficient,0.00420092171886021,0.009559603342490721,,,0.011591712320883444
inference,features.2.conv.1.1,BatchNorm2d,batchnorm,bias,96,-0.15426260232925415,0.5587933659553528,0.0008902602712623775,9.12696123123169e-06,0.0,FP16,Sufficient,0.00018832771768051228,0.0004541259915870742,0.0,0.0,
inference,features.2.conv.1.1,BatchNorm2d,batchnorm,bias,96,-0.15426260232925415,0.5587933659553528,0.0008902602712623775,9.12696123123169e-06,0.0,FP8_E4M3,Not sufficient,0.043515186600470414,1.0,0.0,0.010416666666666666,
inference,features.2.conv.1.1,BatchNorm2d,batchnorm,bias,96,-0.15426260232925415,0.5587933659553528,0.0008902602712623775,9.12696123123169e-06,0.0,FP8_E5M2,Marginal,0.0456156874713726,0.10591058133769446,0.0,0.0,
inference,features.2.conv.1.1,BatchNorm2d,batchnorm,bias,96,-0.15426260232925415,0.5587933659553528,0.0008902602712623775,9.12696123123169e-06,0.0,INT16,Sufficient,0.0002212854890563954,0.0039046539589401887,,,1.7053540634032802e-05
inference,features.2.conv.1.1,BatchNorm2d,batchnorm,bias,96,-0.15426260232925415,0.5587933659553528,0.0008902602712623775,9.12696123123169e-06,0.0,INT8,Marginal,0.057130671832172165,1.0,,,0.004399947763427975
inference,features.2.conv.1.1,BatchNorm2d,batchnorm,input,983040000,-10.785969734191895,7.862907886505127,3.3625553730320945e-11,2.9103830456733704e-11,0.2121525675455729,FP16,Sufficient,0.00014131486708093827,0.010294284423587303,0.0,0.0,
inference,features.2.conv.1.1,BatchNorm2d,batchnorm,input,983040000,-10.785969734191895,7.862907886505127,3.3625553730320945e-11,2.9103830456733704e-11,0.2121525675455729,FP8_E4M3,Marginal,0.03207358640916495,1.0,0.0,0.009826919419260761,
inference,features.2.conv.1.1,BatchNorm2d,batchnorm,input,983040000,-10.785969734191895,7.862907886505127,3.3625553730320945e-11,2.9103830456733704e-11,0.2121525675455729,FP8_E5M2,Marginal,0.03546324637127418,1.0,0.0,0.00025359792049705195,
inference,features.2.conv.1.1,BatchNorm2d,batchnorm,input,983040000,-10.785969734191895,7.862907886505127,3.3625553730320945e-11,2.9103830456733704e-11,0.2121525675455729,INT16,Sufficient,0.0025842557379521713,1.0,,,0.00015787058624287136
inference,features.2.conv.1.1,BatchNorm2d,batchnorm,input,983040000,-10.785969734191895,7.862907886505127,3.3625553730320945e-11,2.9103830456733704e-11,0.2121525675455729,INT8,Not sufficient,0.1592950018469915,1.0,,,0.04073185432614304
inference,features.2.conv.1.1,BatchNorm2d,batchnorm,activation,983040000,-13.219627380371094,12.71279525756836,7.784527467080693e-10,2.3283064365386963e-10,0.0,FP16,Sufficient,0.00017546541478695075,0.00048387874343891967,0.0,0.0,
inference,features.2.conv.1.1,BatchNorm2d,batchnorm,activation,983040000,-13.219627380371094,12.71279525756836,7.784527467080693e-10,2.3283064365386963e-10,0.0,FP8_E4M3,Marginal,0.02423215819445143,1.0,0.0,0.00065,
inference,features.2.conv.1.1,BatchNorm2d,batchnorm,activation,983040000,-13.219627380371094,12.71279525756836,7.784527467080693e-10,2.3283064365386963e-10,0.0,FP8_E5M2,Marginal,0.044571415712822485,0.111100844276431,0.0,0.0,
inference,features.2.conv.1.1,BatchNorm2d,batchnorm,activation,983040000,-13.219627380371094,12.71279525756836,7.784527467080693e-10,2.3283064365386963e-10,0.0,INT16,Sufficient,0.00046201753914232703,1.0,,,0.00020763536220933207
inference,features.2.conv.1.1,BatchNorm2d,batchnorm,activation,983040000,-13.219627380371094,12.71279525756836,7.784527467080693e-10,2.3283064365386963e-10,0.0,INT8,Marginal,0.07927809728203808,1.0,,,0.05357155837411955
inference,features.2.conv.2,Conv2d,conv,weight,2304,-0.8591989874839783,0.8747308850288391,0.00011225345951970667,1.4901161193847656e-08,0.0,FP16,Sufficient,0.0001742055780672043,0.00047133531462372597,0.0,0.0,
inference,features.2.conv.2,Conv2d,conv,weight,2304,-0.8591989874839783,0.8747308850288391,0.00011225345951970667,1.4901161193847656e-08,0.0,FP8_E4M3,Marginal,0.03055805477020333,1.0,0.0,0.0030381944444444445,
inference,features.2.conv.2,Conv2d,conv,weight,2304,-0.8591989874839783,0.8747308850288391,0.00011225345951970667,1.4901161193847656e-08,0.0,FP8_E5M2,Marginal,0.045436841399728645,0.11103678894323521,0.0,0.0,
inference,features.2.conv.2,Conv2d,conv,weight,2304,-0.8591989874839783,0.8747308850288391,0.00011225345951970667,1.4901161193847656e-08,0.0,INT16,Sufficient,0.00017931455898024384,0.04874262520119453,,,2.6695482803700035e-05
inference,features.2.conv.2,Conv2d,conv,weight,2304,-0.8591989874839783,0.8747308850288391,0.00011225345951970667,1.4901161193847656e-08,0.0,INT8,Marginal,0.03923384970832702,1.0,,,0.006887644764006607
inference,features.2.conv.2,Conv2d,conv,input,983040000,0.0,6.0,2.0518404753033792e-09,2.3283064365386963e-10,0.4740108540852865,FP16,Sufficient,8.971360287631391e-05,0.00048331613509773673,0.0,0.0,
inference,features.2.conv.2,Conv2d,conv,input,983040000,0.0,6.0,2.0518404753033792e-09,2.3283064365386963e-10,0.4740108540852865,FP8_E4M3,Sufficient,0.012629890101618815,1.0,0.0,0.0003847263633740502,
inference,features.2.conv.2,Conv2d,conv,input,983040000,0.0,6.0,2.0518404753033792e-09,2.3283064365386963e-10,0.4740108540852865,FP8_E5M2,Marginal,0.02337083187185371,0.11105224544496298,0.0,0.0,
inference,features.2.conv.2,Conv2d,conv,input,983040000,0.0,6.0,2.0518404753033792e-09,2.3283064365386963e-10,0.4740108540852865,INT16,Sufficient,0.00019901866438562813,0.8681620536737824,,,0.00018311105685598315
inference,features.2.conv.2,Conv2d,conv,input,983040000,0.0,6.0,2.0518404753033792e-09,2.3283064365386963e-10,0.4740108540852865,INT8,Marginal,0.03359240508882511,1.0,,,0.047244094488188976
inference,features.2.conv.2,Conv2d,conv,activation,245760000,-11.52334213256836,14.535614013671875,1.4901161193847656e-08,9.313225746154785e-10,1.220703125e-08,FP16,Sufficient,0.00017589295443419593,0.0006565988181221273,0.0,0.0,
inference,features.2.conv.2,Conv2d,conv,activation,245760000,-11.52334213256836,14.535614013671875,1.4901161193847656e-08,9.313225746154785e-10,1.220703125e-08,FP8_E4M3,Marginal,0.023615214621360642,1.0,0.0,0.00065,
inference,features.2.conv.2,Conv2d,conv,activation,245760000,-11.52334213256836,14.535614013671875,1.4901161193847656e-08,9.313225746154785e-10,1.220703125e-08,FP8_E5M2,Marginal,0.04514423267322723,0.11110746125843271,0.0,0.0,
inference,features.2.conv.2,Conv2d,conv,activation,245760000,-11.52334213256836,14.535614013671875,1.4901161193847656e-08,9.313225746154785e-10,1.220703125e-08,INT16,Sufficient,0.0006476409503340946,1.0,,,0.00033970722023043086
inference,features.2.conv.2,Conv2d,conv,activation,245760000,-11.52334213256836,14.535614013671875,1.4901161193847656e-08,9.313225746154785e-10,1.220703125e-08,INT8,Marginal,0.07515056894957248,1.0,,,0.08764713767945297
inference,features.2.conv.3,BatchNorm2d,batchnorm,weight,24,0.6243743300437927,1.0538198947906494,0.6243743300437927,0.0005447268486022949,0.0,FP16,Sufficient,0.0001446671157400407,0.0002627965065651391,0.0,0.0,
inference,features.2.conv.3,BatchNorm2d,batchnorm,weight,24,0.6243743300437927,1.0538198947906494,0.6243743300437927,0.0005447268486022949,0.0,FP8_E4M3,Marginal,0.0207804624813606,0.05107124571921392,0.0,0.0,
inference,features.2.conv.3,BatchNorm2d,batchnorm,weight,24,0.6243743300437927,1.0538198947906494,0.6243743300437927,0.0005447268486022949,0.0,FP8_E5M2,Marginal,0.03771551770627373,0.07246970578514522,0.0,0.0,
inference,features.2.conv.3,BatchNorm2d,batchnorm,weight,24,0.6243743300437927,1.0538198947906494,0.6243743300437927,0.0005447268486022949,0.0,INT16,Sufficient,1.1384463855337004e-05,1.982756091345045e-05,,,3.21610124451628e-05
inference,features.2.conv.3,BatchNorm2d,batchnorm,weight,24,0.6243743300437927,1.0538198947906494,0.6243743300437927,0.0005447268486022949,0.0,INT8,Sufficient,0.0029485722927542796,0.005767284359860224,,,0.008297794447170468
inference,features.2.conv.3,BatchNorm2d,batchnorm,bias,24,-3.995586666860618e-05,3.5049724829150364e-05,1.4009890492161503e-07,8.265305950772017e-08,0.0,FP16,Sufficient,0.008513235222195855,0.14910620024133284,0.0,0.0,
inference,features.2.conv.3,BatchNorm2d,batchnorm,bias,24,-3.995586666860618e-05,3.5049724829150364e-05,1.4009890492161503e-07,8.265305950772017e-08,0.0,FP8_E4M3,Not sufficient,1.0,1.0,0.0,1.0,
inference,features.2.conv.3,BatchNorm2d,batchnorm,bias,24,-3.995586666860618e-05,3.5049724829150364e-05,1.4009890492161503e-07,8.265305950772017e-08,0.0,FP8_E5M2,Not sufficient,0.5565811194120821,1.0,0.0,0.3333333333333333,
inference,features.2.conv.3,BatchNorm2d,batchnorm,bias,24,-3.995586666860618e-05,3.5049724829150364e-05,1.4009890492161503e-07,8.265305950772017e-08,0.0,INT16,Sufficient,8.687963427670571e-05,0.0009375309994415426,,,1.219393495547538e-09
inference,features.2.conv.3,BatchNorm2d,batchnorm,bias,24,-3.995586666860618e-05,3.5049724829150364e-05,1.4009890492161503e-07,8.265305950772017e-08,0.0,INT8,Marginal,0.059108514891880605,1.0,,,3.1461312337485177e-07
inference,features.2.conv.3,BatchNorm2d,batchnorm,input,245760000,-11.52334213256836,14.535614013671875,1.4901161193847656e-08,9.313225746154785e-10,1.220703125e-08,FP16,Sufficient,0.00017589295443419593,0.0006565988181221273,0.0,0.0,
inference,features.2.conv.3,BatchNorm2d,batchnorm,input,245760000,-11.52334213256836,14.535614013671875,1.4901161193847656e-08,9.313225746154785e-10,1.220703125e-08,FP8_E4M3,Marginal,0.023615214621360642,1.0,0.0,0.00065,
inference,features.2.conv.3,BatchNorm2d,batchnorm,input,245760000,-11.52334213256836,14.535614013671875,1.4901161193847656e-08,9.313225746154785e-10,1.220703125e-08,FP8_E5M2,Marginal,0.04514423267322723,0.11110746125843271,0.0,0.0,
inference,features.2.conv.3,BatchNorm2d,batchnorm,input,245760000,-11.52334213256836,14.535614013671875,1.4901161193847656e-08,9.313225746154785e-10,1.220703125e-08,INT16,Sufficient,0.0006476409503340946,1.0,,,0.00033970722023043086
inference,features.2.conv.3,BatchNorm2d,batchnorm,input,245760000,-11.52334213256836,14.535614013671875,1.4901161193847656e-08,9.313225746154785e-10,1.220703125e-08,INT8,Marginal,0.07515056894957248,1.0,,,0.08764713767945297
inference,features.2.conv.3,BatchNorm2d,batchnorm,activation,245760000,-7.626605033874512,8.24072551727295,3.719100361010419e-09,5.820766091346741e-11,0.0,FP16,Sufficient,0.00017671055473331222,0.002337115645821309,0.0,0.0,
inference,features.2.conv.3,BatchNorm2d,batchnorm,activation,245760000,-7.626605033874512,8.24072551727295,3.719100361010419e-09,5.820766091346741e-11,0.0,FP8_E4M3,Marginal,0.024656609303261672,1.0,0.0,0.00095,
inference,features.2.conv.3,BatchNorm2d,batchnorm,activation,245760000,-7.626605033874512,8.24072551727295,3.719100361010419e-09,5.820766091346741e-11,0.0,FP8_E5M2,Marginal,0.0449539800706585,0.2999187919565529,0.0,0.0,
inference,features.2.conv.3,BatchNorm2d,batchnorm,activation,245760000,-7.626605033874512,8.24072551727295,3.719100361010419e-09,5.820766091346741e-11,0.0,INT16,Sufficient,0.0006908633084282876,1.0,,,0.00018569756409877948
inference,features.2.conv.3,BatchNorm2d,batchnorm,activation,245760000,-7.626605033874512,8.24072551727295,3.719100361010419e-09,5.820766091346741e-11,0.0,INT8,Marginal,0.07514588014887562,1.0,,,0.04791143372302919
inference,features.3.conv.0.0,Conv2d,conv,weight,3456,-0.40520179271698,0.3461068272590637,4.359416197985411e-05,2.60770320892334e-08,0.0,FP16,Sufficient,0.0001732274598845662,0.000531416317952525,0.0,0.0,
inference,features.3.conv.0.0,Conv2d,conv,weight,3456,-0.40520179271698,0.3461068272590637,4.359416197985411e-05,2.60770320892334e-08,0.0,FP8_E4M3,Marginal,0.036940051762176795,1.0,0.0,0.006076388888888889,
inference,features.3.conv.0.0,Conv2d,conv,weight,3456,-0.40520179271698,0.3461068272590637,4.359416197985411e-05,2.60770320892334e-08,0.0,FP8_E5M2,Marginal,0.045728362028511695,0.11090322546469682,0.0,0.0,
inference,features.3.conv.0.0,Conv2d,conv,weight,3456,-0.40520179271698,0.3461068272590637,4.359416197985411e-05,2.60770320892334e-08,0.0,INT16,Sufficient,0.00019783874475463205,0.13466154082180962,,,1.2366154750724203e-05
inference,features.3.conv.0.0,Conv2d,conv,weight,3456,-0.40520179271698,0.3461068272590637,4.359416197985411e-05,2.60770320892334e-08,0.0,INT8,Marginal,0.0369612095177526,1.0,,,0.0031905652969840942
inference,features.3.conv.0.0,Conv2d,conv,input,245760000,-7.626605033874512,8.24072551727295,3.719100361010419e-09,5.820766091346741e-11,0.0,FP16,Sufficient,0.00017671055473331222,0.002337115645821309,0.0,0.0,
inference,features.3.conv.0.0,Conv2d,conv,input,245760000,-7.626605033874512,8.24072551727295,3.719100361010419e-09,5.820766091346741e-11,0.0,FP8_E4M3,Marginal,0.024656609303261672,1.0,0.0,0.00095,
inference,features.3.conv.0.0,Conv2d,conv,input,245760000,-7.626605033874512,8.24072551727295,3.719100361010419e-09,5.820766091346741e-11,0.0,FP8_E5M2,Marginal,0.0449539800706585,0.2999187919565529,0.0,0.0,
inference,features.3.conv.0.0,Conv2d,conv,input,245760000,-7.626605033874512,8.24072551727295,3.719100361010419e-09,5.820766091346741e-11,0.0,INT16,Sufficient,0.0006908633084282876,1.0,,,0.00018569756409877948
inference,features.3.conv.0.0,Conv2d,conv,input,245760000,-7.626605033874512,8.24072551727295,3.719100361010419e-09,5.820766091346741e-11,0.0,INT8,Marginal,0.07514588014887562,1.0,,,0.04791143372302919
inference,features.3.conv.0.0,Conv2d,conv,activation,1474560000,-5.8249592781066895,6.321568965911865,3.725290298461914e-09,4.656612873077393e-10,4.747178819444445e-09,FP16,Sufficient,0.00017599421747206576,0.0005078720162519045,0.0,0.0,
inference,features.3.conv.0.0,Conv2d,conv,activation,1474560000,-5.8249592781066895,6.321568965911865,3.725290298461914e-09,4.656612873077393e-10,4.747178819444445e-09,FP8_E4M3,Marginal,0.025895285626855023,1.0,0.0,0.0018,
inference,features.3.conv.0.0,Conv2d,conv,activation,1474560000,-5.8249592781066895,6.321568965911865,3.725290298461914e-09,4.656612873077393e-10,4.747178819444445e-09,FP8_E5M2,Marginal,0.045126594507262904,0.16790248857287962,0.0,0.0,
inference,features.3.conv.0.0,Conv2d,conv,activation,1474560000,-5.8249592781066895,6.321568965911865,3.725290298461914e-09,4.656612873077393e-10,4.747178819444445e-09,INT16,Sufficient,0.0005661576071251133,1.0,,,0.00012034705121272628
inference,features.3.conv.0.0,Conv2d,conv,activation,1474560000,-5.8249592781066895,6.321568965911865,3.725290298461914e-09,4.656612873077393e-10,4.747178819444445e-09,INT8,Marginal,0.07235867568321762,1.0,,,0.03105048682745986
inference,features.3.conv.0.1,BatchNorm2d,batchnorm,weight,144,0.7240509390830994,0.749700129032135,0.7240509390830994,1.1920928955078125e-07,0.0,FP16,Sufficient,0.000162573714074305,0.0003244056163778447,0.0,0.0,
inference,features.3.conv.0.1,BatchNorm2d,batchnorm,weight,144,0.7240509390830994,0.749700129032135,0.7240509390830994,1.1920928955078125e-07,0.0,FP8_E4M3,Sufficient,0.0036833319945064422,0.035838722824890167,0.0,0.0,
inference,features.3.conv.0.1,BatchNorm2d,batchnorm,weight,144,0.7240509390830994,0.749700129032135,0.7240509390830994,1.1920928955078125e-07,0.0,FP8_E5M2,Sufficient,0.0036833319945064422,0.035838722824890167,0.0,0.0,
inference,features.3.conv.0.1,BatchNorm2d,batchnorm,weight,144,0.7240509390830994,0.749700129032135,0.7240509390830994,1.1920928955078125e-07,0.0,INT16,Sufficient,7.292822851308259e-06,1.5092219521827329e-05,,,2.287973049202353e-05
inference,features.3.conv.0.1,BatchNorm2d,batchnorm,weight,144,0.7240509390830994,0.749700129032135,0.7240509390830994,1.1920928955078125e-07,0.0,INT8,Sufficient,0.0022523824510555265,0.003924644841117295,,,0.005903150622300276
inference,features.3.conv.0.1,BatchNorm2d,batchnorm,bias,144,-0.08350356668233871,0.20145347714424133,9.789833711693063e-05,2.1439045667648315e-06,0.0,FP16,Sufficient,0.00017568338837538016,0.00047167451091337194,0.0,0.0,
inference,features.3.conv.0.1,BatchNorm2d,batchnorm,bias,144,-0.08350356668233871,0.20145347714424133,9.789833711693063e-05,2.1439045667648315e-06,0.0,FP8_E4M3,Not sufficient,0.0762230433101026,1.0,0.0,0.020833333333333332,
inference,features.3.conv.0.1,BatchNorm2d,batchnorm,bias,144,-0.08350356668233871,0.20145347714424133,9.789833711693063e-05,2.1439045667648315e-06,0.0,FP8_E5M2,Marginal,0.04086230657770941,0.10561466032623022,0.0,0.0,
inference,features.3.conv.0.1,BatchNorm2d,batchnorm,bias,144,-0.08350356668233871,0.20145347714424133,9.789833711693063e-05,2.1439045667648315e-06,0.0,INT16,Sufficient,0.00023199263330827145,0.004807236936956913,,,6.148059851199113e-06
inference,features.3.conv.0.1,BatchNorm2d,batchnorm,bias,144,-0.08350356668233871,0.20145347714424133,9.789833711693063e-05,2.1439045667648315e-06,0.0,INT8,Marginal,0.05797730882350432,1.0,,,0.0015862478515294594
inference,features.3.conv.0.1,BatchNorm2d,batchnorm,input,1474560000,-5.8249592781066895,6.321568965911865,3.725290298461914e-09,4.656612873077393e-10,4.747178819444445e-09,FP16,Sufficient,0.00017599421747206576,0.0005078720162519045,0.0,0.0,
inference,features.3.conv.0.1,BatchNorm2d,batchnorm,input,1474560000,-5.8249592781066895,6.321568965911865,3.725290298461914e-09,4.656612873077393e-10,4.747178819444445e-09,FP8_E4M3,Marginal,0.025895285626855023,1.0,0.0,0.0018,
inference,features.3.conv.0.1,BatchNorm2d,batchnorm,input,1474560000,-5.8249592781066895,6.321568965911865,3.725290298461914e-09,4.656612873077393e-10,4.747178819444445e-09,FP8_E5M2,Marginal,0.045126594507262904,0.16790248857287962,0.0,0.0,
inference,features.3.conv.0.1,BatchNorm2d,batchnorm,input,1474560000,-5.8249592781066895,6.321568965911865,3.725290298461914e-09,4.656612873077393e-10,4.747178819444445e-09,INT16,Sufficient,0.0005661576071251133,1.0,,,0.00012034705121272628
inference,features.3.conv.0.1,BatchNorm2d,batchnorm,input,1474560000,-5.8249592781066895,6.321568965911865,3.725290298461914e-09,4.656612873077393e-10,4.747178819444445e-09,INT8,Marginal,0.07235867568321762,1.0,,,0.03105048682745986
inference,features.3.conv.0.1,BatchNorm2d,batchnorm,activation,1474560000,-6.9859747886657715,7.617374897003174,5.027733784856991e-10,2.3283064365386963e-10,0.0,FP16,Sufficient,0.00017649399187136635,0.00048399867096581163,0.0,0.0,
inference,features.3.conv.0.1,BatchNorm2d,batchnorm,activation,1474560000,-6.9859747886657715,7.617374897003174,5.027733784856991e-10,2.3283064365386963e-10,0.0,FP8_E4M3,Marginal,0.024962142272188976,1.0,0.0,0.0009,
inference,features.3.conv.0.1,BatchNorm2d,batchnorm,activation,1474560000,-6.9859747886657715,7.617374897003174,5.027733784856991e-10,2.3283064365386963e-10,0.0,FP8_E5M2,Marginal,0.044794919399589524,0.2096008632326998,0.0,0.0,
inference,features.3.conv.0.1,BatchNorm2d,batchnorm,activation,1474560000,-6.9859747886657715,7.617374897003174,5.027733784856991e-10,2.3283064365386963e-10,0.0,INT16,Sufficient,0.0004620689010678609,1.0,,,0.00014938545477351361
inference,features.3.conv.0.1,BatchNorm2d,batchnorm,activation,1474560000,-6.9859747886657715,7.617374897003174,5.027733784856991e-10,2.3283064365386963e-10,0.0,INT8,Marginal,0.06485952829833228,1.0,,,0.03854262359498992
inference,features.3.conv.1.0,Conv2d,conv,weight,1296,-0.34233635663986206,0.4048004150390625,0.0001784108462743461,1.2665987014770508e-07,0.0,FP16,Sufficient,0.00017578763261061933,0.00046630398578883093,0.0,0.0,
inference,features.3.conv.1.0,Conv2d,conv,weight,1296,-0.34233635663986206,0.4048004150390625,0.0001784108462743461,1.2665987014770508e-07,0.0,FP8_E4M3,Marginal,0.035117659069301185,1.0,0.0,0.0030864197530864196,
inference,features.3.conv.1.0,Conv2d,conv,weight,1296,-0.34233635663986206,0.4048004150390625,0.0001784108462743461,1.2665987014770508e-07,0.0,FP8_E5M2,Marginal,0.045742131389039965,0.11109029462126746,0.0,0.0,
inference,features.3.conv.1.0,Conv2d,conv,weight,1296,-0.34233635663986206,0.4048004150390625,0.0001784108462743461,1.2665987014770508e-07,0.0,INT16,Sufficient,0.00014632089714708996,0.030582064693280467,,,1.2353905302257225e-05
inference,features.3.conv.1.0,Conv2d,conv,weight,1296,-0.34233635663986206,0.4048004150390625,0.0001784108462743461,1.2665987014770508e-07,0.0,INT8,Marginal,0.03319647550771322,1.0,,,0.0031874048428272637
inference,features.3.conv.1.0,Conv2d,conv,input,1474560000,0.0,6.0,2.508777185994404e-09,2.3283064365386963e-10,0.5043624782986111,FP16,Sufficient,8.753535125729725e-05,0.0004834384247915445,0.0,0.0,
inference,features.3.conv.1.0,Conv2d,conv,input,1474560000,0.0,6.0,2.508777185994404e-09,2.3283064365386963e-10,0.5043624782986111,FP8_E4M3,Sufficient,0.012311256779451702,1.0,0.0,0.0009063444108761329,
inference,features.3.conv.1.0,Conv2d,conv,input,1474560000,0.0,6.0,2.508777185994404e-09,2.3283064365386963e-10,0.5043624782986111,FP8_E5M2,Marginal,0.022306914362819185,0.2096008632326998,0.0,0.0,
inference,features.3.conv.1.0,Conv2d,conv,input,1474560000,0.0,6.0,2.508777185994404e-09,2.3283064365386963e-10,0.5043624782986111,INT16,Sufficient,0.0002648740941580487,1.0,,,0.00013633747469295816
inference,features.3.conv.1.0,Conv2d,conv,input,1474560000,0.0,6.0,2.508777185994404e-09,2.3283064365386963e-10,0.5043624782986111,INT8,Marginal,0.030361419975743483,1.0,,,0.03517614199420598
inference,features.3.conv.1.0,Conv2d,conv,activation,1474560000,-4.517323017120361,3.946119546890259,4.805667148943815e-12,7.275957614183426e-12,0.14815341661241319,FP16,Sufficient,0.0002009234861570887,1.0,0.0,5.867511588335387e-05,
inference,features.3.conv.1.0,Conv2d,conv,activation,1474560000,-4.517323017120361,3.946119546890259,4.805667148943815e-12,7.275957614183426e-12,0.14815341661241319,FP8_E4M3,Not sufficient,0.043066118125929094,1.0,0.0,0.016898433374405913,
inference,features.3.conv.1.0,Conv2d,conv,activation,1474560000,-4.517323017120361,3.946119546890259,4.805667148943815e-12,7.275957614183426e-12,0.14815341661241319,FP8_E5M2,Marginal,0.038364524913034596,1.0,0.0,0.00023470046353341547,
inference,features.3.conv.1.0,Conv2d,conv,activation,1474560000,-4.517323017120361,3.946119546890259,4.805667148943815e-12,7.275957614183426e-12,0.14815341661241319,INT16,Sufficient,0.002790749362070687,1.0,,,8.325438243765731e-05
inference,features.3.conv.1.0,Conv2d,conv,activation,1474560000,-4.517323017120361,3.946119546890259,4.805667148943815e-12,7.275957614183426e-12,0.14815341661241319,INT8,Not sufficient,0.16127320651972485,1.0,,,0.02148028621523399
inference,features.3.conv.1.1,BatchNorm2d,batchnorm,weight,144,0.5761274099349976,0.9865252375602722,0.5761274099349976,1.8477439880371094e-06,0.0,FP16,Sufficient,0.00017620694065875145,0.0003404644597532719,0.0,0.0,
inference,features.3.conv.1.1,BatchNorm2d,batchnorm,weight,144,0.5761274099349976,0.9865252375602722,0.5761274099349976,1.8477439880371094e-06,0.0,FP8_E4M3,Sufficient,0.018447479403670454,0.046926519680674024,0.0,0.0,
inference,features.3.conv.1.1,BatchNorm2d,batchnorm,weight,144,0.5761274099349976,0.9865252375602722,0.5761274099349976,1.8477439880371094e-06,0.0,FP8_E5M2,Marginal,0.0344527609230933,0.08920038458408139,0.0,0.0,
inference,features.3.conv.1.1,BatchNorm2d,batchnorm,weight,144,0.5761274099349976,0.9865252375602722,0.5761274099349976,1.8477439880371094e-06,0.0,INT16,Sufficient,1.0651348412190876e-05,2.1669466285352237e-05,,,3.010727981079355e-05
inference,features.3.conv.1.1,BatchNorm2d,batchnorm,weight,144,0.5761274099349976,0.9865252375602722,0.5761274099349976,1.8477439880371094e-06,0.0,INT8,Sufficient,0.002620564531695405,0.005464874451776211,,,0.007767915256380096
inference,features.3.conv.1.1,BatchNorm2d,batchnorm,bias,144,-0.09161070734262466,0.09937301278114319,7.333630492212251e-05,1.9993633031845093e-05,0.0,FP16,Sufficient,0.00019924587940289333,0.0004793556483056152,0.0,0.0,
inference,features.3.conv.1.1,BatchNorm2d,batchnorm,bias,144,-0.09161070734262466,0.09937301278114319,7.333630492212251e-05,1.9993633031845093e-05,0.0,FP8_E4M3,Not sufficient,0.0822092458104739,1.0,0.0,0.034722222222222224,
inference,features.3.conv.1.1,BatchNorm2d,batchnorm,bias,144,-0.09161070734262466,0.09937301278114319,7.333630492212251e-05,1.9993633031845093e-05,0.0,FP8_E5M2,Marginal,0.044059109666689675,0.10431831851262699,0.0,0.0,
inference,features.3.conv.1.1,BatchNorm2d,batchnorm,bias,144,-0.09161070734262466,0.09937301278114319,7.333630492212251e-05,1.9993633031845093e-05,0.0,INT16,Sufficient,0.00022047592644155718,0.009416305042888545,,,3.0327162322197087e-06
inference,features.3.conv.1.1,BatchNorm2d,batchnorm,bias,144,-0.09161070734262466,0.09937301278114319,7.333630492212251e-05,1.9993633031845093e-05,0.0,INT8,Marginal,0.04044287433652479,1.0,,,0.0007824646675680566
inference,features.3.conv.1.1,BatchNorm2d,batchnorm,input,1474560000,-4.517323017120361,3.946119546890259,4.805667148943815e-12,7.275957614183426e-12,0.14815341661241319,FP16,Sufficient,0.0002009234861570887,1.0,0.0,5.867511588335387e-05,
inference,features.3.conv.1.1,BatchNorm2d,batchnorm,input,1474560000,-4.517323017120361,3.946119546890259,4.805667148943815e-12,7.275957614183426e-12,0.14815341661241319,FP8_E4M3,Not sufficient,0.043066118125929094,1.0,0.0,0.016898433374405913,
inference,features.3.conv.1.1,BatchNorm2d,batchnorm,input,1474560000,-4.517323017120361,3.946119546890259,4.805667148943815e-12,7.275957614183426e-12,0.14815341661241319,FP8_E5M2,Marginal,0.038364524913034596,1.0,0.0,0.00023470046353341547,
inference,features.3.conv.1.1,BatchNorm2d,batchnorm,input,1474560000,-4.517323017120361,3.946119546890259,4.805667148943815e-12,7.275957614183426e-12,0.14815341661241319,INT16,Sufficient,0.002790749362070687,1.0,,,8.325438243765731e-05
inference,features.3.conv.1.1,BatchNorm2d,batchnorm,input,1474560000,-4.517323017120361,3.946119546890259,4.805667148943815e-12,7.275957614183426e-12,0.14815341661241319,INT8,Not sufficient,0.16127320651972485,1.0,,,0.02148028621523399
inference,features.3.conv.1.1,BatchNorm2d,batchnorm,activation,1474560000,-11.906376838684082,11.283552169799805,1.8616108654612162e-10,2.3283064365386963e-10,0.0,FP16,Sufficient,0.00017686275612151183,0.00048602033857631394,0.0,0.0,
inference,features.3.conv.1.1,BatchNorm2d,batchnorm,activation,1474560000,-11.906376838684082,11.283552169799805,1.8616108654612162e-10,2.3283064365386963e-10,0.0,FP8_E4M3,Marginal,0.0259247315181274,1.0,0.0,0.00225,
inference,features.3.conv.1.1,BatchNorm2d,batchnorm,activation,1474560000,-11.906376838684082,11.283552169799805,1.8616108654612162e-10,2.3283064365386963e-10,0.0,FP8_E5M2,Marginal,0.04497976716455521,0.11111005147399232,0.0,0.0,
inference,features.3.conv.1.1,BatchNorm2d,batchnorm,activation,1474560000,-11.906376838684082,11.283552169799805,1.8616108654612162e-10,2.3283064365386963e-10,0.0,INT16,Sufficient,0.0009265842715298649,1.0,,,0.0001824948080953878
inference,features.3.conv.1.1,BatchNorm2d,batchnorm,activation,1474560000,-11.906376838684082,11.283552169799805,1.8616108654612162e-10,2.3283064365386963e-10,0.0,INT8,Marginal,0.07778911409439696,1.0,,,0.04708509745560293
inference,features.3.conv.2,Conv2d,conv,weight,3456,-0.7221036553382874,0.7833965420722961,3.178371844114736e-05,1.043081283569336e-07,0.0,FP16,Sufficient,0.0001746989364098802,0.0004855444293388823,0.0,0.0,
inference,features.3.conv.2,Conv2d,conv,weight,3456,-0.7221036553382874,0.7833965420722961,3.178371844114736e-05,1.043081283569336e-07,0.0,FP8_E4M3,Marginal,0.031607015901307926,1.0,0.0,0.004050925925925926,
inference,features.3.conv.2,Conv2d,conv,weight,3456,-0.7221036553382874,0.7833965420722961,3.178371844114736e-05,1.043081283569336e-07,0.0,FP8_E5M2,Marginal,0.044963911239863714,0.11110998082900259,0.0,0.0,
inference,features.3.conv.2,Conv2d,conv,weight,3456,-0.7221036553382874,0.7833965420722961,3.178371844114736e-05,1.043081283569336e-07,0.0,INT16,Sufficient,0.0002520647664070964,0.24778798814976707,,,2.3908094792696803e-05
inference,features.3.conv.2,Conv2d,conv,weight,3456,-0.7221036553382874,0.7833965420722961,3.178371844114736e-05,1.043081283569336e-07,0.0,INT8,Marginal,0.0396341481813073,1.0,,,0.0061684767092306785
inference,features.3.conv.2,Conv2d,conv,input,1474560000,0.0,6.0,1.8616108654612162e-10,3.4924596548080444e-10,0.47431670871310766,FP16,Sufficient,9.40236651802421e-05,0.00048484615877580434,0.0,0.0,
inference,features.3.conv.2,Conv2d,conv,input,1474560000,0.0,6.0,1.8616108654612162e-10,3.4924596548080444e-10,0.47431670871310766,FP8_E4M3,Sufficient,0.01287814480428178,1.0,0.0,0.0010402874976357102,
inference,features.3.conv.2,Conv2d,conv,input,1474560000,0.0,6.0,1.8616108654612162e-10,3.4924596548080444e-10,0.47431670871310766,FP8_E5M2,Marginal,0.024274358293521897,0.11109519270659207,0.0,0.0,
inference,features.3.conv.2,Conv2d,conv,input,1474560000,0.0,6.0,1.8616108654612162e-10,3.4924596548080444e-10,0.47431670871310766,INT16,Sufficient,0.00035775235054815645,1.0,,,0.0001824948080953878
inference,features.3.conv.2,Conv2d,conv,input,1474560000,0.0,6.0,1.8616108654612162e-10,3.4924596548080444e-10,0.47431670871310766,INT8,Marginal,0.03961898384605721,1.0,,,0.04708509745560293
inference,features.3.conv.2,Conv2d,conv,activation,245760000,-13.343942642211914,18.23524284362793,1.4901161193847656e-08,1.862645149230957e-09,0.0,FP16,Sufficient,0.00017778668902615163,0.00048625481205792783,0.0,0.0,
inference,features.3.conv.2,Conv2d,conv,activation,245760000,-13.343942642211914,18.23524284362793,1.4901161193847656e-08,1.862645149230957e-09,0.0,FP8_E4M3,Marginal,0.023917847187523177,1.0,0.0,0.00065,
inference,features.3.conv.2,Conv2d,conv,activation,245760000,-13.343942642211914,18.23524284362793,1.4901161193847656e-08,1.862645149230957e-09,0.0,FP8_E5M2,Marginal,0.04501633468967492,0.11111016920955362,0.0,0.0,
inference,features.3.conv.2,Conv2d,conv,activation,245760000,-13.343942642211914,18.23524284362793,1.4901161193847656e-08,1.862645149230957e-09,0.0,INT16,Sufficient,0.0006069506922653706,1.0,,,0.0003509850949790257
inference,features.3.conv.2,Conv2d,conv,activation,245760000,-13.343942642211914,18.23524284362793,1.4901161193847656e-08,1.862645149230957e-09,0.0,INT8,Marginal,0.06964417453608444,1.0,,,0.09055691816675382
inference,features.3.conv.3,BatchNorm2d,batchnorm,weight,24,0.5531342029571533,0.967170774936676,0.5531342029571533,0.0004961490631103516,0.0,FP16,Sufficient,0.0001752195656115705,0.0003857647638218826,0.0,0.0,
inference,features.3.conv.3,BatchNorm2d,batchnorm,weight,24,0.5531342029571533,0.967170774936676,0.5531342029571533,0.0004961490631103516,0.0,FP8_E4M3,Sufficient,0.018791348117614223,0.04722712304617347,0.0,0.0,
inference,features.3.conv.3,BatchNorm2d,batchnorm,weight,24,0.5531342029571533,0.967170774936676,0.5531342029571533,0.0004961490631103516,0.0,FP8_E5M2,Marginal,0.05156322997113725,0.09606023759349624,0.0,0.0,
inference,features.3.conv.3,BatchNorm2d,batchnorm,weight,24,0.5531342029571533,0.967170774936676,0.5531342029571533,0.0004961490631103516,0.0,INT16,Sufficient,8.830721404237735e-06,2.136470615713896e-05,,,2.9516610459812495e-05
inference,features.3.conv.3,BatchNorm2d,batchnorm,weight,24,0.5531342029571533,0.967170774936676,0.5531342029571533,0.0004961490631103516,0.0,INT8,Sufficient,0.0025798191352408646,0.005078654202673236,,,0.0076155179128872125
inference,features.3.conv.3,BatchNorm2d,batchnorm,bias,24,-2.5086726964218542e-05,2.802761082421057e-05,3.3730938753251394e-07,1.7789716366678476e-08,0.0,FP16,Sufficient,0.006314566601326707,0.06023692749396509,0.0,0.0,
inference,features.3.conv.3,BatchNorm2d,batchnorm,bias,24,-2.5086726964218542e-05,2.802761082421057e-05,3.3730938753251394e-07,1.7789716366678476e-08,0.0,FP8_E4M3,Not sufficient,1.0,1.0,0.0,1.0,
inference,features.3.conv.3,BatchNorm2d,batchnorm,bias,24,-2.5086726964218542e-05,2.802761082421057e-05,3.3730938753251394e-07,1.7789716366678476e-08,0.0,FP8_E5M2,Not sufficient,0.6905815720482839,1.0,0.0,0.5,
inference,features.3.conv.3,BatchNorm2d,batchnorm,bias,24,-2.5086726964218542e-05,2.802761082421057e-05,3.3730938753251394e-07,1.7789716366678476e-08,0.0,INT16,Sufficient,8.459233981921756e-05,0.0008810616347343784,,,8.553609065282317e-10
inference,features.3.conv.3,BatchNorm2d,batchnorm,bias,24,-2.5086726964218542e-05,2.802761082421057e-05,3.3730938753251394e-07,1.7789716366678476e-08,0.0,INT8,Marginal,0.028565071916720086,0.3085307267842304,,,2.2068984900953204e-07
inference,features.3.conv.3,BatchNorm2d,batchnorm,input,245760000,-13.343942642211914,18.23524284362793,1.4901161193847656e-08,1.862645149230957e-09,0.0,FP16,Sufficient,0.00017778668902615163,0.00048625481205792783,0.0,0.0,
inference,features.3.conv.3,BatchNorm2d,batchnorm,input,245760000,-13.343942642211914,18.23524284362793,1.4901161193847656e-08,1.862645149230957e-09,0.0,FP8_E4M3,Marginal,0.023917847187523177,1.0,0.0,0.00065,
inference,features.3.conv.3,BatchNorm2d,batchnorm,input,245760000,-13.343942642211914,18.23524284362793,1.4901161193847656e-08,1.862645149230957e-09,0.0,FP8_E5M2,Marginal,0.04501633468967492,0.11111016920955362,0.0,0.0,
inference,features.3.conv.3,BatchNorm2d,batchnorm,input,245760000,-13.343942642211914,18.23524284362793,1.4901161193847656e-08,1.862645149230957e-09,0.0,INT16,Sufficient,0.0006069506922653706,1.0,,,0.0003509850949790257
inference,features.3.conv.3,BatchNorm2d,batchnorm,input,245760000,-13.343942642211914,18.23524284362793,1.4901161193847656e-08,1.862645149230957e-09,0.0,INT8,Marginal,0.06964417453608444,1.0,,,0.09055691816675382
inference,features.3.conv.3,BatchNorm2d,batchnorm,activation,245760000,-8.003116607666016,7.754079341888428,9.359731878433308e-10,2.3283064365386963e-10,0.0,FP16,Sufficient,0.00017632634607616128,0.00048284848479121766,0.0,0.0,
inference,features.3.conv.3,BatchNorm2d,batchnorm,activation,245760000,-8.003116607666016,7.754079341888428,9.359731878433308e-10,2.3283064365386963e-10,0.0,FP8_E4M3,Marginal,0.025370098852315903,1.0,0.0,0.00145,
inference,features.3.conv.3,BatchNorm2d,batchnorm,activation,245760000,-8.003116607666016,7.754079341888428,9.359731878433308e-10,2.3283064365386963e-10,0.0,FP8_E5M2,Marginal,0.04489288427750713,0.11421725435883656,0.0,0.0,
inference,features.3.conv.3,BatchNorm2d,batchnorm,activation,245760000,-8.003116607666016,7.754079341888428,9.359731878433308e-10,2.3283064365386963e-10,0.0,INT16,Sufficient,0.0005543091014464528,1.0,,,0.00015657146802066277
inference,features.3.conv.3,BatchNorm2d,batchnorm,activation,245760000,-8.003116607666016,7.754079341888428,9.359731878433308e-10,2.3283064365386963e-10,0.0,INT8,Marginal,0.07195810306221927,1.0,,,0.04039667159553588
inference,features.4.conv.0.0,Conv2d,conv,weight,3456,-0.35094329714775085,0.4433877170085907,6.0903315898030996e-05,3.725290298461914e-08,0.0,FP16,Sufficient,0.0001767285123050176,0.0004655591627001489,0.0,0.0,
inference,features.4.conv.0.0,Conv2d,conv,weight,3456,-0.35094329714775085,0.4433877170085907,6.0903315898030996e-05,3.725290298461914e-08,0.0,FP8_E4M3,Marginal,0.03372475492573092,1.0,0.0,0.004918981481481482,
inference,features.4.conv.0.0,Conv2d,conv,weight,3456,-0.35094329714775085,0.4433877170085907,6.0903315898030996e-05,3.725290298461914e-08,0.0,FP8_E5M2,Marginal,0.044954602578054025,0.11110649577440611,0.0,0.0,
inference,features.4.conv.0.0,Conv2d,conv,weight,3456,-0.35094329714775085,0.4433877170085907,6.0903315898030996e-05,3.725290298461914e-08,0.0,INT16,Sufficient,0.00016082093177969623,0.11090275164352019,,,1.3531532243067438e-05
inference,features.4.conv.0.0,Conv2d,conv,weight,3456,-0.35094329714775085,0.4433877170085907,6.0903315898030996e-05,3.725290298461914e-08,0.0,INT8,Marginal,0.03222580244173201,1.0,,,0.0034912418662093755
inference,features.4.conv.0.0,Conv2d,conv,input,245760000,-9.925904273986816,11.430242538452148,1.4901161193847656e-08,4.656612873077393e-10,0.0,FP16,Sufficient,0.00017597807579110058,0.000578368999421631,0.0,0.0,
inference,features.4.conv.0.0,Conv2d,conv,input,245760000,-9.925904273986816,11.430242538452148,1.4901161193847656e-08,4.656612873077393e-10,0.0,FP8_E4M3,Marginal,0.02402392439668792,1.0,0.0,0.00075,
inference,features.4.conv.0.0,Conv2d,conv,input,245760000,-9.925904273986816,11.430242538452148,1.4901161193847656e-08,4.656612873077393e-10,0.0,FP8_E5M2,Marginal,0.045254122764422894,0.11107119950859988,0.0,0.0,
inference,features.4.conv.0.0,Conv2d,conv,input,245760000,-9.925904273986816,11.430242538452148,1.4901161193847656e-08,4.656612873077393e-10,0.0,INT16,Sufficient,0.0004993644384791545,1.0,,,0.0001959415664786942
inference,features.4.conv.0.0,Conv2d,conv,input,245760000,-9.925904273986816,11.430242538452148,1.4901161193847656e-08,4.656612873077393e-10,0.0,INT8,Marginal,0.0592413819995173,1.0,,,0.050554466998483254
inference,features.4.conv.0.0,Conv2d,conv,activation,1474560000,-9.008666038513184,9.00275707244873,7.450580596923828e-09,1.862645149230957e-09,6.103515625e-09,FP16,Sufficient,0.00017578661357552577,0.000942507068803016,0.0,0.0,
inference,features.4.conv.0.0,Conv2d,conv,activation,1474560000,-9.008666038513184,9.00275707244873,7.450580596923828e-09,1.862645149230957e-09,6.103515625e-09,FP8_E4M3,Marginal,0.024664207277196676,1.0,0.0,0.0013,
inference,features.4.conv.0.0,Conv2d,conv,activation,1474560000,-9.008666038513184,9.00275707244873,7.450580596923828e-09,1.862645149230957e-09,6.103515625e-09,FP8_E5M2,Marginal,0.04507159133092102,0.11111087563602116,0.0,0.0,
inference,features.4.conv.0.0,Conv2d,conv,activation,1474560000,-9.008666038513184,9.00275707244873,7.450580596923828e-09,1.862645149230957e-09,6.103515625e-09,INT16,Sufficient,0.0005222172520610734,1.0,,,0.000162704588965486
inference,features.4.conv.0.0,Conv2d,conv,activation,1474560000,-9.008666038513184,9.00275707244873,7.450580596923828e-09,1.862645149230957e-09,6.103515625e-09,INT8,Marginal,0.06123090301081529,1.0,,,0.04197906509159118
inference,features.4.conv.0.1,BatchNorm2d,batchnorm,weight,144,0.7035222053527832,0.7509032487869263,0.7035222053527832,7.152557373046875e-07,0.0,FP16,Sufficient,0.00016263418246078884,0.00032411684519592773,0.0,0.0,
inference,features.4.conv.0.1,BatchNorm2d,batchnorm,weight,144,0.7035222053527832,0.7509032487869263,0.7035222053527832,7.152557373046875e-07,0.0,FP8_E4M3,Sufficient,0.004895624837847819,0.041579795313197526,0.0,0.0,
inference,features.4.conv.0.1,BatchNorm2d,batchnorm,weight,144,0.7035222053527832,0.7509032487869263,0.7035222053527832,7.152557373046875e-07,0.0,FP8_E5M2,Sufficient,0.005270056731080221,0.06606443164634779,0.0,0.0,
inference,features.4.conv.0.1,BatchNorm2d,batchnorm,weight,144,0.7035222053527832,0.7509032487869263,0.7035222053527832,7.152557373046875e-07,0.0,INT16,Sufficient,7.156690935795436e-06,1.5138791809361931e-05,,,2.2916447913660886e-05
inference,features.4.conv.0.1,BatchNorm2d,batchnorm,weight,144,0.7035222053527832,0.7509032487869263,0.7035222053527832,7.152557373046875e-07,0.0,INT8,Sufficient,0.0023149420598222686,0.003922697889164079,,,0.00591262400619627
inference,features.4.conv.0.1,BatchNorm2d,batchnorm,bias,144,-0.09210557490587234,0.2583457827568054,0.0015922505408525467,3.416091203689575e-06,0.0,FP16,Sufficient,0.00017439706267128495,0.00044384400553334124,0.0,0.0,
inference,features.4.conv.0.1,BatchNorm2d,batchnorm,bias,144,-0.09210557490587234,0.2583457827568054,0.0015922505408525467,3.416091203689575e-06,0.0,FP8_E4M3,Marginal,0.03531321208419491,0.30741275643432914,0.0,0.0,
inference,features.4.conv.0.1,BatchNorm2d,batchnorm,bias,144,-0.09210557490587234,0.2583457827568054,0.0015922505408525467,3.416091203689575e-06,0.0,FP8_E5M2,Marginal,0.04114833506349606,0.1047939948235961,0.0,0.0,
inference,features.4.conv.0.1,BatchNorm2d,batchnorm,bias,144,-0.09210557490587234,0.2583457827568054,0.0015922505408525467,3.416091203689575e-06,0.0,INT16,Sufficient,0.00010346740635860946,0.0015816221469793542,,,7.884328219147478e-06
inference,features.4.conv.0.1,BatchNorm2d,batchnorm,bias,144,-0.09210557490587234,0.2583457827568054,0.0015922505408525467,3.416091203689575e-06,0.0,INT8,Marginal,0.028811064596728456,0.31915172898820166,,,0.0020342187618646096
inference,features.4.conv.0.1,BatchNorm2d,batchnorm,input,1474560000,-9.008666038513184,9.00275707244873,7.450580596923828e-09,1.862645149230957e-09,6.103515625e-09,FP16,Sufficient,0.00017578661357552577,0.000942507068803016,0.0,0.0,
inference,features.4.conv.0.1,BatchNorm2d,batchnorm,input,1474560000,-9.008666038513184,9.00275707244873,7.450580596923828e-09,1.862645149230957e-09,6.103515625e-09,FP8_E4M3,Marginal,0.024664207277196676,1.0,0.0,0.0013,
inference,features.4.conv.0.1,BatchNorm2d,batchnorm,input,1474560000,-9.008666038513184,9.00275707244873,7.450580596923828e-09,1.862645149230957e-09,6.103515625e-09,FP8_E5M2,Marginal,0.04507159133092102,0.11111087563602116,0.0,0.0,
inference,features.4.conv.0.1,BatchNorm2d,batchnorm,input,1474560000,-9.008666038513184,9.00275707244873,7.450580596923828e-09,1.862645149230957e-09,6.103515625e-09,INT16,Sufficient,0.0005222172520610734,1.0,,,0.000162704588965486
inference,features.4.conv.0.1,BatchNorm2d,batchnorm,input,1474560000,-9.008666038513184,9.00275707244873,7.450580596923828e-09,1.862645149230957e-09,6.103515625e-09,INT8,Marginal,0.06123090301081529,1.0,,,0.04197906509159118
inference,features.4.conv.0.1,BatchNorm2d,batchnorm,activation,1474560000,-7.155772686004639,7.718475341796875,7.791918221755623e-10,2.3283064365386963e-10,0.0,FP16,Sufficient,0.00017581682593638504,0.0004840055989729672,0.0,0.0,
inference,features.4.conv.0.1,BatchNorm2d,batchnorm,activation,1474560000,-7.155772686004639,7.718475341796875,7.791918221755623e-10,2.3283064365386963e-10,0.0,FP8_E4M3,Marginal,0.025113715183007156,1.0,0.0,0.00135,
inference,features.4.conv.0.1,BatchNorm2d,batchnorm,activation,1474560000,-7.155772686004639,7.718475341796875,7.791918221755623e-10,2.3283064365386963e-10,0.0,FP8_E5M2,Marginal,0.044527396088330964,0.11109999654553651,0.0,0.0,
inference,features.4.conv.0.1,BatchNorm2d,batchnorm,activation,1474560000,-7.155772686004639,7.718475341796875,7.791918221755623e-10,2.3283064365386963e-10,0.0,INT16,Sufficient,0.0004012173945960017,0.32802014009180464,,,0.00012768784335372133
inference,features.4.conv.0.1,BatchNorm2d,batchnorm,activation,1474560000,-7.155772686004639,7.718475341796875,7.791918221755623e-10,2.3283064365386963e-10,0.0,INT8,Marginal,0.057845766602512276,1.0,,,0.0329444690013495
inference,features.4.conv.1.0,Conv2d,conv,weight,1296,-0.3229050934314728,0.3402348458766937,0.00012240691285114735,2.3096799850463867e-07,0.0,FP16,Sufficient,0.00017414952256086986,0.0004825912613275552,0.0,0.0,
inference,features.4.conv.1.0,Conv2d,conv,weight,1296,-0.3229050934314728,0.3402348458766937,0.00012240691285114735,2.3096799850463867e-07,0.0,FP8_E4M3,Marginal,0.03363012596538287,1.0,0.0,0.004629629629629629,
inference,features.4.conv.1.0,Conv2d,conv,weight,1296,-0.3229050934314728,0.3402348458766937,0.00012240691285114735,2.3096799850463867e-07,0.0,FP8_E5M2,Marginal,0.04471623054145639,0.1110194011144142,0.0,0.0,
inference,features.4.conv.1.0,Conv2d,conv,weight,1296,-0.3229050934314728,0.3402348458766937,0.00012240691285114735,2.3096799850463867e-07,0.0,INT16,Sufficient,0.00012523422294653743,0.01792882046579563,,,1.0383460367952322e-05
inference,features.4.conv.1.0,Conv2d,conv,weight,1296,-0.3229050934314728,0.3402348458766937,0.00012240691285114735,2.3096799850463867e-07,0.0,INT8,Marginal,0.026955297616048576,1.0,,,0.0026790145344621555
inference,features.4.conv.1.0,Conv2d,conv,input,1474560000,0.0,6.0,8.229031900341965e-10,2.3283064365386963e-10,0.48985543280707466,FP16,Sufficient,8.893719095428048e-05,0.0004840055989729672,0.0,0.0,
inference,features.4.conv.1.0,Conv2d,conv,input,1474560000,0.0,6.0,8.229031900341965e-10,2.3283064365386963e-10,0.48985543280707466,FP8_E4M3,Sufficient,0.01235786676138301,1.0,0.0,0.0008885378615855464,
inference,features.4.conv.1.0,Conv2d,conv,input,1474560000,0.0,6.0,8.229031900341965e-10,2.3283064365386963e-10,0.48985543280707466,FP8_E5M2,Marginal,0.022498886861935692,0.11109615864095186,0.0,0.0,
inference,features.4.conv.1.0,Conv2d,conv,input,1474560000,0.0,6.0,8.229031900341965e-10,2.3283064365386963e-10,0.48985543280707466,INT16,Sufficient,0.0001719275270878695,0.2332108571419829,,,0.00012768784335372133
inference,features.4.conv.1.0,Conv2d,conv,input,1474560000,0.0,6.0,8.229031900341965e-10,2.3283064365386963e-10,0.48985543280707466,INT8,Marginal,0.029076172382095877,1.0,,,0.0329444690013495
inference,features.4.conv.1.0,Conv2d,conv,activation,368640000,-4.874138355255127,6.567862510681152,3.2539780332047075e-12,1.4551915228366852e-11,0.13552724066840277,FP16,Sufficient,0.00020345407752091118,1.0,0.0,5.810237638719424e-05,
inference,features.4.conv.1.0,Conv2d,conv,activation,368640000,-4.874138355255127,6.567862510681152,3.2539780332047075e-12,1.4551915228366852e-11,0.13552724066840277,FP8_E4M3,Not sufficient,0.03960955908871142,1.0,0.0,0.014583696473185753,
inference,features.4.conv.1.0,Conv2d,conv,activation,368640000,-4.874138355255127,6.567862510681152,3.2539780332047075e-12,1.4551915228366852e-11,0.13552724066840277,FP8_E5M2,Marginal,0.03887145126664062,1.0,0.0,0.00029051188193597116,
inference,features.4.conv.1.0,Conv2d,conv,activation,368640000,-4.874138355255127,6.567862510681152,3.2539780332047075e-12,1.4551915228366852e-11,0.13552724066840277,INT16,Sufficient,0.0031774737763873573,1.0,,,0.0001143883039135883
inference,features.4.conv.1.0,Conv2d,conv,activation,368640000,-4.874138355255127,6.567862510681152,3.2539780332047075e-12,1.4551915228366852e-11,0.13552724066840277,INT8,Not sufficient,0.16777119199322701,1.0,,,0.02951308310501219
inference,features.4.conv.1.1,BatchNorm2d,batchnorm,weight,144,0.597584068775177,1.0470789670944214,0.597584068775177,6.496906280517578e-06,0.0,FP16,Sufficient,0.00016246353965278655,0.00033703763119469405,0.0,0.0,
inference,features.4.conv.1.1,BatchNorm2d,batchnorm,weight,144,0.597584068775177,1.0470789670944214,0.597584068775177,6.496906280517578e-06,0.0,FP8_E4M3,Marginal,0.022052647622774372,0.0458779486558525,0.0,0.0,
inference,features.4.conv.1.1,BatchNorm2d,batchnorm,weight,144,0.597584068775177,1.0470789670944214,0.597584068775177,6.496906280517578e-06,0.0,FP8_E5M2,Marginal,0.03867713021002542,0.08182257125996112,0.0,0.0,
inference,features.4.conv.1.1,BatchNorm2d,batchnorm,weight,144,0.597584068775177,1.0470789670944214,0.597584068775177,6.496906280517578e-06,0.0,INT16,Sufficient,1.0643189856400235e-05,2.414672891788331e-05,,,3.1955289379388455e-05
inference,features.4.conv.1.1,BatchNorm2d,batchnorm,weight,144,0.597584068775177,1.0470789670944214,0.597584068775177,6.496906280517578e-06,0.0,INT8,Sufficient,0.0026990773118272565,0.0066342077814304425,,,0.008244716276334026
inference,features.4.conv.1.1,BatchNorm2d,batchnorm,bias,144,-0.14856748282909393,0.1681213676929474,0.00028684924473054707,1.337006688117981e-05,0.0,FP16,Sufficient,0.00018276381199067827,0.00046569237079846233,0.0,0.0,
inference,features.4.conv.1.1,BatchNorm2d,batchnorm,bias,144,-0.14856748282909393,0.1681213676929474,0.00028684924473054707,1.337006688117981e-05,0.0,FP8_E4M3,Not sufficient,0.05588200790027637,1.0,0.0,0.020833333333333332,
inference,features.4.conv.1.1,BatchNorm2d,batchnorm,bias,144,-0.14856748282909393,0.1681213676929474,0.00028684924473054707,1.337006688117981e-05,0.0,FP8_E5M2,Marginal,0.04646510815462063,0.10947135116462577,0.0,0.0,
inference,features.4.conv.1.1,BatchNorm2d,batchnorm,bias,144,-0.14856748282909393,0.1681213676929474,0.00028684924473054707,1.337006688117981e-05,0.0,INT16,Sufficient,0.00014698102485354998,0.00648494831237517,,,5.130813553054823e-06
inference,features.4.conv.1.1,BatchNorm2d,batchnorm,bias,144,-0.14856748282909393,0.1681213676929474,0.00028684924473054707,1.337006688117981e-05,0.0,INT8,Marginal,0.036485309102266064,1.0,,,0.0013237902967948613
inference,features.4.conv.1.1,BatchNorm2d,batchnorm,input,368640000,-4.874138355255127,6.567862510681152,3.2539780332047075e-12,1.4551915228366852e-11,0.13552724066840277,FP16,Sufficient,0.00020345407752091118,1.0,0.0,5.810237638719424e-05,
inference,features.4.conv.1.1,BatchNorm2d,batchnorm,input,368640000,-4.874138355255127,6.567862510681152,3.2539780332047075e-12,1.4551915228366852e-11,0.13552724066840277,FP8_E4M3,Not sufficient,0.03960955908871142,1.0,0.0,0.014583696473185753,
inference,features.4.conv.1.1,BatchNorm2d,batchnorm,input,368640000,-4.874138355255127,6.567862510681152,3.2539780332047075e-12,1.4551915228366852e-11,0.13552724066840277,FP8_E5M2,Marginal,0.03887145126664062,1.0,0.0,0.00029051188193597116,
inference,features.4.conv.1.1,BatchNorm2d,batchnorm,input,368640000,-4.874138355255127,6.567862510681152,3.2539780332047075e-12,1.4551915228366852e-11,0.13552724066840277,INT16,Sufficient,0.0031774737763873573,1.0,,,0.0001143883039135883
inference,features.4.conv.1.1,BatchNorm2d,batchnorm,input,368640000,-4.874138355255127,6.567862510681152,3.2539780332047075e-12,1.4551915228366852e-11,0.13552724066840277,INT8,Not sufficient,0.16777119199322701,1.0,,,0.02951308310501219
inference,features.4.conv.1.1,BatchNorm2d,batchnorm,activation,368640000,-11.317830085754395,10.98582649230957,4.287673327496577e-09,2.3283064365386963e-10,0.0,FP16,Sufficient,0.00017551382377245308,0.0005475434931802726,0.0,0.0,
inference,features.4.conv.1.1,BatchNorm2d,batchnorm,activation,368640000,-11.317830085754395,10.98582649230957,4.287673327496577e-09,2.3283064365386963e-10,0.0,FP8_E4M3,Marginal,0.025149739890300338,1.0,0.0,0.00105,
inference,features.4.conv.1.1,BatchNorm2d,batchnorm,activation,368640000,-11.317830085754395,10.98582649230957,4.287673327496577e-09,2.3283064365386963e-10,0.0,FP8_E5M2,Marginal,0.044525211378722236,0.157736782197945,0.0,0.0,
inference,features.4.conv.1.1,BatchNorm2d,batchnorm,activation,368640000,-11.317830085754395,10.98582649230957,4.287673327496577e-09,2.3283064365386963e-10,0.0,INT16,Sufficient,0.000701628102263657,1.0,,,0.00021763035916873183
inference,features.4.conv.1.1,BatchNorm2d,batchnorm,activation,368640000,-11.317830085754395,10.98582649230957,4.287673327496577e-09,2.3283064365386963e-10,0.0,INT8,Marginal,0.09081064839792426,1.0,,,0.05615034629040816
inference,features.4.conv.2,Conv2d,conv,weight,4608,-0.7072210907936096,0.7252111434936523,6.355011464620475e-06,3.725290298461914e-08,0.0,FP16,Sufficient,0.00017447054099647475,0.0035697065965367134,0.0,0.0,
inference,features.4.conv.2,Conv2d,conv,weight,4608,-0.7072210907936096,0.7252111434936523,6.355011464620475e-06,3.725290298461914e-08,0.0,FP8_E4M3,Marginal,0.032512815266402276,1.0,0.0,0.006293402777777778,
inference,features.4.conv.2,Conv2d,conv,weight,4608,-0.7072210907936096,0.7252111434936523,6.355011464620475e-06,3.725290298461914e-08,0.0,FP8_E5M2,Marginal,0.044896100442286896,1.0,0.0,0.00021701388888888888,
inference,features.4.conv.2,Conv2d,conv,weight,4608,-0.7072210907936096,0.7252111434936523,6.355011464620475e-06,3.725290298461914e-08,0.0,INT16,Sufficient,0.0004995207990238009,1.0,,,2.213236315480979e-05
inference,features.4.conv.2,Conv2d,conv,weight,4608,-0.7072210907936096,0.7252111434936523,6.355011464620475e-06,3.725290298461914e-08,0.0,INT8,Marginal,0.036771356589482856,1.0,,,0.005710323964516948
inference,features.4.conv.2,Conv2d,conv,input,368640000,0.0,6.0,4.287673327496577e-09,7.421476766467094e-10,0.48462117784288194,FP16,Sufficient,8.941069131406269e-05,0.0005475434931802726,0.0,0.0,
inference,features.4.conv.2,Conv2d,conv,input,368640000,0.0,6.0,4.287673327496577e-09,7.421476766467094e-10,0.48462117784288194,FP8_E4M3,Sufficient,0.012809853366915949,1.0,0.0,0.001271642375036682,
inference,features.4.conv.2,Conv2d,conv,input,368640000,0.0,6.0,4.287673327496577e-09,7.421476766467094e-10,0.48462117784288194,FP8_E5M2,Marginal,0.022842961028373684,0.157736782197945,0.0,0.0,
inference,features.4.conv.2,Conv2d,conv,input,368640000,0.0,6.0,4.287673327496577e-09,7.421476766467094e-10,0.48462117784288194,INT16,Sufficient,0.00028715441219110733,1.0,,,0.0001532668455019532
inference,features.4.conv.2,Conv2d,conv,input,368640000,0.0,6.0,4.287673327496577e-09,7.421476766467094e-10,0.48462117784288194,INT8,Marginal,0.03234984154970471,1.0,,,0.03954405296505906
inference,features.4.conv.2,Conv2d,conv,activation,81920000,-11.587638854980469,13.91555118560791,1.4901161193847656e-08,1.862645149230957e-09,1.220703125e-08,FP16,Sufficient,0.00017641707864698574,0.00048434747433345624,0.0,0.0,
inference,features.4.conv.2,Conv2d,conv,activation,81920000,-11.587638854980469,13.91555118560791,1.4901161193847656e-08,1.862645149230957e-09,1.220703125e-08,FP8_E4M3,Marginal,0.02348333826844269,1.0,0.0,0.00045,
inference,features.4.conv.2,Conv2d,conv,activation,81920000,-11.587638854980469,13.91555118560791,1.4901161193847656e-08,1.862645149230957e-09,1.220703125e-08,FP8_E5M2,Marginal,0.04449390641797697,0.11109001203777488,0.0,0.0,
inference,features.4.conv.2,Conv2d,conv,activation,81920000,-11.587638854980469,13.91555118560791,1.4901161193847656e-08,1.862645149230957e-09,1.220703125e-08,INT16,Sufficient,0.0003967278394597397,1.0,,,0.0002687418250200546
inference,features.4.conv.2,Conv2d,conv,activation,81920000,-11.587638854980469,13.91555118560791,1.4901161193847656e-08,1.862645149230957e-09,1.220703125e-08,INT8,Marginal,0.05524746648793124,1.0,,,0.06933750693253644
inference,features.4.conv.3,BatchNorm2d,batchnorm,weight,32,0.6768526434898376,1.0271090269088745,0.6768526434898376,0.0002435445785522461,0.0,FP16,Sufficient,0.00014741614287984116,0.0002926354346823509,0.0,0.0,
inference,features.4.conv.3,BatchNorm2d,batchnorm,weight,32,0.6768526434898376,1.0271090269088745,0.6768526434898376,0.0002435445785522461,0.0,FP8_E4M3,Sufficient,0.018757603970235043,0.038316995452844456,0.0,0.0,
inference,features.4.conv.3,BatchNorm2d,batchnorm,weight,32,0.6768526434898376,1.0271090269088745,0.6768526434898376,0.0002435445785522461,0.0,FP8_E5M2,Marginal,0.03463294484704617,0.07660846712880744,0.0,0.0,
inference,features.4.conv.3,BatchNorm2d,batchnorm,weight,32,0.6768526434898376,1.0271090269088745,0.6768526434898376,0.0002435445785522461,0.0,INT16,Sufficient,9.339365939907726e-06,1.9169201523382453e-05,,,3.134583657060074e-05
inference,features.4.conv.3,BatchNorm2d,batchnorm,weight,32,0.6768526434898376,1.0271090269088745,0.6768526434898376,0.0002435445785522461,0.0,INT8,Sufficient,0.002530894076820796,0.004920724966055533,,,0.008087472652825783
inference,features.4.conv.3,BatchNorm2d,batchnorm,bias,32,-2.669310924829915e-05,3.630936043919064e-05,1.907173441395571e-07,1.608123056939803e-08,0.0,FP16,Sufficient,0.003947794115296083,0.06241388200474795,0.0,0.0,
inference,features.4.conv.3,BatchNorm2d,batchnorm,bias,32,-2.669310924829915e-05,3.630936043919064e-05,1.907173441395571e-07,1.608123056939803e-08,0.0,FP8_E4M3,Not sufficient,1.0,1.0,0.0,1.0,
inference,features.4.conv.3,BatchNorm2d,batchnorm,bias,32,-2.669310924829915e-05,3.630936043919064e-05,1.907173441395571e-07,1.608123056939803e-08,0.0,FP8_E5M2,Not sufficient,0.5668975973392438,1.0,0.0,0.375,
inference,features.4.conv.3,BatchNorm2d,batchnorm,bias,32,-2.669310924829915e-05,3.630936043919064e-05,1.907173441395571e-07,1.608123056939803e-08,0.0,INT16,Sufficient,5.047770421808006e-05,0.0006441139981648075,,,1.1081075606308372e-09
inference,features.4.conv.3,BatchNorm2d,batchnorm,bias,32,-2.669310924829915e-05,3.630936043919064e-05,1.907173441395571e-07,1.608123056939803e-08,0.0,INT8,Marginal,0.022439768619851332,0.49907957867707975,,,2.859004758991389e-07
inference,features.4.conv.3,BatchNorm2d,batchnorm,input,81920000,-11.587638854980469,13.91555118560791,1.4901161193847656e-08,1.862645149230957e-09,1.220703125e-08,FP16,Sufficient,0.00017641707864698574,0.00048434747433345624,0.0,0.0,
inference,features.4.conv.3,BatchNorm2d,batchnorm,input,81920000,-11.587638854980469,13.91555118560791,1.4901161193847656e-08,1.862645149230957e-09,1.220703125e-08,FP8_E4M3,Marginal,0.02348333826844269,1.0,0.0,0.00045,
inference,features.4.conv.3,BatchNorm2d,batchnorm,input,81920000,-11.587638854980469,13.91555118560791,1.4901161193847656e-08,1.862645149230957e-09,1.220703125e-08,FP8_E5M2,Marginal,0.04449390641797697,0.11109001203777488,0.0,0.0,
inference,features.4.conv.3,BatchNorm2d,batchnorm,input,81920000,-11.587638854980469,13.91555118560791,1.4901161193847656e-08,1.862645149230957e-09,1.220703125e-08,INT16,Sufficient,0.0003967278394597397,1.0,,,0.0002687418250200546
inference,features.4.conv.3,BatchNorm2d,batchnorm,input,81920000,-11.587638854980469,13.91555118560791,1.4901161193847656e-08,1.862645149230957e-09,1.220703125e-08,INT8,Marginal,0.05524746648793124,1.0,,,0.06933750693253644
inference,features.4.conv.3,BatchNorm2d,batchnorm,activation,81920000,-7.825891971588135,7.962376594543457,2.012262356743122e-08,1.7462298274040222e-10,0.0,FP16,Sufficient,0.0001757662631778862,0.0004876856687733782,0.0,0.0,
inference,features.4.conv.3,BatchNorm2d,batchnorm,activation,81920000,-7.825891971588135,7.962376594543457,2.012262356743122e-08,1.7462298274040222e-10,0.0,FP8_E4M3,Marginal,0.02427759064946872,1.0,0.0,0.00055,
inference,features.4.conv.3,BatchNorm2d,batchnorm,activation,81920000,-7.825891971588135,7.962376594543457,2.012262356743122e-08,1.7462298274040222e-10,0.0,FP8_E5M2,Marginal,0.044958074501257474,0.11111005147399232,0.0,0.0,
inference,features.4.conv.3,BatchNorm2d,batchnorm,activation,81920000,-7.825891971588135,7.962376594543457,2.012262356743122e-08,1.7462298274040222e-10,0.0,INT16,Sufficient,0.00042265335993153927,1.0,,,0.0001666681714194278
inference,features.4.conv.3,BatchNorm2d,batchnorm,activation,81920000,-7.825891971588135,7.962376594543457,2.012262356743122e-08,1.7462298274040222e-10,0.0,INT8,Marginal,0.05908547397485045,1.0,,,0.04300170057401882
inference,features.5.conv.0.0,Conv2d,conv,weight,6144,-0.2970275580883026,0.3035719692707062,7.234065719785576e-07,1.257285475730896e-08,0.0,FP16,Sufficient,0.00017648779153753348,0.011267294201623205,0.0,0.0,
inference,features.5.conv.0.0,Conv2d,conv,weight,6144,-0.2970275580883026,0.3035719692707062,7.234065719785576e-07,1.257285475730896e-08,0.0,FP8_E4M3,Marginal,0.03985257585994645,1.0,0.0,0.008463541666666666,
inference,features.5.conv.0.0,Conv2d,conv,weight,6144,-0.2970275580883026,0.3035719692707062,7.234065719785576e-07,1.257285475730896e-08,0.0,FP8_E5M2,Marginal,0.04536309836936956,1.0,0.0,0.00016276041666666666,
inference,features.5.conv.0.0,Conv2d,conv,weight,6144,-0.2970275580883026,0.3035719692707062,7.234065719785576e-07,1.257285475730896e-08,0.0,INT16,Sufficient,0.0003346660435101759,1.0,,,9.264564020835175e-06
inference,features.5.conv.0.0,Conv2d,conv,weight,6144,-0.2970275580883026,0.3035719692707062,7.234065719785576e-07,1.257285475730896e-08,0.0,INT8,Marginal,0.03260282783240875,1.0,,,0.0023903304666984737
inference,features.5.conv.0.0,Conv2d,conv,input,81920000,-7.825891971588135,7.962376594543457,2.012262356743122e-08,1.7462298274040222e-10,0.0,FP16,Sufficient,0.0001757662631778862,0.0004876856687733782,0.0,0.0,
inference,features.5.conv.0.0,Conv2d,conv,input,81920000,-7.825891971588135,7.962376594543457,2.012262356743122e-08,1.7462298274040222e-10,0.0,FP8_E4M3,Marginal,0.02427759064946872,1.0,0.0,0.00055,
inference,features.5.conv.0.0,Conv2d,conv,input,81920000,-7.825891971588135,7.962376594543457,2.012262356743122e-08,1.7462298274040222e-10,0.0,FP8_E5M2,Marginal,0.044958074501257474,0.11111005147399232,0.0,0.0,
inference,features.5.conv.0.0,Conv2d,conv,input,81920000,-7.825891971588135,7.962376594543457,2.012262356743122e-08,1.7462298274040222e-10,0.0,INT16,Sufficient,0.00042265335993153927,1.0,,,0.0001666681714194278
inference,features.5.conv.0.0,Conv2d,conv,input,81920000,-7.825891971588135,7.962376594543457,2.012262356743122e-08,1.7462298274040222e-10,0.0,INT8,Marginal,0.05908547397485045,1.0,,,0.04300170057401882
inference,features.5.conv.0.0,Conv2d,conv,activation,491520000,-6.060356140136719,6.432179927825928,3.725290298461914e-09,9.313225746154785e-10,6.103515625e-09,FP16,Sufficient,0.00017630806726159044,0.0004819213540152811,0.0,0.0,
inference,features.5.conv.0.0,Conv2d,conv,activation,491520000,-6.060356140136719,6.432179927825928,3.725290298461914e-09,9.313225746154785e-10,6.103515625e-09,FP8_E4M3,Marginal,0.02585902643418939,1.0,0.0,0.00175,
inference,features.5.conv.0.0,Conv2d,conv,activation,491520000,-6.060356140136719,6.432179927825928,3.725290298461914e-09,9.313225746154785e-10,6.103515625e-09,FP8_E5M2,Marginal,0.044781666790820525,0.11110440011015932,0.0,0.0,
inference,features.5.conv.0.0,Conv2d,conv,activation,491520000,-6.060356140136719,6.432179927825928,3.725290298461914e-09,9.313225746154785e-10,6.103515625e-09,INT16,Sufficient,0.00044796260793688827,1.0,,,0.00011901504465842934
inference,features.5.conv.0.0,Conv2d,conv,activation,491520000,-6.060356140136719,6.432179927825928,3.725290298461914e-09,9.313225746154785e-10,6.103515625e-09,INT8,Marginal,0.06468909906561052,1.0,,,0.03070681864821066
inference,features.5.conv.0.1,BatchNorm2d,batchnorm,weight,192,0.7408661842346191,0.754978358745575,0.7408661842346191,1.1920928955078125e-07,0.0,FP16,Sufficient,0.00015527494284477313,0.0003256805056703957,0.0,0.0,
inference,features.5.conv.0.1,BatchNorm2d,batchnorm,weight,192,0.7408661842346191,0.754978358745575,0.7408661842346191,1.1920928955078125e-07,0.0,FP8_E4M3,Sufficient,0.0032094373972321832,0.012328563456863544,0.0,0.0,
inference,features.5.conv.0.1,BatchNorm2d,batchnorm,weight,192,0.7408661842346191,0.754978358745575,0.7408661842346191,1.1920928955078125e-07,0.0,FP8_E5M2,Sufficient,0.0032094373972321832,0.012328563456863544,0.0,0.0,
inference,features.5.conv.0.1,BatchNorm2d,batchnorm,weight,192,0.7408661842346191,0.754978358745575,0.7408661842346191,1.1920928955078125e-07,0.0,INT16,Sufficient,8.194429460533682e-06,1.5398768420804645e-05,,,2.3040814195549638e-05
inference,features.5.conv.0.1,BatchNorm2d,batchnorm,weight,192,0.7408661842346191,0.754978358745575,0.7408661842346191,1.1920928955078125e-07,0.0,INT8,Sufficient,0.0018219623127381653,0.003962066025582515,,,0.005944711486185629
inference,features.5.conv.0.1,BatchNorm2d,batchnorm,bias,192,-0.04969688504934311,0.10187963396310806,0.00039903054130263627,1.0388903319835663e-06,0.0,FP16,Sufficient,0.00018169706615547235,0.0004422024518385507,0.0,0.0,
inference,features.5.conv.0.1,BatchNorm2d,batchnorm,bias,192,-0.04969688504934311,0.10187963396310806,0.00039903054130263627,1.0388903319835663e-06,0.0,FP8_E4M3,Not sufficient,0.10457781260001815,1.0,0.0,0.041666666666666664,
inference,features.5.conv.0.1,BatchNorm2d,batchnorm,bias,192,-0.04969688504934311,0.10187963396310806,0.00039903054130263627,1.0388903319835663e-06,0.0,FP8_E5M2,Marginal,0.044925954970851965,0.10834705057829114,0.0,0.0,
inference,features.5.conv.0.1,BatchNorm2d,batchnorm,bias,192,-0.04969688504934311,0.10187963396310806,0.00039903054130263627,1.0388903319835663e-06,0.0,INT16,Sufficient,0.0001501063479643096,0.003661542360988752,,,3.1092145745142387e-06
inference,features.5.conv.0.1,BatchNorm2d,batchnorm,bias,192,-0.04969688504934311,0.10187963396310806,0.00039903054130263627,1.0388903319835663e-06,0.0,INT8,Marginal,0.04510412959714538,1.0,,,0.0008022018422291973
inference,features.5.conv.0.1,BatchNorm2d,batchnorm,input,491520000,-6.060356140136719,6.432179927825928,3.725290298461914e-09,9.313225746154785e-10,6.103515625e-09,FP16,Sufficient,0.00017630806726159044,0.0004819213540152811,0.0,0.0,
inference,features.5.conv.0.1,BatchNorm2d,batchnorm,input,491520000,-6.060356140136719,6.432179927825928,3.725290298461914e-09,9.313225746154785e-10,6.103515625e-09,FP8_E4M3,Marginal,0.02585902643418939,1.0,0.0,0.00175,
inference,features.5.conv.0.1,BatchNorm2d,batchnorm,input,491520000,-6.060356140136719,6.432179927825928,3.725290298461914e-09,9.313225746154785e-10,6.103515625e-09,FP8_E5M2,Marginal,0.044781666790820525,0.11110440011015932,0.0,0.0,
inference,features.5.conv.0.1,BatchNorm2d,batchnorm,input,491520000,-6.060356140136719,6.432179927825928,3.725290298461914e-09,9.313225746154785e-10,6.103515625e-09,INT16,Sufficient,0.00044796260793688827,1.0,,,0.00011901504465842934
inference,features.5.conv.0.1,BatchNorm2d,batchnorm,input,491520000,-6.060356140136719,6.432179927825928,3.725290298461914e-09,9.313225746154785e-10,6.103515625e-09,INT8,Marginal,0.06468909906561052,1.0,,,0.03070681864821066
inference,features.5.conv.0.1,BatchNorm2d,batchnorm,activation,491520000,-6.90259313583374,7.719071388244629,4.0307671089756525e-10,1.1641532182693481e-10,0.0,FP16,Sufficient,0.00017681328958777198,0.0007202962165468803,0.0,0.0,
inference,features.5.conv.0.1,BatchNorm2d,batchnorm,activation,491520000,-6.90259313583374,7.719071388244629,4.0307671089756525e-10,1.1641532182693481e-10,0.0,FP8_E4M3,Marginal,0.02485072413237818,1.0,0.0,0.00095,
inference,features.5.conv.0.1,BatchNorm2d,batchnorm,activation,491520000,-6.90259313583374,7.719071388244629,4.0307671089756525e-10,1.1641532182693481e-10,0.0,FP8_E5M2,Marginal,0.044847427553453896,0.31040611678483887,0.0,0.0,
inference,features.5.conv.0.1,BatchNorm2d,batchnorm,activation,491520000,-6.90259313583374,7.719071388244629,4.0307671089756525e-10,1.1641532182693481e-10,0.0,INT16,Sufficient,0.00041845523993013265,1.0,,,0.00013241184479215195
inference,features.5.conv.0.1,BatchNorm2d,batchnorm,activation,491520000,-6.90259313583374,7.719071388244629,4.0307671089756525e-10,1.1641532182693481e-10,0.0,INT8,Marginal,0.05674829571737166,1.0,,,0.034163298569326324
inference,features.5.conv.1.0,Conv2d,conv,weight,1728,-0.2928437292575836,0.303812712430954,6.678373551949335e-07,4.842877388000488e-08,0.0,FP16,Sufficient,0.00018637575184764799,0.0182473510516338,0.0,0.0,
inference,features.5.conv.1.0,Conv2d,conv,weight,1728,-0.2928437292575836,0.303812712430954,6.678373551949335e-07,4.842877388000488e-08,0.0,FP8_E4M3,Marginal,0.0351056808062227,1.0,0.0,0.004629629629629629,
inference,features.5.conv.1.0,Conv2d,conv,weight,1728,-0.2928437292575836,0.303812712430954,6.678373551949335e-07,4.842877388000488e-08,0.0,FP8_E5M2,Marginal,0.044330757939737175,1.0,0.0,0.0005787037037037037,
inference,features.5.conv.1.0,Conv2d,conv,weight,1728,-0.2928437292575836,0.303812712430954,6.678373551949335e-07,4.842877388000488e-08,0.0,INT16,Sufficient,0.0007028254735191036,1.0,,,9.271911143252479e-06
inference,features.5.conv.1.0,Conv2d,conv,weight,1728,-0.2928437292575836,0.303812712430954,6.678373551949335e-07,4.842877388000488e-08,0.0,INT8,Marginal,0.027342971052826265,1.0,,,0.002392226082133496
inference,features.5.conv.1.0,Conv2d,conv,input,491520000,0.0,6.0,3.859602859535016e-09,1.1641532182693481e-10,0.49708809000651044,FP16,Sufficient,8.904433856247247e-05,0.0004799284825376745,0.0,0.0,
inference,features.5.conv.1.0,Conv2d,conv,input,491520000,0.0,6.0,3.859602859535016e-09,1.1641532182693481e-10,0.49708809000651044,FP8_E4M3,Sufficient,0.012507687326667256,1.0,0.0,0.0010934393638170974,
inference,features.5.conv.1.0,Conv2d,conv,input,491520000,0.0,6.0,3.859602859535016e-09,1.1641532182693481e-10,0.49708809000651044,FP8_E5M2,Marginal,0.02258167204194449,0.11111052242357337,0.0,0.0,
inference,features.5.conv.1.0,Conv2d,conv,input,491520000,0.0,6.0,3.859602859535016e-09,1.1641532182693481e-10,0.49708809000651044,INT16,Sufficient,0.00020449419607785499,1.0,,,0.00013241184479215195
inference,features.5.conv.1.0,Conv2d,conv,input,491520000,0.0,6.0,3.859602859535016e-09,1.1641532182693481e-10,0.49708809000651044,INT8,Marginal,0.028123179769409735,1.0,,,0.034163298569326324
inference,features.5.conv.1.0,Conv2d,conv,activation,491520000,-2.965718984603882,2.848170042037964,5.958758334846659e-13,7.275957614183426e-12,0.1284775838216146,FP16,Sufficient,0.00016051053754275078,0.10589696191993,0.0,0.0,
inference,features.5.conv.1.0,Conv2d,conv,activation,491520000,-2.965718984603882,2.848170042037964,5.958758334846659e-13,7.275957614183426e-12,0.1284775838216146,FP8_E4M3,Not sufficient,0.046570493560934026,1.0,0.0,0.01830597957075634,
inference,features.5.conv.1.0,Conv2d,conv,activation,491520000,-2.965718984603882,2.848170042037964,5.958758334846659e-13,7.275957614183426e-12,0.1284775838216146,FP8_E5M2,Marginal,0.03952651570763903,1.0,0.0,0.00034431309537472744,
inference,features.5.conv.1.0,Conv2d,conv,activation,491520000,-2.965718984603882,2.848170042037964,5.958758334846659e-13,7.275957614183426e-12,0.1284775838216146,INT16,Sufficient,0.001793931391040399,1.0,,,4.785161366609541e-05
inference,features.5.conv.1.0,Conv2d,conv,activation,491520000,-2.965718984603882,2.848170042037964,5.958758334846659e-13,7.275957614183426e-12,0.1284775838216146,INT8,Not sufficient,0.13039653385380975,1.0,,,0.01234609311021219
inference,features.5.conv.1.1,BatchNorm2d,batchnorm,weight,192,0.6543990969657898,0.8276731371879578,0.6543990969657898,2.5033950805664062e-06,0.0,FP16,Sufficient,0.00015881643136717407,0.00033649585949617895,0.0,0.0,
inference,features.5.conv.1.1,BatchNorm2d,batchnorm,weight,192,0.6543990969657898,0.8276731371879578,0.6543990969657898,2.5033950805664062e-06,0.0,FP8_E4M3,Sufficient,0.019517088624400273,0.044925332418859834,0.0,0.0,
inference,features.5.conv.1.1,BatchNorm2d,batchnorm,weight,192,0.6543990969657898,0.8276731371879578,0.6543990969657898,2.5033950805664062e-06,0.0,FP8_E5M2,Marginal,0.031164058851161042,0.0904850677551892,0.0,0.0,
inference,features.5.conv.1.1,BatchNorm2d,batchnorm,weight,192,0.6543990969657898,0.8276731371879578,0.6543990969657898,2.5033950805664062e-06,0.0,INT16,Sufficient,8.537077648707684e-06,1.7360320131058947e-05,,,2.5259350480299012e-05
inference,features.5.conv.1.1,BatchNorm2d,batchnorm,weight,192,0.6543990969657898,0.8276731371879578,0.6543990969657898,2.5033950805664062e-06,0.0,INT8,Sufficient,0.0022238314871531055,0.004545823400311383,,,0.006517111316440612
inference,features.5.conv.1.1,BatchNorm2d,batchnorm,bias,192,-0.08422885835170746,0.06988968700170517,1.4104680303717032e-05,2.6850029826164246e-06,0.0,FP16,Sufficient,0.0001777948955405624,0.001532860553021422,0.0,0.0,
inference,features.5.conv.1.1,BatchNorm2d,batchnorm,bias,192,-0.08422885835170746,0.06988968700170517,1.4104680303717032e-05,2.6850029826164246e-06,0.0,FP8_E4M3,Not sufficient,0.09617237134425839,1.0,0.0,0.041666666666666664,
inference,features.5.conv.1.1,BatchNorm2d,batchnorm,bias,192,-0.08422885835170746,0.06988968700170517,1.4104680303717032e-05,2.6850029826164246e-06,0.0,FP8_E5M2,Marginal,0.03969756448874396,0.11012499302582894,0.0,0.0,
inference,features.5.conv.1.1,BatchNorm2d,batchnorm,bias,192,-0.08422885835170746,0.06988968700170517,1.4104680303717032e-05,2.6850029826164246e-06,0.0,INT16,Sufficient,0.0006049197399459721,0.08876374493876665,,,2.5705392117590095e-06
inference,features.5.conv.1.1,BatchNorm2d,batchnorm,bias,192,-0.08422885835170746,0.06988968700170517,1.4104680303717032e-05,2.6850029826164246e-06,0.0,INT8,Marginal,0.04153069590882565,1.0,,,0.0006632193571000588
inference,features.5.conv.1.1,BatchNorm2d,batchnorm,input,491520000,-2.965718984603882,2.848170042037964,5.958758334846659e-13,7.275957614183426e-12,0.1284775838216146,FP16,Sufficient,0.00016051053754275078,0.10589696191993,0.0,0.0,
inference,features.5.conv.1.1,BatchNorm2d,batchnorm,input,491520000,-2.965718984603882,2.848170042037964,5.958758334846659e-13,7.275957614183426e-12,0.1284775838216146,FP8_E4M3,Not sufficient,0.046570493560934026,1.0,0.0,0.01830597957075634,
inference,features.5.conv.1.1,BatchNorm2d,batchnorm,input,491520000,-2.965718984603882,2.848170042037964,5.958758334846659e-13,7.275957614183426e-12,0.1284775838216146,FP8_E5M2,Marginal,0.03952651570763903,1.0,0.0,0.00034431309537472744,
inference,features.5.conv.1.1,BatchNorm2d,batchnorm,input,491520000,-2.965718984603882,2.848170042037964,5.958758334846659e-13,7.275957614183426e-12,0.1284775838216146,INT16,Sufficient,0.001793931391040399,1.0,,,4.785161366609541e-05
inference,features.5.conv.1.1,BatchNorm2d,batchnorm,input,491520000,-2.965718984603882,2.848170042037964,5.958758334846659e-13,7.275957614183426e-12,0.1284775838216146,INT8,Not sufficient,0.13039653385380975,1.0,,,0.01234609311021219
inference,features.5.conv.1.1,BatchNorm2d,batchnorm,activation,491520000,-12.444149017333984,10.964674949645996,1.1668158661493067e-09,1.1641532182693481e-10,0.0,FP16,Sufficient,0.00017781262698848087,0.0004859073804037613,0.0,0.0,
inference,features.5.conv.1.1,BatchNorm2d,batchnorm,activation,491520000,-12.444149017333984,10.964674949645996,1.1668158661493067e-09,1.1641532182693481e-10,0.0,FP8_E4M3,Marginal,0.024859876942840916,1.0,0.0,0.0008,
inference,features.5.conv.1.1,BatchNorm2d,batchnorm,activation,491520000,-12.444149017333984,10.964674949645996,1.1668158661493067e-09,1.1641532182693481e-10,0.0,FP8_E5M2,Marginal,0.04548612913497758,0.11110381142973279,0.0,0.0,
inference,features.5.conv.1.1,BatchNorm2d,batchnorm,activation,491520000,-12.444149017333984,10.964674949645996,1.1668158661493067e-09,1.1641532182693481e-10,0.0,INT16,Sufficient,0.0004702466874171245,1.0,,,0.00015736112269504785
inference,features.5.conv.1.1,BatchNorm2d,batchnorm,activation,491520000,-12.444149017333984,10.964674949645996,1.1668158661493067e-09,1.1641532182693481e-10,0.0,INT8,Marginal,0.06880647587679393,1.0,,,0.04060040871928057
inference,features.5.conv.2,Conv2d,conv,weight,6144,-0.7129903435707092,0.6096560955047607,2.2282067220658064e-05,1.6763806343078613e-08,0.0,FP16,Sufficient,0.0001781059505741767,0.0004811108453292694,0.0,0.0,
inference,features.5.conv.2,Conv2d,conv,weight,6144,-0.7129903435707092,0.6096560955047607,2.2282067220658064e-05,1.6763806343078613e-08,0.0,FP8_E4M3,Marginal,0.03125271319721797,1.0,0.0,0.00390625,
inference,features.5.conv.2,Conv2d,conv,weight,6144,-0.7129903435707092,0.6096560955047607,2.2282067220658064e-05,1.6763806343078613e-08,0.0,FP8_E5M2,Marginal,0.045000771883694224,0.3151986792162026,0.0,0.0,
inference,features.5.conv.2,Conv2d,conv,weight,6144,-0.7129903435707092,0.6096560955047607,2.2282067220658064e-05,1.6763806343078613e-08,0.0,INT16,Sufficient,0.00017955381114103338,0.058343398194227736,,,2.1759402556557183e-05
inference,features.5.conv.2,Conv2d,conv,weight,6144,-0.7129903435707092,0.6096560955047607,2.2282067220658064e-05,1.6763806343078613e-08,0.0,INT8,Marginal,0.03904298003769522,1.0,,,0.0056140971934701515
inference,features.5.conv.2,Conv2d,conv,input,491520000,0.0,6.0,1.1668158661493067e-09,1.1641532182693481e-10,0.5053743835449219,FP16,Sufficient,8.750205621540496e-05,0.00048507431212530146,0.0,0.0,
inference,features.5.conv.2,Conv2d,conv,input,491520000,0.0,6.0,1.1668158661493067e-09,1.1641532182693481e-10,0.5053743835449219,FP8_E4M3,Sufficient,0.012416278265495517,1.0,0.0,0.0007122507122507123,
inference,features.5.conv.2,Conv2d,conv,input,491520000,0.0,6.0,1.1668158661493067e-09,1.1641532182693481e-10,0.5053743835449219,FP8_E5M2,Marginal,0.022276051730241532,0.11110381142973279,0.0,0.0,
inference,features.5.conv.2,Conv2d,conv,input,491520000,0.0,6.0,1.1668158661493067e-09,1.1641532182693481e-10,0.5053743835449219,INT16,Sufficient,0.00018973908551436853,0.16878026591796585,,,0.00014808412459268669
inference,features.5.conv.2,Conv2d,conv,input,491520000,0.0,6.0,1.1668158661493067e-09,1.1641532182693481e-10,0.5053743835449219,INT8,Marginal,0.03375121078754806,1.0,,,0.03820687016164224
inference,features.5.conv.2,Conv2d,conv,activation,81920000,-15.654644966125488,16.76687240600586,1.4901161193847656e-08,1.862645149230957e-09,0.0,FP16,Sufficient,0.00017600841525204313,0.0004869721556915808,0.0,0.0,
inference,features.5.conv.2,Conv2d,conv,activation,81920000,-15.654644966125488,16.76687240600586,1.4901161193847656e-08,1.862645149230957e-09,0.0,FP8_E4M3,Marginal,0.02370287586478107,1.0,0.0,0.0004,
inference,features.5.conv.2,Conv2d,conv,activation,81920000,-15.654644966125488,16.76687240600586,1.4901161193847656e-08,1.862645149230957e-09,0.0,FP8_E5M2,Marginal,0.044911988164913944,0.11109604090656322,0.0,0.0,
inference,features.5.conv.2,Conv2d,conv,activation,81920000,-15.654644966125488,16.76687240600586,1.4901161193847656e-08,1.862645149230957e-09,0.0,INT16,Sufficient,0.0003818940077263097,0.49269973548605434,,,0.00028736791361290334
inference,features.5.conv.2,Conv2d,conv,activation,81920000,-15.654644966125488,16.76687240600586,1.4901161193847656e-08,1.862645149230957e-09,0.0,INT8,Marginal,0.05641936136161103,1.0,,,0.07414318445160634
inference,features.5.conv.3,BatchNorm2d,batchnorm,weight,32,0.5138007402420044,0.7959513068199158,0.5138007402420044,0.00016176700592041016,0.0,FP16,Sufficient,0.00018798866461855013,0.0003687811180202956,0.0,0.0,
inference,features.5.conv.3,BatchNorm2d,batchnorm,weight,32,0.5138007402420044,0.7959513068199158,0.5138007402420044,0.00016176700592041016,0.0,FP8_E4M3,Marginal,0.02447892650903461,0.04952750163298046,0.0,0.0,
inference,features.5.conv.3,BatchNorm2d,batchnorm,weight,32,0.5138007402420044,0.7959513068199158,0.5138007402420044,0.00016176700592041016,0.0,FP8_E5M2,Marginal,0.0542025779041141,0.10864725880019525,0.0,0.0,
inference,features.5.conv.3,BatchNorm2d,batchnorm,weight,32,0.5138007402420044,0.7959513068199158,0.5138007402420044,0.00016176700592041016,0.0,INT16,Sufficient,8.184027370899174e-06,2.079699804944349e-05,,,2.4291247499615947e-05
inference,features.5.conv.3,BatchNorm2d,batchnorm,weight,32,0.5138007402420044,0.7959513068199158,0.5138007402420044,0.00016176700592041016,0.0,INT8,Sufficient,0.0023064784358736083,0.005552820907006062,,,0.006267333124566266
inference,features.5.conv.3,BatchNorm2d,batchnorm,bias,32,-3.357981040608138e-05,2.8276024750084616e-05,1.34545257424179e-06,2.0323568605817854e-08,0.0,FP16,Sufficient,0.0027180136919417253,0.01891873119833953,0.0,0.0,
inference,features.5.conv.3,BatchNorm2d,batchnorm,bias,32,-3.357981040608138e-05,2.8276024750084616e-05,1.34545257424179e-06,2.0323568605817854e-08,0.0,FP8_E4M3,Not sufficient,1.0,1.0,0.0,1.0,
inference,features.5.conv.3,BatchNorm2d,batchnorm,bias,32,-3.357981040608138e-05,2.8276024750084616e-05,1.34545257424179e-06,2.0323568605817854e-08,0.0,FP8_E5M2,Not sufficient,0.5377268127938072,1.0,0.0,0.3125,
inference,features.5.conv.3,BatchNorm2d,batchnorm,bias,32,-3.357981040608138e-05,2.8276024750084616e-05,1.34545257424179e-06,2.0323568605817854e-08,0.0,INT16,Sufficient,3.561458526628228e-05,0.00016707243377664036,,,1.0248057620801837e-09
inference,features.5.conv.3,BatchNorm2d,batchnorm,bias,32,-3.357981040608138e-05,2.8276024750084616e-05,1.34545257424179e-06,2.0323568605817854e-08,0.0,INT8,Sufficient,0.011979116618524778,0.05537894569615354,,,2.644079559533967e-07
inference,features.5.conv.3,BatchNorm2d,batchnorm,input,81920000,-15.654644966125488,16.76687240600586,1.4901161193847656e-08,1.862645149230957e-09,0.0,FP16,Sufficient,0.00017600841525204313,0.0004869721556915808,0.0,0.0,
inference,features.5.conv.3,BatchNorm2d,batchnorm,input,81920000,-15.654644966125488,16.76687240600586,1.4901161193847656e-08,1.862645149230957e-09,0.0,FP8_E4M3,Marginal,0.02370287586478107,1.0,0.0,0.0004,
inference,features.5.conv.3,BatchNorm2d,batchnorm,input,81920000,-15.654644966125488,16.76687240600586,1.4901161193847656e-08,1.862645149230957e-09,0.0,FP8_E5M2,Marginal,0.044911988164913944,0.11109604090656322,0.0,0.0,
inference,features.5.conv.3,BatchNorm2d,batchnorm,input,81920000,-15.654644966125488,16.76687240600586,1.4901161193847656e-08,1.862645149230957e-09,0.0,INT16,Sufficient,0.0003818940077263097,0.49269973548605434,,,0.00028736791361290334
inference,features.5.conv.3,BatchNorm2d,batchnorm,input,81920000,-15.654644966125488,16.76687240600586,1.4901161193847656e-08,1.862645149230957e-09,0.0,INT8,Marginal,0.05641936136161103,1.0,,,0.07414318445160634
inference,features.5.conv.3,BatchNorm2d,batchnorm,activation,81920000,-7.772389888763428,7.604128837585449,3.6504932410252877e-09,2.3283064365386963e-10,0.0,FP16,Sufficient,0.00017672109297358393,0.0008349267879661733,0.0,0.0,
inference,features.5.conv.3,BatchNorm2d,batchnorm,activation,81920000,-7.772389888763428,7.604128837585449,3.6504932410252877e-09,2.3283064365386963e-10,0.0,FP8_E4M3,Marginal,0.025617189880218428,1.0,0.0,0.00145,
inference,features.5.conv.3,BatchNorm2d,batchnorm,activation,81920000,-7.772389888763428,7.604128837585449,3.6504932410252877e-09,2.3283064365386963e-10,0.0,FP8_E5M2,Marginal,0.044987785533085765,0.11110710804815571,0.0,0.0,
inference,features.5.conv.3,BatchNorm2d,batchnorm,activation,81920000,-7.772389888763428,7.604128837585449,3.6504932410252877e-09,2.3283064365386963e-10,0.0,INT16,Sufficient,0.0004537944044447937,1.0,,,0.00011854380288238902
inference,features.5.conv.3,BatchNorm2d,batchnorm,activation,81920000,-7.772389888763428,7.604128837585449,3.6504932410252877e-09,2.3283064365386963e-10,0.0,INT8,Marginal,0.05877897841754127,1.0,,,0.030585234559427098
inference,features.6.conv.0.0,Conv2d,conv,weight,6144,-0.32784175872802734,0.30825740098953247,9.101320756599307e-06,1.1175870895385742e-08,0.0,FP16,Sufficient,0.00017560595976404887,0.0019985993815534076,0.0,0.0,
inference,features.6.conv.0.0,Conv2d,conv,weight,6144,-0.32784175872802734,0.30825740098953247,9.101320756599307e-06,1.1175870895385742e-08,0.0,FP8_E4M3,Marginal,0.04190328247189476,1.0,0.0,0.009928385416666666,
inference,features.6.conv.0.0,Conv2d,conv,weight,6144,-0.32784175872802734,0.30825740098953247,9.101320756599307e-06,1.1175870895385742e-08,0.0,FP8_E5M2,Marginal,0.04460903643913879,0.6765466760893966,0.0,0.0,
inference,features.6.conv.0.0,Conv2d,conv,weight,6144,-0.32784175872802734,0.30825740098953247,9.101320756599307e-06,1.1175870895385742e-08,0.0,INT16,Sufficient,0.00018371154487887266,0.09931757026738715,,,1.0005241820368888e-05
inference,features.6.conv.0.0,Conv2d,conv,weight,6144,-0.32784175872802734,0.30825740098953247,9.101320756599307e-06,1.1175870895385742e-08,0.0,INT8,Marginal,0.03834767036604272,1.0,,,0.0025814311710868295
inference,features.6.conv.0.0,Conv2d,conv,input,81920000,-11.957132339477539,12.642728805541992,2.9802322387695312e-08,9.313225746154785e-10,1.220703125e-08,FP16,Sufficient,0.00017620357356547216,0.0004842407898019555,0.0,0.0,
inference,features.6.conv.0.0,Conv2d,conv,input,81920000,-11.957132339477539,12.642728805541992,2.9802322387695312e-08,9.313225746154785e-10,1.220703125e-08,FP8_E4M3,Marginal,0.02421633750826896,1.0,0.0,0.00085,
inference,features.6.conv.0.0,Conv2d,conv,input,81920000,-11.957132339477539,12.642728805541992,2.9802322387695312e-08,9.313225746154785e-10,1.220703125e-08,FP8_E5M2,Marginal,0.04500921819553293,0.1111111111111111,0.0,0.0,
inference,features.6.conv.0.0,Conv2d,conv,input,81920000,-11.957132339477539,12.642728805541992,2.9802322387695312e-08,9.313225746154785e-10,1.220703125e-08,INT16,Sufficient,0.0005633476557448487,1.0,,,0.00027908345917872186
inference,features.6.conv.0.0,Conv2d,conv,input,81920000,-11.957132339477539,12.642728805541992,2.9802322387695312e-08,9.313225746154785e-10,1.220703125e-08,INT8,Marginal,0.07018964319623411,1.0,,,0.07200572997566283
inference,features.6.conv.0.0,Conv2d,conv,activation,491520000,-8.13543701171875,8.662192344665527,1.862645149230957e-09,9.313225746154785e-10,0.0,FP16,Sufficient,0.00017623903073167528,0.003115264797507788,0.0,0.0,
inference,features.6.conv.0.0,Conv2d,conv,activation,491520000,-8.13543701171875,8.662192344665527,1.862645149230957e-09,9.313225746154785e-10,0.0,FP8_E4M3,Marginal,0.025334672339269032,1.0,0.0,0.0016,
inference,features.6.conv.0.0,Conv2d,conv,activation,491520000,-8.13543701171875,8.662192344665527,1.862645149230957e-09,9.313225746154785e-10,0.0,FP8_E5M2,Marginal,0.04516377812545826,1.0,0.0,5e-05,
inference,features.6.conv.0.0,Conv2d,conv,activation,491520000,-8.13543701171875,8.662192344665527,1.862645149230957e-09,9.313225746154785e-10,0.0,INT16,Sufficient,0.0006571556129676803,1.0,,,0.0001336628238096932
inference,features.6.conv.0.0,Conv2d,conv,activation,491520000,-8.13543701171875,8.662192344665527,1.862645149230957e-09,9.313225746154785e-10,0.0,INT8,Marginal,0.061963437027720135,1.0,,,0.03448606100608045
inference,features.6.conv.0.1,BatchNorm2d,batchnorm,weight,192,0.7448175549507141,0.7500666379928589,0.7448175549507141,5.960464477539063e-08,0.0,FP16,Sufficient,0.0001696708101202281,0.000326477309826967,0.0,0.0,
inference,features.6.conv.0.1,BatchNorm2d,batchnorm,weight,192,0.7448175549507141,0.7500666379928589,0.7448175549507141,5.960464477539063e-08,0.0,FP8_E4M3,Sufficient,0.003321130920807694,0.006958006044351117,0.0,0.0,
inference,features.6.conv.0.1,BatchNorm2d,batchnorm,weight,192,0.7448175549507141,0.7500666379928589,0.7448175549507141,5.960464477539063e-08,0.0,FP8_E5M2,Sufficient,0.003321130920807694,0.006958006044351117,0.0,0.0,
inference,features.6.conv.0.1,BatchNorm2d,batchnorm,weight,192,0.7448175549507141,0.7500666379928589,0.7448175549507141,5.960464477539063e-08,0.0,INT16,Sufficient,7.776700920770274e-06,1.5299316772309898e-05,,,2.289091579921442e-05
inference,features.6.conv.0.1,BatchNorm2d,batchnorm,weight,192,0.7448175549507141,0.7500666379928589,0.7448175549507141,5.960464477539063e-08,0.0,INT8,Sufficient,0.0030737380535874495,0.003944338576035173,,,0.00590603651962881
inference,features.6.conv.0.1,BatchNorm2d,batchnorm,bias,192,-0.05098683014512062,0.07134047150611877,0.0003290597232989967,1.0617077350616455e-07,0.0,FP16,Sufficient,0.00017460688334185,0.00045230927990563553,0.0,0.0,
inference,features.6.conv.0.1,BatchNorm2d,batchnorm,bias,192,-0.05098683014512062,0.07134047150611877,0.0003290597232989967,1.0617077350616455e-07,0.0,FP8_E4M3,Not sufficient,0.08579804881171958,1.0,0.0,0.020833333333333332,
inference,features.6.conv.0.1,BatchNorm2d,batchnorm,bias,192,-0.05098683014512062,0.07134047150611877,0.0003290597232989967,1.0617077350616455e-07,0.0,FP8_E5M2,Marginal,0.04813619693760199,0.11105977456592331,0.0,0.0,
inference,features.6.conv.0.1,BatchNorm2d,batchnorm,bias,192,-0.05098683014512062,0.07134047150611877,0.0003290597232989967,1.0617077350616455e-07,0.0,INT16,Sufficient,8.892375970044929e-05,0.0018120365667724857,,,2.1772048556815935e-06
inference,features.6.conv.0.1,BatchNorm2d,batchnorm,bias,192,-0.05098683014512062,0.07134047150611877,0.0003290597232989967,1.0617077350616455e-07,0.0,INT8,Marginal,0.023844596322775937,0.7070943550291505,,,0.0005617359961111715
inference,features.6.conv.0.1,BatchNorm2d,batchnorm,input,491520000,-8.13543701171875,8.662192344665527,1.862645149230957e-09,9.313225746154785e-10,0.0,FP16,Sufficient,0.00017623903073167528,0.003115264797507788,0.0,0.0,
inference,features.6.conv.0.1,BatchNorm2d,batchnorm,input,491520000,-8.13543701171875,8.662192344665527,1.862645149230957e-09,9.313225746154785e-10,0.0,FP8_E4M3,Marginal,0.025334672339269032,1.0,0.0,0.0016,
inference,features.6.conv.0.1,BatchNorm2d,batchnorm,input,491520000,-8.13543701171875,8.662192344665527,1.862645149230957e-09,9.313225746154785e-10,0.0,FP8_E5M2,Marginal,0.04516377812545826,1.0,0.0,5e-05,
inference,features.6.conv.0.1,BatchNorm2d,batchnorm,input,491520000,-8.13543701171875,8.662192344665527,1.862645149230957e-09,9.313225746154785e-10,0.0,INT16,Sufficient,0.0006571556129676803,1.0,,,0.0001336628238096932
inference,features.6.conv.0.1,BatchNorm2d,batchnorm,input,491520000,-8.13543701171875,8.662192344665527,1.862645149230957e-09,9.313225746154785e-10,0.0,INT8,Marginal,0.061963437027720135,1.0,,,0.03448606100608045
inference,features.6.conv.0.1,BatchNorm2d,batchnorm,activation,491520000,-7.888655662536621,7.766663551330566,1.3929657427524944e-10,2.3283064365386963e-10,0.0,FP16,Sufficient,0.00017754572909144296,0.0015250215722213084,0.0,0.0,
inference,features.6.conv.0.1,BatchNorm2d,batchnorm,activation,491520000,-7.888655662536621,7.766663551330566,1.3929657427524944e-10,2.3283064365386963e-10,0.0,FP8_E4M3,Marginal,0.024727971597442958,1.0,0.0,0.00085,
inference,features.6.conv.0.1,BatchNorm2d,batchnorm,activation,491520000,-7.888655662536621,7.766663551330566,1.3929657427524944e-10,2.3283064365386963e-10,0.0,FP8_E5M2,Marginal,0.04509735725362426,0.17810419782150694,0.0,0.0,
inference,features.6.conv.0.1,BatchNorm2d,batchnorm,activation,491520000,-7.888655662536621,7.766663551330566,1.3929657427524944e-10,2.3283064365386963e-10,0.0,INT16,Sufficient,0.0004561012322459972,1.0,,,0.00015052521010868703
inference,features.6.conv.0.1,BatchNorm2d,batchnorm,activation,491520000,-7.888655662536621,7.766663551330566,1.3929657427524944e-10,2.3283064365386963e-10,0.0,INT8,Marginal,0.0644071471279429,1.0,,,0.038836689445916124
inference,features.6.conv.1.0,Conv2d,conv,weight,1728,-0.20906904339790344,0.2828640937805176,6.772164488211274e-05,3.91155481338501e-08,0.0,FP16,Sufficient,0.00017531345819222173,0.00046376994747162855,0.0,0.0,
inference,features.6.conv.1.0,Conv2d,conv,weight,1728,-0.20906904339790344,0.2828640937805176,6.772164488211274e-05,3.91155481338501e-08,0.0,FP8_E4M3,Marginal,0.039813046710228034,1.0,0.0,0.009837962962962963,
inference,features.6.conv.1.0,Conv2d,conv,weight,1728,-0.20906904339790344,0.2828640937805176,6.772164488211274e-05,3.91155481338501e-08,0.0,FP8_E5M2,Marginal,0.04664726763600135,0.11101881252405178,0.0,0.0,
inference,features.6.conv.1.0,Conv2d,conv,weight,1728,-0.20906904339790344,0.2828640937805176,6.772164488211274e-05,3.91155481338501e-08,0.0,INT16,Sufficient,0.0001588231493966624,0.023006786754890002,,,8.632590526460084e-06
inference,features.6.conv.1.0,Conv2d,conv,weight,1728,-0.20906904339790344,0.2828640937805176,6.772164488211274e-05,3.91155481338501e-08,0.0,INT8,Marginal,0.030497474722785894,1.0,,,0.0022272763289804534
inference,features.6.conv.1.0,Conv2d,conv,input,491520000,0.0,6.0,1.3929657427524944e-10,4.656612873077393e-10,0.5002613545735677,FP16,Sufficient,8.824923167517393e-05,0.00048697006557950925,0.0,0.0,
inference,features.6.conv.1.0,Conv2d,conv,input,491520000,0.0,6.0,1.3929657427524944e-10,4.656612873077393e-10,0.5002613545735677,FP8_E4M3,Sufficient,0.012418192513914794,1.0,0.0,0.0008009611533840609,
inference,features.6.conv.1.0,Conv2d,conv,input,491520000,0.0,6.0,1.3929657427524944e-10,4.656612873077393e-10,0.5002613545735677,FP8_E5M2,Marginal,0.022537094237885996,0.11110998082900259,0.0,0.0,
inference,features.6.conv.1.0,Conv2d,conv,input,491520000,0.0,6.0,1.3929657427524944e-10,4.656612873077393e-10,0.5002613545735677,INT16,Sufficient,0.00022600140366371243,0.7894537881600957,,,0.00015052521010868703
inference,features.6.conv.1.0,Conv2d,conv,input,491520000,0.0,6.0,1.3929657427524944e-10,4.656612873077393e-10,0.5002613545735677,INT8,Marginal,0.03285699875111718,1.0,,,0.038836689445916124
inference,features.6.conv.1.0,Conv2d,conv,activation,491520000,-2.403092622756958,2.1736459732055664,3.408509238744806e-11,5.4569682106375694e-12,0.11867255045572916,FP16,Sufficient,0.0001597988678524846,0.05807710519611136,0.0,0.0,
inference,features.6.conv.1.0,Conv2d,conv,activation,491520000,-2.403092622756958,2.1736459732055664,3.408509238744806e-11,5.4569682106375694e-12,0.11867255045572916,FP8_E4M3,Not sufficient,0.049659244148048266,1.0,0.0,0.019223135809469806,
inference,features.6.conv.1.0,Conv2d,conv,activation,491520000,-2.403092622756958,2.1736459732055664,3.408509238744806e-11,5.4569682106375694e-12,0.11867255045572916,FP8_E5M2,Marginal,0.03989683643862184,1.0,0.0,0.00039693790757017297,
inference,features.6.conv.1.0,Conv2d,conv,activation,491520000,-2.403092622756958,2.1736459732055664,3.408509238744806e-11,5.4569682106375694e-12,0.11867255045572916,INT16,Sufficient,0.001829696578466659,1.0,,,4.1457699889698985e-05
inference,features.6.conv.1.0,Conv2d,conv,activation,491520000,-2.403092622756958,2.1736459732055664,3.408509238744806e-11,5.4569682106375694e-12,0.11867255045572916,INT8,Not sufficient,0.13021088409818657,1.0,,,0.010696413010124146
inference,features.6.conv.1.1,BatchNorm2d,batchnorm,weight,192,0.680000364780426,0.8446236252784729,0.680000364780426,5.960464477539063e-08,0.0,FP16,Sufficient,0.00015394421255463667,0.0003359205075943273,0.0,0.0,
inference,features.6.conv.1.1,BatchNorm2d,batchnorm,weight,192,0.680000364780426,0.8446236252784729,0.680000364780426,5.960464477539063e-08,0.0,FP8_E4M3,Marginal,0.020322075833484384,0.043448593286753885,0.0,0.0,
inference,features.6.conv.1.1,BatchNorm2d,batchnorm,weight,192,0.680000364780426,0.8446236252784729,0.680000364780426,5.960464477539063e-08,0.0,FP8_E5M2,Marginal,0.02703698544728378,0.08692759690840506,0.0,0.0,
inference,features.6.conv.1.1,BatchNorm2d,batchnorm,weight,192,0.680000364780426,0.8446236252784729,0.680000364780426,5.960464477539063e-08,0.0,INT16,Sufficient,8.782947181975905e-06,1.7984274850702574e-05,,,2.5776654111712178e-05
inference,features.6.conv.1.1,BatchNorm2d,batchnorm,weight,192,0.680000364780426,0.8446236252784729,0.680000364780426,5.960464477539063e-08,0.0,INT8,Sufficient,0.0022646018144517484,0.004537823636044107,,,0.0066505797266021485
inference,features.6.conv.1.1,BatchNorm2d,batchnorm,bias,192,-0.05811420828104019,0.05698643624782562,2.4333812689292245e-05,3.771856427192688e-07,0.0,FP16,Sufficient,0.0001803904328472046,0.0007355538494596574,0.0,0.0,
inference,features.6.conv.1.1,BatchNorm2d,batchnorm,bias,192,-0.05811420828104019,0.05698643624782562,2.4333812689292245e-05,3.771856427192688e-07,0.0,FP8_E4M3,Not sufficient,0.1194888676673906,1.0,0.0,0.046875,
inference,features.6.conv.1.1,BatchNorm2d,batchnorm,bias,192,-0.05811420828104019,0.05698643624782562,2.4333812689292245e-05,3.771856427192688e-07,0.0,FP8_E5M2,Marginal,0.04496324385197845,0.25412234057463734,0.0,0.0,
inference,features.6.conv.1.1,BatchNorm2d,batchnorm,bias,192,-0.05811420828104019,0.05698643624782562,2.4333812689292245e-05,3.771856427192688e-07,0.0,INT16,Sufficient,0.00037459336744681055,0.03241305610486626,,,1.7735590161149996e-06
inference,features.6.conv.1.1,BatchNorm2d,batchnorm,bias,192,-0.05811420828104019,0.05698643624782562,2.4333812689292245e-05,3.771856427192688e-07,0.0,INT8,Marginal,0.03056629595691948,1.0,,,0.00045759219118929285
inference,features.6.conv.1.1,BatchNorm2d,batchnorm,input,491520000,-2.403092622756958,2.1736459732055664,3.408509238744806e-11,5.4569682106375694e-12,0.11867255045572916,FP16,Sufficient,0.0001597988678524846,0.05807710519611136,0.0,0.0,
inference,features.6.conv.1.1,BatchNorm2d,batchnorm,input,491520000,-2.403092622756958,2.1736459732055664,3.408509238744806e-11,5.4569682106375694e-12,0.11867255045572916,FP8_E4M3,Not sufficient,0.049659244148048266,1.0,0.0,0.019223135809469806,
inference,features.6.conv.1.1,BatchNorm2d,batchnorm,input,491520000,-2.403092622756958,2.1736459732055664,3.408509238744806e-11,5.4569682106375694e-12,0.11867255045572916,FP8_E5M2,Marginal,0.03989683643862184,1.0,0.0,0.00039693790757017297,
inference,features.6.conv.1.1,BatchNorm2d,batchnorm,input,491520000,-2.403092622756958,2.1736459732055664,3.408509238744806e-11,5.4569682106375694e-12,0.11867255045572916,INT16,Sufficient,0.001829696578466659,1.0,,,4.1457699889698985e-05
inference,features.6.conv.1.1,BatchNorm2d,batchnorm,input,491520000,-2.403092622756958,2.1736459732055664,3.408509238744806e-11,5.4569682106375694e-12,0.11867255045572916,INT8,Not sufficient,0.13021088409818657,1.0,,,0.010696413010124146
inference,features.6.conv.1.1,BatchNorm2d,batchnorm,activation,491520000,-10.964301109313965,12.115726470947266,1.0998029154052347e-09,2.3283064365386963e-10,0.0,FP16,Sufficient,0.000178708217412245,0.0004874480635694173,0.0,0.0,
inference,features.6.conv.1.1,BatchNorm2d,batchnorm,activation,491520000,-10.964301109313965,12.115726470947266,1.0998029154052347e-09,2.3283064365386963e-10,0.0,FP8_E4M3,Marginal,0.024841697333467302,1.0,0.0,0.0009,
inference,features.6.conv.1.1,BatchNorm2d,batchnorm,activation,491520000,-10.964301109313965,12.115726470947266,1.0998029154052347e-09,2.3283064365386963e-10,0.0,FP8_E5M2,Marginal,0.04530717312206689,0.11109921974381404,0.0,0.0,
inference,features.6.conv.1.1,BatchNorm2d,batchnorm,activation,491520000,-10.964301109313965,12.115726470947266,1.0998029154052347e-09,2.3283064365386963e-10,0.0,INT16,Sufficient,0.0006238815907979983,1.0,,,0.00024191449238367978
inference,features.6.conv.1.1,BatchNorm2d,batchnorm,activation,491520000,-10.964301109313965,12.115726470947266,1.0998029154052347e-09,2.3283064365386963e-10,0.0,INT8,Marginal,0.09840070079581173,1.0,,,0.06241584387351209
inference,features.6.conv.2,Conv2d,conv,weight,6144,-0.7016494274139404,0.6704000234603882,2.0079200112377293e-05,7.450580596923828e-09,0.0,FP16,Sufficient,0.00017647364731038394,0.000480331966715499,0.0,0.0,
inference,features.6.conv.2,Conv2d,conv,weight,6144,-0.7016494274139404,0.6704000234603882,2.0079200112377293e-05,7.450580596923828e-09,0.0,FP8_E4M3,Marginal,0.032927173697511754,1.0,0.0,0.00537109375,
inference,features.6.conv.2,Conv2d,conv,weight,6144,-0.7016494274139404,0.6704000234603882,2.0079200112377293e-05,7.450580596923828e-09,0.0,FP8_E5M2,Marginal,0.04508698852962756,0.2795677241605695,0.0,0.0,
inference,features.6.conv.2,Conv2d,conv,weight,6144,-0.7016494274139404,0.6704000234603882,2.0079200112377293e-05,7.450580596923828e-09,0.0,INT16,Sufficient,0.0002000627620349647,0.10216463924461222,,,2.1413294699360346e-05
inference,features.6.conv.2,Conv2d,conv,weight,6144,-0.7016494274139404,0.6704000234603882,2.0079200112377293e-05,7.450580596923828e-09,0.0,INT8,Marginal,0.03995035413332352,1.0,,,0.005524798641054649
inference,features.6.conv.2,Conv2d,conv,input,491520000,0.0,6.0,1.0998029154052347e-09,4.656612873077393e-10,0.4861464701334635,FP16,Sufficient,9.213086725520572e-05,0.0004874480635694173,0.0,0.0,
inference,features.6.conv.2,Conv2d,conv,input,491520000,0.0,6.0,1.0998029154052347e-09,4.656612873077393e-10,0.4861464701334635,FP8_E4M3,Sufficient,0.012710336418522613,1.0,0.0,0.0006851996867658575,
inference,features.6.conv.2,Conv2d,conv,input,491520000,0.0,6.0,1.0998029154052347e-09,4.656612873077393e-10,0.4861464701334635,FP8_E5M2,Marginal,0.023396323622239312,0.11109921974381404,0.0,0.0,
inference,features.6.conv.2,Conv2d,conv,input,491520000,0.0,6.0,1.0998029154052347e-09,4.656612873077393e-10,0.4861464701334635,INT16,Sufficient,0.00016016602848198595,0.3113529293668664,,,0.00012956646562921418
inference,features.6.conv.2,Conv2d,conv,input,491520000,0.0,6.0,1.0998029154052347e-09,4.656612873077393e-10,0.4861464701334635,INT8,Marginal,0.02758747774966145,1.0,,,0.03342916834072804
inference,features.6.conv.2,Conv2d,conv,activation,81920000,-15.778271675109863,13.283799171447754,1.4901161193847656e-08,1.862645149230957e-09,1.220703125e-08,FP16,Sufficient,0.00017569177327753427,0.002197802197802198,0.0,0.0,
inference,features.6.conv.2,Conv2d,conv,activation,81920000,-15.778271675109863,13.283799171447754,1.4901161193847656e-08,1.862645149230957e-09,1.220703125e-08,FP8_E4M3,Marginal,0.023709161595675106,1.0,0.0,0.00055,
inference,features.6.conv.2,Conv2d,conv,activation,81920000,-15.778271675109863,13.283799171447754,1.4901161193847656e-08,1.862645149230957e-09,1.220703125e-08,FP8_E5M2,Marginal,0.045033014666297666,1.0,0.0,5e-05,
inference,features.6.conv.2,Conv2d,conv,activation,81920000,-15.778271675109863,13.283799171447754,1.4901161193847656e-08,1.862645149230957e-09,1.220703125e-08,INT16,Sufficient,0.0004240585191202916,1.0,,,0.0002925975076715754
inference,features.6.conv.2,Conv2d,conv,activation,81920000,-15.778271675109863,13.283799171447754,1.4901161193847656e-08,1.862645149230957e-09,1.220703125e-08,INT8,Marginal,0.06218700008994391,1.0,,,0.0754924608966497
inference,features.6.conv.3,BatchNorm2d,batchnorm,weight,32,0.559572696685791,0.7845189571380615,0.559572696685791,0.0006611943244934082,0.0,FP16,Sufficient,0.00019886348645352514,0.0003923801339412864,0.0,0.0,
inference,features.6.conv.3,BatchNorm2d,batchnorm,weight,32,0.559572696685791,0.7845189571380615,0.559572696685791,0.0006611943244934082,0.0,FP8_E4M3,Marginal,0.027985984402586497,0.04938045505684658,0.0,0.0,
inference,features.6.conv.3,BatchNorm2d,batchnorm,weight,32,0.559572696685791,0.7845189571380615,0.559572696685791,0.0006611943244934082,0.0,FP8_E5M2,Marginal,0.047290753763203505,0.10646104972352151,0.0,0.0,
inference,features.6.conv.3,BatchNorm2d,batchnorm,weight,32,0.559572696685791,0.7845189571380615,0.559572696685791,0.0006611943244934082,0.0,INT16,Sufficient,9.672330136243599e-06,1.908537617066854e-05,,,2.3942349227517366e-05
inference,features.6.conv.3,BatchNorm2d,batchnorm,weight,32,0.559572696685791,0.7845189571380615,0.559572696685791,0.0006611943244934082,0.0,INT8,Sufficient,0.0021961446276191066,0.0045801627467062095,,,0.0061773146231343425
inference,features.6.conv.3,BatchNorm2d,batchnorm,bias,32,-2.9052553145447746e-05,2.1482037482201122e-05,5.607542163943435e-08,1.4416514204640407e-08,0.0,FP16,Sufficient,0.019249317938697802,0.31088227620412706,0.0,0.0,
inference,features.6.conv.3,BatchNorm2d,batchnorm,bias,32,-2.9052553145447746e-05,2.1482037482201122e-05,5.607542163943435e-08,1.4416514204640407e-08,0.0,FP8_E4M3,Not sufficient,1.0,1.0,0.0,1.0,
inference,features.6.conv.3,BatchNorm2d,batchnorm,bias,32,-2.9052553145447746e-05,2.1482037482201122e-05,5.607542163943435e-08,1.4416514204640407e-08,0.0,FP8_E5M2,Not sufficient,0.6947919604868966,1.0,0.0,0.53125,
inference,features.6.conv.3,BatchNorm2d,batchnorm,bias,32,-2.9052553145447746e-05,2.1482037482201122e-05,5.607542163943435e-08,1.4416514204640407e-08,0.0,INT16,Sufficient,0.0005021668949000255,0.006232111919833067,,,8.866406184712591e-10
inference,features.6.conv.3,BatchNorm2d,batchnorm,bias,32,-2.9052553145447746e-05,2.1482037482201122e-05,5.607542163943435e-08,1.4416514204640407e-08,0.0,INT8,Not sufficient,0.10655307542837149,1.0,,,2.2876026098777754e-07
inference,features.6.conv.3,BatchNorm2d,batchnorm,input,81920000,-15.778271675109863,13.283799171447754,1.4901161193847656e-08,1.862645149230957e-09,1.220703125e-08,FP16,Sufficient,0.00017569177327753427,0.002197802197802198,0.0,0.0,
inference,features.6.conv.3,BatchNorm2d,batchnorm,input,81920000,-15.778271675109863,13.283799171447754,1.4901161193847656e-08,1.862645149230957e-09,1.220703125e-08,FP8_E4M3,Marginal,0.023709161595675106,1.0,0.0,0.00055,
inference,features.6.conv.3,BatchNorm2d,batchnorm,input,81920000,-15.778271675109863,13.283799171447754,1.4901161193847656e-08,1.862645149230957e-09,1.220703125e-08,FP8_E5M2,Marginal,0.045033014666297666,1.0,0.0,5e-05,
inference,features.6.conv.3,BatchNorm2d,batchnorm,input,81920000,-15.778271675109863,13.283799171447754,1.4901161193847656e-08,1.862645149230957e-09,1.220703125e-08,INT16,Sufficient,0.0004240585191202916,1.0,,,0.0002925975076715754
inference,features.6.conv.3,BatchNorm2d,batchnorm,input,81920000,-15.778271675109863,13.283799171447754,1.4901161193847656e-08,1.862645149230957e-09,1.220703125e-08,INT8,Marginal,0.06218700008994391,1.0,,,0.0754924608966497
inference,features.6.conv.3,BatchNorm2d,batchnorm,activation,81920000,-6.395323276519775,6.816966533660889,2.378667041114113e-08,2.3283064365386963e-10,0.0,FP16,Sufficient,0.00017731589706598548,0.0005363901697057913,0.0,0.0,
inference,features.6.conv.3,BatchNorm2d,batchnorm,activation,81920000,-6.395323276519775,6.816966533660889,2.378667041114113e-08,2.3283064365386963e-10,0.0,FP8_E4M3,Marginal,0.025197027502013844,1.0,0.0,0.0013,
inference,features.6.conv.3,BatchNorm2d,batchnorm,activation,81920000,-6.395323276519775,6.816966533660889,2.378667041114113e-08,2.3283064365386963e-10,0.0,FP8_E5M2,Marginal,0.044791619583161926,0.11108438532559406,0.0,0.0,
inference,features.6.conv.3,BatchNorm2d,batchnorm,activation,81920000,-6.395323276519775,6.816966533660889,2.378667041114113e-08,2.3283064365386963e-10,0.0,INT16,Sufficient,0.0006119966448611097,1.0,,,0.000148786508768163
inference,features.6.conv.3,BatchNorm2d,batchnorm,activation,81920000,-6.395323276519775,6.816966533660889,2.378667041114113e-08,2.3283064365386963e-10,0.0,INT8,Marginal,0.07086193108688307,1.0,,,0.03838809080949918
inference,features.7.conv.0.0,Conv2d,conv,weight,6144,-0.34655117988586426,0.35050147771835327,1.628946847631596e-05,1.4901161193847656e-08,0.0,FP16,Sufficient,0.00017606637347186596,0.0010682026033948877,0.0,0.0,
inference,features.7.conv.0.0,Conv2d,conv,weight,6144,-0.34655117988586426,0.35050147771835327,1.628946847631596e-05,1.4901161193847656e-08,0.0,FP8_E4M3,Marginal,0.039325005869366485,1.0,0.0,0.007975260416666666,
inference,features.7.conv.0.0,Conv2d,conv,weight,6144,-0.34655117988586426,0.35050147771835327,1.628946847631596e-05,1.4901161193847656e-08,0.0,FP8_E5M2,Marginal,0.04519770171379636,0.14905292191417135,0.0,0.0,
inference,features.7.conv.0.0,Conv2d,conv,weight,6144,-0.34655117988586426,0.35050147771835327,1.628946847631596e-05,1.4901161193847656e-08,0.0,INT16,Sufficient,0.00027522917458993245,0.3133372257850092,,,1.0696782669098582e-05
inference,features.7.conv.0.0,Conv2d,conv,weight,6144,-0.34655117988586426,0.35050147771835327,1.628946847631596e-05,1.4901161193847656e-08,0.0,INT8,Marginal,0.03690549544898806,1.0,,,0.0027598541552626243
inference,features.7.conv.0.0,Conv2d,conv,input,81920000,-16.851932525634766,13.399628639221191,2.9802322387695312e-08,9.313225746154785e-10,1.220703125e-08,FP16,Sufficient,0.00017677773901870832,0.0004876856687733782,0.0,0.0,
inference,features.7.conv.0.0,Conv2d,conv,input,81920000,-16.851932525634766,13.399628639221191,2.9802322387695312e-08,9.313225746154785e-10,1.220703125e-08,FP8_E4M3,Marginal,0.02376795891571778,1.0,0.0,0.0005,
inference,features.7.conv.0.0,Conv2d,conv,input,81920000,-16.851932525634766,13.399628639221191,2.9802322387695312e-08,9.313225746154785e-10,1.220703125e-08,FP8_E5M2,Marginal,0.045180028630371245,0.1689497716894977,0.0,0.0,
inference,features.7.conv.0.0,Conv2d,conv,input,81920000,-16.851932525634766,13.399628639221191,2.9802322387695312e-08,9.313225746154785e-10,1.220703125e-08,INT16,Sufficient,0.0005629388733109542,1.0,,,0.00033751080353186476
inference,features.7.conv.0.0,Conv2d,conv,input,81920000,-16.851932525634766,13.399628639221191,2.9802322387695312e-08,9.313225746154785e-10,1.220703125e-08,INT8,Marginal,0.0751292249007874,1.0,,,0.08708044487660326
inference,features.7.conv.0.0,Conv2d,conv,activation,491520000,-13.159499168395996,13.00183391571045,3.725290298461914e-09,9.313225746154785e-10,6.103515625e-09,FP16,Sufficient,0.00017631599639535373,0.0006230529595015577,0.0,0.0,
inference,features.7.conv.0.0,Conv2d,conv,activation,491520000,-13.159499168395996,13.00183391571045,3.725290298461914e-09,9.313225746154785e-10,6.103515625e-09,FP8_E4M3,Marginal,0.024352474157111333,1.0,0.0,0.0009,
inference,features.7.conv.0.0,Conv2d,conv,activation,491520000,-13.159499168395996,13.00183391571045,3.725290298461914e-09,9.313225746154785e-10,6.103515625e-09,FP8_E5M2,Marginal,0.04525085982982168,0.27601246105919003,0.0,0.0,
inference,features.7.conv.0.0,Conv2d,conv,activation,491520000,-13.159499168395996,13.00183391571045,3.725290298461914e-09,9.313225746154785e-10,6.103515625e-09,INT16,Sufficient,0.0005713441898974348,1.0,,,0.0002463834637248324
inference,features.7.conv.0.0,Conv2d,conv,activation,491520000,-13.159499168395996,13.00183391571045,3.725290298461914e-09,9.313225746154785e-10,6.103515625e-09,INT8,Marginal,0.07060018586025672,1.0,,,0.06356887366828018
inference,features.7.conv.0.1,BatchNorm2d,batchnorm,weight,192,0.7149942517280579,0.755200207233429,0.7149942517280579,5.960464477539063e-08,0.0,FP16,Sufficient,0.0001582077398099373,0.0003227811982942924,0.0,0.0,
inference,features.7.conv.0.1,BatchNorm2d,batchnorm,weight,192,0.7149942517280579,0.755200207233429,0.7149942517280579,5.960464477539063e-08,0.0,FP8_E4M3,Sufficient,0.004168357096701621,0.03845380807133408,0.0,0.0,
inference,features.7.conv.0.1,BatchNorm2d,batchnorm,weight,192,0.7149942517280579,0.755200207233429,0.7149942517280579,5.960464477539063e-08,0.0,FP8_E5M2,Sufficient,0.0042230741489550855,0.04895948210399919,0.0,0.0,
inference,features.7.conv.0.1,BatchNorm2d,batchnorm,weight,192,0.7149942517280579,0.755200207233429,0.7149942517280579,5.960464477539063e-08,0.0,INT16,Sufficient,8.042461523297632e-06,1.5423496827412233e-05,,,2.3047584680728445e-05
inference,features.7.conv.0.1,BatchNorm2d,batchnorm,weight,192,0.7149942517280579,0.755200207233429,0.7149942517280579,5.960464477539063e-08,0.0,INT8,Sufficient,0.0021222481581571074,0.003978168129388908,,,0.005946458324672669
inference,features.7.conv.0.1,BatchNorm2d,batchnorm,bias,192,-0.06417376548051834,0.22431878745555878,0.0003162373905070126,1.601874828338623e-06,0.0,FP16,Sufficient,0.00017349421983245023,0.0004617095248428574,0.0,0.0,
inference,features.7.conv.0.1,BatchNorm2d,batchnorm,bias,192,-0.06417376548051834,0.22431878745555878,0.0003162373905070126,1.601874828338623e-06,0.0,FP8_E4M3,Not sufficient,0.05508216301878897,1.0,0.0,0.015625,
inference,features.7.conv.0.1,BatchNorm2d,batchnorm,bias,192,-0.06417376548051834,0.22431878745555878,0.0003162373905070126,1.601874828338623e-06,0.0,FP8_E5M2,Marginal,0.04513606378458463,0.10968401061466726,0.0,0.0,
inference,features.7.conv.0.1,BatchNorm2d,batchnorm,bias,192,-0.06417376548051834,0.22431878745555878,0.0003162373905070126,1.601874828338623e-06,0.0,INT16,Sufficient,0.00017237309328218823,0.004196653143949855,,,6.8458750406066705e-06
inference,features.7.conv.0.1,BatchNorm2d,batchnorm,bias,192,-0.06417376548051834,0.22431878745555878,0.0003162373905070126,1.601874828338623e-06,0.0,INT8,Marginal,0.049410127578876556,1.0,,,0.0017662896650043997
inference,features.7.conv.0.1,BatchNorm2d,batchnorm,input,491520000,-13.159499168395996,13.00183391571045,3.725290298461914e-09,9.313225746154785e-10,6.103515625e-09,FP16,Sufficient,0.00017631599639535373,0.0006230529595015577,0.0,0.0,
inference,features.7.conv.0.1,BatchNorm2d,batchnorm,input,491520000,-13.159499168395996,13.00183391571045,3.725290298461914e-09,9.313225746154785e-10,6.103515625e-09,FP8_E4M3,Marginal,0.024352474157111333,1.0,0.0,0.0009,
inference,features.7.conv.0.1,BatchNorm2d,batchnorm,input,491520000,-13.159499168395996,13.00183391571045,3.725290298461914e-09,9.313225746154785e-10,6.103515625e-09,FP8_E5M2,Marginal,0.04525085982982168,0.27601246105919003,0.0,0.0,
inference,features.7.conv.0.1,BatchNorm2d,batchnorm,input,491520000,-13.159499168395996,13.00183391571045,3.725290298461914e-09,9.313225746154785e-10,6.103515625e-09,INT16,Sufficient,0.0005713441898974348,1.0,,,0.0002463834637248324
inference,features.7.conv.0.1,BatchNorm2d,batchnorm,input,491520000,-13.159499168395996,13.00183391571045,3.725290298461914e-09,9.313225746154785e-10,6.103515625e-09,INT8,Marginal,0.07060018586025672,1.0,,,0.06356887366828018
inference,features.7.conv.0.1,BatchNorm2d,batchnorm,activation,491520000,-7.656090259552002,7.735302448272705,3.599260889330935e-10,1.1641532182693481e-10,0.0,FP16,Sufficient,0.00017657156120219898,0.0004803618544686835,0.0,0.0,
inference,features.7.conv.0.1,BatchNorm2d,batchnorm,activation,491520000,-7.656090259552002,7.735302448272705,3.599260889330935e-10,1.1641532182693481e-10,0.0,FP8_E4M3,Marginal,0.02511652602117102,1.0,0.0,0.00115,
inference,features.7.conv.0.1,BatchNorm2d,batchnorm,activation,491520000,-7.656090259552002,7.735302448272705,3.599260889330935e-10,1.1641532182693481e-10,0.0,FP8_E5M2,Marginal,0.045018205115069154,0.11105007176362174,0.0,0.0,
inference,features.7.conv.0.1,BatchNorm2d,batchnorm,activation,491520000,-7.656090259552002,7.735302448272705,3.599260889330935e-10,1.1641532182693481e-10,0.0,INT16,Sufficient,0.00040284886910414,1.0,,,0.00013866611412840686
inference,features.7.conv.0.1,BatchNorm2d,batchnorm,activation,491520000,-7.656090259552002,7.735302448272705,3.599260889330935e-10,1.1641532182693481e-10,0.0,INT8,Marginal,0.058126615400367086,1.0,,,0.035776949304295334
inference,features.7.conv.1.0,Conv2d,conv,weight,1728,-0.3134427070617676,0.3024137616157532,2.383487526458339e-06,3.3527612686157227e-08,0.0,FP16,Sufficient,0.00018010404331501173,0.0004716253045170193,0.0,0.0,
inference,features.7.conv.1.0,Conv2d,conv,weight,1728,-0.3134427070617676,0.3024137616157532,2.383487526458339e-06,3.3527612686157227e-08,0.0,FP8_E4M3,Marginal,0.033450188958309084,1.0,0.0,0.004050925925925926,
inference,features.7.conv.1.0,Conv2d,conv,weight,1728,-0.3134427070617676,0.3024137616157532,2.383487526458339e-06,3.3527612686157227e-08,0.0,FP8_E5M2,Marginal,0.04470109066804508,1.0,0.0,0.0005787037037037037,
inference,features.7.conv.1.0,Conv2d,conv,weight,1728,-0.3134427070617676,0.3024137616157532,2.383487526458339e-06,3.3527612686157227e-08,0.0,INT16,Sufficient,0.0006676743485370313,1.0,,,9.565804225646765e-06
inference,features.7.conv.1.0,Conv2d,conv,weight,1728,-0.3134427070617676,0.3024137616157532,2.383487526458339e-06,3.3527612686157227e-08,0.0,INT8,Marginal,0.023929415774062126,1.0,,,0.002468052811509981
inference,features.7.conv.1.0,Conv2d,conv,input,491520000,0.0,6.0,1.1042276426564968e-08,2.3283064365386963e-10,0.48447422688802083,FP16,Sufficient,9.056886575891445e-05,0.0004803618544686835,0.0,0.0,
inference,features.7.conv.1.0,Conv2d,conv,input,491520000,0.0,6.0,1.1042276426564968e-08,2.3283064365386963e-10,0.48447422688802083,FP8_E4M3,Sufficient,0.012785688921354546,1.0,0.0,0.0005775339301183945,
inference,features.7.conv.1.0,Conv2d,conv,input,491520000,0.0,6.0,1.1042276426564968e-08,2.3283064365386963e-10,0.48447422688802083,FP8_E5M2,Marginal,0.023320903792904607,0.1110051346648002,0.0,0.0,
inference,features.7.conv.1.0,Conv2d,conv,input,491520000,0.0,6.0,1.1042276426564968e-08,2.3283064365386963e-10,0.48447422688802083,INT16,Sufficient,0.00011896498864298144,0.1384231071760829,,,0.00010372076239152071
inference,features.7.conv.1.0,Conv2d,conv,input,491520000,0.0,6.0,1.1042276426564968e-08,2.3283064365386963e-10,0.48447422688802083,INT8,Marginal,0.02342674085728069,1.0,,,0.026760773395928812
inference,features.7.conv.1.0,Conv2d,conv,activation,122880000,-2.846360683441162,3.8318288326263428,5.007835725961973e-12,7.275957614183426e-12,0.1180875244140625,FP16,Sufficient,0.000160937812868357,0.11613311943071579,0.0,0.0,
inference,features.7.conv.1.0,Conv2d,conv,activation,122880000,-2.846360683441162,3.8318288326263428,5.007835725961973e-12,7.275957614183426e-12,0.1180875244140625,FP8_E4M3,Not sufficient,0.040521237324157335,1.0,0.0,0.01364877161055505,
inference,features.7.conv.1.0,Conv2d,conv,activation,122880000,-2.846360683441162,3.8318288326263428,5.007835725961973e-12,7.275957614183426e-12,0.1180875244140625,FP8_E5M2,Marginal,0.039356586793247814,1.0,0.0,0.00017060964513193814,
inference,features.7.conv.1.0,Conv2d,conv,activation,122880000,-2.846360683441162,3.8318288326263428,5.007835725961973e-12,7.275957614183426e-12,0.1180875244140625,INT16,Sufficient,0.0015043662116273565,1.0,,,5.747564188142602e-05
inference,features.7.conv.1.0,Conv2d,conv,activation,122880000,-2.846360683441162,3.8318288326263428,5.007835725961973e-12,7.275957614183426e-12,0.1180875244140625,INT8,Not sufficient,0.11950230661844266,1.0,,,0.014829168169517216
inference,features.7.conv.1.1,BatchNorm2d,batchnorm,weight,192,0.6308861374855042,0.8785266876220703,0.6308861374855042,2.9802322387695312e-06,0.0,FP16,Sufficient,0.00017015851230320304,0.00036095621013908246,0.0,0.0,
inference,features.7.conv.1.1,BatchNorm2d,batchnorm,weight,192,0.6308861374855042,0.8785266876220703,0.6308861374855042,2.9802322387695312e-06,0.0,FP8_E4M3,Marginal,0.02066182414809666,0.04663624730854506,0.0,0.0,
inference,features.7.conv.1.1,BatchNorm2d,batchnorm,weight,192,0.6308861374855042,0.8785266876220703,0.6308861374855042,2.9802322387695312e-06,0.0,FP8_E5M2,Marginal,0.03914208034680463,0.09019680689579646,0.0,0.0,
inference,features.7.conv.1.1,BatchNorm2d,batchnorm,weight,192,0.6308861374855042,0.8785266876220703,0.6308861374855042,2.9802322387695312e-06,0.0,INT16,Sufficient,9.006879163422923e-06,1.9993501513579644e-05,,,2.681132504111058e-05
inference,features.7.conv.1.1,BatchNorm2d,batchnorm,weight,192,0.6308861374855042,0.8785266876220703,0.6308861374855042,2.9802322387695312e-06,0.0,INT8,Sufficient,0.0021495657743346446,0.004654187303590277,,,0.0069175329734021285
inference,features.7.conv.1.1,BatchNorm2d,batchnorm,bias,192,-0.0953909382224083,0.1348516345024109,3.842693331534974e-05,9.164214134216309e-07,0.0,FP16,Sufficient,0.00018415555014781468,0.00047004960372404254,0.0,0.0,
inference,features.7.conv.1.1,BatchNorm2d,batchnorm,bias,192,-0.0953909382224083,0.1348516345024109,3.842693331534974e-05,9.164214134216309e-07,0.0,FP8_E4M3,Not sufficient,0.05710398015870172,1.0,0.0,0.020833333333333332,
inference,features.7.conv.1.1,BatchNorm2d,batchnorm,bias,192,-0.0953909382224083,0.1348516345024109,3.842693331534974e-05,9.164214134216309e-07,0.0,FP8_E5M2,Marginal,0.04755975715913229,0.19125736138862026,0.0,0.0,
inference,features.7.conv.1.1,BatchNorm2d,batchnorm,bias,192,-0.0953909382224083,0.1348516345024109,3.842693331534974e-05,9.164214134216309e-07,0.0,INT16,Sufficient,0.0002738999300133824,0.03611257071236531,,,4.1154708854155365e-06
inference,features.7.conv.1.1,BatchNorm2d,batchnorm,bias,192,-0.0953909382224083,0.1348516345024109,3.842693331534974e-05,9.164214134216309e-07,0.0,INT8,Marginal,0.028087336107125067,1.0,,,0.0010618238937197709
inference,features.7.conv.1.1,BatchNorm2d,batchnorm,input,122880000,-2.846360683441162,3.8318288326263428,5.007835725961973e-12,7.275957614183426e-12,0.1180875244140625,FP16,Sufficient,0.000160937812868357,0.11613311943071579,0.0,0.0,
inference,features.7.conv.1.1,BatchNorm2d,batchnorm,input,122880000,-2.846360683441162,3.8318288326263428,5.007835725961973e-12,7.275957614183426e-12,0.1180875244140625,FP8_E4M3,Not sufficient,0.040521237324157335,1.0,0.0,0.01364877161055505,
inference,features.7.conv.1.1,BatchNorm2d,batchnorm,input,122880000,-2.846360683441162,3.8318288326263428,5.007835725961973e-12,7.275957614183426e-12,0.1180875244140625,FP8_E5M2,Marginal,0.039356586793247814,1.0,0.0,0.00017060964513193814,
inference,features.7.conv.1.1,BatchNorm2d,batchnorm,input,122880000,-2.846360683441162,3.8318288326263428,5.007835725961973e-12,7.275957614183426e-12,0.1180875244140625,INT16,Sufficient,0.0015043662116273565,1.0,,,5.747564188142602e-05
inference,features.7.conv.1.1,BatchNorm2d,batchnorm,input,122880000,-2.846360683441162,3.8318288326263428,5.007835725961973e-12,7.275957614183426e-12,0.1180875244140625,INT8,Not sufficient,0.11950230661844266,1.0,,,0.014829168169517216
inference,features.7.conv.1.1,BatchNorm2d,batchnorm,activation,122880000,-9.415369033813477,11.792149543762207,8.310288457380466e-09,2.3283064365386963e-10,0.0,FP16,Sufficient,0.0001766893298877698,0.00048602427745321377,0.0,0.0,
inference,features.7.conv.1.1,BatchNorm2d,batchnorm,activation,122880000,-9.415369033813477,11.792149543762207,8.310288457380466e-09,2.3283064365386963e-10,0.0,FP8_E4M3,Marginal,0.024087601234790142,1.0,0.0,0.00075,
inference,features.7.conv.1.1,BatchNorm2d,batchnorm,activation,122880000,-9.415369033813477,11.792149543762207,8.310288457380466e-09,2.3283064365386963e-10,0.0,FP8_E5M2,Marginal,0.04504984709773062,0.11110828540045017,0.0,0.0,
inference,features.7.conv.1.1,BatchNorm2d,batchnorm,activation,122880000,-9.415369033813477,11.792149543762207,8.310288457380466e-09,2.3283064365386963e-10,0.0,INT16,Sufficient,0.0005292745128225117,1.0,,,0.00020167462851314536
inference,features.7.conv.1.1,BatchNorm2d,batchnorm,activation,122880000,-9.415369033813477,11.792149543762207,8.310288457380466e-09,2.3283064365386963e-10,0.0,INT8,Marginal,0.0817715775331499,1.0,,,0.0520336421455924
inference,features.7.conv.2,Conv2d,conv,weight,12288,-0.5315304398536682,0.5388720035552979,3.874058620567666e-06,4.889443516731262e-09,0.0,FP16,Sufficient,0.00017689522280794575,0.0006858784154640409,0.0,0.0,
inference,features.7.conv.2,Conv2d,conv,weight,12288,-0.5315304398536682,0.5388720035552979,3.874058620567666e-06,4.889443516731262e-09,0.0,FP8_E4M3,Marginal,0.035966553527720775,1.0,0.0,0.006184895833333333,
inference,features.7.conv.2,Conv2d,conv,weight,12288,-0.5315304398536682,0.5388720035552979,3.874058620567666e-06,4.889443516731262e-09,0.0,FP8_E5M2,Marginal,0.04513243287995184,1.0,0.0,8.138020833333333e-05,
inference,features.7.conv.2,Conv2d,conv,weight,12288,-0.5315304398536682,0.5388720035552979,3.874058620567666e-06,4.889443516731262e-09,0.0,INT16,Sufficient,0.00038184740221729603,1.0,,,1.644557034685195e-05
inference,features.7.conv.2,Conv2d,conv,weight,12288,-0.5315304398536682,0.5388720035552979,3.874058620567666e-06,4.889443516731262e-09,0.0,INT8,Marginal,0.04182850929357829,1.0,,,0.004243086642167699
inference,features.7.conv.2,Conv2d,conv,input,122880000,0.0,6.0,1.820412620645584e-08,2.3283064365386963e-10,0.49877271321614586,FP16,Sufficient,8.898380945336417e-05,0.00048602427745321377,0.0,0.0,
inference,features.7.conv.2,Conv2d,conv,input,122880000,0.0,6.0,1.820412620645584e-08,2.3283064365386963e-10,0.49877271321614586,FP8_E4M3,Sufficient,0.012254300174159332,1.0,0.0,0.001094854185328954,
inference,features.7.conv.2,Conv2d,conv,input,122880000,0.0,6.0,1.820412620645584e-08,2.3283064365386963e-10,0.49877271321614586,FP8_E5M2,Marginal,0.022759549751891393,0.11110828540045017,0.0,0.0,
inference,features.7.conv.2,Conv2d,conv,input,122880000,0.0,6.0,1.820412620645584e-08,2.3283064365386963e-10,0.49877271321614586,INT16,Sufficient,0.0003168141972363508,1.0,,,0.00018311105685598315
inference,features.7.conv.2,Conv2d,conv,input,122880000,0.0,6.0,1.820412620645584e-08,2.3283064365386963e-10,0.49877271321614586,INT8,Marginal,0.03729756683119308,1.0,,,0.047244094488188976
inference,features.7.conv.2,Conv2d,conv,activation,40960000,-11.70180892944336,10.879775047302246,2.9802322387695312e-08,9.313225746154785e-10,0.0,FP16,Sufficient,0.00017592890494869966,0.000664451827242525,0.0,0.0,
inference,features.7.conv.2,Conv2d,conv,activation,40960000,-11.70180892944336,10.879775047302246,2.9802322387695312e-08,9.313225746154785e-10,0.0,FP8_E4M3,Marginal,0.023767818057084885,1.0,0.0,0.0005,
inference,features.7.conv.2,Conv2d,conv,activation,40960000,-11.70180892944336,10.879775047302246,2.9802322387695312e-08,9.313225746154785e-10,0.0,FP8_E5M2,Marginal,0.04486477263722977,0.3196013289036545,0.0,0.0,
inference,features.7.conv.2,Conv2d,conv,activation,40960000,-11.70180892944336,10.879775047302246,2.9802322387695312e-08,9.313225746154785e-10,0.0,INT16,Sufficient,0.00048806303383078654,1.0,,,0.00025583539573871306
inference,features.7.conv.2,Conv2d,conv,activation,40960000,-11.70180892944336,10.879775047302246,2.9802322387695312e-08,9.313225746154785e-10,0.0,INT8,Marginal,0.059563935564692395,1.0,,,0.06600754655252292
inference,features.7.conv.3,BatchNorm2d,batchnorm,weight,64,0.6564173698425293,1.0519688129425049,0.6564173698425293,1.043081283569336e-05,0.0,FP16,Sufficient,0.000140647555083985,0.0002778528445660738,0.0,0.0,
inference,features.7.conv.3,BatchNorm2d,batchnorm,weight,64,0.6564173698425293,1.0519688129425049,0.6564173698425293,1.043081283569336e-05,0.0,FP8_E4M3,Sufficient,0.017433837759048873,0.04940147683384339,0.0,0.0,
inference,features.7.conv.3,BatchNorm2d,batchnorm,weight,64,0.6564173698425293,1.0519688129425049,0.6564173698425293,1.043081283569336e-05,0.0,FP8_E5M2,Marginal,0.030618247190530717,0.0686944011067782,0.0,0.0,
inference,features.7.conv.3,BatchNorm2d,batchnorm,weight,64,0.6564173698425293,1.0519688129425049,0.6564173698425293,1.043081283569336e-05,0.0,INT16,Sufficient,7.951070793859767e-06,1.824443124496504e-05,,,3.2104520186239355e-05
inference,features.7.conv.3,BatchNorm2d,batchnorm,weight,64,0.6564173698425293,1.0519688129425049,0.6564173698425293,1.043081283569336e-05,0.0,INT8,Sufficient,0.0021907282472722694,0.005369573186884073,,,0.008283218999547282
inference,features.7.conv.3,BatchNorm2d,batchnorm,bias,64,-2.294974729011301e-05,2.229980418633204e-05,1.4374278123341355e-07,4.0985980831464985e-08,0.0,FP16,Sufficient,0.009743949900742344,0.17067633916721098,0.0,0.0,
inference,features.7.conv.3,BatchNorm2d,batchnorm,bias,64,-2.294974729011301e-05,2.229980418633204e-05,1.4374278123341355e-07,4.0985980831464985e-08,0.0,FP8_E4M3,Not sufficient,1.0,1.0,0.0,1.0,
inference,features.7.conv.3,BatchNorm2d,batchnorm,bias,64,-2.294974729011301e-05,2.229980418633204e-05,1.4374278123341355e-07,4.0985980831464985e-08,0.0,FP8_E5M2,Not sufficient,0.7281645601648326,1.0,0.0,0.578125,
inference,features.7.conv.3,BatchNorm2d,batchnorm,bias,64,-2.294974729011301e-05,2.229980418633204e-05,1.4374278123341355e-07,4.0985980831464985e-08,0.0,INT16,Sufficient,8.1023304920486e-05,0.0011298292845302487,,,7.003920801450548e-10
inference,features.7.conv.3,BatchNorm2d,batchnorm,bias,64,-2.294974729011301e-05,2.229980418633204e-05,1.4374278123341355e-07,4.0985980831464985e-08,0.0,INT8,Marginal,0.021715535128531104,0.2571530203124179,,,1.8070667157569299e-07
inference,features.7.conv.3,BatchNorm2d,batchnorm,input,40960000,-11.70180892944336,10.879775047302246,2.9802322387695312e-08,9.313225746154785e-10,0.0,FP16,Sufficient,0.00017592890494869966,0.000664451827242525,0.0,0.0,
inference,features.7.conv.3,BatchNorm2d,batchnorm,input,40960000,-11.70180892944336,10.879775047302246,2.9802322387695312e-08,9.313225746154785e-10,0.0,FP8_E4M3,Marginal,0.023767818057084885,1.0,0.0,0.0005,
inference,features.7.conv.3,BatchNorm2d,batchnorm,input,40960000,-11.70180892944336,10.879775047302246,2.9802322387695312e-08,9.313225746154785e-10,0.0,FP8_E5M2,Marginal,0.04486477263722977,0.3196013289036545,0.0,0.0,
inference,features.7.conv.3,BatchNorm2d,batchnorm,input,40960000,-11.70180892944336,10.879775047302246,2.9802322387695312e-08,9.313225746154785e-10,0.0,INT16,Sufficient,0.00048806303383078654,1.0,,,0.00025583539573871306
inference,features.7.conv.3,BatchNorm2d,batchnorm,input,40960000,-11.70180892944336,10.879775047302246,2.9802322387695312e-08,9.313225746154785e-10,0.0,INT8,Marginal,0.059563935564692395,1.0,,,0.06600754655252292
inference,features.7.conv.3,BatchNorm2d,batchnorm,activation,40960000,-7.08397912979126,7.7097487449646,2.445803026773774e-08,9.094947017729282e-11,0.0,FP16,Sufficient,0.000174918119555407,0.00048483682051117554,0.0,0.0,
inference,features.7.conv.3,BatchNorm2d,batchnorm,activation,40960000,-7.08397912979126,7.7097487449646,2.445803026773774e-08,9.094947017729282e-11,0.0,FP8_E4M3,Marginal,0.02438349469818039,1.0,0.0,0.0008,
inference,features.7.conv.3,BatchNorm2d,batchnorm,activation,40960000,-7.08397912979126,7.7097487449646,2.445803026773774e-08,9.094947017729282e-11,0.0,FP8_E5M2,Marginal,0.044918165795307115,0.11110338745941285,0.0,0.0,
inference,features.7.conv.3,BatchNorm2d,batchnorm,activation,40960000,-7.08397912979126,7.7097487449646,2.445803026773774e-08,9.094947017729282e-11,0.0,INT16,Sufficient,0.0003379938626555409,0.2575186022765853,,,0.00015332375977929723
inference,features.7.conv.3,BatchNorm2d,batchnorm,activation,40960000,-7.08397912979126,7.7097487449646,2.445803026773774e-08,9.094947017729282e-11,0.0,INT8,Marginal,0.05622466482434635,1.0,,,0.03955873729675773
inference,features.8.conv.0.0,Conv2d,conv,weight,24576,-0.27395275235176086,0.2552393674850464,2.9159136261114327e-07,9.313225746154785e-10,0.0,FP16,Sufficient,0.00017570638896099888,0.0029271333014279513,0.0,0.0,
inference,features.8.conv.0.0,Conv2d,conv,weight,24576,-0.27395275235176086,0.2552393674850464,2.9159136261114327e-07,9.313225746154785e-10,0.0,FP8_E4M3,Not sufficient,0.04756837946095048,1.0,0.0,0.01215,
inference,features.8.conv.0.0,Conv2d,conv,weight,24576,-0.27395275235176086,0.2552393674850464,2.9159136261114327e-07,9.313225746154785e-10,0.0,FP8_E5M2,Marginal,0.044831431165675756,1.0,0.0,0.0001,
inference,features.8.conv.0.0,Conv2d,conv,weight,24576,-0.27395275235176086,0.2552393674850464,2.9159136261114327e-07,9.313225746154785e-10,0.0,INT16,Sufficient,0.0002696666702782332,0.6502471860734429,,,8.360629668622726e-06
inference,features.8.conv.0.0,Conv2d,conv,weight,24576,-0.27395275235176086,0.2552393674850464,2.9159136261114327e-07,9.313225746154785e-10,0.0,INT8,Marginal,0.041840485290305374,1.0,,,0.0021571082862343375
inference,features.8.conv.0.0,Conv2d,conv,input,40960000,-7.08397912979126,7.7097487449646,2.445803026773774e-08,9.094947017729282e-11,0.0,FP16,Sufficient,0.000174918119555407,0.00048483682051117554,0.0,0.0,
inference,features.8.conv.0.0,Conv2d,conv,input,40960000,-7.08397912979126,7.7097487449646,2.445803026773774e-08,9.094947017729282e-11,0.0,FP8_E4M3,Marginal,0.02438349469818039,1.0,0.0,0.0008,
inference,features.8.conv.0.0,Conv2d,conv,input,40960000,-7.08397912979126,7.7097487449646,2.445803026773774e-08,9.094947017729282e-11,0.0,FP8_E5M2,Marginal,0.044918165795307115,0.11110338745941285,0.0,0.0,
inference,features.8.conv.0.0,Conv2d,conv,input,40960000,-7.08397912979126,7.7097487449646,2.445803026773774e-08,9.094947017729282e-11,0.0,INT16,Sufficient,0.0003379938626555409,0.2575186022765853,,,0.00015332375977929723
inference,features.8.conv.0.0,Conv2d,conv,input,40960000,-7.08397912979126,7.7097487449646,2.445803026773774e-08,9.094947017729282e-11,0.0,INT8,Marginal,0.05622466482434635,1.0,,,0.03955873729675773
inference,features.8.conv.0.0,Conv2d,conv,activation,245760000,-5.953829288482666,5.606348514556885,1.862645149230957e-09,4.656612873077393e-10,0.0,FP16,Sufficient,0.00017711316884492465,0.0005469861065528935,0.0,0.0,
inference,features.8.conv.0.0,Conv2d,conv,activation,245760000,-5.953829288482666,5.606348514556885,1.862645149230957e-09,4.656612873077393e-10,0.0,FP8_E4M3,Marginal,0.02553310461058349,1.0,0.0,0.0016,
inference,features.8.conv.0.0,Conv2d,conv,activation,245760000,-5.953829288482666,5.606348514556885,1.862645149230957e-09,4.656612873077393e-10,0.0,FP8_E5M2,Marginal,0.04515799572955154,1.0,0.0,5e-05,
inference,features.8.conv.0.0,Conv2d,conv,activation,245760000,-5.953829288482666,5.606348514556885,1.862645149230957e-09,4.656612873077393e-10,0.0,INT16,Sufficient,0.00047769916681938474,1.0,,,9.602064339392141e-05
inference,features.8.conv.0.0,Conv2d,conv,activation,245760000,-5.953829288482666,5.606348514556885,1.862645149230957e-09,4.656612873077393e-10,0.0,INT8,Marginal,0.053351723945775885,1.0,,,0.024774082063689945
inference,features.8.conv.0.1,BatchNorm2d,batchnorm,weight,384,0.740700900554657,0.7506340742111206,0.740700900554657,5.960464477539063e-08,0.0,FP16,Sufficient,0.00017590717297686593,0.000324244807699236,0.0,0.0,
inference,features.8.conv.0.1,BatchNorm2d,batchnorm,weight,384,0.740700900554657,0.7506340742111206,0.740700900554657,5.960464477539063e-08,0.0,FP8_E4M3,Sufficient,0.0031611094905119696,0.012554459483415775,0.0,0.0,
inference,features.8.conv.0.1,BatchNorm2d,batchnorm,weight,384,0.740700900554657,0.7506340742111206,0.740700900554657,5.960464477539063e-08,0.0,FP8_E5M2,Sufficient,0.0031611094905119696,0.012554459483415775,0.0,0.0,
inference,features.8.conv.0.1,BatchNorm2d,batchnorm,weight,384,0.740700900554657,0.7506340742111206,0.740700900554657,5.960464477539063e-08,0.0,INT16,Sufficient,7.810063969900572e-06,1.5309919239472548e-05,,,2.2908233106818463e-05
inference,features.8.conv.0.1,BatchNorm2d,batchnorm,weight,384,0.740700900554657,0.7506340742111206,0.740700900554657,5.960464477539063e-08,0.0,INT8,Sufficient,0.0035099416779235046,0.0039516163170208885,,,0.005910504521347407
inference,features.8.conv.0.1,BatchNorm2d,batchnorm,bias,384,-0.035792093724012375,0.07405492663383484,4.8587899073027074e-06,3.287568688392639e-07,0.0,FP16,Sufficient,0.00020928538240390124,0.00592554212645649,0.0,0.0,
inference,features.8.conv.0.1,BatchNorm2d,batchnorm,bias,384,-0.035792093724012375,0.07405492663383484,4.8587899073027074e-06,3.287568688392639e-07,0.0,FP8_E4M3,Not sufficient,0.13831906887099596,1.0,0.0,0.06770833333333333,
inference,features.8.conv.0.1,BatchNorm2d,batchnorm,bias,384,-0.035792093724012375,0.07405492663383484,4.8587899073027074e-06,3.287568688392639e-07,0.0,FP8_E5M2,Marginal,0.0482292479457867,1.0,0.0,0.0026041666666666665,
inference,features.8.conv.0.1,BatchNorm2d,batchnorm,bias,384,-0.035792093724012375,0.07405492663383484,4.8587899073027074e-06,3.287568688392639e-07,0.0,INT16,Sufficient,0.0005910233641613409,0.08120169657844792,,,2.2600459802189655e-06
inference,features.8.conv.0.1,BatchNorm2d,batchnorm,bias,384,-0.035792093724012375,0.07405492663383484,4.8587899073027074e-06,3.287568688392639e-07,0.0,INT8,Marginal,0.06013919565473525,1.0,,,0.0005831096585341326
inference,features.8.conv.0.1,BatchNorm2d,batchnorm,input,245760000,-5.953829288482666,5.606348514556885,1.862645149230957e-09,4.656612873077393e-10,0.0,FP16,Sufficient,0.00017711316884492465,0.0005469861065528935,0.0,0.0,
inference,features.8.conv.0.1,BatchNorm2d,batchnorm,input,245760000,-5.953829288482666,5.606348514556885,1.862645149230957e-09,4.656612873077393e-10,0.0,FP8_E4M3,Marginal,0.02553310461058349,1.0,0.0,0.0016,
inference,features.8.conv.0.1,BatchNorm2d,batchnorm,input,245760000,-5.953829288482666,5.606348514556885,1.862645149230957e-09,4.656612873077393e-10,0.0,FP8_E5M2,Marginal,0.04515799572955154,1.0,0.0,5e-05,
inference,features.8.conv.0.1,BatchNorm2d,batchnorm,input,245760000,-5.953829288482666,5.606348514556885,1.862645149230957e-09,4.656612873077393e-10,0.0,INT16,Sufficient,0.00047769916681938474,1.0,,,9.602064339392141e-05
inference,features.8.conv.0.1,BatchNorm2d,batchnorm,input,245760000,-5.953829288482666,5.606348514556885,1.862645149230957e-09,4.656612873077393e-10,0.0,INT8,Marginal,0.053351723945775885,1.0,,,0.024774082063689945
inference,features.8.conv.0.1,BatchNorm2d,batchnorm,activation,245760000,-6.5368475914001465,7.911679744720459,1.0404811234820954e-08,2.3283064365386963e-10,0.0,FP16,Sufficient,0.0001772973617014055,0.0004874480635694173,0.0,0.0,
inference,features.8.conv.0.1,BatchNorm2d,batchnorm,activation,245760000,-6.5368475914001465,7.911679744720459,1.0404811234820954e-08,2.3283064365386963e-10,0.0,FP8_E4M3,Marginal,0.025258667044062627,1.0,0.0,0.0012,
inference,features.8.conv.0.1,BatchNorm2d,batchnorm,activation,245760000,-6.5368475914001465,7.911679744720459,1.0404811234820954e-08,2.3283064365386963e-10,0.0,FP8_E5M2,Marginal,0.044885821733492176,0.11966514988484155,0.0,0.0,
inference,features.8.conv.0.1,BatchNorm2d,batchnorm,activation,245760000,-6.5368475914001465,7.911679744720459,1.0404811234820954e-08,2.3283064365386963e-10,0.0,INT16,Sufficient,0.0004770982339437194,1.0,,,0.00012998113510835472
inference,features.8.conv.0.1,BatchNorm2d,batchnorm,activation,245760000,-6.5368475914001465,7.911679744720459,1.0404811234820954e-08,2.3283064365386963e-10,0.0,INT8,Marginal,0.05548540842833009,1.0,,,0.03353615633146031
inference,features.8.conv.1.0,Conv2d,conv,weight,3456,-0.21589380502700806,0.25228166580200195,9.191576282319147e-06,3.725290298461914e-09,0.0,FP16,Sufficient,0.00017594881987613177,0.0013556964035603728,0.0,0.0,
inference,features.8.conv.1.0,Conv2d,conv,weight,3456,-0.21589380502700806,0.25228166580200195,9.191576282319147e-06,3.725290298461914e-09,0.0,FP8_E4M3,Marginal,0.039256508107452986,1.0,0.0,0.008101851851851851,
inference,features.8.conv.1.0,Conv2d,conv,weight,3456,-0.21589380502700806,0.25228166580200195,9.191576282319147e-06,3.725290298461914e-09,0.0,FP8_E5M2,Marginal,0.045070825974292246,0.6600840371473282,0.0,0.0,
inference,features.8.conv.1.0,Conv2d,conv,weight,3456,-0.21589380502700806,0.25228166580200195,9.191576282319147e-06,3.725290298461914e-09,0.0,INT16,Sufficient,0.00018300835469231056,0.16235690463571548,,,7.699260408398753e-06
inference,features.8.conv.1.0,Conv2d,conv,weight,3456,-0.21589380502700806,0.25228166580200195,9.191576282319147e-06,3.725290298461914e-09,0.0,INT8,Marginal,0.028147358886241328,1.0,,,0.0019864698094645824
inference,features.8.conv.1.0,Conv2d,conv,input,245760000,0.0,6.0,1.215348977012809e-08,4.656612873077393e-10,0.49496888427734376,FP16,Sufficient,8.88356228199898e-05,0.0004811504271071359,0.0,0.0,
inference,features.8.conv.1.0,Conv2d,conv,input,245760000,0.0,6.0,1.215348977012809e-08,4.656612873077393e-10,0.49496888427734376,FP8_E4M3,Sufficient,0.012753885731338165,1.0,0.0,0.001194148671509603,
inference,features.8.conv.1.0,Conv2d,conv,input,245760000,0.0,6.0,1.215348977012809e-08,4.656612873077393e-10,0.49496888427734376,FP8_E5M2,Marginal,0.022412008428410644,0.11110969826206853,0.0,0.0,
inference,features.8.conv.1.0,Conv2d,conv,input,245760000,0.0,6.0,1.215348977012809e-08,4.656612873077393e-10,0.49496888427734376,INT16,Sufficient,0.00027670304035801397,1.0,,,0.00012998113510835472
inference,features.8.conv.1.0,Conv2d,conv,input,245760000,0.0,6.0,1.215348977012809e-08,4.656612873077393e-10,0.49496888427734376,INT8,Marginal,0.028290997890716277,1.0,,,0.03353615633146031
inference,features.8.conv.1.0,Conv2d,conv,activation,245760000,-2.0317721366882324,1.9249610900878906,8.689358260705049e-11,7.275957614183426e-12,0.10384259033203125,FP16,Sufficient,0.00015961488482191594,0.003522642319828633,0.0,0.0,
inference,features.8.conv.1.0,Conv2d,conv,activation,245760000,-2.0317721366882324,1.9249610900878906,8.689358260705049e-11,7.275957614183426e-12,0.10384259033203125,FP8_E4M3,Not sufficient,0.051130618001948853,1.0,0.0,0.02011334592732526,
inference,features.8.conv.1.0,Conv2d,conv,activation,245760000,-2.0317721366882324,1.9249610900878906,8.689358260705049e-11,7.275957614183426e-12,0.10384259033203125,FP8_E5M2,Marginal,0.04065642680487547,1.0,0.0,0.00011112345816201801,
inference,features.8.conv.1.0,Conv2d,conv,activation,245760000,-2.0317721366882324,1.9249610900878906,8.689358260705049e-11,7.275957614183426e-12,0.10384259033203125,INT16,Sufficient,0.0015203501757334544,1.0,,,3.237400077633321e-05
inference,features.8.conv.1.0,Conv2d,conv,activation,245760000,-2.0317721366882324,1.9249610900878906,8.689358260705049e-11,7.275957614183426e-12,0.10384259033203125,INT8,Not sufficient,0.1145790422830263,1.0,,,0.008352747113685909
inference,features.8.conv.1.1,BatchNorm2d,batchnorm,weight,384,0.6705686450004578,0.8288137316703796,0.6705686450004578,5.960464477539063e-08,0.0,FP16,Sufficient,0.00016374181573918973,0.00033973423712943063,0.0,0.0,
inference,features.8.conv.1.1,BatchNorm2d,batchnorm,weight,384,0.6705686450004578,0.8288137316703796,0.6705686450004578,5.960464477539063e-08,0.0,FP8_E4M3,Sufficient,0.01691892433695773,0.04339208034747363,0.0,0.0,
inference,features.8.conv.1.1,BatchNorm2d,batchnorm,weight,384,0.6705686450004578,0.8288137316703796,0.6705686450004578,5.960464477539063e-08,0.0,FP8_E5M2,Marginal,0.020248227678205236,0.08774031863351751,0.0,0.0,
inference,features.8.conv.1.1,BatchNorm2d,batchnorm,weight,384,0.6705686450004578,0.8288137316703796,0.6705686450004578,5.960464477539063e-08,0.0,INT16,Sufficient,8.444367666053348e-06,1.7003300467081754e-05,,,2.5294159723819076e-05
inference,features.8.conv.1.1,BatchNorm2d,batchnorm,weight,384,0.6705686450004578,0.8288137316703796,0.6705686450004578,5.960464477539063e-08,0.0,INT8,Sufficient,0.0021697736463333647,0.004503527596866046,,,0.00652609237535732
inference,features.8.conv.1.1,BatchNorm2d,batchnorm,bias,384,-0.04266269877552986,0.05753447115421295,9.964327546185814e-06,7.35744833946228e-08,0.0,FP16,Sufficient,0.00017950717516087962,0.0010388928552977968,0.0,0.0,
inference,features.8.conv.1.1,BatchNorm2d,batchnorm,bias,384,-0.04266269877552986,0.05753447115421295,9.964327546185814e-06,7.35744833946228e-08,0.0,FP8_E4M3,Not sufficient,0.11263554572763047,1.0,0.0,0.0390625,
inference,features.8.conv.1.1,BatchNorm2d,batchnorm,bias,384,-0.04266269877552986,0.05753447115421295,9.964327546185814e-06,7.35744833946228e-08,0.0,FP8_E5M2,Marginal,0.04794195809977653,0.5313415774194238,0.0,0.0,
inference,features.8.conv.1.1,BatchNorm2d,batchnorm,bias,384,-0.04266269877552986,0.05753447115421295,9.964327546185814e-06,7.35744833946228e-08,0.0,INT16,Sufficient,0.00029008044415068944,0.05729139973230971,,,1.7558663031163352e-06
inference,features.8.conv.1.1,BatchNorm2d,batchnorm,bias,384,-0.04266269877552986,0.05753447115421295,9.964327546185814e-06,7.35744833946228e-08,0.0,INT8,Marginal,0.03478792421595854,1.0,,,0.0004530273319229366
inference,features.8.conv.1.1,BatchNorm2d,batchnorm,input,245760000,-2.0317721366882324,1.9249610900878906,8.689358260705049e-11,7.275957614183426e-12,0.10384259033203125,FP16,Sufficient,0.00015961488482191594,0.003522642319828633,0.0,0.0,
inference,features.8.conv.1.1,BatchNorm2d,batchnorm,input,245760000,-2.0317721366882324,1.9249610900878906,8.689358260705049e-11,7.275957614183426e-12,0.10384259033203125,FP8_E4M3,Not sufficient,0.051130618001948853,1.0,0.0,0.02011334592732526,
inference,features.8.conv.1.1,BatchNorm2d,batchnorm,input,245760000,-2.0317721366882324,1.9249610900878906,8.689358260705049e-11,7.275957614183426e-12,0.10384259033203125,FP8_E5M2,Marginal,0.04065642680487547,1.0,0.0,0.00011112345816201801,
inference,features.8.conv.1.1,BatchNorm2d,batchnorm,input,245760000,-2.0317721366882324,1.9249610900878906,8.689358260705049e-11,7.275957614183426e-12,0.10384259033203125,INT16,Sufficient,0.0015203501757334544,1.0,,,3.237400077633321e-05
inference,features.8.conv.1.1,BatchNorm2d,batchnorm,input,245760000,-2.0317721366882324,1.9249610900878906,8.689358260705049e-11,7.275957614183426e-12,0.10384259033203125,INT8,Not sufficient,0.1145790422830263,1.0,,,0.008352747113685909
inference,features.8.conv.1.1,BatchNorm2d,batchnorm,activation,245760000,-10.169146537780762,10.8927640914917,5.327205343519381e-09,1.3096723705530167e-10,0.0,FP16,Sufficient,0.00017694725104066455,0.00048590761108875826,0.0,0.0,
inference,features.8.conv.1.1,BatchNorm2d,batchnorm,activation,245760000,-10.169146537780762,10.8927640914917,5.327205343519381e-09,1.3096723705530167e-10,0.0,FP8_E4M3,Marginal,0.025358586907294724,1.0,0.0,0.00145,
inference,features.8.conv.1.1,BatchNorm2d,batchnorm,activation,245760000,-10.169146537780762,10.8927640914917,5.327205343519381e-09,1.3096723705530167e-10,0.0,FP8_E5M2,Marginal,0.045439373598303516,0.11110545967182375,0.0,0.0,
inference,features.8.conv.1.1,BatchNorm2d,batchnorm,activation,245760000,-10.169146537780762,10.8927640914917,5.327205343519381e-09,1.3096723705530167e-10,0.0,INT16,Sufficient,0.0008586543681523697,1.0,,,0.00017174092014922895
inference,features.8.conv.1.1,BatchNorm2d,batchnorm,activation,245760000,-10.169146537780762,10.8927640914917,5.327205343519381e-09,1.3096723705530167e-10,0.0,INT8,Marginal,0.08034032074281472,1.0,,,0.04431050968921091
inference,features.8.conv.2,Conv2d,conv,weight,24576,-0.5009683966636658,0.5651447772979736,1.0939209005300654e-06,3.725290298461914e-09,0.0,FP16,Sufficient,0.00017840276102256328,0.019231093000271246,0.0,0.0,
inference,features.8.conv.2,Conv2d,conv,weight,24576,-0.5009683966636658,0.5651447772979736,1.0939209005300654e-06,3.725290298461914e-09,0.0,FP8_E4M3,Marginal,0.03485771875371453,1.0,0.0,0.00635,
inference,features.8.conv.2,Conv2d,conv,weight,24576,-0.5009683966636658,0.5651447772979736,1.0939209005300654e-06,3.725290298461914e-09,0.0,FP8_E5M2,Marginal,0.04489004780661499,1.0,0.0,0.00015,
inference,features.8.conv.2,Conv2d,conv,weight,24576,-0.5009683966636658,0.5651447772979736,1.0939209005300654e-06,3.725290298461914e-09,0.0,INT16,Sufficient,0.0003877936899970008,1.0,,,1.6833319780274817e-05
inference,features.8.conv.2,Conv2d,conv,weight,24576,-0.5009683966636658,0.5651447772979736,1.0939209005300654e-06,3.725290298461914e-09,0.0,INT8,Marginal,0.04055819838327677,1.0,,,0.004343129049135944
inference,features.8.conv.2,Conv2d,conv,input,245760000,0.0,6.0,1.0914001258299777e-08,1.7462298274040222e-10,0.4823901123046875,FP16,Sufficient,9.274855349733766e-05,0.00048566340669072765,0.0,0.0,
inference,features.8.conv.2,Conv2d,conv,input,245760000,0.0,6.0,1.0914001258299777e-08,1.7462298274040222e-10,0.4823901123046875,FP8_E4M3,Sufficient,0.013046603919096858,1.0,0.0,0.0013504388926401081,
inference,features.8.conv.2,Conv2d,conv,input,245760000,0.0,6.0,1.0914001258299777e-08,1.7462298274040222e-10,0.4823901123046875,FP8_E5M2,Marginal,0.023762213929802236,0.11110545967182375,0.0,0.0,
inference,features.8.conv.2,Conv2d,conv,input,245760000,0.0,6.0,1.0914001258299777e-08,1.7462298274040222e-10,0.4823901123046875,INT16,Sufficient,0.00030080226778326466,1.0,,,0.00017174092014922895
inference,features.8.conv.2,Conv2d,conv,input,245760000,0.0,6.0,1.0914001258299777e-08,1.7462298274040222e-10,0.4823901123046875,INT8,Marginal,0.03960889797769729,1.0,,,0.04431050968921091
inference,features.8.conv.2,Conv2d,conv,activation,40960000,-14.570754051208496,11.587791442871094,4.470348358154297e-08,9.313225746154785e-10,0.0,FP16,Sufficient,0.0001764209325526065,0.00048697157602500016,0.0,0.0,
inference,features.8.conv.2,Conv2d,conv,activation,40960000,-14.570754051208496,11.587791442871094,4.470348358154297e-08,9.313225746154785e-10,0.0,FP8_E4M3,Marginal,0.023820554680120513,1.0,0.0,0.0006,
inference,features.8.conv.2,Conv2d,conv,activation,40960000,-14.570754051208496,11.587791442871094,4.470348358154297e-08,9.313225746154785e-10,0.0,FP8_E5M2,Marginal,0.044982902349121966,0.15848024889224097,0.0,0.0,
inference,features.8.conv.2,Conv2d,conv,activation,40960000,-14.570754051208496,11.587791442871094,4.470348358154297e-08,9.313225746154785e-10,0.0,INT16,Sufficient,0.0004640168953256447,1.0,,,0.0002626214519420054
inference,features.8.conv.2,Conv2d,conv,activation,40960000,-14.570754051208496,11.587791442871094,4.470348358154297e-08,9.313225746154785e-10,0.0,INT8,Marginal,0.0536914472070092,1.0,,,0.06775840248648576
inference,features.8.conv.3,BatchNorm2d,batchnorm,weight,64,0.637441098690033,0.8081513047218323,0.637441098690033,1.4722347259521484e-05,0.0,FP16,Sufficient,0.00016181394080346396,0.00037821801732718823,0.0,0.0,
inference,features.8.conv.3,BatchNorm2d,batchnorm,weight,64,0.637441098690033,0.8081513047218323,0.637441098690033,1.4722347259521484e-05,0.0,FP8_E4M3,Marginal,0.02522694330259255,0.04760027651650602,0.0,0.0,
inference,features.8.conv.3,BatchNorm2d,batchnorm,weight,64,0.637441098690033,0.8081513047218323,0.637441098690033,1.4722347259521484e-05,0.0,FP8_E5M2,Marginal,0.047328379139032664,0.09051635005966985,0.0,0.0,
inference,features.8.conv.3,BatchNorm2d,batchnorm,weight,64,0.637441098690033,0.8081513047218323,0.637441098690033,1.4722347259521484e-05,0.0,INT16,Sufficient,8.937196627064793e-06,1.8115832390460286e-05,,,2.466357325119273e-05
inference,features.8.conv.3,BatchNorm2d,batchnorm,weight,64,0.637441098690033,0.8081513047218323,0.637441098690033,1.4722347259521484e-05,0.0,INT8,Sufficient,0.002226244365158059,0.004795392936285098,,,0.0063633961001719076
inference,features.8.conv.3,BatchNorm2d,batchnorm,bias,64,-1.4203502360032871e-05,1.4333022591017652e-05,1.2645216429518769e-07,2.3482243705075234e-08,0.0,FP16,Sufficient,0.008991981243247621,0.07039637606456724,0.0,0.0,
inference,features.8.conv.3,BatchNorm2d,batchnorm,bias,64,-1.4203502360032871e-05,1.4333022591017652e-05,1.2645216429518769e-07,2.3482243705075234e-08,0.0,FP8_E4M3,Not sufficient,1.0,1.0,0.0,1.0,
inference,features.8.conv.3,BatchNorm2d,batchnorm,bias,64,-1.4203502360032871e-05,1.4333022591017652e-05,1.2645216429518769e-07,2.3482243705075234e-08,0.0,FP8_E5M2,Not sufficient,0.8518001416880502,1.0,0.0,0.71875,
inference,features.8.conv.3,BatchNorm2d,batchnorm,bias,64,-1.4203502360032871e-05,1.4333022591017652e-05,1.2645216429518769e-07,2.3482243705075234e-08,0.0,INT16,Sufficient,6.202293680438275e-05,0.0005763419678742233,,,4.3742248576365405e-10
inference,features.8.conv.3,BatchNorm2d,batchnorm,bias,64,-1.4203502360032871e-05,1.4333022591017652e-05,1.2645216429518769e-07,2.3482243705075234e-08,0.0,INT8,Marginal,0.02268513423352367,0.33164672796402733,,,1.1285844559856419e-07
inference,features.8.conv.3,BatchNorm2d,batchnorm,input,40960000,-14.570754051208496,11.587791442871094,4.470348358154297e-08,9.313225746154785e-10,0.0,FP16,Sufficient,0.0001764209325526065,0.00048697157602500016,0.0,0.0,
inference,features.8.conv.3,BatchNorm2d,batchnorm,input,40960000,-14.570754051208496,11.587791442871094,4.470348358154297e-08,9.313225746154785e-10,0.0,FP8_E4M3,Marginal,0.023820554680120513,1.0,0.0,0.0006,
inference,features.8.conv.3,BatchNorm2d,batchnorm,input,40960000,-14.570754051208496,11.587791442871094,4.470348358154297e-08,9.313225746154785e-10,0.0,FP8_E5M2,Marginal,0.044982902349121966,0.15848024889224097,0.0,0.0,
inference,features.8.conv.3,BatchNorm2d,batchnorm,input,40960000,-14.570754051208496,11.587791442871094,4.470348358154297e-08,9.313225746154785e-10,0.0,INT16,Sufficient,0.0004640168953256447,1.0,,,0.0002626214519420054
inference,features.8.conv.3,BatchNorm2d,batchnorm,input,40960000,-14.570754051208496,11.587791442871094,4.470348358154297e-08,9.313225746154785e-10,0.0,INT8,Marginal,0.0536914472070092,1.0,,,0.06775840248648576
inference,features.8.conv.3,BatchNorm2d,batchnorm,activation,40960000,-6.11094331741333,6.3050384521484375,1.924840553613194e-08,1.1641532182693481e-10,0.0,FP16,Sufficient,0.000176515956256356,0.00048134616123791653,0.0,0.0,
inference,features.8.conv.3,BatchNorm2d,batchnorm,activation,40960000,-6.11094331741333,6.3050384521484375,1.924840553613194e-08,1.1641532182693481e-10,0.0,FP8_E4M3,Marginal,0.024376318288910938,1.0,0.0,0.0007,
inference,features.8.conv.3,BatchNorm2d,batchnorm,activation,40960000,-6.11094331741333,6.3050384521484375,1.924840553613194e-08,1.1641532182693481e-10,0.0,FP8_E5M2,Marginal,0.044958379125384466,0.11106966555413604,0.0,0.0,
inference,features.8.conv.3,BatchNorm2d,batchnorm,activation,40960000,-6.11094331741333,6.3050384521484375,1.924840553613194e-08,1.1641532182693481e-10,0.0,INT16,Sufficient,0.00035102107468071064,0.6979595776784508,,,0.0001274535794732088
inference,features.8.conv.3,BatchNorm2d,batchnorm,activation,40960000,-6.11094331741333,6.3050384521484375,1.924840553613194e-08,1.1641532182693481e-10,0.0,INT8,Marginal,0.05305036504841151,1.0,,,0.03288402707557979
inference,features.9.conv.0.0,Conv2d,conv,weight,24576,-0.2515815496444702,0.2327793389558792,7.859420634304115e-07,9.313225746154785e-10,0.0,FP16,Sufficient,0.0001788169895642707,0.02409832193972236,0.0,0.0,
inference,features.9.conv.0.0,Conv2d,conv,weight,24576,-0.2515815496444702,0.2327793389558792,7.859420634304115e-07,9.313225746154785e-10,0.0,FP8_E4M3,Not sufficient,0.04978423199489742,1.0,0.0,0.0133,
inference,features.9.conv.0.0,Conv2d,conv,weight,24576,-0.2515815496444702,0.2327793389558792,7.859420634304115e-07,9.313225746154785e-10,0.0,FP8_E5M2,Marginal,0.04533148667952346,1.0,0.0,0.0002,
inference,features.9.conv.0.0,Conv2d,conv,weight,24576,-0.2515815496444702,0.2327793389558792,7.859420634304115e-07,9.313225746154785e-10,0.0,INT16,Sufficient,0.0004152292581300873,1.0,,,7.677893906810823e-06
inference,features.9.conv.0.0,Conv2d,conv,weight,24576,-0.2515815496444702,0.2327793389558792,7.859420634304115e-07,9.313225746154785e-10,0.0,INT8,Marginal,0.041260592401427224,1.0,,,0.001980957083814726
inference,features.9.conv.0.0,Conv2d,conv,input,40960000,-9.516769409179688,10.69403076171875,2.9802322387695312e-08,9.313225746154785e-10,2.44140625e-08,FP16,Sufficient,0.0001779556092699754,0.0004844824381643979,0.0,0.0,
inference,features.9.conv.0.0,Conv2d,conv,input,40960000,-9.516769409179688,10.69403076171875,2.9802322387695312e-08,9.313225746154785e-10,2.44140625e-08,FP8_E4M3,Marginal,0.024103049234496503,1.0,0.0,0.0007,
inference,features.9.conv.0.0,Conv2d,conv,input,40960000,-9.516769409179688,10.69403076171875,2.9802322387695312e-08,9.313225746154785e-10,2.44140625e-08,FP8_E5M2,Marginal,0.04466496824032083,0.11111101692104519,0.0,0.0,
inference,features.9.conv.0.0,Conv2d,conv,input,40960000,-9.516769409179688,10.69403076171875,2.9802322387695312e-08,9.313225746154785e-10,2.44140625e-08,INT16,Sufficient,0.0005286578292066585,1.0,,,0.00026117477279617913
inference,features.9.conv.0.0,Conv2d,conv,input,40960000,-9.516769409179688,10.69403076171875,2.9802322387695312e-08,9.313225746154785e-10,2.44140625e-08,INT8,Marginal,0.06539652694979578,1.0,,,0.06738514787568821
inference,features.9.conv.0.0,Conv2d,conv,activation,245760000,-8.569920539855957,7.681738376617432,3.725290298461914e-09,4.656612873077393e-10,4.069010416666667e-09,FP16,Sufficient,0.00017633410770174734,0.0004862617685030444,0.0,0.0,
inference,features.9.conv.0.0,Conv2d,conv,activation,245760000,-8.569920539855957,7.681738376617432,3.725290298461914e-09,4.656612873077393e-10,4.069010416666667e-09,FP8_E4M3,Marginal,0.024925369335926543,1.0,0.0,0.001,
inference,features.9.conv.0.0,Conv2d,conv,activation,245760000,-8.569920539855957,7.681738376617432,3.725290298461914e-09,4.656612873077393e-10,4.069010416666667e-09,FP8_E5M2,Marginal,0.04477866635308769,0.11110404680077342,0.0,0.0,
inference,features.9.conv.0.0,Conv2d,conv,activation,245760000,-8.569920539855957,7.681738376617432,3.725290298461914e-09,4.656612873077393e-10,4.069010416666667e-09,INT16,Sufficient,0.000449269440461708,0.7528315187439432,,,0.00013669741274865432
inference,features.9.conv.0.0,Conv2d,conv,activation,245760000,-8.569920539855957,7.681738376617432,3.725290298461914e-09,4.656612873077393e-10,4.069010416666667e-09,INT8,Marginal,0.060518033505362404,1.0,,,0.035269008846733514
inference,features.9.conv.0.1,BatchNorm2d,batchnorm,weight,384,0.7452622056007385,0.7492055892944336,0.7452622056007385,5.960464477539063e-08,0.0,FP16,Sufficient,0.0001723040408636994,0.00032639762946846924,0.0,0.0,
inference,features.9.conv.0.1,BatchNorm2d,batchnorm,weight,384,0.7452622056007385,0.7492055892944336,0.7452622056007385,5.960464477539063e-08,0.0,FP8_E4M3,Sufficient,0.0031540596823243817,0.006357218122234508,0.0,0.0,
inference,features.9.conv.0.1,BatchNorm2d,batchnorm,weight,384,0.7452622056007385,0.7492055892944336,0.7452622056007385,5.960464477539063e-08,0.0,FP8_E5M2,Sufficient,0.0031540596823243817,0.006357218122234508,0.0,0.0,
inference,features.9.conv.0.1,BatchNorm2d,batchnorm,weight,384,0.7452622056007385,0.7492055892944336,0.7452622056007385,5.960464477539063e-08,0.0,INT16,Sufficient,8.047602211472817e-06,1.5263663834278186e-05,,,2.2864637876352233e-05
inference,features.9.conv.0.1,BatchNorm2d,batchnorm,weight,384,0.7452622056007385,0.7492055892944336,0.7452622056007385,5.960464477539063e-08,0.0,INT8,Sufficient,0.0020820360287334425,0.003949477865096673,,,0.005899256608617587
inference,features.9.conv.0.1,BatchNorm2d,batchnorm,bias,384,-0.028330134227871895,0.035352323204278946,2.4566803404013626e-05,8.66129994392395e-08,0.0,FP16,Sufficient,0.00017623717362250557,0.00047034411772737877,0.0,0.0,
inference,features.9.conv.0.1,BatchNorm2d,batchnorm,bias,384,-0.028330134227871895,0.035352323204278946,2.4566803404013626e-05,8.66129994392395e-08,0.0,FP8_E4M3,Not sufficient,0.14823812559608004,1.0,0.0,0.059895833333333336,
inference,features.9.conv.0.1,BatchNorm2d,batchnorm,bias,384,-0.028330134227871895,0.035352323204278946,2.4566803404013626e-05,8.66129994392395e-08,0.0,FP8_E5M2,Marginal,0.045533500629432934,0.24222828762549384,0.0,0.0,
inference,features.9.conv.0.1,BatchNorm2d,batchnorm,bias,384,-0.028330134227871895,0.035352323204278946,2.4566803404013626e-05,8.66129994392395e-08,0.0,INT16,Sufficient,0.00013586239869936475,0.010090911633901387,,,1.0789002107083024e-06
inference,features.9.conv.0.1,BatchNorm2d,batchnorm,bias,384,-0.028330134227871895,0.035352323204278946,2.4566803404013626e-05,8.66129994392395e-08,0.0,INT8,Marginal,0.030052255964934108,1.0,,,0.0002783647496399917
inference,features.9.conv.0.1,BatchNorm2d,batchnorm,input,245760000,-8.569920539855957,7.681738376617432,3.725290298461914e-09,4.656612873077393e-10,4.069010416666667e-09,FP16,Sufficient,0.00017633410770174734,0.0004862617685030444,0.0,0.0,
inference,features.9.conv.0.1,BatchNorm2d,batchnorm,input,245760000,-8.569920539855957,7.681738376617432,3.725290298461914e-09,4.656612873077393e-10,4.069010416666667e-09,FP8_E4M3,Marginal,0.024925369335926543,1.0,0.0,0.001,
inference,features.9.conv.0.1,BatchNorm2d,batchnorm,input,245760000,-8.569920539855957,7.681738376617432,3.725290298461914e-09,4.656612873077393e-10,4.069010416666667e-09,FP8_E5M2,Marginal,0.04477866635308769,0.11110404680077342,0.0,0.0,
inference,features.9.conv.0.1,BatchNorm2d,batchnorm,input,245760000,-8.569920539855957,7.681738376617432,3.725290298461914e-09,4.656612873077393e-10,4.069010416666667e-09,INT16,Sufficient,0.000449269440461708,0.7528315187439432,,,0.00013669741274865432
inference,features.9.conv.0.1,BatchNorm2d,batchnorm,input,245760000,-8.569920539855957,7.681738376617432,3.725290298461914e-09,4.656612873077393e-10,4.069010416666667e-09,INT8,Marginal,0.060518033505362404,1.0,,,0.035269008846733514
inference,features.9.conv.0.1,BatchNorm2d,batchnorm,activation,245760000,-7.905455112457275,7.4681477546691895,5.854358664514336e-10,2.3283064365386963e-10,0.0,FP16,Sufficient,0.00017556732303096315,0.0004873283895119305,0.0,0.0,
inference,features.9.conv.0.1,BatchNorm2d,batchnorm,activation,245760000,-7.905455112457275,7.4681477546691895,5.854358664514336e-10,2.3283064365386963e-10,0.0,FP8_E4M3,Marginal,0.025016508093388963,1.0,0.0,0.00125,
inference,features.9.conv.0.1,BatchNorm2d,batchnorm,activation,245760000,-7.905455112457275,7.4681477546691895,5.854358664514336e-10,2.3283064365386963e-10,0.0,FP8_E5M2,Marginal,0.045337051099725134,0.11109368622403026,0.0,0.0,
inference,features.9.conv.0.1,BatchNorm2d,batchnorm,activation,245760000,-7.905455112457275,7.4681477546691895,5.854358664514336e-10,2.3283064365386963e-10,0.0,INT16,Sufficient,0.0006229615977009382,1.0,,,0.0001745055046131603
inference,features.9.conv.0.1,BatchNorm2d,batchnorm,activation,245760000,-7.905455112457275,7.4681477546691895,5.854358664514336e-10,2.3283064365386963e-10,0.0,INT8,Marginal,0.06943874060659849,1.0,,,0.0450237942492868
inference,features.9.conv.1.0,Conv2d,conv,weight,3456,-0.18779240548610687,0.202202707529068,1.3933445188740734e-05,5.21540641784668e-08,0.0,FP16,Sufficient,0.0001746070378572958,0.0010077686107395013,0.0,0.0,
inference,features.9.conv.1.0,Conv2d,conv,weight,3456,-0.18779240548610687,0.202202707529068,1.3933445188740734e-05,5.21540641784668e-08,0.0,FP8_E4M3,Not sufficient,0.04386280229809136,1.0,0.0,0.01070601851851852,
inference,features.9.conv.1.0,Conv2d,conv,weight,3456,-0.18779240548610687,0.202202707529068,1.3933445188740734e-05,5.21540641784668e-08,0.0,FP8_E5M2,Marginal,0.044818780295314435,0.11060671988220316,0.0,0.0,
inference,features.9.conv.1.0,Conv2d,conv,weight,3456,-0.18779240548610687,0.202202707529068,1.3933445188740734e-05,5.21540641784668e-08,0.0,INT16,Sufficient,0.0001615970058441932,0.11422836747013301,,,6.17092524579815e-06
inference,features.9.conv.1.0,Conv2d,conv,weight,3456,-0.18779240548610687,0.202202707529068,1.3933445188740734e-05,5.21540641784668e-08,0.0,INT8,Marginal,0.027887853766806456,1.0,,,0.001592147303378488
inference,features.9.conv.1.0,Conv2d,conv,input,245760000,0.0,6.0,5.854358664514336e-10,2.3283064365386963e-10,0.4977924112955729,FP16,Sufficient,8.739878658266088e-05,0.0004873283895119305,0.0,0.0,
inference,features.9.conv.1.0,Conv2d,conv,input,245760000,0.0,6.0,5.854358664514336e-10,2.3283064365386963e-10,0.4977924112955729,FP8_E4M3,Sufficient,0.012668924939983455,1.0,0.0,0.001504664459825459,
inference,features.9.conv.1.0,Conv2d,conv,input,245760000,0.0,6.0,5.854358664514336e-10,2.3283064365386963e-10,0.4977924112955729,FP8_E5M2,Marginal,0.022741092766497287,0.11109368622403026,0.0,0.0,
inference,features.9.conv.1.0,Conv2d,conv,input,245760000,0.0,6.0,5.854358664514336e-10,2.3283064365386963e-10,0.4977924112955729,INT16,Sufficient,0.00025113217173859475,0.9516071123217327,,,0.00011851656814190082
inference,features.9.conv.1.0,Conv2d,conv,input,245760000,0.0,6.0,5.854358664514336e-10,2.3283064365386963e-10,0.4977924112955729,INT8,Marginal,0.025862168616691782,1.0,,,0.030578207781934364
inference,features.9.conv.1.0,Conv2d,conv,activation,245760000,-1.437352180480957,2.0776336193084717,3.325370534490446e-11,1.0913936421275139e-11,0.09417596435546875,FP16,Sufficient,0.00016471759432962703,0.08140209579306032,0.0,0.0,
inference,features.9.conv.1.0,Conv2d,conv,activation,245760000,-1.437352180480957,2.0776336193084717,3.325370534490446e-11,1.0913936421275139e-11,0.09417596435546875,FP8_E4M3,Not sufficient,0.05940416812805497,1.0,0.0,0.026311425570725775,
inference,features.9.conv.1.0,Conv2d,conv,activation,245760000,-1.437352180480957,2.0776336193084717,3.325370534490446e-11,1.0913936421275139e-11,0.09417596435546875,FP8_E5M2,Marginal,0.04114699135739327,1.0,0.0,0.000276380520700901,
inference,features.9.conv.1.0,Conv2d,conv,activation,245760000,-1.437352180480957,2.0776336193084717,3.325370534490446e-11,1.0913936421275139e-11,0.09417596435546875,INT16,Sufficient,0.0019024549013172995,1.0,,,3.128939888302479e-05
inference,features.9.conv.1.0,Conv2d,conv,activation,245760000,-1.437352180480957,2.0776336193084717,3.325370534490446e-11,1.0913936421275139e-11,0.09417596435546875,INT8,Not sufficient,0.13110166525597838,1.0,,,0.008072911285039947
inference,features.9.conv.1.1,BatchNorm2d,batchnorm,weight,384,0.7021430134773254,0.8460319638252258,0.7021430134773254,1.7881393432617188e-07,0.0,FP16,Sufficient,0.00015639949859225352,0.00033669494364776855,0.0,0.0,
inference,features.9.conv.1.1,BatchNorm2d,batchnorm,weight,384,0.7021430134773254,0.8460319638252258,0.7021430134773254,1.7881393432617188e-07,0.0,FP8_E4M3,Sufficient,0.015330886085852402,0.0432718188470459,0.0,0.0,
inference,features.9.conv.1.1,BatchNorm2d,batchnorm,weight,384,0.7021430134773254,0.8460319638252258,0.7021430134773254,1.7881393432617188e-07,0.0,FP8_E5M2,Sufficient,0.016412230112409856,0.0681584600346095,0.0,0.0,
inference,features.9.conv.1.1,BatchNorm2d,batchnorm,weight,384,0.7021430134773254,0.8460319638252258,0.7021430134773254,1.7881393432617188e-07,0.0,INT16,Sufficient,9.26261648203164e-06,1.7626371132866877e-05,,,2.5819634504996668e-05
inference,features.9.conv.1.1,BatchNorm2d,batchnorm,weight,384,0.7021430134773254,0.8460319638252258,0.7021430134773254,1.7881393432617188e-07,0.0,INT8,Sufficient,0.0022564003751060773,0.004483659170239401,,,0.006661669006497842
inference,features.9.conv.1.1,BatchNorm2d,batchnorm,bias,384,-0.03368295729160309,0.041508860886096954,0.00011294091382296756,2.896413207054138e-07,0.0,FP16,Sufficient,0.00016875479957654724,0.0004639009431442959,0.0,0.0,
inference,features.9.conv.1.1,BatchNorm2d,batchnorm,bias,384,-0.03368295729160309,0.041508860886096954,0.00011294091382296756,2.896413207054138e-07,0.0,FP8_E4M3,Not sufficient,0.1582062977129001,1.0,0.0,0.07291666666666667,
inference,features.9.conv.1.1,BatchNorm2d,batchnorm,bias,384,-0.03368295729160309,0.041508860886096954,0.00011294091382296756,2.896413207054138e-07,0.0,FP8_E5M2,Marginal,0.04431927926547258,0.10904431212559247,0.0,0.0,
inference,features.9.conv.1.1,BatchNorm2d,batchnorm,bias,384,-0.03368295729160309,0.041508860886096954,0.00011294091382296756,2.896413207054138e-07,0.0,INT16,Sufficient,0.0001234771367889291,0.0027637526155187514,,,1.2667885642901991e-06
inference,features.9.conv.1.1,BatchNorm2d,batchnorm,bias,384,-0.03368295729160309,0.041508860886096954,0.00011294091382296756,2.896413207054138e-07,0.0,INT8,Marginal,0.03328068778847277,1.0,,,0.00032684142429997604
inference,features.9.conv.1.1,BatchNorm2d,batchnorm,input,245760000,-1.437352180480957,2.0776336193084717,3.325370534490446e-11,1.0913936421275139e-11,0.09417596435546875,FP16,Sufficient,0.00016471759432962703,0.08140209579306032,0.0,0.0,
inference,features.9.conv.1.1,BatchNorm2d,batchnorm,input,245760000,-1.437352180480957,2.0776336193084717,3.325370534490446e-11,1.0913936421275139e-11,0.09417596435546875,FP8_E4M3,Not sufficient,0.05940416812805497,1.0,0.0,0.026311425570725775,
inference,features.9.conv.1.1,BatchNorm2d,batchnorm,input,245760000,-1.437352180480957,2.0776336193084717,3.325370534490446e-11,1.0913936421275139e-11,0.09417596435546875,FP8_E5M2,Marginal,0.04114699135739327,1.0,0.0,0.000276380520700901,
inference,features.9.conv.1.1,BatchNorm2d,batchnorm,input,245760000,-1.437352180480957,2.0776336193084717,3.325370534490446e-11,1.0913936421275139e-11,0.09417596435546875,INT16,Sufficient,0.0019024549013172995,1.0,,,3.128939888302479e-05
inference,features.9.conv.1.1,BatchNorm2d,batchnorm,input,245760000,-1.437352180480957,2.0776336193084717,3.325370534490446e-11,1.0913936421275139e-11,0.09417596435546875,INT8,Not sufficient,0.13110166525597838,1.0,,,0.008072911285039947
inference,features.9.conv.1.1,BatchNorm2d,batchnorm,activation,245760000,-9.875147819519043,11.031905174255371,1.6009974457276144e-09,1.1641532182693481e-10,0.0,FP16,Sufficient,0.0001766639263744117,0.00048376810685097374,0.0,0.0,
inference,features.9.conv.1.1,BatchNorm2d,batchnorm,activation,245760000,-9.875147819519043,11.031905174255371,1.6009974457276144e-09,1.1641532182693481e-10,0.0,FP8_E4M3,Marginal,0.02531814463182655,1.0,0.0,0.0013,
inference,features.9.conv.1.1,BatchNorm2d,batchnorm,activation,245760000,-9.875147819519043,11.031905174255371,1.6009974457276144e-09,1.1641532182693481e-10,0.0,FP8_E5M2,Marginal,0.045120953737375236,0.11110710804815571,0.0,0.0,
inference,features.9.conv.1.1,BatchNorm2d,batchnorm,activation,245760000,-9.875147819519043,11.031905174255371,1.6009974457276144e-09,1.1641532182693481e-10,0.0,INT16,Sufficient,0.0005456178858779177,0.8236499506347137,,,0.00019607522989915064
inference,features.9.conv.1.1,BatchNorm2d,batchnorm,activation,245760000,-9.875147819519043,11.031905174255371,1.6009974457276144e-09,1.1641532182693481e-10,0.0,INT8,Marginal,0.08376280156422676,1.0,,,0.050588953213428885
inference,features.9.conv.2,Conv2d,conv,weight,24576,-0.5237976908683777,0.5336779356002808,3.4349779980402673e-06,3.725290298461914e-09,0.0,FP16,Sufficient,0.0001761089470429936,0.006431307258734299,0.0,0.0,
inference,features.9.conv.2,Conv2d,conv,weight,24576,-0.5237976908683777,0.5336779356002808,3.4349779980402673e-06,3.725290298461914e-09,0.0,FP8_E4M3,Marginal,0.03377501113326327,1.0,0.0,0.0053,
inference,features.9.conv.2,Conv2d,conv,weight,24576,-0.5237976908683777,0.5336779356002808,3.4349779980402673e-06,3.725290298461914e-09,0.0,FP8_E5M2,Marginal,0.0447458090997842,1.0,0.0,5e-05,
inference,features.9.conv.2,Conv2d,conv,weight,24576,-0.5237976908683777,0.5336779356002808,3.4349779980402673e-06,3.725290298461914e-09,0.0,INT16,Sufficient,0.00025838305395011233,1.0,,,1.628705513474779e-05
inference,features.9.conv.2,Conv2d,conv,weight,24576,-0.5237976908683777,0.5336779356002808,3.4349779980402673e-06,3.725290298461914e-09,0.0,INT8,Marginal,0.03736058423094523,1.0,,,0.004202188469293549
inference,features.9.conv.2,Conv2d,conv,input,245760000,0.0,6.0,8.625832492725749e-09,4.656612873077393e-10,0.5043584554036459,FP16,Sufficient,8.880330871590581e-05,0.00048376810685097374,0.0,0.0,
inference,features.9.conv.2,Conv2d,conv,input,245760000,0.0,6.0,8.625832492725749e-09,4.656612873077393e-10,0.5043584554036459,FP8_E4M3,Sufficient,0.012331542474510149,1.0,0.0,0.0008001600320064013,
inference,features.9.conv.2,Conv2d,conv,input,245760000,0.0,6.0,8.625832492725749e-09,4.656612873077393e-10,0.5043584554036459,FP8_E5M2,Marginal,0.02255471092091699,0.11110710804815571,0.0,0.0,
inference,features.9.conv.2,Conv2d,conv,input,245760000,0.0,6.0,8.625832492725749e-09,4.656612873077393e-10,0.5043584554036459,INT16,Sufficient,0.0002538875194096586,0.7030732029121566,,,0.00018311105685598315
inference,features.9.conv.2,Conv2d,conv,input,245760000,0.0,6.0,8.625832492725749e-09,4.656612873077393e-10,0.5043584554036459,INT8,Marginal,0.03928395191259575,1.0,,,0.047244094488188976
inference,features.9.conv.2,Conv2d,conv,activation,40960000,-13.986503601074219,16.807292938232422,8.195638656616211e-08,1.862645149230957e-09,0.0,FP16,Sufficient,0.00017640207841890113,0.0004837888183777327,0.0,0.0,
inference,features.9.conv.2,Conv2d,conv,activation,40960000,-13.986503601074219,16.807292938232422,8.195638656616211e-08,1.862645149230957e-09,0.0,FP8_E4M3,Marginal,0.023697860553183743,1.0,0.0,0.00055,
inference,features.9.conv.2,Conv2d,conv,activation,40960000,-13.986503601074219,16.807292938232422,8.195638656616211e-08,1.862645149230957e-09,0.0,FP8_E5M2,Marginal,0.04479777817515528,0.11108181703833463,0.0,0.0,
inference,features.9.conv.2,Conv2d,conv,activation,40960000,-13.986503601074219,16.807292938232422,8.195638656616211e-08,1.862645149230957e-09,0.0,INT16,Sufficient,0.0004221372165470042,0.8472752181666637,,,0.00027053089207622365
inference,features.9.conv.2,Conv2d,conv,activation,40960000,-13.986503601074219,16.807292938232422,8.195638656616211e-08,1.862645149230957e-09,0.0,INT8,Marginal,0.05418427663836444,1.0,,,0.06979910032017024
inference,features.9.conv.3,BatchNorm2d,batchnorm,weight,64,0.5724166631698608,0.7892622947692871,0.5724166631698608,6.9141387939453125e-06,0.0,FP16,Sufficient,0.00016188512830481473,0.00033022881984921647,0.0,0.0,
inference,features.9.conv.3,BatchNorm2d,batchnorm,weight,64,0.5724166631698608,0.7892622947692871,0.5724166631698608,6.9141387939453125e-06,0.0,FP8_E4M3,Marginal,0.023315670524038233,0.04750735204503188,0.0,0.0,
inference,features.9.conv.3,BatchNorm2d,batchnorm,weight,64,0.5724166631698608,0.7892622947692871,0.5724166631698608,6.9141387939453125e-06,0.0,FP8_E5M2,Marginal,0.04273984443259552,0.09186199531465317,0.0,0.0,
inference,features.9.conv.3,BatchNorm2d,batchnorm,weight,64,0.5724166631698608,0.7892622947692871,0.5724166631698608,6.9141387939453125e-06,0.0,INT16,Sufficient,8.712971991808418e-06,1.8533920125373582e-05,,,2.4087108821963778e-05
inference,features.9.conv.3,BatchNorm2d,batchnorm,weight,64,0.5724166631698608,0.7892622947692871,0.5724166631698608,6.9141387939453125e-06,0.0,INT8,Sufficient,0.002400430022676662,0.004363513721341846,,,0.006214663738340844
inference,features.9.conv.3,BatchNorm2d,batchnorm,bias,64,-1.114447968575405e-05,1.3520485481421929e-05,1.0766809310780445e-07,2.4988366931211203e-10,0.0,FP16,Sufficient,0.009563435145148735,0.1071923548550357,0.0,0.0,
inference,features.9.conv.3,BatchNorm2d,batchnorm,bias,64,-1.114447968575405e-05,1.3520485481421929e-05,1.0766809310780445e-07,2.4988366931211203e-10,0.0,FP8_E4M3,Not sufficient,1.0,1.0,0.0,1.0,
inference,features.9.conv.3,BatchNorm2d,batchnorm,bias,64,-1.114447968575405e-05,1.3520485481421929e-05,1.0766809310780445e-07,2.4988366931211203e-10,0.0,FP8_E5M2,Not sufficient,0.9554550363710967,1.0,0.0,0.859375,
inference,features.9.conv.3,BatchNorm2d,batchnorm,bias,64,-1.114447968575405e-05,1.3520485481421929e-05,1.0766809310780445e-07,2.4988366931211203e-10,0.0,INT16,Sufficient,5.8936878645585874e-05,0.0003622675345592079,,,4.126250642848576e-10
inference,features.9.conv.3,BatchNorm2d,batchnorm,bias,64,-1.114447968575405e-05,1.3520485481421929e-05,1.0766809310780445e-07,2.4988366931211203e-10,0.0,INT8,Sufficient,0.015393487173610913,0.11618268091532315,,,1.0646051560174747e-07
inference,features.9.conv.3,BatchNorm2d,batchnorm,input,40960000,-13.986503601074219,16.807292938232422,8.195638656616211e-08,1.862645149230957e-09,0.0,FP16,Sufficient,0.00017640207841890113,0.0004837888183777327,0.0,0.0,
inference,features.9.conv.3,BatchNorm2d,batchnorm,input,40960000,-13.986503601074219,16.807292938232422,8.195638656616211e-08,1.862645149230957e-09,0.0,FP8_E4M3,Marginal,0.023697860553183743,1.0,0.0,0.00055,
inference,features.9.conv.3,BatchNorm2d,batchnorm,input,40960000,-13.986503601074219,16.807292938232422,8.195638656616211e-08,1.862645149230957e-09,0.0,FP8_E5M2,Marginal,0.04479777817515528,0.11108181703833463,0.0,0.0,
inference,features.9.conv.3,BatchNorm2d,batchnorm,input,40960000,-13.986503601074219,16.807292938232422,8.195638656616211e-08,1.862645149230957e-09,0.0,INT16,Sufficient,0.0004221372165470042,0.8472752181666637,,,0.00027053089207622365
inference,features.9.conv.3,BatchNorm2d,batchnorm,input,40960000,-13.986503601074219,16.807292938232422,8.195638656616211e-08,1.862645149230957e-09,0.0,INT8,Marginal,0.05418427663836444,1.0,,,0.06979910032017024
inference,features.9.conv.3,BatchNorm2d,batchnorm,activation,40960000,-6.018141746520996,7.975624084472656,8.305058862845272e-09,2.9103830456733704e-11,0.0,FP16,Sufficient,0.00017785484583594097,0.0014197033501299585,0.0,0.0,
inference,features.9.conv.3,BatchNorm2d,batchnorm,activation,40960000,-6.018141746520996,7.975624084472656,8.305058862845272e-09,2.9103830456733704e-11,0.0,FP8_E4M3,Marginal,0.025166516785217672,1.0,0.0,0.0011,
inference,features.9.conv.3,BatchNorm2d,batchnorm,activation,40960000,-6.018141746520996,7.975624084472656,8.305058862845272e-09,2.9103830456733704e-11,0.0,FP8_E5M2,Marginal,0.04501172129046763,0.9275446921626561,0.0,0.0,
inference,features.9.conv.3,BatchNorm2d,batchnorm,activation,40960000,-6.018141746520996,7.975624084472656,8.305058862845272e-09,2.9103830456733704e-11,0.0,INT16,Sufficient,0.0003673008495810283,1.0,,,0.0001137146970286893
inference,features.9.conv.3,BatchNorm2d,batchnorm,activation,40960000,-6.018141746520996,7.975624084472656,8.305058862845272e-09,2.9103830456733704e-11,0.0,INT8,Marginal,0.05297709694660627,1.0,,,0.02933928722471703
inference,features.10.conv.0.0,Conv2d,conv,weight,24576,-0.23320962488651276,0.2673782408237457,1.5022897059679963e-07,1.862645149230957e-09,0.0,FP16,Sufficient,0.00018747756588484768,0.19027597417339423,0.0,0.0,
inference,features.10.conv.0.0,Conv2d,conv,weight,24576,-0.23320962488651276,0.2673782408237457,1.5022897059679963e-07,1.862645149230957e-09,0.0,FP8_E4M3,Not sufficient,0.04936760309058198,1.0,0.0,0.0129,
inference,features.10.conv.0.0,Conv2d,conv,weight,24576,-0.23320962488651276,0.2673782408237457,1.5022897059679963e-07,1.862645149230957e-09,0.0,FP8_E5M2,Marginal,0.04533800879229762,1.0,0.0,0.00025,
inference,features.10.conv.0.0,Conv2d,conv,weight,24576,-0.23320962488651276,0.2673782408237457,1.5022897059679963e-07,1.862645149230957e-09,0.0,INT16,Sufficient,0.0005103591849148656,1.0,,,8.159985376254943e-06
inference,features.10.conv.0.0,Conv2d,conv,weight,24576,-0.23320962488651276,0.2673782408237457,1.5022897059679963e-07,1.862645149230957e-09,0.0,INT8,Marginal,0.04318117671684953,1.0,,,0.0021053404789271317
inference,features.10.conv.0.0,Conv2d,conv,input,40960000,-11.243182182312012,14.535168647766113,1.341104507446289e-07,9.313225746154785e-10,0.0,FP16,Sufficient,0.00017427065834601862,0.0004855419893733625,0.0,0.0,
inference,features.10.conv.0.0,Conv2d,conv,input,40960000,-11.243182182312012,14.535168647766113,1.341104507446289e-07,9.313225746154785e-10,0.0,FP8_E4M3,Marginal,0.02350227505811395,1.0,0.0,0.0005,
inference,features.10.conv.0.0,Conv2d,conv,input,40960000,-11.243182182312012,14.535168647766113,1.341104507446289e-07,9.313225746154785e-10,0.0,FP8_E5M2,Marginal,0.04509047182741774,0.11110051483087172,0.0,0.0,
inference,features.10.conv.0.0,Conv2d,conv,input,40960000,-11.243182182312012,14.535168647766113,1.341104507446289e-07,9.313225746154785e-10,0.0,INT16,Sufficient,0.00040451994500403785,1.0,,,0.00027275743215860517
inference,features.10.conv.0.0,Conv2d,conv,input,40960000,-11.243182182312012,14.535168647766113,1.341104507446289e-07,9.313225746154785e-10,0.0,INT8,Marginal,0.057128442042442544,1.0,,,0.07037356519323634
inference,features.10.conv.0.0,Conv2d,conv,activation,245760000,-8.37215805053711,8.008881568908691,3.725290298461914e-09,9.313225746154785e-10,4.069010416666667e-09,FP16,Sufficient,0.0001764408115250315,0.0012300123001230013,0.0,0.0,
inference,features.10.conv.0.0,Conv2d,conv,activation,245760000,-8.37215805053711,8.008881568908691,3.725290298461914e-09,9.313225746154785e-10,4.069010416666667e-09,FP8_E4M3,Marginal,0.024368180510531884,1.0,0.0,0.0008,
inference,features.10.conv.0.0,Conv2d,conv,activation,245760000,-8.37215805053711,8.008881568908691,3.725290298461914e-09,9.313225746154785e-10,4.069010416666667e-09,FP8_E5M2,Marginal,0.044897001743772896,0.3544973544973545,0.0,0.0,
inference,features.10.conv.0.0,Conv2d,conv,activation,245760000,-8.37215805053711,8.008881568908691,3.725290298461914e-09,9.313225746154785e-10,4.069010416666667e-09,INT16,Sufficient,0.0003969034947441469,1.0,,,0.00014389530072101767
inference,features.10.conv.0.0,Conv2d,conv,activation,245760000,-8.37215805053711,8.008881568908691,3.725290298461914e-09,9.313225746154785e-10,4.069010416666667e-09,INT8,Marginal,0.05354745350656883,1.0,,,0.0371261206198865
inference,features.10.conv.0.1,BatchNorm2d,batchnorm,weight,384,0.7467058300971985,0.7492261528968811,0.7467058300971985,5.960464477539063e-08,0.0,FP16,Sufficient,0.00016470520657310532,0.0003257601861432122,0.0,0.0,
inference,features.10.conv.0.1,BatchNorm2d,batchnorm,weight,384,0.7467058300971985,0.7492261528968811,0.7467058300971985,5.960464477539063e-08,0.0,FP8_E4M3,Sufficient,0.0031341520564020626,0.004411603298145821,0.0,0.0,
inference,features.10.conv.0.1,BatchNorm2d,batchnorm,weight,384,0.7467058300971985,0.7492261528968811,0.7467058300971985,5.960464477539063e-08,0.0,FP8_E5M2,Sufficient,0.0031341520564020626,0.004411603298145821,0.0,0.0,
inference,features.10.conv.0.1,BatchNorm2d,batchnorm,weight,384,0.7467058300971985,0.7492261528968811,0.7467058300971985,5.960464477539063e-08,0.0,INT16,Sufficient,7.297423419383971e-06,1.5264241140011586e-05,,,2.2865265446848386e-05
inference,features.10.conv.0.1,BatchNorm2d,batchnorm,weight,384,0.7467058300971985,0.7492261528968811,0.7467058300971985,5.960464477539063e-08,0.0,INT8,Sufficient,0.002099122112924092,0.0033752552854107855,,,0.005899418526747096
inference,features.10.conv.0.1,BatchNorm2d,batchnorm,bias,384,-0.026104873046278954,0.0347764827311039,6.009749085933436e-06,7.078051567077637e-08,0.0,FP16,Sufficient,0.00017396133199755603,0.0017172158493559647,0.0,0.0,
inference,features.10.conv.0.1,BatchNorm2d,batchnorm,bias,384,-0.026104873046278954,0.0347764827311039,6.009749085933436e-06,7.078051567077637e-08,0.0,FP8_E4M3,Not sufficient,0.18439667620420427,1.0,0.0,0.0859375,
inference,features.10.conv.0.1,BatchNorm2d,batchnorm,bias,384,-0.026104873046278954,0.0347764827311039,6.009749085933436e-06,7.078051567077637e-08,0.0,FP8_E5M2,Marginal,0.04762065843609031,1.0,0.0,0.0026041666666666665,
inference,features.10.conv.0.1,BatchNorm2d,batchnorm,bias,384,-0.026104873046278954,0.0347764827311039,6.009749085933436e-06,7.078051567077637e-08,0.0,INT16,Sufficient,0.00027983831045607,0.0596047215234459,,,1.061326417771047e-06
inference,features.10.conv.0.1,BatchNorm2d,batchnorm,bias,384,-0.026104873046278954,0.0347764827311039,6.009749085933436e-06,7.078051567077637e-08,0.0,INT8,Marginal,0.03373299325837828,1.0,,,0.0002738305726858575
inference,features.10.conv.0.1,BatchNorm2d,batchnorm,input,245760000,-8.37215805053711,8.008881568908691,3.725290298461914e-09,9.313225746154785e-10,4.069010416666667e-09,FP16,Sufficient,0.0001764408115250315,0.0012300123001230013,0.0,0.0,
inference,features.10.conv.0.1,BatchNorm2d,batchnorm,input,245760000,-8.37215805053711,8.008881568908691,3.725290298461914e-09,9.313225746154785e-10,4.069010416666667e-09,FP8_E4M3,Marginal,0.024368180510531884,1.0,0.0,0.0008,
inference,features.10.conv.0.1,BatchNorm2d,batchnorm,input,245760000,-8.37215805053711,8.008881568908691,3.725290298461914e-09,9.313225746154785e-10,4.069010416666667e-09,FP8_E5M2,Marginal,0.044897001743772896,0.3544973544973545,0.0,0.0,
inference,features.10.conv.0.1,BatchNorm2d,batchnorm,input,245760000,-8.37215805053711,8.008881568908691,3.725290298461914e-09,9.313225746154785e-10,4.069010416666667e-09,INT16,Sufficient,0.0003969034947441469,1.0,,,0.00014389530072101767
inference,features.10.conv.0.1,BatchNorm2d,batchnorm,input,245760000,-8.37215805053711,8.008881568908691,3.725290298461914e-09,9.313225746154785e-10,4.069010416666667e-09,INT8,Marginal,0.05354745350656883,1.0,,,0.0371261206198865
inference,features.10.conv.0.1,BatchNorm2d,batchnorm,activation,245760000,-6.667141437530518,6.816493988037109,6.128225038537494e-09,1.4551915228366852e-11,0.0,FP16,Sufficient,0.00017633887649409546,0.00196722307793113,0.0,0.0,
inference,features.10.conv.0.1,BatchNorm2d,batchnorm,activation,245760000,-6.667141437530518,6.816493988037109,6.128225038537494e-09,1.4551915228366852e-11,0.0,FP8_E4M3,Marginal,0.024717359641477154,1.0,0.0,0.00085,
inference,features.10.conv.0.1,BatchNorm2d,batchnorm,activation,245760000,-6.667141437530518,6.816493988037109,6.128225038537494e-09,1.4551915228366852e-11,0.0,FP8_E5M2,Marginal,0.04502655388813866,0.5931901186829216,0.0,0.0,
inference,features.10.conv.0.1,BatchNorm2d,batchnorm,activation,245760000,-6.667141437530518,6.816493988037109,6.128225038537494e-09,1.4551915228366852e-11,0.0,INT16,Sufficient,0.0004200985349162309,1.0,,,0.0001387855598937968
inference,features.10.conv.0.1,BatchNorm2d,batchnorm,activation,245760000,-6.667141437530518,6.816493988037109,6.128225038537494e-09,1.4551915228366852e-11,0.0,INT8,Marginal,0.056048943889819125,1.0,,,0.035807767252283774
inference,features.10.conv.1.0,Conv2d,conv,weight,3456,-0.1425008475780487,0.1927783340215683,4.633082880900474e-06,4.470348358154297e-08,0.0,FP16,Sufficient,0.00018049313917777347,0.003470564199548559,0.0,0.0,
inference,features.10.conv.1.0,Conv2d,conv,weight,3456,-0.1425008475780487,0.1927783340215683,4.633082880900474e-06,4.470348358154297e-08,0.0,FP8_E4M3,Not sufficient,0.04349019417750307,1.0,0.0,0.010127314814814815,
inference,features.10.conv.1.0,Conv2d,conv,weight,3456,-0.1425008475780487,0.1927783340215683,4.633082880900474e-06,4.470348358154297e-08,0.0,FP8_E5M2,Marginal,0.04514978079179229,1.0,0.0,0.00028935185185185184,
inference,features.10.conv.1.0,Conv2d,conv,weight,3456,-0.1425008475780487,0.1927783340215683,4.633082880900474e-06,4.470348358154297e-08,0.0,INT16,Sufficient,0.0002077058286481073,0.2698472194092758,,,5.883307413604184e-06
inference,features.10.conv.1.0,Conv2d,conv,weight,3456,-0.1425008475780487,0.1927783340215683,4.633082880900474e-06,4.470348358154297e-08,0.0,INT8,Marginal,0.027400166933683436,1.0,,,0.0015179396379651046
inference,features.10.conv.1.0,Conv2d,conv,input,245760000,0.0,6.0,6.130699503614778e-09,1.4551915228366852e-11,0.5017216064453125,FP16,Sufficient,8.899706557758598e-05,0.00196722307793113,0.0,0.0,
inference,features.10.conv.1.0,Conv2d,conv,input,245760000,0.0,6.0,6.130699503614778e-09,1.4551915228366852e-11,0.5017216064453125,FP8_E4M3,Sufficient,0.01251399705138774,1.0,0.0,0.000793729536660383,
inference,features.10.conv.1.0,Conv2d,conv,input,245760000,0.0,6.0,6.130699503614778e-09,1.4551915228366852e-11,0.5017216064453125,FP8_E5M2,Marginal,0.022773488715114275,0.5931901186829216,0.0,0.0,
inference,features.10.conv.1.0,Conv2d,conv,input,245760000,0.0,6.0,6.130699503614778e-09,1.4551915228366852e-11,0.5017216064453125,INT16,Sufficient,0.00024113136226696022,1.0,,,0.00011138028030658615
inference,features.10.conv.1.0,Conv2d,conv,input,245760000,0.0,6.0,6.130699503614778e-09,1.4551915228366852e-11,0.5017216064453125,INT8,Marginal,0.023294889792696394,1.0,,,0.02873698932918038
inference,features.10.conv.1.0,Conv2d,conv,activation,245760000,-1.2109214067459106,1.3671270608901978,1.9171261800288164e-11,2.7284841053187847e-12,0.08721984456380208,FP16,Sufficient,0.00016337739669926405,0.02235443437117239,0.0,0.0,
inference,features.10.conv.1.0,Conv2d,conv,activation,245760000,-1.2109214067459106,1.3671270608901978,1.9171261800288164e-11,2.7284841053187847e-12,0.08721984456380208,FP8_E4M3,Not sufficient,0.05790278813190262,1.0,0.0,0.022966454724841042,
inference,features.10.conv.1.0,Conv2d,conv,activation,245760000,-1.2109214067459106,1.3671270608901978,1.9171261800288164e-11,2.7284841053187847e-12,0.08721984456380208,FP8_E5M2,Marginal,0.04130747805894711,1.0,0.0,0.00021925016443762334,
inference,features.10.conv.1.0,Conv2d,conv,activation,245760000,-1.2109214067459106,1.3671270608901978,1.9171261800288164e-11,2.7284841053187847e-12,0.08721984456380208,INT16,Sufficient,0.0014379518264296895,1.0,,,2.43444891252738e-05
inference,features.10.conv.1.0,Conv2d,conv,activation,245760000,-1.2109214067459106,1.3671270608901978,1.9171261800288164e-11,2.7284841053187847e-12,0.08721984456380208,INT8,Not sufficient,0.11479298038516932,1.0,,,0.006281069883211391
inference,features.10.conv.1.1,BatchNorm2d,batchnorm,weight,384,0.7027624249458313,0.7996238470077515,0.7027624249458313,1.7881393432617188e-07,0.0,FP16,Sufficient,0.00016140025690096352,0.0003325487029175959,0.0,0.0,
inference,features.10.conv.1.1,BatchNorm2d,batchnorm,weight,384,0.7027624249458313,0.7996238470077515,0.7027624249458313,1.7881393432617188e-07,0.0,FP8_E4M3,Sufficient,0.012829653524608783,0.04333180887961941,0.0,0.0,
inference,features.10.conv.1.1,BatchNorm2d,batchnorm,weight,384,0.7027624249458313,0.7996238470077515,0.7027624249458313,1.7881393432617188e-07,0.0,FP8_E5M2,Sufficient,0.013415371209180566,0.06721699023366219,0.0,0.0,
inference,features.10.conv.1.1,BatchNorm2d,batchnorm,weight,384,0.7027624249458313,0.7996238470077515,0.7027624249458313,1.7881393432617188e-07,0.0,INT16,Sufficient,8.444488400489008e-06,1.652563297869433e-05,,,2.4403327952139393e-05
inference,features.10.conv.1.1,BatchNorm2d,batchnorm,weight,384,0.7027624249458313,0.7996238470077515,0.7027624249458313,1.7881393432617188e-07,0.0,INT8,Sufficient,0.0021454399838108673,0.0043112077154331754,,,0.006296250763840563
inference,features.10.conv.1.1,BatchNorm2d,batchnorm,bias,384,-0.0304726492613554,0.029552364721894264,0.00016934526502154768,2.6763882488012314e-07,0.0,FP16,Sufficient,0.0001740337115458139,0.0004463388598308784,0.0,0.0,
inference,features.10.conv.1.1,BatchNorm2d,batchnorm,bias,384,-0.0304726492613554,0.029552364721894264,0.00016934526502154768,2.6763882488012314e-07,0.0,FP8_E4M3,Not sufficient,0.16957586308200914,1.0,0.0,0.06770833333333333,
inference,features.10.conv.1.1,BatchNorm2d,batchnorm,bias,384,-0.0304726492613554,0.029552364721894264,0.00016934526502154768,2.6763882488012314e-07,0.0,FP8_E5M2,Marginal,0.045285982740057594,0.11080347414473243,0.0,0.0,
inference,features.10.conv.1.1,BatchNorm2d,batchnorm,bias,384,-0.0304726492613554,0.029552364721894264,0.00016934526502154768,2.6763882488012314e-07,0.0,INT16,Sufficient,8.724265063160059e-05,0.0013590202426218985,,,9.299798352414136e-07
inference,features.10.conv.1.1,BatchNorm2d,batchnorm,bias,384,-0.0304726492613554,0.029552364721894264,0.00016934526502154768,2.6763882488012314e-07,0.0,INT8,Sufficient,0.019526380492928232,0.4168811873046599,,,0.00023994212016815276
inference,features.10.conv.1.1,BatchNorm2d,batchnorm,input,245760000,-1.2109214067459106,1.3671270608901978,1.9171261800288164e-11,2.7284841053187847e-12,0.08721984456380208,FP16,Sufficient,0.00016337739669926405,0.02235443437117239,0.0,0.0,
inference,features.10.conv.1.1,BatchNorm2d,batchnorm,input,245760000,-1.2109214067459106,1.3671270608901978,1.9171261800288164e-11,2.7284841053187847e-12,0.08721984456380208,FP8_E4M3,Not sufficient,0.05790278813190262,1.0,0.0,0.022966454724841042,
inference,features.10.conv.1.1,BatchNorm2d,batchnorm,input,245760000,-1.2109214067459106,1.3671270608901978,1.9171261800288164e-11,2.7284841053187847e-12,0.08721984456380208,FP8_E5M2,Marginal,0.04130747805894711,1.0,0.0,0.00021925016443762334,
inference,features.10.conv.1.1,BatchNorm2d,batchnorm,input,245760000,-1.2109214067459106,1.3671270608901978,1.9171261800288164e-11,2.7284841053187847e-12,0.08721984456380208,INT16,Sufficient,0.0014379518264296895,1.0,,,2.43444891252738e-05
inference,features.10.conv.1.1,BatchNorm2d,batchnorm,input,245760000,-1.2109214067459106,1.3671270608901978,1.9171261800288164e-11,2.7284841053187847e-12,0.08721984456380208,INT8,Not sufficient,0.11479298038516932,1.0,,,0.006281069883211391
inference,features.10.conv.1.1,BatchNorm2d,batchnorm,activation,245760000,-8.952512741088867,10.033288955688477,1.1721966508559944e-08,2.3283064365386963e-10,0.0,FP16,Sufficient,0.00017588307992016337,0.000485903448630159,0.0,0.0,
inference,features.10.conv.1.1,BatchNorm2d,batchnorm,activation,245760000,-8.952512741088867,10.033288955688477,1.1721966508559944e-08,2.3283064365386963e-10,0.0,FP8_E4M3,Marginal,0.02479316920648403,1.0,0.0,0.0007,
inference,features.10.conv.1.1,BatchNorm2d,batchnorm,activation,245760000,-8.952512741088867,10.033288955688477,1.1721966508559944e-08,2.3283064365386963e-10,0.0,FP8_E5M2,Marginal,0.04527457127191681,0.11110404680077342,0.0,0.0,
inference,features.10.conv.1.1,BatchNorm2d,batchnorm,activation,245760000,-8.952512741088867,10.033288955688477,1.1721966508559944e-08,2.3283064365386963e-10,0.0,INT16,Sufficient,0.0005041920631300248,1.0,,,0.00016057066009788782
inference,features.10.conv.1.1,BatchNorm2d,batchnorm,activation,245760000,-8.952512741088867,10.033288955688477,1.1721966508559944e-08,2.3283064365386963e-10,0.0,INT8,Marginal,0.0686778956386191,1.0,,,0.04142849464116134
inference,features.10.conv.2,Conv2d,conv,weight,24576,-0.5253667235374451,0.5508567094802856,8.175680363819993e-07,1.862645149230957e-09,0.0,FP16,Sufficient,0.0001763385919763369,0.020667381455180277,0.0,0.0,
inference,features.10.conv.2,Conv2d,conv,weight,24576,-0.5253667235374451,0.5508567094802856,8.175680363819993e-07,1.862645149230957e-09,0.0,FP8_E4M3,Marginal,0.03549578318333182,1.0,0.0,0.0065,
inference,features.10.conv.2,Conv2d,conv,weight,24576,-0.5253667235374451,0.5508567094802856,8.175680363819993e-07,1.862645149230957e-09,0.0,FP8_E5M2,Marginal,0.044894703322690896,1.0,0.0,0.0001,
inference,features.10.conv.2,Conv2d,conv,weight,24576,-0.5253667235374451,0.5508567094802856,8.175680363819993e-07,1.862645149230957e-09,0.0,INT16,Sufficient,0.0003530241945698515,1.0,,,1.617845997228415e-05
inference,features.10.conv.2,Conv2d,conv,weight,24576,-0.5253667235374451,0.5508567094802856,8.175680363819993e-07,1.862645149230957e-09,0.0,INT8,Marginal,0.040756644891526354,1.0,,,0.004174170062297911
inference,features.10.conv.2,Conv2d,conv,input,245760000,0.0,6.0,1.9873011680715535e-08,2.3283064365386963e-10,0.5126119140625,FP16,Sufficient,8.639102978649295e-05,0.0004845897253408287,0.0,0.0,
inference,features.10.conv.2,Conv2d,conv,input,245760000,0.0,6.0,1.9873011680715535e-08,2.3283064365386963e-10,0.5126119140625,FP8_E4M3,Sufficient,0.012287767342273818,1.0,0.0,0.0008215239268843705,
inference,features.10.conv.2,Conv2d,conv,input,245760000,0.0,6.0,1.9873011680715535e-08,2.3283064365386963e-10,0.5126119140625,FP8_E5M2,Marginal,0.02222361281111743,0.11110404680077342,0.0,0.0,
inference,features.10.conv.2,Conv2d,conv,input,245760000,0.0,6.0,1.9873011680715535e-08,2.3283064365386963e-10,0.5126119140625,INT16,Sufficient,0.00019558105271087647,0.2860306235979153,,,0.00016057066009788782
inference,features.10.conv.2,Conv2d,conv,input,245760000,0.0,6.0,1.9873011680715535e-08,2.3283064365386963e-10,0.5126119140625,INT8,Marginal,0.033337043096432824,1.0,,,0.04142849464116134
inference,features.10.conv.2,Conv2d,conv,activation,40960000,-11.965214729309082,17.618349075317383,1.2665987014770508e-07,4.656612873077393e-10,0.0,FP16,Sufficient,0.00017577719765510187,0.00048542289580374905,0.0,0.0,
inference,features.10.conv.2,Conv2d,conv,activation,40960000,-11.965214729309082,17.618349075317383,1.2665987014770508e-07,4.656612873077393e-10,0.0,FP8_E4M3,Marginal,0.023335488167325096,1.0,0.0,0.0004,
inference,features.10.conv.2,Conv2d,conv,activation,40960000,-11.965214729309082,17.618349075317383,1.2665987014770508e-07,4.656612873077393e-10,0.0,FP8_E5M2,Marginal,0.04483945967848934,0.1110744696689925,0.0,0.0,
inference,features.10.conv.2,Conv2d,conv,activation,40960000,-11.965214729309082,17.618349075317383,1.2665987014770508e-07,4.656612873077393e-10,0.0,INT16,Sufficient,0.00029796926564321585,0.7740346038926331,,,0.00022684024178985782
inference,features.10.conv.2,Conv2d,conv,activation,40960000,-11.965214729309082,17.618349075317383,1.2665987014770508e-07,4.656612873077393e-10,0.0,INT8,Marginal,0.04966100065833263,1.0,,,0.05852656852541946
inference,features.10.conv.3,BatchNorm2d,batchnorm,weight,64,0.6179915070533752,0.7727904319763184,0.6179915070533752,1.531839370727539e-05,0.0,FP16,Sufficient,0.00017120437067294112,0.0003739166593209411,0.0,0.0,
inference,features.10.conv.3,BatchNorm2d,batchnorm,weight,64,0.6179915070533752,0.7727904319763184,0.6179915070533752,1.531839370727539e-05,0.0,FP8_E4M3,Marginal,0.023533643423842218,0.046385590434608395,0.0,0.0,
inference,features.10.conv.3,BatchNorm2d,batchnorm,weight,64,0.6179915070533752,0.7727904319763184,0.6179915070533752,1.531839370727539e-05,0.0,FP8_E5M2,Marginal,0.04673294373103411,0.08387146123140478,0.0,0.0,
inference,features.10.conv.3,BatchNorm2d,batchnorm,weight,64,0.6179915070533752,0.7727904319763184,0.6179915070533752,1.531839370727539e-05,0.0,INT16,Sufficient,8.611986031810041e-06,1.703002539108068e-05,,,2.3584412121229236e-05
inference,features.10.conv.3,BatchNorm2d,batchnorm,weight,64,0.6179915070533752,0.7727904319763184,0.6179915070533752,1.531839370727539e-05,0.0,INT8,Sufficient,0.0018218712597808193,0.004432152946960511,,,0.006084964031309594
inference,features.10.conv.3,BatchNorm2d,batchnorm,bias,64,-8.167952728399541e-06,1.1148738849442452e-05,4.8423792975427205e-08,3.642981027951464e-09,0.0,FP16,Sufficient,0.012439941516649688,0.2308958285369586,0.0,0.0,
inference,features.10.conv.3,BatchNorm2d,batchnorm,bias,64,-8.167952728399541e-06,1.1148738849442452e-05,4.8423792975427205e-08,3.642981027951464e-09,0.0,FP8_E4M3,Not sufficient,1.0,1.0,0.0,1.0,
inference,features.10.conv.3,BatchNorm2d,batchnorm,bias,64,-8.167952728399541e-06,1.1148738849442452e-05,4.8423792975427205e-08,3.642981027951464e-09,0.0,FP8_E5M2,Not sufficient,0.9847766734242465,1.0,0.0,0.953125,
inference,features.10.conv.3,BatchNorm2d,batchnorm,bias,64,-8.167952728399541e-06,1.1148738849442452e-05,4.8423792975427205e-08,3.642981027951464e-09,0.0,INT16,Sufficient,0.00010154043080516244,0.0022572019490617766,,,3.402428922221275e-10
inference,features.10.conv.3,BatchNorm2d,batchnorm,bias,64,-8.167952728399541e-06,1.1148738849442452e-05,4.8423792975427205e-08,3.642981027951464e-09,0.0,INT8,Marginal,0.027105546991662295,0.8128556207017352,,,8.778534527120041e-08
inference,features.10.conv.3,BatchNorm2d,batchnorm,input,40960000,-11.965214729309082,17.618349075317383,1.2665987014770508e-07,4.656612873077393e-10,0.0,FP16,Sufficient,0.00017577719765510187,0.00048542289580374905,0.0,0.0,
inference,features.10.conv.3,BatchNorm2d,batchnorm,input,40960000,-11.965214729309082,17.618349075317383,1.2665987014770508e-07,4.656612873077393e-10,0.0,FP8_E4M3,Marginal,0.023335488167325096,1.0,0.0,0.0004,
inference,features.10.conv.3,BatchNorm2d,batchnorm,input,40960000,-11.965214729309082,17.618349075317383,1.2665987014770508e-07,4.656612873077393e-10,0.0,FP8_E5M2,Marginal,0.04483945967848934,0.1110744696689925,0.0,0.0,
inference,features.10.conv.3,BatchNorm2d,batchnorm,input,40960000,-11.965214729309082,17.618349075317383,1.2665987014770508e-07,4.656612873077393e-10,0.0,INT16,Sufficient,0.00029796926564321585,0.7740346038926331,,,0.00022684024178985782
inference,features.10.conv.3,BatchNorm2d,batchnorm,input,40960000,-11.965214729309082,17.618349075317383,1.2665987014770508e-07,4.656612873077393e-10,0.0,INT8,Marginal,0.04966100065833263,1.0,,,0.05852656852541946
inference,features.10.conv.3,BatchNorm2d,batchnorm,activation,40960000,-5.950825214385986,6.6741251945495605,8.922116379039835e-09,1.1641532182693481e-10,0.0,FP16,Sufficient,0.0001761182427220494,0.002583487746506204,0.0,0.0,
inference,features.10.conv.3,BatchNorm2d,batchnorm,activation,40960000,-5.950825214385986,6.6741251945495605,8.922116379039835e-09,1.1641532182693481e-10,0.0,FP8_E4M3,Marginal,0.02516298609577937,1.0,0.0,0.0011,
inference,features.10.conv.3,BatchNorm2d,batchnorm,activation,40960000,-5.950825214385986,6.6741251945495605,8.922116379039835e-09,1.1641532182693481e-10,0.0,FP8_E5M2,Marginal,0.04515965333662557,1.0,0.0,5e-05,
inference,features.10.conv.3,BatchNorm2d,batchnorm,activation,40960000,-5.950825214385986,6.6741251945495605,8.922116379039835e-09,1.1641532182693481e-10,0.0,INT16,Sufficient,0.00039814319230567133,1.0,,,0.00010955826670889139
inference,features.10.conv.3,BatchNorm2d,batchnorm,activation,40960000,-5.950825214385986,6.6741251945495605,8.922116379039835e-09,1.1641532182693481e-10,0.0,INT8,Marginal,0.05191972554972028,1.0,,,0.02826689547441137
inference,features.11.conv.0.0,Conv2d,conv,weight,24576,-0.270322322845459,0.2620226740837097,3.662269705273502e-07,4.656612873077393e-10,0.0,FP16,Sufficient,0.0001767155772051683,0.023480252867843505,0.0,0.0,
inference,features.11.conv.0.0,Conv2d,conv,weight,24576,-0.270322322845459,0.2620226740837097,3.662269705273502e-07,4.656612873077393e-10,0.0,FP8_E4M3,Not sufficient,0.045885765644796773,1.0,0.0,0.0109,
inference,features.11.conv.0.0,Conv2d,conv,weight,24576,-0.270322322845459,0.2620226740837097,3.662269705273502e-07,4.656612873077393e-10,0.0,FP8_E5M2,Marginal,0.045369113904825946,1.0,0.0,0.0001,
inference,features.11.conv.0.0,Conv2d,conv,weight,24576,-0.270322322845459,0.2620226740837097,3.662269705273502e-07,4.656612873077393e-10,0.0,INT16,Sufficient,0.0003406893871145673,1.0,,,7.996541461949819e-06
inference,features.11.conv.0.0,Conv2d,conv,weight,24576,-0.270322322845459,0.2620226740837097,3.662269705273502e-07,4.656612873077393e-10,0.0,INT8,Marginal,0.03778412380195717,1.0,,,0.0020631706620764544
inference,features.11.conv.0.0,Conv2d,conv,input,40960000,-13.713866233825684,15.03990650177002,5.960464477539063e-08,1.862645149230957e-09,0.0,FP16,Sufficient,0.00017608207733137978,0.0007535795026375283,0.0,0.0,
inference,features.11.conv.0.0,Conv2d,conv,input,40960000,-13.713866233825684,15.03990650177002,5.960464477539063e-08,1.862645149230957e-09,0.0,FP8_E4M3,Marginal,0.02378263223777745,1.0,0.0,0.0006,
inference,features.11.conv.0.0,Conv2d,conv,input,40960000,-13.713866233825684,15.03990650177002,5.960464477539063e-08,1.862645149230957e-09,0.0,FP8_E5M2,Marginal,0.04442056955290255,0.271260086902545,0.0,0.0,
inference,features.11.conv.0.0,Conv2d,conv,input,40960000,-13.713866233825684,15.03990650177002,5.960464477539063e-08,1.862645149230957e-09,0.0,INT16,Sufficient,0.000524283324415729,1.0,,,0.0002808038099941294
inference,features.11.conv.0.0,Conv2d,conv,input,40960000,-13.713866233825684,15.03990650177002,5.960464477539063e-08,1.862645149230957e-09,0.0,INT8,Marginal,0.05315793433531776,1.0,,,0.07244959403210738
inference,features.11.conv.0.0,Conv2d,conv,activation,245760000,-10.235190391540527,13.728621482849121,7.450580596923828e-09,1.862645149230957e-09,0.0,FP16,Sufficient,0.00017629656309034992,0.0004875665757146091,0.0,0.0,
inference,features.11.conv.0.0,Conv2d,conv,activation,245760000,-10.235190391540527,13.728621482849121,7.450580596923828e-09,1.862645149230957e-09,0.0,FP8_E4M3,Marginal,0.024025663607325574,1.0,0.0,0.0007,
inference,features.11.conv.0.0,Conv2d,conv,activation,245760000,-10.235190391540527,13.728621482849121,7.450580596923828e-09,1.862645149230957e-09,0.0,FP8_E5M2,Marginal,0.04491946050073622,0.11110781446893425,0.0,0.0,
inference,features.11.conv.0.0,Conv2d,conv,activation,245760000,-10.235190391540527,13.728621482849121,7.450580596923828e-09,1.862645149230957e-09,0.0,INT16,Sufficient,0.00044254636307597216,1.0,,,0.0002370009464649612
inference,features.11.conv.0.0,Conv2d,conv,activation,245760000,-10.235190391540527,13.728621482849121,7.450580596923828e-09,1.862645149230957e-09,0.0,INT8,Marginal,0.06278581320554902,1.0,,,0.06114811033714475
inference,features.11.conv.0.1,BatchNorm2d,batchnorm,weight,384,0.7437229752540588,0.7509571313858032,0.7437229752540588,5.960464477539063e-08,0.0,FP16,Sufficient,0.00017446235615813902,0.0003257332107819288,0.0,0.0,
inference,features.11.conv.0.1,BatchNorm2d,batchnorm,weight,384,0.7437229752540588,0.7509571313858032,0.7437229752540588,5.960464477539063e-08,0.0,FP8_E4M3,Sufficient,0.003240367320575876,0.008440003811630136,0.0,0.0,
inference,features.11.conv.0.1,BatchNorm2d,batchnorm,weight,384,0.7437229752540588,0.7509571313858032,0.7437229752540588,5.960464477539063e-08,0.0,FP8_E5M2,Sufficient,0.003240367320575876,0.008440003811630136,0.0,0.0,
inference,features.11.conv.0.1,BatchNorm2d,batchnorm,weight,384,0.7437229752540588,0.7509571313858032,0.7437229752540588,5.960464477539063e-08,0.0,INT16,Sufficient,7.587339959350618e-06,1.5283085057529246e-05,,,2.2918092330265303e-05
inference,features.11.conv.0.1,BatchNorm2d,batchnorm,weight,384,0.7437229752540588,0.7509571313858032,0.7437229752540588,5.960464477539063e-08,0.0,INT8,Sufficient,0.0032959886304303847,0.003952229641451381,,,0.005913048278628372
inference,features.11.conv.0.1,BatchNorm2d,batchnorm,bias,384,-0.04937106370925903,0.06634597480297089,0.000259396038018167,3.5762786865234375e-07,0.0,FP16,Sufficient,0.00017925000052763365,0.00046913044819445556,0.0,0.0,
inference,features.11.conv.0.1,BatchNorm2d,batchnorm,bias,384,-0.04937106370925903,0.06634597480297089,0.000259396038018167,3.5762786865234375e-07,0.0,FP8_E4M3,Not sufficient,0.10008020667913342,1.0,0.0,0.03125,
inference,features.11.conv.0.1,BatchNorm2d,batchnorm,bias,384,-0.04937106370925903,0.06634597480297089,0.000259396038018167,3.5762786865234375e-07,0.0,FP8_E5M2,Marginal,0.04567156083492119,0.10931997027884079,0.0,0.0,
inference,features.11.conv.0.1,BatchNorm2d,batchnorm,bias,384,-0.04937106370925903,0.06634597480297089,0.000259396038018167,3.5762786865234375e-07,0.0,INT16,Sufficient,9.037924826203792e-05,0.0017623809579305598,,,2.024780260718738e-06
inference,features.11.conv.0.1,BatchNorm2d,batchnorm,bias,384,-0.04937106370925903,0.06634597480297089,0.000259396038018167,3.5762786865234375e-07,0.0,INT8,Marginal,0.02715560326543448,1.0,,,0.0005224092504170936
inference,features.11.conv.0.1,BatchNorm2d,batchnorm,input,245760000,-10.235190391540527,13.728621482849121,7.450580596923828e-09,1.862645149230957e-09,0.0,FP16,Sufficient,0.00017629656309034992,0.0004875665757146091,0.0,0.0,
inference,features.11.conv.0.1,BatchNorm2d,batchnorm,input,245760000,-10.235190391540527,13.728621482849121,7.450580596923828e-09,1.862645149230957e-09,0.0,FP8_E4M3,Marginal,0.024025663607325574,1.0,0.0,0.0007,
inference,features.11.conv.0.1,BatchNorm2d,batchnorm,input,245760000,-10.235190391540527,13.728621482849121,7.450580596923828e-09,1.862645149230957e-09,0.0,FP8_E5M2,Marginal,0.04491946050073622,0.11110781446893425,0.0,0.0,
inference,features.11.conv.0.1,BatchNorm2d,batchnorm,input,245760000,-10.235190391540527,13.728621482849121,7.450580596923828e-09,1.862645149230957e-09,0.0,INT16,Sufficient,0.00044254636307597216,1.0,,,0.0002370009464649612
inference,features.11.conv.0.1,BatchNorm2d,batchnorm,input,245760000,-10.235190391540527,13.728621482849121,7.450580596923828e-09,1.862645149230957e-09,0.0,INT8,Marginal,0.06278581320554902,1.0,,,0.06114811033714475
inference,features.11.conv.0.1,BatchNorm2d,batchnorm,activation,245760000,-6.2727885246276855,7.4825873374938965,1.3500945916788964e-09,1.1641532182693481e-10,0.0,FP16,Sufficient,0.00017542950216713785,0.00048449440393578925,0.0,0.0,
inference,features.11.conv.0.1,BatchNorm2d,batchnorm,activation,245760000,-6.2727885246276855,7.4825873374938965,1.3500945916788964e-09,1.1641532182693481e-10,0.0,FP8_E4M3,Marginal,0.024645108576897435,1.0,0.0,0.00095,
inference,features.11.conv.0.1,BatchNorm2d,batchnorm,activation,245760000,-6.2727885246276855,7.4825873374938965,1.3500945916788964e-09,1.1641532182693481e-10,0.0,FP8_E5M2,Marginal,0.04473477351806434,0.11109679399200935,0.0,0.0,
inference,features.11.conv.0.1,BatchNorm2d,batchnorm,activation,245760000,-6.2727885246276855,7.4825873374938965,1.3500945916788964e-09,1.1641532182693481e-10,0.0,INT16,Sufficient,0.00034416284729162354,0.2991429748701335,,,0.00013169518475217182
inference,features.11.conv.0.1,BatchNorm2d,batchnorm,activation,245760000,-6.2727885246276855,7.4825873374938965,1.3500945916788964e-09,1.1641532182693481e-10,0.0,INT8,Marginal,0.05570895913942138,1.0,,,0.03397839463601901
inference,features.11.conv.1.0,Conv2d,conv,weight,3456,-0.18602478504180908,0.26274093985557556,8.040293323574588e-05,3.725290298461914e-09,0.0,FP16,Sufficient,0.00017446851527406975,0.00048566572593707085,0.0,0.0,
inference,features.11.conv.1.0,Conv2d,conv,weight,3456,-0.18602478504180908,0.26274093985557556,8.040293323574588e-05,3.725290298461914e-09,0.0,FP8_E4M3,Marginal,0.0375663379613603,1.0,0.0,0.006076388888888889,
inference,features.11.conv.1.0,Conv2d,conv,weight,3456,-0.18602478504180908,0.26274093985557556,8.040293323574588e-05,3.725290298461914e-09,0.0,FP8_E5M2,Marginal,0.044357414737169934,0.11091929877517555,0.0,0.0,
inference,features.11.conv.1.0,Conv2d,conv,weight,3456,-0.18602478504180908,0.26274093985557556,8.040293323574588e-05,3.725290298461914e-09,0.0,INT16,Sufficient,0.000106585317365293,0.011386985340528863,,,8.018461862714791e-06
inference,features.11.conv.1.0,Conv2d,conv,weight,3456,-0.18602478504180908,0.26274093985557556,8.040293323574588e-05,3.725290298461914e-09,0.0,INT8,Marginal,0.027761887869992712,1.0,,,0.0020688262980753983
inference,features.11.conv.1.0,Conv2d,conv,input,245760000,0.0,6.0,1.3500945916788964e-09,4.656612873077393e-10,0.4955878092447917,FP16,Sufficient,8.913598493672325e-05,0.0004816306726743381,0.0,0.0,
inference,features.11.conv.1.0,Conv2d,conv,input,245760000,0.0,6.0,1.3500945916788964e-09,4.656612873077393e-10,0.4955878092447917,FP8_E4M3,Sufficient,0.012451792999265436,1.0,0.0,0.00089188385690219,
inference,features.11.conv.1.0,Conv2d,conv,input,245760000,0.0,6.0,1.3500945916788964e-09,4.656612873077393e-10,0.4955878092447917,FP8_E5M2,Marginal,0.022677910698534264,0.11108827049207948,0.0,0.0,
inference,features.11.conv.1.0,Conv2d,conv,input,245760000,0.0,6.0,1.3500945916788964e-09,4.656612873077393e-10,0.4955878092447917,INT16,Sufficient,0.0001758993493817573,0.2991429748701335,,,0.00013169518475217182
inference,features.11.conv.1.0,Conv2d,conv,input,245760000,0.0,6.0,1.3500945916788964e-09,4.656612873077393e-10,0.4955878092447917,INT8,Marginal,0.02833611557466743,1.0,,,0.03397839463601901
inference,features.11.conv.1.0,Conv2d,conv,activation,245760000,-2.003889322280884,1.9801489114761353,2.353944539290609e-10,3.637978807091713e-12,0.08538296712239583,FP16,Sufficient,0.0001624006231090861,0.014551642602457927,0.0,0.0,
inference,features.11.conv.1.0,Conv2d,conv,activation,245760000,-2.003889322280884,1.9801489114761353,2.353944539290609e-10,3.637978807091713e-12,0.08538296712239583,FP8_E4M3,Not sufficient,0.04837067382581235,1.0,0.0,0.01802096985583224,
inference,features.11.conv.1.0,Conv2d,conv,activation,245760000,-2.003889322280884,1.9801489114761353,2.353944539290609e-10,3.637978807091713e-12,0.08538296712239583,FP8_E5M2,Marginal,0.04134067976302266,1.0,0.0,0.000163826998689384,
inference,features.11.conv.1.0,Conv2d,conv,activation,245760000,-2.003889322280884,1.9801489114761353,2.353944539290609e-10,3.637978807091713e-12,0.08538296712239583,INT16,Sufficient,0.0012448016862965884,1.0,,,3.158134103974624e-05
inference,features.11.conv.1.0,Conv2d,conv,activation,245760000,-2.003889322280884,1.9801489114761353,2.353944539290609e-10,3.637978807091713e-12,0.08538296712239583,INT8,Not sufficient,0.10554848324086379,1.0,,,0.008148234660231223
inference,features.11.conv.1.1,BatchNorm2d,batchnorm,weight,384,0.6829445958137512,0.8488885164260864,0.6829445958137512,1.1324882507324219e-06,0.0,FP16,Sufficient,0.00016693430483959352,0.00033888486748470404,0.0,0.0,
inference,features.11.conv.1.1,BatchNorm2d,batchnorm,weight,384,0.6829445958137512,0.8488885164260864,0.6829445958137512,1.1324882507324219e-06,0.0,FP8_E4M3,Sufficient,0.019353865659657868,0.04324951904656877,0.0,0.0,
inference,features.11.conv.1.1,BatchNorm2d,batchnorm,weight,384,0.6829445958137512,0.8488885164260864,0.6829445958137512,1.1324882507324219e-06,0.0,FP8_E5M2,Marginal,0.026353675875618696,0.08763637580048755,0.0,0.0,
inference,features.11.conv.1.1,BatchNorm2d,batchnorm,weight,384,0.6829445958137512,0.8488885164260864,0.6829445958137512,1.1324882507324219e-06,0.0,INT16,Sufficient,8.818031821826625e-06,1.796342124360557e-05,,,2.5906812232614716e-05
inference,features.11.conv.1.1,BatchNorm2d,batchnorm,weight,384,0.6829445958137512,0.8488885164260864,0.6829445958137512,1.1324882507324219e-06,0.0,INT8,Sufficient,0.002201963238591871,0.004822163785203527,,,0.006684161546662098
inference,features.11.conv.1.1,BatchNorm2d,batchnorm,bias,384,-0.046299245208501816,0.09126636385917664,1.232236718351487e-05,3.3061951398849487e-07,0.0,FP16,Sufficient,0.0001838021415904505,0.0012817573730572326,0.0,0.0,
inference,features.11.conv.1.1,BatchNorm2d,batchnorm,bias,384,-0.046299245208501816,0.09126636385917664,1.232236718351487e-05,3.3061951398849487e-07,0.0,FP8_E4M3,Not sufficient,0.09498955785007786,1.0,0.0,0.0390625,
inference,features.11.conv.1.1,BatchNorm2d,batchnorm,bias,384,-0.046299245208501816,0.09126636385917664,1.232236718351487e-05,3.3061951398849487e-07,0.0,FP8_E5M2,Marginal,0.04886957186913993,0.23830014438407077,0.0,0.0,
inference,features.11.conv.1.1,BatchNorm2d,batchnorm,bias,384,-0.046299245208501816,0.09126636385917664,1.232236718351487e-05,3.3061951398849487e-07,0.0,INT16,Sufficient,0.000466372260625722,0.09585119521439278,,,2.78531339027609e-06
inference,features.11.conv.1.1,BatchNorm2d,batchnorm,bias,384,-0.046299245208501816,0.09126636385917664,1.232236718351487e-05,3.3061951398849487e-07,0.0,INT8,Marginal,0.0459191870716752,1.0,,,0.0007186327862927295
inference,features.11.conv.1.1,BatchNorm2d,batchnorm,input,245760000,-2.003889322280884,1.9801489114761353,2.353944539290609e-10,3.637978807091713e-12,0.08538296712239583,FP16,Sufficient,0.0001624006231090861,0.014551642602457927,0.0,0.0,
inference,features.11.conv.1.1,BatchNorm2d,batchnorm,input,245760000,-2.003889322280884,1.9801489114761353,2.353944539290609e-10,3.637978807091713e-12,0.08538296712239583,FP8_E4M3,Not sufficient,0.04837067382581235,1.0,0.0,0.01802096985583224,
inference,features.11.conv.1.1,BatchNorm2d,batchnorm,input,245760000,-2.003889322280884,1.9801489114761353,2.353944539290609e-10,3.637978807091713e-12,0.08538296712239583,FP8_E5M2,Marginal,0.04134067976302266,1.0,0.0,0.000163826998689384,
inference,features.11.conv.1.1,BatchNorm2d,batchnorm,input,245760000,-2.003889322280884,1.9801489114761353,2.353944539290609e-10,3.637978807091713e-12,0.08538296712239583,INT16,Sufficient,0.0012448016862965884,1.0,,,3.158134103974624e-05
inference,features.11.conv.1.1,BatchNorm2d,batchnorm,input,245760000,-2.003889322280884,1.9801489114761353,2.353944539290609e-10,3.637978807091713e-12,0.08538296712239583,INT8,Not sufficient,0.10554848324086379,1.0,,,0.008148234660231223
inference,features.11.conv.1.1,BatchNorm2d,batchnorm,activation,245760000,-9.4287691116333,11.463476181030273,7.347340069685515e-09,2.0372681319713593e-10,0.0,FP16,Sufficient,0.00017593270810532994,0.00048649520498089194,0.0,0.0,
inference,features.11.conv.1.1,BatchNorm2d,batchnorm,activation,245760000,-9.4287691116333,11.463476181030273,7.347340069685515e-09,2.0372681319713593e-10,0.0,FP8_E4M3,Marginal,0.02492205045853174,1.0,0.0,0.0012,
inference,features.11.conv.1.1,BatchNorm2d,batchnorm,activation,245760000,-9.4287691116333,11.463476181030273,7.347340069685515e-09,2.0372681319713593e-10,0.0,FP8_E5M2,Marginal,0.04516508223724853,0.11107710720016684,0.0,0.0,
inference,features.11.conv.1.1,BatchNorm2d,batchnorm,activation,245760000,-9.4287691116333,11.463476181030273,7.347340069685515e-09,2.0372681319713593e-10,0.0,INT16,Sufficient,0.0005206071290282032,1.0,,,0.00016667894016533284
inference,features.11.conv.1.1,BatchNorm2d,batchnorm,activation,245760000,-9.4287691116333,11.463476181030273,7.347340069685515e-09,2.0372681319713593e-10,0.0,INT8,Marginal,0.07485292839931783,1.0,,,0.0430044789952556
inference,features.11.conv.2,Conv2d,conv,weight,36864,-0.47404056787490845,0.4182620942592621,3.059762548218714e-06,4.656612873077393e-10,0.0,FP16,Sufficient,0.0001749843170371777,0.001680195203965217,0.0,0.0,
inference,features.11.conv.2,Conv2d,conv,weight,36864,-0.47404056787490845,0.4182620942592621,3.059762548218714e-06,4.656612873077393e-10,0.0,FP8_E4M3,Marginal,0.036608936043419325,1.0,0.0,0.0062,
inference,features.11.conv.2,Conv2d,conv,weight,36864,-0.47404056787490845,0.4182620942592621,3.059762548218714e-06,4.656612873077393e-10,0.0,FP8_E5M2,Marginal,0.044985845525454746,0.1464705278444825,0.0,0.0,
inference,features.11.conv.2,Conv2d,conv,weight,36864,-0.47404056787490845,0.4182620942592621,3.059762548218714e-06,4.656612873077393e-10,0.0,INT16,Sufficient,0.0002017168949386701,0.19076011260136966,,,1.4467011562697484e-05
inference,features.11.conv.2,Conv2d,conv,weight,36864,-0.47404056787490845,0.4182620942592621,3.059762548218714e-06,4.656612873077393e-10,0.0,INT8,Marginal,0.04120602836681837,1.0,,,0.0037326028966528225
inference,features.11.conv.2,Conv2d,conv,input,245760000,0.0,6.0,8.19920753514225e-09,4.0745362639427185e-10,0.4999185994466146,FP16,Sufficient,8.744625779915236e-05,0.00048601639444466224,0.0,0.0,
inference,features.11.conv.2,Conv2d,conv,input,245760000,0.0,6.0,8.19920753514225e-09,4.0745362639427185e-10,0.4999185994466146,FP8_E4M3,Sufficient,0.012332951568033372,1.0,0.0,0.0014152850788515972,
inference,features.11.conv.2,Conv2d,conv,input,245760000,0.0,6.0,8.19920753514225e-09,4.0745362639427185e-10,0.4999185994466146,FP8_E5M2,Marginal,0.022306045805962765,0.11099825709788039,0.0,0.0,
inference,features.11.conv.2,Conv2d,conv,input,245760000,0.0,6.0,8.19920753514225e-09,4.0745362639427185e-10,0.4999185994466146,INT16,Sufficient,0.00022378892121880192,0.4137324820484873,,,0.00016667894016533284
inference,features.11.conv.2,Conv2d,conv,input,245760000,0.0,6.0,8.19920753514225e-09,4.0745362639427185e-10,0.4999185994466146,INT8,Marginal,0.036639551411666894,1.0,,,0.0430044789952556
inference,features.11.conv.2,Conv2d,conv,activation,61440000,-11.170394897460938,11.496382713317871,1.4901161193847656e-08,9.313225746154785e-10,1.6276041666666667e-08,FP16,Sufficient,0.0001760910604565638,0.0004835218100237809,0.0,0.0,
inference,features.11.conv.2,Conv2d,conv,activation,61440000,-11.170394897460938,11.496382713317871,1.4901161193847656e-08,9.313225746154785e-10,1.6276041666666667e-08,FP8_E4M3,Marginal,0.023606403962962215,1.0,0.0,0.0007,
inference,features.11.conv.2,Conv2d,conv,activation,61440000,-11.170394897460938,11.496382713317871,1.4901161193847656e-08,9.313225746154785e-10,1.6276041666666667e-08,FP8_E5M2,Marginal,0.044982079551777146,0.11107096405042635,0.0,0.0,
inference,features.11.conv.2,Conv2d,conv,activation,61440000,-11.170394897460938,11.496382713317871,1.4901161193847656e-08,9.313225746154785e-10,1.6276041666666667e-08,INT16,Sufficient,0.0002757995614013654,0.6519018777262099,,,0.00019366052781061763
inference,features.11.conv.2,Conv2d,conv,activation,61440000,-11.170394897460938,11.496382713317871,1.4901161193847656e-08,9.313225746154785e-10,1.6276041666666667e-08,INT8,Marginal,0.046059001264587764,1.0,,,0.0499659410611851
inference,features.11.conv.3,BatchNorm2d,batchnorm,weight,96,0.7147696018218994,0.9034451842308044,0.7147696018218994,3.36766242980957e-05,0.0,FP16,Sufficient,0.00016462048391878716,0.00032611838048072567,0.0,0.0,
inference,features.11.conv.3,BatchNorm2d,batchnorm,weight,96,0.7147696018218994,0.9034451842308044,0.7147696018218994,3.36766242980957e-05,0.0,FP8_E4M3,Marginal,0.021217919872768793,0.039698335817633476,0.0,0.0,
inference,features.11.conv.3,BatchNorm2d,batchnorm,weight,96,0.7147696018218994,0.9034451842308044,0.7147696018218994,3.36766242980957e-05,0.0,FP8_E5M2,Marginal,0.04250380776898035,0.07680103172932978,0.0,0.0,
inference,features.11.conv.3,BatchNorm2d,batchnorm,weight,96,0.7147696018218994,0.9034451842308044,0.7147696018218994,3.36766242980957e-05,0.0,INT16,Sufficient,8.392675076622141e-06,1.7062156975296914e-05,,,2.7571800415991835e-05
inference,features.11.conv.3,BatchNorm2d,batchnorm,weight,96,0.7147696018218994,0.9034451842308044,0.7147696018218994,3.36766242980957e-05,0.0,INT8,Sufficient,0.0022248774335642363,0.004750399291726469,,,0.007113741608116571
inference,features.11.conv.3,BatchNorm2d,batchnorm,bias,96,-1.4281160474638455e-05,1.4326807104225736e-05,7.920650801906959e-08,1.2784084901795723e-10,0.0,FP16,Sufficient,0.01018120324903298,0.2474779375320985,0.0,0.0,
inference,features.11.conv.3,BatchNorm2d,batchnorm,bias,96,-1.4281160474638455e-05,1.4326807104225736e-05,7.920650801906959e-08,1.2784084901795723e-10,0.0,FP8_E4M3,Not sufficient,1.0,1.0,0.0,1.0,
inference,features.11.conv.3,BatchNorm2d,batchnorm,bias,96,-1.4281160474638455e-05,1.4326807104225736e-05,7.920650801906959e-08,1.2784084901795723e-10,0.0,FP8_E5M2,Not sufficient,0.9296914998879693,1.0,0.0,0.84375,
inference,features.11.conv.3,BatchNorm2d,batchnorm,bias,96,-1.4281160474638455e-05,1.4326807104225736e-05,7.920650801906959e-08,1.2784084901795723e-10,0.0,INT16,Sufficient,7.628791243496458e-05,0.0010837433982528412,,,4.3723279837109703e-10
inference,features.11.conv.3,BatchNorm2d,batchnorm,bias,96,-1.4281160474638455e-05,1.4326807104225736e-05,7.920650801906959e-08,1.2784084901795723e-10,0.0,INT8,Marginal,0.020719720733554617,0.42424540077594625,,,1.1280950475768297e-07
inference,features.11.conv.3,BatchNorm2d,batchnorm,input,61440000,-11.170394897460938,11.496382713317871,1.4901161193847656e-08,9.313225746154785e-10,1.6276041666666667e-08,FP16,Sufficient,0.0001760910604565638,0.0004835218100237809,0.0,0.0,
inference,features.11.conv.3,BatchNorm2d,batchnorm,input,61440000,-11.170394897460938,11.496382713317871,1.4901161193847656e-08,9.313225746154785e-10,1.6276041666666667e-08,FP8_E4M3,Marginal,0.023606403962962215,1.0,0.0,0.0007,
inference,features.11.conv.3,BatchNorm2d,batchnorm,input,61440000,-11.170394897460938,11.496382713317871,1.4901161193847656e-08,9.313225746154785e-10,1.6276041666666667e-08,FP8_E5M2,Marginal,0.044982079551777146,0.11107096405042635,0.0,0.0,
inference,features.11.conv.3,BatchNorm2d,batchnorm,input,61440000,-11.170394897460938,11.496382713317871,1.4901161193847656e-08,9.313225746154785e-10,1.6276041666666667e-08,INT16,Sufficient,0.0002757995614013654,0.6519018777262099,,,0.00019366052781061763
inference,features.11.conv.3,BatchNorm2d,batchnorm,input,61440000,-11.170394897460938,11.496382713317871,1.4901161193847656e-08,9.313225746154785e-10,1.6276041666666667e-08,INT8,Marginal,0.046059001264587764,1.0,,,0.0499659410611851
inference,features.11.conv.3,BatchNorm2d,batchnorm,activation,61440000,-7.893337249755859,7.433122158050537,4.2778097508744395e-08,5.820766091346741e-11,0.0,FP16,Sufficient,0.00017676158560280504,0.00048343430595964903,0.0,0.0,
inference,features.11.conv.3,BatchNorm2d,batchnorm,activation,61440000,-7.893337249755859,7.433122158050537,4.2778097508744395e-08,5.820766091346741e-11,0.0,FP8_E4M3,Marginal,0.024900919125345693,1.0,0.0,0.00125,
inference,features.11.conv.3,BatchNorm2d,batchnorm,activation,61440000,-7.893337249755859,7.433122158050537,4.2778097508744395e-08,5.820766091346741e-11,0.0,FP8_E5M2,Marginal,0.04485147836444062,0.11109547528679081,0.0,0.0,
inference,features.11.conv.3,BatchNorm2d,batchnorm,activation,61440000,-7.893337249755859,7.433122158050537,4.2778097508744395e-08,5.820766091346741e-11,0.0,INT16,Sufficient,0.00036865815139382256,0.29024601628790553,,,0.00015254219621670025
inference,features.11.conv.3,BatchNorm2d,batchnorm,activation,61440000,-7.893337249755859,7.433122158050537,4.2778097508744395e-08,5.820766091346741e-11,0.0,INT8,Marginal,0.06122167684648805,1.0,,,0.03935708774356392
inference,features.12.conv.0.0,Conv2d,conv,weight,55296,-0.20624476671218872,0.22044919431209564,9.708759307613946e-07,4.94765117764473e-10,0.0,FP16,Sufficient,0.00017756580851976484,0.017717623653162824,0.0,0.0,
inference,features.12.conv.0.0,Conv2d,conv,weight,55296,-0.20624476671218872,0.22044919431209564,9.708759307613946e-07,4.94765117764473e-10,0.0,FP8_E4M3,Not sufficient,0.0540059743242205,1.0,0.0,0.0149,
inference,features.12.conv.0.0,Conv2d,conv,weight,55296,-0.20624476671218872,0.22044919431209564,9.708759307613946e-07,4.94765117764473e-10,0.0,FP8_E5M2,Marginal,0.04547749517694432,1.0,0.0,0.00025,
inference,features.12.conv.0.0,Conv2d,conv,weight,55296,-0.20624476671218872,0.22044919431209564,9.708759307613946e-07,4.94765117764473e-10,0.0,INT16,Sufficient,0.00040159606129872873,1.0,,,6.727780825589637e-06
inference,features.12.conv.0.0,Conv2d,conv,weight,55296,-0.20624476671218872,0.22044919431209564,9.708759307613946e-07,4.94765117764473e-10,0.0,INT8,Marginal,0.042612778598942046,1.0,,,0.0017358204276542964
inference,features.12.conv.0.0,Conv2d,conv,input,61440000,-7.893337249755859,7.433122158050537,4.2778097508744395e-08,5.820766091346741e-11,0.0,FP16,Sufficient,0.00017676158560280504,0.00048343430595964903,0.0,0.0,
inference,features.12.conv.0.0,Conv2d,conv,input,61440000,-7.893337249755859,7.433122158050537,4.2778097508744395e-08,5.820766091346741e-11,0.0,FP8_E4M3,Marginal,0.024900919125345693,1.0,0.0,0.00125,
inference,features.12.conv.0.0,Conv2d,conv,input,61440000,-7.893337249755859,7.433122158050537,4.2778097508744395e-08,5.820766091346741e-11,0.0,FP8_E5M2,Marginal,0.04485147836444062,0.11109547528679081,0.0,0.0,
inference,features.12.conv.0.0,Conv2d,conv,input,61440000,-7.893337249755859,7.433122158050537,4.2778097508744395e-08,5.820766091346741e-11,0.0,INT16,Sufficient,0.00036865815139382256,0.29024601628790553,,,0.00015254219621670025
inference,features.12.conv.0.0,Conv2d,conv,input,61440000,-7.893337249755859,7.433122158050537,4.2778097508744395e-08,5.820766091346741e-11,0.0,INT8,Marginal,0.06122167684648805,1.0,,,0.03935708774356392
inference,features.12.conv.0.0,Conv2d,conv,activation,368640000,-4.822702884674072,5.932106018066406,1.862645149230957e-09,9.313225746154785e-10,8.138020833333334e-09,FP16,Sufficient,0.0001765036348884616,0.000683526999316473,0.0,0.0,
inference,features.12.conv.0.0,Conv2d,conv,activation,368640000,-4.822702884674072,5.932106018066406,1.862645149230957e-09,9.313225746154785e-10,8.138020833333334e-09,FP8_E4M3,Marginal,0.02640435788074861,1.0,0.0,0.00205,
inference,features.12.conv.0.0,Conv2d,conv,activation,368640000,-4.822702884674072,5.932106018066406,1.862645149230957e-09,9.313225746154785e-10,8.138020833333334e-09,FP8_E5M2,Marginal,0.045003469692772066,0.30006835269993165,0.0,0.0,
inference,features.12.conv.0.0,Conv2d,conv,activation,368640000,-4.822702884674072,5.932106018066406,1.862645149230957e-09,9.313225746154785e-10,8.138020833333334e-09,INT16,Sufficient,0.00044876721776887686,1.0,,,8.370332999920232e-05
inference,features.12.conv.0.0,Conv2d,conv,activation,368640000,-4.822702884674072,5.932106018066406,1.862645149230957e-09,9.313225746154785e-10,8.138020833333334e-09,INT8,Marginal,0.05763189144917387,1.0,,,0.021596118221132773
inference,features.12.conv.0.1,BatchNorm2d,batchnorm,weight,576,0.7453499436378479,0.7498449683189392,0.7453499436378479,5.960464477539063e-08,0.0,FP16,Sufficient,0.00016303685134950153,0.00032591918336082536,0.0,0.0,
inference,features.12.conv.0.1,BatchNorm2d,batchnorm,weight,576,0.7453499436378479,0.7498449683189392,0.7453499436378479,5.960464477539063e-08,0.0,FP8_E4M3,Sufficient,0.0031231470394742153,0.006238755904986662,0.0,0.0,
inference,features.12.conv.0.1,BatchNorm2d,batchnorm,weight,576,0.7453499436378479,0.7498449683189392,0.7453499436378479,5.960464477539063e-08,0.0,FP8_E5M2,Sufficient,0.0031231470394742153,0.006238755904986662,0.0,0.0,
inference,features.12.conv.0.1,BatchNorm2d,batchnorm,weight,576,0.7453499436378479,0.7498449683189392,0.7453499436378479,5.960464477539063e-08,0.0,INT16,Sufficient,7.602847984444381e-06,1.5286772086703808e-05,,,2.288415077117036e-05
inference,features.12.conv.0.1,BatchNorm2d,batchnorm,weight,576,0.7453499436378479,0.7498449683189392,0.7453499436378479,5.960464477539063e-08,0.0,INT8,Sufficient,0.0028986838028164466,0.003938561864376999,,,0.0059042910891255055
inference,features.12.conv.0.1,BatchNorm2d,batchnorm,bias,576,-0.026529978960752487,0.020607834681868553,2.9654109312104993e-05,6.82193785905838e-08,0.0,FP16,Sufficient,0.00018105142485050143,0.0009780697081230208,0.0,0.0,
inference,features.12.conv.0.1,BatchNorm2d,batchnorm,bias,576,-0.026529978960752487,0.020607834681868553,2.9654109312104993e-05,6.82193785905838e-08,0.0,FP8_E4M3,Not sufficient,0.21443185664829714,1.0,0.0,0.10069444444444445,
inference,features.12.conv.0.1,BatchNorm2d,batchnorm,bias,576,-0.026529978960752487,0.020607834681868553,2.9654109312104993e-05,6.82193785905838e-08,0.0,FP8_E5M2,Marginal,0.04461349987980529,0.11066310590166055,0.0,0.0,
inference,features.12.conv.0.1,BatchNorm2d,batchnorm,bias,576,-0.026529978960752487,0.020607834681868553,2.9654109312104993e-05,6.82193785905838e-08,0.0,INT16,Sufficient,0.00011238710250325189,0.010222563565762087,,,8.096554143117309e-07
inference,features.12.conv.0.1,BatchNorm2d,batchnorm,bias,576,-0.026529978960752487,0.020607834681868553,2.9654109312104993e-05,6.82193785905838e-08,0.0,INT8,Marginal,0.03308294302602762,1.0,,,0.00020889747213190935
inference,features.12.conv.0.1,BatchNorm2d,batchnorm,input,368640000,-4.822702884674072,5.932106018066406,1.862645149230957e-09,9.313225746154785e-10,8.138020833333334e-09,FP16,Sufficient,0.0001765036348884616,0.000683526999316473,0.0,0.0,
inference,features.12.conv.0.1,BatchNorm2d,batchnorm,input,368640000,-4.822702884674072,5.932106018066406,1.862645149230957e-09,9.313225746154785e-10,8.138020833333334e-09,FP8_E4M3,Marginal,0.02640435788074861,1.0,0.0,0.00205,
inference,features.12.conv.0.1,BatchNorm2d,batchnorm,input,368640000,-4.822702884674072,5.932106018066406,1.862645149230957e-09,9.313225746154785e-10,8.138020833333334e-09,FP8_E5M2,Marginal,0.045003469692772066,0.30006835269993165,0.0,0.0,
inference,features.12.conv.0.1,BatchNorm2d,batchnorm,input,368640000,-4.822702884674072,5.932106018066406,1.862645149230957e-09,9.313225746154785e-10,8.138020833333334e-09,INT16,Sufficient,0.00044876721776887686,1.0,,,8.370332999920232e-05
inference,features.12.conv.0.1,BatchNorm2d,batchnorm,input,368640000,-4.822702884674072,5.932106018066406,1.862645149230957e-09,9.313225746154785e-10,8.138020833333334e-09,INT8,Marginal,0.05763189144917387,1.0,,,0.021596118221132773
inference,features.12.conv.0.1,BatchNorm2d,batchnorm,activation,368640000,-6.946683883666992,7.815009117126465,3.552438343490394e-09,1.1641532182693481e-10,0.0,FP16,Sufficient,0.0001762601504047924,0.0005036354378681801,0.0,0.0,
inference,features.12.conv.0.1,BatchNorm2d,batchnorm,activation,368640000,-6.946683883666992,7.815009117126465,3.552438343490394e-09,1.1641532182693481e-10,0.0,FP8_E4M3,Marginal,0.024844762238137155,1.0,0.0,0.00145,
inference,features.12.conv.0.1,BatchNorm2d,batchnorm,activation,368640000,-6.946683883666992,7.815009117126465,3.552438343490394e-09,1.1641532182693481e-10,0.0,FP8_E5M2,Marginal,0.04479558897262983,0.11111052242357337,0.0,0.0,
inference,features.12.conv.0.1,BatchNorm2d,batchnorm,activation,368640000,-6.946683883666992,7.815009117126465,3.552438343490394e-09,1.1641532182693481e-10,0.0,INT16,Sufficient,0.0004369498940312029,1.0,,,0.00012242476431622833
inference,features.12.conv.0.1,BatchNorm2d,batchnorm,activation,368640000,-6.946683883666992,7.815009117126465,3.552438343490394e-09,1.1641532182693481e-10,0.0,INT8,Marginal,0.05220168491060539,1.0,,,0.031586553168109086
inference,features.12.conv.1.0,Conv2d,conv,weight,5184,-0.16371169686317444,0.18362191319465637,6.126712150944513e-07,1.0244548320770264e-08,0.0,FP16,Sufficient,0.0001801701797348305,0.02713489214273295,0.0,0.0,
inference,features.12.conv.1.0,Conv2d,conv,weight,5184,-0.16371169686317444,0.18362191319465637,6.126712150944513e-07,1.0244548320770264e-08,0.0,FP8_E4M3,Not sufficient,0.04523670353903097,1.0,0.0,0.010802469135802469,
inference,features.12.conv.1.0,Conv2d,conv,weight,5184,-0.16371169686317444,0.18362191319465637,6.126712150944513e-07,1.0244548320770264e-08,0.0,FP8_E5M2,Marginal,0.04580844862960761,1.0,0.0,0.00019290123456790122,
inference,features.12.conv.1.0,Conv2d,conv,weight,5184,-0.16371169686317444,0.18362191319465637,6.126712150944513e-07,1.0244548320770264e-08,0.0,INT16,Sufficient,0.000323847086410982,1.0,,,5.603867097831854e-06
inference,features.12.conv.1.0,Conv2d,conv,weight,5184,-0.16371169686317444,0.18362191319465637,6.126712150944513e-07,1.0244548320770264e-08,0.0,INT8,Marginal,0.02880490238899833,1.0,,,0.0014458418361783967
inference,features.12.conv.1.0,Conv2d,conv,input,368640000,0.0,6.0,3.552438343490394e-09,1.1641532182693481e-10,0.4998016194661458,FP16,Sufficient,8.80472655477897e-05,0.00047863514824655385,0.0,0.0,
inference,features.12.conv.1.0,Conv2d,conv,input,368640000,0.0,6.0,3.552438343490394e-09,1.1641532182693481e-10,0.4998016194661458,FP8_E4M3,Sufficient,0.012381005748623625,1.0,0.0,0.0015108783239323126,
inference,features.12.conv.1.0,Conv2d,conv,input,368640000,0.0,6.0,3.552438343490394e-09,1.1641532182693481e-10,0.4998016194661458,FP8_E5M2,Marginal,0.022139681209571438,0.110997270545894,0.0,0.0,
inference,features.12.conv.1.0,Conv2d,conv,input,368640000,0.0,6.0,3.552438343490394e-09,1.1641532182693481e-10,0.4998016194661458,INT16,Sufficient,0.00023074795582170182,0.9618847003477294,,,0.00012242476431622833
inference,features.12.conv.1.0,Conv2d,conv,input,368640000,0.0,6.0,3.552438343490394e-09,1.1641532182693481e-10,0.4998016194661458,INT8,Marginal,0.0254027883139477,1.0,,,0.031586553168109086
inference,features.12.conv.1.0,Conv2d,conv,activation,368640000,-1.4409494400024414,1.6615190505981445,6.114095341125392e-11,1.4551915228366852e-11,0.10863341200086805,FP16,Sufficient,0.00015779043649301902,0.016835480476913155,0.0,0.0,
inference,features.12.conv.1.0,Conv2d,conv,activation,368640000,-1.4409494400024414,1.6615190505981445,6.114095341125392e-11,1.4551915228366852e-11,0.10863341200086805,FP8_E4M3,Not sufficient,0.05915095976248857,1.0,0.0,0.025267304445694992,
inference,features.12.conv.1.0,Conv2d,conv,activation,368640000,-1.4409494400024414,1.6615190505981445,6.114095341125392e-11,1.4551915228366852e-11,0.10863341200086805,FP8_E5M2,Marginal,0.03996215233521836,1.0,0.0,0.0003376477208778841,
inference,features.12.conv.1.0,Conv2d,conv,activation,368640000,-1.4409494400024414,1.6615190505981445,6.114095341125392e-11,1.4551915228366852e-11,0.10863341200086805,INT16,Sufficient,0.001455379409049144,1.0,,,2.3954704180589495e-05
inference,features.12.conv.1.0,Conv2d,conv,activation,368640000,-1.4409494400024414,1.6615190505981445,6.114095341125392e-11,1.4551915228366852e-11,0.10863341200086805,INT8,Not sufficient,0.11439220390803612,1.0,,,0.006180502298310047
inference,features.12.conv.1.1,BatchNorm2d,batchnorm,weight,576,0.7139185667037964,0.8042842149734497,0.7139185667037964,5.960464477539063e-08,0.0,FP16,Sufficient,0.00015753631369543901,0.0003345389431364714,0.0,0.0,
inference,features.12.conv.1.1,BatchNorm2d,batchnorm,weight,576,0.7139185667037964,0.8042842149734497,0.7139185667037964,5.960464477539063e-08,0.0,FP8_E4M3,Sufficient,0.012451976022485623,0.04302216771247301,0.0,0.0,
inference,features.12.conv.1.1,BatchNorm2d,batchnorm,weight,576,0.7139185667037964,0.8042842149734497,0.7139185667037964,5.960464477539063e-08,0.0,FP8_E5M2,Sufficient,0.012847529549558645,0.06749382116773445,0.0,0.0,
inference,features.12.conv.1.1,BatchNorm2d,batchnorm,weight,576,0.7139185667037964,0.8042842149734497,0.7139185667037964,5.960464477539063e-08,0.0,INT16,Sufficient,7.87564479276601e-06,1.689873423545149e-05,,,2.4545555436062188e-05
inference,features.12.conv.1.1,BatchNorm2d,batchnorm,weight,576,0.7139185667037964,0.8042842149734497,0.7139185667037964,5.960464477539063e-08,0.0,INT8,Sufficient,0.002149271643411518,0.004291019541866885,,,0.006332946574594092
inference,features.12.conv.1.1,BatchNorm2d,batchnorm,bias,576,-0.02756672166287899,0.028116678819060326,2.3289825548999943e-05,7.08969309926033e-08,0.0,FP16,Sufficient,0.00017526329853312966,0.0006694149831646544,0.0,0.0,
inference,features.12.conv.1.1,BatchNorm2d,batchnorm,bias,576,-0.02756672166287899,0.028116678819060326,2.3289825548999943e-05,7.08969309926033e-08,0.0,FP8_E4M3,Not sufficient,0.18913730604916135,1.0,0.0,0.09027777777777778,
inference,features.12.conv.1.1,BatchNorm2d,batchnorm,bias,576,-0.02756672166287899,0.028116678819060326,2.3289825548999943e-05,7.08969309926033e-08,0.0,FP8_E5M2,Marginal,0.04613122467095695,0.31033948969662484,0.0,0.0,
inference,features.12.conv.1.1,BatchNorm2d,batchnorm,bias,576,-0.02756672166287899,0.028116678819060326,2.3289825548999943e-05,7.08969309926033e-08,0.0,INT16,Sufficient,0.00011752714707832592,0.005224988331116595,,,8.580791289730621e-07
inference,features.12.conv.1.1,BatchNorm2d,batchnorm,bias,576,-0.02756672166287899,0.028116678819060326,2.3289825548999943e-05,7.08969309926033e-08,0.0,INT8,Marginal,0.031188216478450565,1.0,,,0.0002213911718036246
inference,features.12.conv.1.1,BatchNorm2d,batchnorm,input,368640000,-1.4409494400024414,1.6615190505981445,6.114095341125392e-11,1.4551915228366852e-11,0.10863341200086805,FP16,Sufficient,0.00015779043649301902,0.016835480476913155,0.0,0.0,
inference,features.12.conv.1.1,BatchNorm2d,batchnorm,input,368640000,-1.4409494400024414,1.6615190505981445,6.114095341125392e-11,1.4551915228366852e-11,0.10863341200086805,FP8_E4M3,Not sufficient,0.05915095976248857,1.0,0.0,0.025267304445694992,
inference,features.12.conv.1.1,BatchNorm2d,batchnorm,input,368640000,-1.4409494400024414,1.6615190505981445,6.114095341125392e-11,1.4551915228366852e-11,0.10863341200086805,FP8_E5M2,Marginal,0.03996215233521836,1.0,0.0,0.0003376477208778841,
inference,features.12.conv.1.1,BatchNorm2d,batchnorm,input,368640000,-1.4409494400024414,1.6615190505981445,6.114095341125392e-11,1.4551915228366852e-11,0.10863341200086805,INT16,Sufficient,0.001455379409049144,1.0,,,2.3954704180589495e-05
inference,features.12.conv.1.1,BatchNorm2d,batchnorm,input,368640000,-1.4409494400024414,1.6615190505981445,6.114095341125392e-11,1.4551915228366852e-11,0.10863341200086805,INT8,Not sufficient,0.11439220390803612,1.0,,,0.006180502298310047
inference,features.12.conv.1.1,BatchNorm2d,batchnorm,activation,368640000,-9.917465209960938,9.836371421813965,1.0029705066472161e-08,2.0372681319713593e-10,0.0,FP16,Sufficient,0.00017623412359024198,0.0005946768107412289,0.0,0.0,
inference,features.12.conv.1.1,BatchNorm2d,batchnorm,activation,368640000,-9.917465209960938,9.836371421813965,1.0029705066472161e-08,2.0372681319713593e-10,0.0,FP8_E4M3,Marginal,0.025596194781714928,1.0,0.0,0.00145,
inference,features.12.conv.1.1,BatchNorm2d,batchnorm,activation,368640000,-9.917465209960938,9.836371421813965,1.0029705066472161e-08,2.0372681319713593e-10,0.0,FP8_E5M2,Marginal,0.045701981619517655,0.1110711727330143,0.0,0.0,
inference,features.12.conv.1.1,BatchNorm2d,batchnorm,activation,368640000,-9.917465209960938,9.836371421813965,1.0029705066472161e-08,2.0372681319713593e-10,0.0,INT16,Sufficient,0.000633539516337496,1.0,,,0.0001852026092532091
inference,features.12.conv.1.1,BatchNorm2d,batchnorm,activation,368640000,-9.917465209960938,9.836371421813965,1.0029705066472161e-08,2.0372681319713593e-10,0.0,INT8,Marginal,0.07864711865514615,1.0,,,0.04778373147558978
inference,features.12.conv.2,Conv2d,conv,weight,55296,-0.4757530093193054,0.4516156017780304,7.983854288795555e-07,4.656612873077393e-10,0.0,FP16,Sufficient,0.00017696315204265232,0.0014129759270485813,0.0,0.0,
inference,features.12.conv.2,Conv2d,conv,weight,55296,-0.4757530093193054,0.4516156017780304,7.983854288795555e-07,4.656612873077393e-10,0.0,FP8_E4M3,Marginal,0.0380094805210511,1.0,0.0,0.0079,
inference,features.12.conv.2,Conv2d,conv,weight,55296,-0.4757530093193054,0.4516156017780304,7.983854288795555e-07,4.656612873077393e-10,0.0,FP8_E5M2,Marginal,0.04464977433486312,1.0,0.0,5e-05,
inference,features.12.conv.2,Conv2d,conv,weight,55296,-0.4757530093193054,0.4516156017780304,7.983854288795555e-07,4.656612873077393e-10,0.0,INT16,Sufficient,0.00027242981242047825,1.0,,,1.3782635022370996e-05
inference,features.12.conv.2,Conv2d,conv,weight,55296,-0.4757530093193054,0.4516156017780304,7.983854288795555e-07,4.656612873077393e-10,0.0,INT8,Marginal,0.04102381098088312,1.0,,,0.0035560283604569322
inference,features.12.conv.2,Conv2d,conv,input,368640000,0.0,6.0,1.0029705066472161e-08,2.3283064365386963e-10,0.5079942952473958,FP16,Sufficient,8.671445959439441e-05,0.0005946768107412289,0.0,0.0,
inference,features.12.conv.2,Conv2d,conv,input,368640000,0.0,6.0,1.0029705066472161e-08,2.3283064365386963e-10,0.5079942952473958,FP8_E4M3,Sufficient,0.012539137355905961,1.0,0.0,0.001425952332450601,
inference,features.12.conv.2,Conv2d,conv,input,368640000,0.0,6.0,1.0029705066472161e-08,2.3283064365386963e-10,0.5079942952473958,FP8_E5M2,Marginal,0.0225738268292172,0.1110711727330143,0.0,0.0,
inference,features.12.conv.2,Conv2d,conv,input,368640000,0.0,6.0,1.0029705066472161e-08,2.3283064365386963e-10,0.5079942952473958,INT16,Sufficient,0.0002898111343371193,1.0,,,0.0001538580787568583
inference,features.12.conv.2,Conv2d,conv,input,368640000,0.0,6.0,1.0029705066472161e-08,2.3283064365386963e-10,0.5079942952473958,INT8,Marginal,0.03140384788409815,1.0,,,0.03969659580020454
inference,features.12.conv.2,Conv2d,conv,activation,61440000,-14.313791275024414,14.334635734558105,5.21540641784668e-08,9.313225746154785e-10,0.0,FP16,Sufficient,0.0001781234580029287,0.0004841262032387675,0.0,0.0,
inference,features.12.conv.2,Conv2d,conv,activation,61440000,-14.313791275024414,14.334635734558105,5.21540641784668e-08,9.313225746154785e-10,0.0,FP8_E4M3,Marginal,0.024074012017220463,1.0,0.0,0.0008,
inference,features.12.conv.2,Conv2d,conv,activation,61440000,-14.313791275024414,14.334635734558105,5.21540641784668e-08,9.313225746154785e-10,0.0,FP8_E5M2,Marginal,0.044871598302958754,0.1111094156868704,0.0,0.0,
inference,features.12.conv.2,Conv2d,conv,activation,61440000,-14.313791275024414,14.334635734558105,5.21540641784668e-08,9.313225746154785e-10,0.0,INT16,Sufficient,0.00043377487267034435,1.0,,,0.0003027139877266715
inference,features.12.conv.2,Conv2d,conv,activation,61440000,-14.313791275024414,14.334635734558105,5.21540641784668e-08,9.313225746154785e-10,0.0,INT8,Marginal,0.059451706326180624,1.0,,,0.07810259240818775
inference,features.12.conv.3,BatchNorm2d,batchnorm,weight,96,0.6750045418739319,0.7938266396522522,0.6750045418739319,7.808208465576172e-06,0.0,FP16,Sufficient,0.00016903089898311516,0.000350398287202155,0.0,0.0,
inference,features.12.conv.3,BatchNorm2d,batchnorm,weight,96,0.6750045418739319,0.7938266396522522,0.6750045418739319,7.808208465576172e-06,0.0,FP8_E4M3,Marginal,0.021963931914023172,0.0428210184064211,0.0,0.0,
inference,features.12.conv.3,BatchNorm2d,batchnorm,weight,96,0.6750045418739319,0.7938266396522522,0.6750045418739319,7.808208465576172e-06,0.0,FP8_E5M2,Marginal,0.03450926186250055,0.08989399009900732,0.0,0.0,
inference,features.12.conv.3,BatchNorm2d,batchnorm,weight,96,0.6750045418739319,0.7938266396522522,0.6750045418739319,7.808208465576172e-06,0.0,INT16,Sufficient,8.556760804286335e-06,1.6726646058645515e-05,,,2.4226405824526268e-05
inference,features.12.conv.3,BatchNorm2d,batchnorm,weight,96,0.6750045418739319,0.7938266396522522,0.6750045418739319,7.808208465576172e-06,0.0,INT8,Sufficient,0.0021318961536846434,0.004363738263105613,,,0.006250603461828757
inference,features.12.conv.3,BatchNorm2d,batchnorm,bias,96,-8.551881364837755e-06,8.58577732287813e-06,2.689514921883074e-08,1.8332855233893497e-09,0.0,FP16,Not sufficient,0.0327723495753431,1.0,0.0,0.010416666666666666,
inference,features.12.conv.3,BatchNorm2d,batchnorm,bias,96,-8.551881364837755e-06,8.58577732287813e-06,2.689514921883074e-08,1.8332855233893497e-09,0.0,FP8_E4M3,Not sufficient,1.0,1.0,0.0,1.0,
inference,features.12.conv.3,BatchNorm2d,batchnorm,bias,96,-8.551881364837755e-06,8.58577732287813e-06,2.689514921883074e-08,1.8332855233893497e-09,0.0,FP8_E5M2,Not sufficient,0.9954320628825389,1.0,0.0,0.9791666666666666,
inference,features.12.conv.3,BatchNorm2d,batchnorm,bias,96,-8.551881364837755e-06,8.58577732287813e-06,2.689514921883074e-08,1.8332855233893497e-09,0.0,INT16,Sufficient,0.00013611057405118422,0.003474188556307186,,,2.62025126587058e-10
inference,features.12.conv.3,BatchNorm2d,batchnorm,bias,96,-8.551881364837755e-06,8.58577732287813e-06,2.689514921883074e-08,1.8332855233893497e-09,0.0,INT8,Marginal,0.038528798942162316,1.0,,,6.760454584943409e-08
inference,features.12.conv.3,BatchNorm2d,batchnorm,input,61440000,-14.313791275024414,14.334635734558105,5.21540641784668e-08,9.313225746154785e-10,0.0,FP16,Sufficient,0.0001781234580029287,0.0004841262032387675,0.0,0.0,
inference,features.12.conv.3,BatchNorm2d,batchnorm,input,61440000,-14.313791275024414,14.334635734558105,5.21540641784668e-08,9.313225746154785e-10,0.0,FP8_E4M3,Marginal,0.024074012017220463,1.0,0.0,0.0008,
inference,features.12.conv.3,BatchNorm2d,batchnorm,input,61440000,-14.313791275024414,14.334635734558105,5.21540641784668e-08,9.313225746154785e-10,0.0,FP8_E5M2,Marginal,0.044871598302958754,0.1111094156868704,0.0,0.0,
inference,features.12.conv.3,BatchNorm2d,batchnorm,input,61440000,-14.313791275024414,14.334635734558105,5.21540641784668e-08,9.313225746154785e-10,0.0,INT16,Sufficient,0.00043377487267034435,1.0,,,0.0003027139877266715
inference,features.12.conv.3,BatchNorm2d,batchnorm,input,61440000,-14.313791275024414,14.334635734558105,5.21540641784668e-08,9.313225746154785e-10,0.0,INT8,Marginal,0.059451706326180624,1.0,,,0.07810259240818775
inference,features.12.conv.3,BatchNorm2d,batchnorm,activation,61440000,-6.707307815551758,6.388491630554199,1.4183486385377364e-08,2.3283064365386963e-10,0.0,FP16,Sufficient,0.00017540646715191423,0.0004837837761075193,0.0,0.0,
inference,features.12.conv.3,BatchNorm2d,batchnorm,activation,61440000,-6.707307815551758,6.388491630554199,1.4183486385377364e-08,2.3283064365386963e-10,0.0,FP8_E4M3,Marginal,0.024762907731651865,1.0,0.0,0.00105,
inference,features.12.conv.3,BatchNorm2d,batchnorm,activation,61440000,-6.707307815551758,6.388491630554199,1.4183486385377364e-08,2.3283064365386963e-10,0.0,FP8_E5M2,Marginal,0.04527544384331593,0.5610469235712817,0.0,0.0,
inference,features.12.conv.3,BatchNorm2d,batchnorm,activation,61440000,-6.707307815551758,6.388491630554199,1.4183486385377364e-08,2.3283064365386963e-10,0.0,INT16,Sufficient,0.0004168190267421278,1.0,,,0.0001234414212438197
inference,features.12.conv.3,BatchNorm2d,batchnorm,activation,61440000,-6.707307815551758,6.388491630554199,1.4183486385377364e-08,2.3283064365386963e-10,0.0,INT8,Marginal,0.05281882861679729,1.0,,,0.03184885866060032
inference,features.13.conv.0.0,Conv2d,conv,weight,55296,-0.19367621839046478,0.19312860071659088,8.725957059141365e-07,4.656612873077393e-10,0.0,FP16,Sufficient,0.00017572864737576456,0.0014654741422435362,0.0,0.0,
inference,features.13.conv.0.0,Conv2d,conv,weight,55296,-0.19367621839046478,0.19312860071659088,8.725957059141365e-07,4.656612873077393e-10,0.0,FP8_E4M3,Not sufficient,0.05682015758823901,1.0,0.0,0.0155,
inference,features.13.conv.0.0,Conv2d,conv,weight,55296,-0.19367621839046478,0.19312860071659088,8.725957059141365e-07,4.656612873077393e-10,0.0,FP8_E5M2,Marginal,0.045110655543000346,0.8705438020150148,0.0,0.0,
inference,features.13.conv.0.0,Conv2d,conv,weight,55296,-0.19367621839046478,0.19312860071659088,8.725957059141365e-07,4.656612873077393e-10,0.0,INT16,Sufficient,0.00021268061056403288,0.2754181877019546,,,5.910709506224701e-06
inference,features.13.conv.0.0,Conv2d,conv,weight,55296,-0.19367621839046478,0.19312860071659088,8.725957059141365e-07,4.656612873077393e-10,0.0,INT8,Marginal,0.039978177027919774,1.0,,,0.0015250095936257069
inference,features.13.conv.0.0,Conv2d,conv,input,61440000,-10.878978729248047,11.189353942871094,5.960464477539063e-08,1.862645149230957e-09,1.6276041666666667e-08,FP16,Sufficient,0.0001756258583727814,0.0005583472920156337,0.0,0.0,
inference,features.13.conv.0.0,Conv2d,conv,input,61440000,-10.878978729248047,11.189353942871094,5.960464477539063e-08,1.862645149230957e-09,1.6276041666666667e-08,FP8_E4M3,Marginal,0.024143497224085,1.0,0.0,0.0009,
inference,features.13.conv.0.0,Conv2d,conv,input,61440000,-10.878978729248047,11.189353942871094,5.960464477539063e-08,1.862645149230957e-09,1.6276041666666667e-08,FP8_E5M2,Marginal,0.04465906861126739,0.1423785594639866,0.0,0.0,
inference,features.13.conv.0.0,Conv2d,conv,input,61440000,-10.878978729248047,11.189353942871094,5.960464477539063e-08,1.862645149230957e-09,1.6276041666666667e-08,INT16,Sufficient,0.00045678437396889525,1.0,,,0.0002287438795710409
inference,features.13.conv.0.0,Conv2d,conv,input,61440000,-10.878978729248047,11.189353942871094,5.960464477539063e-08,1.862645149230957e-09,1.6276041666666667e-08,INT8,Marginal,0.05932637081147565,1.0,,,0.059017722062238556
inference,features.13.conv.0.0,Conv2d,conv,activation,368640000,-6.505678176879883,7.094731330871582,3.725290298461914e-09,4.656612873077393e-10,2.7126736111111112e-09,FP16,Sufficient,0.00017509163941793374,0.0004836464878010242,0.0,0.0,
inference,features.13.conv.0.0,Conv2d,conv,activation,368640000,-6.505678176879883,7.094731330871582,3.725290298461914e-09,4.656612873077393e-10,2.7126736111111112e-09,FP8_E4M3,Marginal,0.02534259419033331,1.0,0.0,0.00145,
inference,features.13.conv.0.0,Conv2d,conv,activation,368640000,-6.505678176879883,7.094731330871582,3.725290298461914e-09,4.656612873077393e-10,2.7126736111111112e-09,FP8_E5M2,Marginal,0.04474138432882042,0.13483561137790911,0.0,0.0,
inference,features.13.conv.0.0,Conv2d,conv,activation,368640000,-6.505678176879883,7.094731330871582,3.725290298461914e-09,4.656612873077393e-10,2.7126736111111112e-09,INT16,Sufficient,0.0003934904194663884,1.0,,,0.00011981220107404962
inference,features.13.conv.0.0,Conv2d,conv,activation,368640000,-6.505678176879883,7.094731330871582,3.725290298461914e-09,4.656612873077393e-10,2.7126736111111112e-09,INT8,Marginal,0.059582841287284076,1.0,,,0.030912491280262865
inference,features.13.conv.0.1,BatchNorm2d,batchnorm,weight,576,0.7466771602630615,0.7493637204170227,0.7466771602630615,5.960464477539063e-08,0.0,FP16,Sufficient,0.0001605437683639678,0.0003261585883167634,0.0,0.0,
inference,features.13.conv.0.1,BatchNorm2d,batchnorm,weight,576,0.7466771602630615,0.7493637204170227,0.7466771602630615,5.960464477539063e-08,0.0,FP8_E4M3,Sufficient,0.003120927051283039,0.0044501692482033445,0.0,0.0,
inference,features.13.conv.0.1,BatchNorm2d,batchnorm,weight,576,0.7466771602630615,0.7493637204170227,0.7466771602630615,5.960464477539063e-08,0.0,FP8_E5M2,Sufficient,0.003120927051283039,0.0044501692482033445,0.0,0.0,
inference,features.13.conv.0.1,BatchNorm2d,batchnorm,weight,576,0.7466771602630615,0.7493637204170227,0.7466771602630615,5.960464477539063e-08,0.0,INT16,Sufficient,7.585090072705247e-06,1.5268314786747795e-05,,,2.2869463802515417e-05
inference,features.13.conv.0.1,BatchNorm2d,batchnorm,weight,576,0.7466771602630615,0.7493637204170227,0.7466771602630615,5.960464477539063e-08,0.0,INT8,Sufficient,0.002269906564429722,0.0035980210684557175,,,0.005900501735567108
inference,features.13.conv.0.1,BatchNorm2d,batchnorm,bias,576,-0.018784651532769203,0.02283584699034691,1.1340614037180785e-05,3.026798367500305e-08,0.0,FP16,Sufficient,0.0001781073828813624,0.001387185015290152,0.0,0.0,
inference,features.13.conv.0.1,BatchNorm2d,batchnorm,bias,576,-0.018784651532769203,0.02283584699034691,1.1340614037180785e-05,3.026798367500305e-08,0.0,FP8_E4M3,Not sufficient,0.2844228501676358,1.0,0.0,0.14756944444444445,
inference,features.13.conv.0.1,BatchNorm2d,batchnorm,bias,576,-0.018784651532769203,0.02283584699034691,1.1340614037180785e-05,3.026798367500305e-08,0.0,FP8_E5M2,Marginal,0.045776564971543,0.34549937176887224,0.0,0.0,
inference,features.13.conv.0.1,BatchNorm2d,batchnorm,bias,576,-0.018784651532769203,0.02283584699034691,1.1340614037180785e-05,3.026798367500305e-08,0.0,INT16,Sufficient,0.00015029040452166676,0.01675022465986526,,,6.969160127673241e-07
inference,features.13.conv.0.1,BatchNorm2d,batchnorm,bias,576,-0.018784651532769203,0.02283584699034691,1.1340614037180785e-05,3.026798367500305e-08,0.0,INT8,Marginal,0.03407569222408213,1.0,,,0.0001798098188216292
inference,features.13.conv.0.1,BatchNorm2d,batchnorm,input,368640000,-6.505678176879883,7.094731330871582,3.725290298461914e-09,4.656612873077393e-10,2.7126736111111112e-09,FP16,Sufficient,0.00017509163941793374,0.0004836464878010242,0.0,0.0,
inference,features.13.conv.0.1,BatchNorm2d,batchnorm,input,368640000,-6.505678176879883,7.094731330871582,3.725290298461914e-09,4.656612873077393e-10,2.7126736111111112e-09,FP8_E4M3,Marginal,0.02534259419033331,1.0,0.0,0.00145,
inference,features.13.conv.0.1,BatchNorm2d,batchnorm,input,368640000,-6.505678176879883,7.094731330871582,3.725290298461914e-09,4.656612873077393e-10,2.7126736111111112e-09,FP8_E5M2,Marginal,0.04474138432882042,0.13483561137790911,0.0,0.0,
inference,features.13.conv.0.1,BatchNorm2d,batchnorm,input,368640000,-6.505678176879883,7.094731330871582,3.725290298461914e-09,4.656612873077393e-10,2.7126736111111112e-09,INT16,Sufficient,0.0003934904194663884,1.0,,,0.00011981220107404962
inference,features.13.conv.0.1,BatchNorm2d,batchnorm,input,368640000,-6.505678176879883,7.094731330871582,3.725290298461914e-09,4.656612873077393e-10,2.7126736111111112e-09,INT8,Marginal,0.059582841287284076,1.0,,,0.030912491280262865
inference,features.13.conv.0.1,BatchNorm2d,batchnorm,activation,368640000,-6.778701305389404,8.216286659240723,3.0524003324927662e-09,2.3283064365386963e-10,0.0,FP16,Sufficient,0.00017461553959530117,0.00048483369562076373,0.0,0.0,
inference,features.13.conv.0.1,BatchNorm2d,batchnorm,activation,368640000,-6.778701305389404,8.216286659240723,3.0524003324927662e-09,2.3283064365386963e-10,0.0,FP8_E4M3,Marginal,0.024828899280279156,1.0,0.0,0.0012,
inference,features.13.conv.0.1,BatchNorm2d,batchnorm,activation,368640000,-6.778701305389404,8.216286659240723,3.0524003324927662e-09,2.3283064365386963e-10,0.0,FP8_E5M2,Marginal,0.044756646898555866,0.1110932152887213,0.0,0.0,
inference,features.13.conv.0.1,BatchNorm2d,batchnorm,activation,368640000,-6.778701305389404,8.216286659240723,3.0524003324927662e-09,2.3283064365386963e-10,0.0,INT16,Sufficient,0.0003633386676838782,0.6233194079213945,,,0.00012129966320690136
inference,features.13.conv.0.1,BatchNorm2d,batchnorm,activation,368640000,-6.778701305389404,8.216286659240723,3.0524003324927662e-09,2.3283064365386963e-10,0.0,INT8,Marginal,0.052795393591997024,1.0,,,0.031296268222838874
inference,features.13.conv.1.0,Conv2d,conv,weight,5184,-0.12869343161582947,0.16453222930431366,1.343496819572465e-06,3.725290298461914e-09,0.0,FP16,Sufficient,0.00018163759595367593,0.02040199117869286,0.0,0.0,
inference,features.13.conv.1.0,Conv2d,conv,weight,5184,-0.12869343161582947,0.16453222930431366,1.343496819572465e-06,3.725290298461914e-09,0.0,FP8_E4M3,Not sufficient,0.05195196602599324,1.0,0.0,0.013695987654320988,
inference,features.13.conv.1.0,Conv2d,conv,weight,5184,-0.12869343161582947,0.16453222930431366,1.343496819572465e-06,3.725290298461914e-09,0.0,FP8_E5M2,Marginal,0.044808709835938966,1.0,0.0,0.00019290123456790122,
inference,features.13.conv.1.0,Conv2d,conv,weight,5184,-0.12869343161582947,0.16453222930431366,1.343496819572465e-06,3.725290298461914e-09,0.0,INT16,Sufficient,0.0003479734633679075,1.0,,,5.021278399130639e-06
inference,features.13.conv.1.0,Conv2d,conv,weight,5184,-0.12869343161582947,0.16453222930431366,1.343496819572465e-06,3.725290298461914e-09,0.0,INT8,Marginal,0.031178358206916126,1.0,,,0.001295529364600895
inference,features.13.conv.1.0,Conv2d,conv,input,368640000,0.0,6.0,1.4132491621410281e-08,2.3283064365386963e-10,0.5031482177734375,FP16,Sufficient,8.702230634353018e-05,0.00048483369562076373,0.0,0.0,
inference,features.13.conv.1.0,Conv2d,conv,input,368640000,0.0,6.0,1.4132491621410281e-08,2.3283064365386963e-10,0.5031482177734375,FP8_E4M3,Sufficient,0.012393894866285596,1.0,0.0,0.0012014417300760913,
inference,features.13.conv.1.0,Conv2d,conv,input,368640000,0.0,6.0,1.4132491621410281e-08,2.3283064365386963e-10,0.5031482177734375,FP8_E5M2,Marginal,0.022396952320337487,0.1110932152887213,0.0,0.0,
inference,features.13.conv.1.0,Conv2d,conv,input,368640000,0.0,6.0,1.4132491621410281e-08,2.3283064365386963e-10,0.5031482177734375,INT16,Sufficient,0.0001758978970672035,0.30873193501176993,,,0.00012129966320690136
inference,features.13.conv.1.0,Conv2d,conv,input,368640000,0.0,6.0,1.4132491621410281e-08,2.3283064365386963e-10,0.5031482177734375,INT8,Marginal,0.026783287674650158,1.0,,,0.031296268222838874
inference,features.13.conv.1.0,Conv2d,conv,activation,368640000,-1.3078151941299438,1.4883067607879639,6.63627312824655e-12,1.8189894035458565e-12,0.11945421549479167,FP16,Sufficient,0.0002127520459045209,1.0,0.0,5.677624481916766e-05,
inference,features.13.conv.1.0,Conv2d,conv,activation,368640000,-1.3078151941299438,1.4883067607879639,6.63627312824655e-12,1.8189894035458565e-12,0.11945421549479167,FP8_E4M3,Not sufficient,0.06534056559283757,1.0,0.0,0.03082950093680804,
inference,features.13.conv.1.0,Conv2d,conv,activation,368640000,-1.3078151941299438,1.4883067607879639,6.63627312824655e-12,1.8189894035458565e-12,0.11945421549479167,FP8_E5M2,Marginal,0.04033605761668126,1.0,0.0,0.0005677624481916766,
inference,features.13.conv.1.0,Conv2d,conv,activation,368640000,-1.3078151941299438,1.4883067607879639,6.63627312824655e-12,1.8189894035458565e-12,0.11945421549479167,INT16,Sufficient,0.0019693437491988615,1.0,,,2.5152852676623972e-05
inference,features.13.conv.1.0,Conv2d,conv,activation,368640000,-1.3078151941299438,1.4883067607879639,6.63627312824655e-12,1.8189894035458565e-12,0.11945421549479167,INT8,Not sufficient,0.13282971968261514,1.0,,,0.006489634044527069
inference,features.13.conv.1.1,BatchNorm2d,batchnorm,weight,576,0.718699038028717,0.7866352200508118,0.718699038028717,5.960464477539063e-08,0.0,FP16,Sufficient,0.00017094160732193949,0.00033223618444402155,0.0,0.0,
inference,features.13.conv.1.1,BatchNorm2d,batchnorm,weight,576,0.718699038028717,0.7866352200508118,0.718699038028717,5.960464477539063e-08,0.0,FP8_E4M3,Sufficient,0.009637092129660558,0.043410435214010154,0.0,0.0,
inference,features.13.conv.1.1,BatchNorm2d,batchnorm,weight,576,0.718699038028717,0.7866352200508118,0.718699038028717,5.960464477539063e-08,0.0,FP8_E5M2,Sufficient,0.009674343293208666,0.04657205667506899,0.0,0.0,
inference,features.13.conv.1.1,BatchNorm2d,batchnorm,weight,576,0.718699038028717,0.7866352200508118,0.718699038028717,5.960464477539063e-08,0.0,INT16,Sufficient,8.284770868094017e-06,1.636384537965668e-05,,,2.4006934417273836e-05
inference,features.13.conv.1.1,BatchNorm2d,batchnorm,weight,576,0.718699038028717,0.7866352200508118,0.718699038028717,5.960464477539063e-08,0.0,INT8,Sufficient,0.002066403815462701,0.004135229942623863,,,0.006193978110636313
inference,features.13.conv.1.1,BatchNorm2d,batchnorm,bias,576,-0.02335326373577118,0.021043948829174042,1.1881817044923082e-05,1.1641532182693481e-08,0.0,FP16,Sufficient,0.0001791745738502821,0.0017247138668158378,0.0,0.0,
inference,features.13.conv.1.1,BatchNorm2d,batchnorm,bias,576,-0.02335326373577118,0.021043948829174042,1.1881817044923082e-05,1.1641532182693481e-08,0.0,FP8_E4M3,Not sufficient,0.24208305530563268,1.0,0.0,0.1076388888888889,
inference,features.13.conv.1.1,BatchNorm2d,batchnorm,bias,576,-0.02335326373577118,0.021043948829174042,1.1881817044923082e-05,1.1641532182693481e-08,0.0,FP8_E5M2,Marginal,0.047158385884869584,0.28421343341756355,0.0,0.0,
inference,features.13.conv.1.1,BatchNorm2d,batchnorm,bias,576,-0.02335326373577118,0.021043948829174042,1.1881817044923082e-05,1.1641532182693481e-08,0.0,INT16,Sufficient,0.00017156754248054325,0.019710669223112716,,,7.127068006155943e-07
inference,features.13.conv.1.1,BatchNorm2d,batchnorm,bias,576,-0.02335326373577118,0.021043948829174042,1.1881817044923082e-05,1.1641532182693481e-08,0.0,INT8,Marginal,0.037823960456066924,1.0,,,0.00018388396642339511
inference,features.13.conv.1.1,BatchNorm2d,batchnorm,input,368640000,-1.3078151941299438,1.4883067607879639,6.63627312824655e-12,1.8189894035458565e-12,0.11945421549479167,FP16,Sufficient,0.0002127520459045209,1.0,0.0,5.677624481916766e-05,
inference,features.13.conv.1.1,BatchNorm2d,batchnorm,input,368640000,-1.3078151941299438,1.4883067607879639,6.63627312824655e-12,1.8189894035458565e-12,0.11945421549479167,FP8_E4M3,Not sufficient,0.06534056559283757,1.0,0.0,0.03082950093680804,
inference,features.13.conv.1.1,BatchNorm2d,batchnorm,input,368640000,-1.3078151941299438,1.4883067607879639,6.63627312824655e-12,1.8189894035458565e-12,0.11945421549479167,FP8_E5M2,Marginal,0.04033605761668126,1.0,0.0,0.0005677624481916766,
inference,features.13.conv.1.1,BatchNorm2d,batchnorm,input,368640000,-1.3078151941299438,1.4883067607879639,6.63627312824655e-12,1.8189894035458565e-12,0.11945421549479167,INT16,Sufficient,0.0019693437491988615,1.0,,,2.5152852676623972e-05
inference,features.13.conv.1.1,BatchNorm2d,batchnorm,input,368640000,-1.3078151941299438,1.4883067607879639,6.63627312824655e-12,1.8189894035458565e-12,0.11945421549479167,INT8,Not sufficient,0.13282971968261514,1.0,,,0.006489634044527069
inference,features.13.conv.1.1,BatchNorm2d,batchnorm,activation,368640000,-10.505298614501953,10.758087158203125,1.415137673710376e-09,2.3283064365386963e-10,0.0,FP16,Sufficient,0.00017793373462545098,0.0004849495421547806,0.0,0.0,
inference,features.13.conv.1.1,BatchNorm2d,batchnorm,activation,368640000,-10.505298614501953,10.758087158203125,1.415137673710376e-09,2.3283064365386963e-10,0.0,FP8_E4M3,Marginal,0.024800689647288623,1.0,0.0,0.00095,
inference,features.13.conv.1.1,BatchNorm2d,batchnorm,activation,368640000,-10.505298614501953,10.758087158203125,1.415137673710376e-09,2.3283064365386963e-10,0.0,FP8_E5M2,Marginal,0.04537717183726955,0.11109921974381404,0.0,0.0,
inference,features.13.conv.1.1,BatchNorm2d,batchnorm,activation,368640000,-10.505298614501953,10.758087158203125,1.415137673710376e-09,2.3283064365386963e-10,0.0,INT16,Sufficient,0.0005068387176399676,0.8317504661195307,,,0.00017318484889914163
inference,features.13.conv.1.1,BatchNorm2d,batchnorm,activation,368640000,-10.505298614501953,10.758087158203125,1.415137673710376e-09,2.3283064365386963e-10,0.0,INT8,Marginal,0.07177096418294396,1.0,,,0.04468305467620609
inference,features.13.conv.2,Conv2d,conv,weight,55296,-0.42268630862236023,0.42864716053009033,1.5197769016594975e-06,4.656612873077393e-10,0.0,FP16,Sufficient,0.00017713872309495083,0.001187124495084711,0.0,0.0,
inference,features.13.conv.2,Conv2d,conv,weight,55296,-0.42268630862236023,0.42864716053009033,1.5197769016594975e-06,4.656612873077393e-10,0.0,FP8_E4M3,Marginal,0.03795152783364504,1.0,0.0,0.0074,
inference,features.13.conv.2,Conv2d,conv,weight,55296,-0.42268630862236023,0.42864716053009033,1.5197769016594975e-06,4.656612873077393e-10,0.0,FP8_E5M2,Marginal,0.045080288204335565,0.8307421705052978,0.0,0.0,
inference,features.13.conv.2,Conv2d,conv,weight,55296,-0.42268630862236023,0.42864716053009033,1.5197769016594975e-06,4.656612873077393e-10,0.0,INT16,Sufficient,0.0002505873388025763,0.547706532435362,,,1.2899756115065775e-05
inference,features.13.conv.2,Conv2d,conv,weight,55296,-0.42268630862236023,0.42864716053009033,1.5197769016594975e-06,4.656612873077393e-10,0.0,INT8,Marginal,0.03908575445738652,1.0,,,0.0033282386505697654
inference,features.13.conv.2,Conv2d,conv,input,368640000,0.0,6.0,1.415137673710376e-09,2.3283064365386963e-10,0.5198241482204861,FP16,Sufficient,8.665457568000945e-05,0.0004849495421547806,0.0,0.0,
inference,features.13.conv.2,Conv2d,conv,input,368640000,0.0,6.0,1.415137673710376e-09,2.3283064365386963e-10,0.5198241482204861,FP8_E4M3,Sufficient,0.01183112358559469,1.0,0.0,0.0005187798298402158,
inference,features.13.conv.2,Conv2d,conv,input,368640000,0.0,6.0,1.415137673710376e-09,2.3283064365386963e-10,0.5198241482204861,FP8_E5M2,Marginal,0.02158150129925453,0.11109921974381404,0.0,0.0,
inference,features.13.conv.2,Conv2d,conv,input,368640000,0.0,6.0,1.415137673710376e-09,2.3283064365386963e-10,0.5198241482204861,INT16,Sufficient,0.0001982776761234963,0.2434655884833851,,,0.00017318484889914163
inference,features.13.conv.2,Conv2d,conv,input,368640000,0.0,6.0,1.415137673710376e-09,2.3283064365386963e-10,0.5198241482204861,INT8,Marginal,0.03372543231259506,1.0,,,0.04468305467620609
inference,features.13.conv.2,Conv2d,conv,activation,61440000,-15.409199714660645,15.680754661560059,2.9802322387695312e-08,9.313225746154785e-10,0.0,FP16,Sufficient,0.0001766522715593398,0.0004841243449916416,0.0,0.0,
inference,features.13.conv.2,Conv2d,conv,activation,61440000,-15.409199714660645,15.680754661560059,2.9802322387695312e-08,9.313225746154785e-10,0.0,FP8_E4M3,Marginal,0.023335351262775948,1.0,0.0,0.00055,
inference,features.13.conv.2,Conv2d,conv,activation,61440000,-15.409199714660645,15.680754661560059,2.9802322387695312e-08,9.313225746154785e-10,0.0,FP8_E5M2,Marginal,0.04465787624882359,0.1110950990323524,0.0,0.0,
inference,features.13.conv.2,Conv2d,conv,activation,61440000,-15.409199714660645,15.680754661560059,2.9802322387695312e-08,9.313225746154785e-10,0.0,INT16,Sufficient,0.0004525211452346334,1.0,,,0.00030721250035726627
inference,features.13.conv.2,Conv2d,conv,activation,61440000,-15.409199714660645,15.680754661560059,2.9802322387695312e-08,9.313225746154785e-10,0.0,INT8,Marginal,0.06155365938476175,1.0,,,0.0792632440882405
inference,features.13.conv.3,BatchNorm2d,batchnorm,weight,96,0.6671966314315796,0.7684496641159058,0.6671966314315796,2.562999725341797e-06,0.0,FP16,Sufficient,0.00018082958988598725,0.0003540800410109134,0.0,0.0,
inference,features.13.conv.3,BatchNorm2d,batchnorm,weight,96,0.6671966314315796,0.7684496641159058,0.6671966314315796,2.562999725341797e-06,0.0,FP8_E4M3,Marginal,0.02129894167051556,0.042831994471783215,0.0,0.0,
inference,features.13.conv.3,BatchNorm2d,batchnorm,weight,96,0.6671966314315796,0.7684496641159058,0.6671966314315796,2.562999725341797e-06,0.0,FP8_E5M2,Marginal,0.045989144197628305,0.09037894811274648,0.0,0.0,
inference,features.13.conv.3,BatchNorm2d,batchnorm,weight,96,0.6671966314315796,0.7684496641159058,0.6671966314315796,2.562999725341797e-06,0.0,INT16,Sufficient,9.078459962001812e-06,1.664204543350369e-05,,,2.345193835614813e-05
inference,features.13.conv.3,BatchNorm2d,batchnorm,weight,96,0.6671966314315796,0.7684496641159058,0.6671966314315796,2.562999725341797e-06,0.0,INT8,Sufficient,0.002296092769877364,0.004394594850260866,,,0.006050784756818156
inference,features.13.conv.3,BatchNorm2d,batchnorm,bias,96,-5.716923624277115e-06,5.5910018090798985e-06,2.990892156162772e-08,4.912976692139637e-10,0.0,FP16,Marginal,0.023333434707007345,0.9928717474006704,0.0,0.0,
inference,features.13.conv.3,BatchNorm2d,batchnorm,bias,96,-5.716923624277115e-06,5.5910018090798985e-06,2.990892156162772e-08,4.912976692139637e-10,0.0,FP8_E4M3,Not sufficient,1.0,1.0,0.0,1.0,
inference,features.13.conv.3,BatchNorm2d,batchnorm,bias,96,-5.716923624277115e-06,5.5910018090798985e-06,2.990892156162772e-08,4.912976692139637e-10,0.0,FP8_E5M2,Not sufficient,1.0,1.0,0.0,1.0,
inference,features.13.conv.3,BatchNorm2d,batchnorm,bias,96,-5.716923624277115e-06,5.5910018090798985e-06,2.990892156162772e-08,4.912976692139637e-10,0.0,INT16,Sufficient,7.068066000537186e-05,0.002481254547900928,,,1.7447198780105335e-10
inference,features.13.conv.3,BatchNorm2d,batchnorm,bias,96,-5.716923624277115e-06,5.5910018090798985e-06,2.990892156162772e-08,4.912976692139637e-10,0.0,INT8,Sufficient,0.01744030380205012,0.5050742152336387,,,4.50151466478513e-08
inference,features.13.conv.3,BatchNorm2d,batchnorm,input,61440000,-15.409199714660645,15.680754661560059,2.9802322387695312e-08,9.313225746154785e-10,0.0,FP16,Sufficient,0.0001766522715593398,0.0004841243449916416,0.0,0.0,
inference,features.13.conv.3,BatchNorm2d,batchnorm,input,61440000,-15.409199714660645,15.680754661560059,2.9802322387695312e-08,9.313225746154785e-10,0.0,FP8_E4M3,Marginal,0.023335351262775948,1.0,0.0,0.00055,
inference,features.13.conv.3,BatchNorm2d,batchnorm,input,61440000,-15.409199714660645,15.680754661560059,2.9802322387695312e-08,9.313225746154785e-10,0.0,FP8_E5M2,Marginal,0.04465787624882359,0.1110950990323524,0.0,0.0,
inference,features.13.conv.3,BatchNorm2d,batchnorm,input,61440000,-15.409199714660645,15.680754661560059,2.9802322387695312e-08,9.313225746154785e-10,0.0,INT16,Sufficient,0.0004525211452346334,1.0,,,0.00030721250035726627
inference,features.13.conv.3,BatchNorm2d,batchnorm,input,61440000,-15.409199714660645,15.680754661560059,2.9802322387695312e-08,9.313225746154785e-10,0.0,INT8,Marginal,0.06155365938476175,1.0,,,0.0792632440882405
inference,features.13.conv.3,BatchNorm2d,batchnorm,activation,61440000,-6.366896152496338,7.115772724151611,6.670303420719392e-09,1.7462298274040222e-10,0.0,FP16,Sufficient,0.0001766465242402859,0.003984544309168,0.0,0.0,
inference,features.13.conv.3,BatchNorm2d,batchnorm,activation,61440000,-6.366896152496338,7.115772724151611,6.670303420719392e-09,1.7462298274040222e-10,0.0,FP8_E4M3,Marginal,0.02544149793968567,1.0,0.0,0.0014,
inference,features.13.conv.3,BatchNorm2d,batchnorm,activation,61440000,-6.366896152496338,7.115772724151611,6.670303420719392e-09,1.7462298274040222e-10,0.0,FP8_E5M2,Marginal,0.044853182272892846,1.0,0.0,5e-05,
inference,features.13.conv.3,BatchNorm2d,batchnorm,activation,61440000,-6.366896152496338,7.115772724151611,6.670303420719392e-09,1.7462298274040222e-10,0.0,INT16,Sufficient,0.000424567829386806,1.0,,,0.0001148199268913496
inference,features.13.conv.3,BatchNorm2d,batchnorm,activation,61440000,-6.366896152496338,7.115772724151611,6.670303420719392e-09,1.7462298274040222e-10,0.0,INT8,Marginal,0.052278907113489786,1.0,,,0.02962444523188073
inference,features.14.conv.0.0,Conv2d,conv,weight,55296,-0.22079557180404663,0.21584294736385345,6.372211487359891e-07,6.984919309616089e-10,0.0,FP16,Sufficient,0.00017825837172750917,0.0014614951175880638,0.0,0.0,
inference,features.14.conv.0.0,Conv2d,conv,weight,55296,-0.22079557180404663,0.21584294736385345,6.372211487359891e-07,6.984919309616089e-10,0.0,FP8_E4M3,Not sufficient,0.05330964378204317,1.0,0.0,0.0149,
inference,features.14.conv.0.0,Conv2d,conv,weight,55296,-0.22079557180404663,0.21584294736385345,6.372211487359891e-07,6.984919309616089e-10,0.0,FP8_E5M2,Marginal,0.04491657766505781,1.0,0.0,5e-05,
inference,features.14.conv.0.0,Conv2d,conv,weight,55296,-0.22079557180404663,0.21584294736385345,6.372211487359891e-07,6.984919309616089e-10,0.0,INT16,Sufficient,0.00023774045004264392,0.2590551746181797,,,6.530857389598333e-06
inference,features.14.conv.0.0,Conv2d,conv,weight,55296,-0.22079557180404663,0.21584294736385345,6.372211487359891e-07,6.984919309616089e-10,0.0,INT8,Marginal,0.0396549460144976,1.0,,,0.0016850126305903038
inference,features.14.conv.0.0,Conv2d,conv,input,61440000,-15.663686752319336,16.93717384338379,7.078051567077637e-08,1.3969838619232178e-09,0.0,FP16,Sufficient,0.0001761093781020187,0.00048744690182871825,0.0,0.0,
inference,features.14.conv.0.0,Conv2d,conv,input,61440000,-15.663686752319336,16.93717384338379,7.078051567077637e-08,1.3969838619232178e-09,0.0,FP8_E4M3,Marginal,0.023565630091861346,1.0,0.0,0.00055,
inference,features.14.conv.0.0,Conv2d,conv,input,61440000,-15.663686752319336,16.93717384338379,7.078051567077637e-08,1.3969838619232178e-09,0.0,FP8_E5M2,Marginal,0.04495196664570338,0.11108403212998816,0.0,0.0,
inference,features.14.conv.0.0,Conv2d,conv,input,61440000,-15.663686752319336,16.93717384338379,7.078051567077637e-08,1.3969838619232178e-09,0.0,INT16,Sufficient,0.00040787597110094654,0.8287955645098751,,,0.0002659714923741874
inference,features.14.conv.0.0,Conv2d,conv,input,61440000,-15.663686752319336,16.93717384338379,7.078051567077637e-08,1.3969838619232178e-09,0.0,INT8,Marginal,0.0540504434375637,1.0,,,0.06862273929625984
inference,features.14.conv.0.0,Conv2d,conv,activation,368640000,-12.158024787902832,11.442572593688965,2.7939677238464355e-09,1.862645149230957e-09,2.7126736111111112e-09,FP16,Sufficient,0.0001763545925669991,0.0004825046956677963,0.0,0.0,
inference,features.14.conv.0.0,Conv2d,conv,activation,368640000,-12.158024787902832,11.442572593688965,2.7939677238464355e-09,1.862645149230957e-09,2.7126736111111112e-09,FP8_E4M3,Marginal,0.024119617245766303,1.0,0.0,0.00075,
inference,features.14.conv.0.0,Conv2d,conv,activation,368640000,-12.158024787902832,11.442572593688965,2.7939677238464355e-09,1.862645149230957e-09,2.7126736111111112e-09,FP8_E5M2,Marginal,0.04533480076398762,0.13795643481005998,0.0,0.0,
inference,features.14.conv.0.0,Conv2d,conv,activation,368640000,-12.158024787902832,11.442572593688965,2.7939677238464355e-09,1.862645149230957e-09,2.7126736111111112e-09,INT16,Sufficient,0.0005277579157907885,1.0,,,0.00021807093184748178
inference,features.14.conv.0.0,Conv2d,conv,activation,368640000,-12.158024787902832,11.442572593688965,2.7939677238464355e-09,1.862645149230957e-09,2.7126736111111112e-09,INT8,Marginal,0.06413391747779736,1.0,,,0.05626401751060185
inference,features.14.conv.0.1,BatchNorm2d,batchnorm,weight,576,0.7443189024925232,0.7503445744514465,0.7443189024925232,5.960464477539063e-08,0.0,FP16,Sufficient,0.00017116636219642514,0.00032501624084221875,0.0,0.0,
inference,features.14.conv.0.1,BatchNorm2d,batchnorm,weight,576,0.7443189024925232,0.7503445744514465,0.7443189024925232,5.960464477539063e-08,0.0,FP8_E4M3,Sufficient,0.0032228872739609744,0.0076326121618735514,0.0,0.0,
inference,features.14.conv.0.1,BatchNorm2d,batchnorm,weight,576,0.7443189024925232,0.7503445744514465,0.7443189024925232,5.960464477539063e-08,0.0,FP8_E5M2,Sufficient,0.0032228872739609744,0.0076326121618735514,0.0,0.0,
inference,features.14.conv.0.1,BatchNorm2d,batchnorm,weight,576,0.7443189024925232,0.7503445744514465,0.7443189024925232,5.960464477539063e-08,0.0,INT16,Sufficient,7.586374626039032e-06,1.5227531767676757e-05,,,2.2899398005659553e-05
inference,features.14.conv.0.1,BatchNorm2d,batchnorm,weight,576,0.7443189024925232,0.7503445744514465,0.7443189024925232,5.960464477539063e-08,0.0,INT8,Sufficient,0.0034418169550727317,0.003950264611026576,,,0.005908224995680681
inference,features.14.conv.0.1,BatchNorm2d,batchnorm,bias,576,-0.044128384441137314,0.04640528932213783,6.451999070122838e-06,1.41968484967947e-07,0.0,FP16,Sufficient,0.0001764005225651412,0.0022779659793674923,0.0,0.0,
inference,features.14.conv.0.1,BatchNorm2d,batchnorm,bias,576,-0.044128384441137314,0.04640528932213783,6.451999070122838e-06,1.41968484967947e-07,0.0,FP8_E4M3,Not sufficient,0.17793647852648753,1.0,0.0,0.08506944444444445,
inference,features.14.conv.0.1,BatchNorm2d,batchnorm,bias,576,-0.044128384441137314,0.04640528932213783,6.451999070122838e-06,1.41968484967947e-07,0.0,FP8_E5M2,Marginal,0.0471126876844805,1.0,0.0,0.001736111111111111,
inference,features.14.conv.0.1,BatchNorm2d,batchnorm,bias,576,-0.044128384441137314,0.04640528932213783,6.451999070122838e-06,1.41968484967947e-07,0.0,INT16,Sufficient,0.00029369066559352657,0.09750501086719146,,,1.4162202619140549e-06
inference,features.14.conv.0.1,BatchNorm2d,batchnorm,bias,576,-0.044128384441137314,0.04640528932213783,6.451999070122838e-06,1.41968484967947e-07,0.0,INT8,Marginal,0.03452424339095713,1.0,,,0.0003653959789144711
inference,features.14.conv.0.1,BatchNorm2d,batchnorm,input,368640000,-12.158024787902832,11.442572593688965,2.7939677238464355e-09,1.862645149230957e-09,2.7126736111111112e-09,FP16,Sufficient,0.0001763545925669991,0.0004825046956677963,0.0,0.0,
inference,features.14.conv.0.1,BatchNorm2d,batchnorm,input,368640000,-12.158024787902832,11.442572593688965,2.7939677238464355e-09,1.862645149230957e-09,2.7126736111111112e-09,FP8_E4M3,Marginal,0.024119617245766303,1.0,0.0,0.00075,
inference,features.14.conv.0.1,BatchNorm2d,batchnorm,input,368640000,-12.158024787902832,11.442572593688965,2.7939677238464355e-09,1.862645149230957e-09,2.7126736111111112e-09,FP8_E5M2,Marginal,0.04533480076398762,0.13795643481005998,0.0,0.0,
inference,features.14.conv.0.1,BatchNorm2d,batchnorm,input,368640000,-12.158024787902832,11.442572593688965,2.7939677238464355e-09,1.862645149230957e-09,2.7126736111111112e-09,INT16,Sufficient,0.0005277579157907885,1.0,,,0.00021807093184748178
inference,features.14.conv.0.1,BatchNorm2d,batchnorm,input,368640000,-12.158024787902832,11.442572593688965,2.7939677238464355e-09,1.862645149230957e-09,2.7126736111111112e-09,INT8,Marginal,0.06413391747779736,1.0,,,0.05626401751060185
inference,features.14.conv.0.1,BatchNorm2d,batchnorm,activation,368640000,-7.1902008056640625,7.272713661193848,1.0003878836428726e-09,2.9103830456733704e-10,0.0,FP16,Sufficient,0.0001765949091318982,0.0004825593518215126,0.0,0.0,
inference,features.14.conv.0.1,BatchNorm2d,batchnorm,activation,368640000,-7.1902008056640625,7.272713661193848,1.0003878836428726e-09,2.9103830456733704e-10,0.0,FP8_E4M3,Marginal,0.024851947578979964,1.0,0.0,0.0011,
inference,features.14.conv.0.1,BatchNorm2d,batchnorm,activation,368640000,-7.1902008056640625,7.272713661193848,1.0003878836428726e-09,2.9103830456733704e-10,0.0,FP8_E5M2,Marginal,0.04476050853810578,0.11109632302630902,0.0,0.0,
inference,features.14.conv.0.1,BatchNorm2d,batchnorm,activation,368640000,-7.1902008056640625,7.272713661193848,1.0003878836428726e-09,2.9103830456733704e-10,0.0,INT16,Sufficient,0.0003805949551259977,0.4953335942369201,,,0.00013700998287472765
inference,features.14.conv.0.1,BatchNorm2d,batchnorm,activation,368640000,-7.1902008056640625,7.272713661193848,1.0003878836428726e-09,2.9103830456733704e-10,0.0,INT8,Marginal,0.05577916954484352,1.0,,,0.03534965440044253
inference,features.14.conv.1.0,Conv2d,conv,weight,5184,-0.16074252128601074,0.1933167725801468,2.683998718566727e-05,1.1757947504520416e-08,0.0,FP16,Sufficient,0.00017475469732761227,0.0006668049659518771,0.0,0.0,
inference,features.14.conv.1.0,Conv2d,conv,weight,5184,-0.16074252128601074,0.1933167725801468,2.683998718566727e-05,1.1757947504520416e-08,0.0,FP8_E4M3,Not sufficient,0.044523018360498864,1.0,0.0,0.011188271604938271,
inference,features.14.conv.1.0,Conv2d,conv,weight,5184,-0.16074252128601074,0.1933167725801468,2.683998718566727e-05,1.1757947504520416e-08,0.0,FP8_E5M2,Marginal,0.04467829513640359,0.13701910190540587,0.0,0.0,
inference,features.14.conv.1.0,Conv2d,conv,weight,5184,-0.16074252128601074,0.1933167725801468,2.683998718566727e-05,1.1757947504520416e-08,0.0,INT16,Sufficient,0.00014375308884047544,0.09905785629564379,,,5.899739755856404e-06
inference,features.14.conv.1.0,Conv2d,conv,weight,5184,-0.16074252128601074,0.1933167725801468,2.683998718566727e-05,1.1757947504520416e-08,0.0,INT8,Marginal,0.02948078036214878,1.0,,,0.001522179311654699
inference,features.14.conv.1.0,Conv2d,conv,input,368640000,0.0,6.0,4.332611602819725e-09,4.656612873077393e-10,0.4960130913628472,FP16,Sufficient,8.987186425556985e-05,0.0004825593518215126,0.0,0.0,
inference,features.14.conv.1.0,Conv2d,conv,input,368640000,0.0,6.0,4.332611602819725e-09,4.656612873077393e-10,0.4960130913628472,FP8_E4M3,Sufficient,0.012844046461519067,1.0,0.0,0.0011747430249632893,
inference,features.14.conv.1.0,Conv2d,conv,input,368640000,0.0,6.0,4.332611602819725e-09,4.656612873077393e-10,0.4960130913628472,FP8_E5M2,Marginal,0.022863566237984457,0.11109632302630902,0.0,0.0,
inference,features.14.conv.1.0,Conv2d,conv,input,368640000,0.0,6.0,4.332611602819725e-09,4.656612873077393e-10,0.4960130913628472,INT16,Sufficient,0.00023317274661909963,0.4953335942369201,,,0.00013700998287472765
inference,features.14.conv.1.0,Conv2d,conv,input,368640000,0.0,6.0,4.332611602819725e-09,4.656612873077393e-10,0.4960130913628472,INT8,Marginal,0.02800852394360529,1.0,,,0.03534965440044253
inference,features.14.conv.1.0,Conv2d,conv,activation,92160000,-1.6155956983566284,2.0394034385681152,2.1397694727198768e-10,1.4551915228366852e-11,0.13582797309027778,FP16,Sufficient,0.00015398091085608602,0.014405484312134101,0.0,0.0,
inference,features.14.conv.1.0,Conv2d,conv,activation,92160000,-1.6155956983566284,2.0394034385681152,2.1397694727198768e-10,1.4551915228366852e-11,0.13582797309027778,FP8_E4M3,Not sufficient,0.05223265111673622,1.0,0.0,0.02259526022304833,
inference,features.14.conv.1.0,Conv2d,conv,activation,92160000,-1.6155956983566284,2.0394034385681152,2.1397694727198768e-10,1.4551915228366852e-11,0.13582797309027778,FP8_E5M2,Marginal,0.0391924256122583,1.0,0.0,0.00017425650557620817,
inference,features.14.conv.1.0,Conv2d,conv,activation,92160000,-1.6155956983566284,2.0394034385681152,2.1397694727198768e-10,1.4551915228366852e-11,0.13582797309027778,INT16,Sufficient,0.0017569305942028773,1.0,,,3.3853600997056317e-05
inference,features.14.conv.1.0,Conv2d,conv,activation,92160000,-1.6155956983566284,2.0394034385681152,2.1397694727198768e-10,1.4551915228366852e-11,0.13582797309027778,INT8,Not sufficient,0.12088266244146864,1.0,,,0.00873449562102791
inference,features.14.conv.1.1,BatchNorm2d,batchnorm,weight,576,0.685775876045227,0.8168660402297974,0.685775876045227,5.960464477539063e-08,0.0,FP16,Sufficient,0.00016287333297932517,0.00033520212233522517,0.0,0.0,
inference,features.14.conv.1.1,BatchNorm2d,batchnorm,weight,576,0.685775876045227,0.8168660402297974,0.685775876045227,5.960464477539063e-08,0.0,FP8_E4M3,Sufficient,0.015944323768739634,0.04289327454699343,0.0,0.0,
inference,features.14.conv.1.1,BatchNorm2d,batchnorm,weight,576,0.685775876045227,0.8168660402297974,0.685775876045227,5.960464477539063e-08,0.0,FP8_E5M2,Sufficient,0.017944703513623136,0.08862352580220957,0.0,0.0,
inference,features.14.conv.1.1,BatchNorm2d,batchnorm,weight,576,0.685775876045227,0.8168660402297974,0.685775876045227,5.960464477539063e-08,0.0,INT16,Sufficient,8.613871619473683e-06,1.7114382609910005e-05,,,2.4929533989373374e-05
inference,features.14.conv.1.1,BatchNorm2d,batchnorm,weight,576,0.685775876045227,0.8168660402297974,0.685775876045227,5.960464477539063e-08,0.0,INT8,Sufficient,0.0021935215107836167,0.00444169910528103,,,0.006432016064801554
inference,features.14.conv.1.1,BatchNorm2d,batchnorm,bias,576,-0.0440472848713398,0.05194920301437378,8.702945342520252e-05,2.942979335784912e-07,0.0,FP16,Sufficient,0.00018001109731173194,0.00047583582822053884,0.0,0.0,
inference,features.14.conv.1.1,BatchNorm2d,batchnorm,bias,576,-0.0440472848713398,0.05194920301437378,8.702945342520252e-05,2.942979335784912e-07,0.0,FP8_E4M3,Not sufficient,0.1325014189958231,1.0,0.0,0.05555555555555555,
inference,features.14.conv.1.1,BatchNorm2d,batchnorm,bias,576,-0.0440472848713398,0.05194920301437378,8.702945342520252e-05,2.942979335784912e-07,0.0,FP8_E5M2,Marginal,0.04477176444474587,0.11070854896133876,0.0,0.0,
inference,features.14.conv.1.1,BatchNorm2d,batchnorm,bias,576,-0.0440472848713398,0.05194920301437378,8.702945342520252e-05,2.942979335784912e-07,0.0,INT16,Sufficient,0.00012192185290013764,0.004519795342441845,,,1.5854122444646681e-06
inference,features.14.conv.1.1,BatchNorm2d,batchnorm,bias,576,-0.0440472848713398,0.05194920301437378,8.702945342520252e-05,2.942979335784912e-07,0.0,INT8,Marginal,0.03742094343704146,1.0,,,0.0004090488426328644
inference,features.14.conv.1.1,BatchNorm2d,batchnorm,input,92160000,-1.6155956983566284,2.0394034385681152,2.1397694727198768e-10,1.4551915228366852e-11,0.13582797309027778,FP16,Sufficient,0.00015398091085608602,0.014405484312134101,0.0,0.0,
inference,features.14.conv.1.1,BatchNorm2d,batchnorm,input,92160000,-1.6155956983566284,2.0394034385681152,2.1397694727198768e-10,1.4551915228366852e-11,0.13582797309027778,FP8_E4M3,Not sufficient,0.05223265111673622,1.0,0.0,0.02259526022304833,
inference,features.14.conv.1.1,BatchNorm2d,batchnorm,input,92160000,-1.6155956983566284,2.0394034385681152,2.1397694727198768e-10,1.4551915228366852e-11,0.13582797309027778,FP8_E5M2,Marginal,0.0391924256122583,1.0,0.0,0.00017425650557620817,
inference,features.14.conv.1.1,BatchNorm2d,batchnorm,input,92160000,-1.6155956983566284,2.0394034385681152,2.1397694727198768e-10,1.4551915228366852e-11,0.13582797309027778,INT16,Sufficient,0.0017569305942028773,1.0,,,3.3853600997056317e-05
inference,features.14.conv.1.1,BatchNorm2d,batchnorm,input,92160000,-1.6155956983566284,2.0394034385681152,2.1397694727198768e-10,1.4551915228366852e-11,0.13582797309027778,INT8,Not sufficient,0.12088266244146864,1.0,,,0.00873449562102791
inference,features.14.conv.1.1,BatchNorm2d,batchnorm,activation,92160000,-8.753854751586914,10.018221855163574,2.4245052632210218e-09,1.7462298274040222e-10,0.0,FP16,Sufficient,0.0001791482974525945,0.00048238173859440947,0.0,0.0,
inference,features.14.conv.1.1,BatchNorm2d,batchnorm,activation,92160000,-8.753854751586914,10.018221855163574,2.4245052632210218e-09,1.7462298274040222e-10,0.0,FP8_E4M3,Marginal,0.024852678267842078,1.0,0.0,0.001,
inference,features.14.conv.1.1,BatchNorm2d,batchnorm,activation,92160000,-8.753854751586914,10.018221855163574,2.4245052632210218e-09,1.7462298274040222e-10,0.0,FP8_E5M2,Marginal,0.04551318833865507,0.11108982364868,0.0,0.0,
inference,features.14.conv.1.1,BatchNorm2d,batchnorm,activation,92160000,-8.753854751586914,10.018221855163574,2.4245052632210218e-09,1.7462298274040222e-10,0.0,INT16,Sufficient,0.0003850603114470224,0.1726926688646427,,,0.00017595013187632087
inference,features.14.conv.1.1,BatchNorm2d,batchnorm,activation,92160000,-8.753854751586914,10.018221855163574,2.4245052632210218e-09,1.7462298274040222e-10,0.0,INT8,Marginal,0.06649924204201658,1.0,,,0.04539651945820005
inference,features.14.conv.2,Conv2d,conv,weight,92160,-0.36072641611099243,0.3985729217529297,3.2944460599537706e-06,2.3283064365386963e-10,0.0,FP16,Sufficient,0.00017587719413143663,0.0016073598256386515,0.0,0.0,
inference,features.14.conv.2,Conv2d,conv,weight,92160,-0.36072641611099243,0.3985729217529297,3.2944460599537706e-06,2.3283064365386963e-10,0.0,FP8_E4M3,Marginal,0.042199956952668656,1.0,0.0,0.0095,
inference,features.14.conv.2,Conv2d,conv,weight,92160,-0.36072641611099243,0.3985729217529297,3.2944460599537706e-06,2.3283064365386963e-10,0.0,FP8_E5M2,Marginal,0.04474072952212633,1.0,0.0,5e-05,
inference,features.14.conv.2,Conv2d,conv,weight,92160,-0.36072641611099243,0.3985729217529297,3.2944460599537706e-06,2.3283064365386963e-10,0.0,INT16,Sufficient,0.00033342896006489464,1.0,,,1.0876423359339255e-05
inference,features.14.conv.2,Conv2d,conv,weight,92160,-0.36072641611099243,0.3985729217529297,3.2944460599537706e-06,2.3283064365386963e-10,0.0,INT8,Marginal,0.04142849510217413,1.0,,,0.0028062028678383414
inference,features.14.conv.2,Conv2d,conv,input,92160000,0.0,6.0,2.4245052632210218e-09,4.656612873077393e-10,0.5202346896701389,FP16,Sufficient,8.522193717178579e-05,0.00048238173859440947,0.0,0.0,
inference,features.14.conv.2,Conv2d,conv,input,92160000,0.0,6.0,2.4245052632210218e-09,4.656612873077393e-10,0.5202346896701389,FP8_E4M3,Sufficient,0.01193729093142094,1.0,0.0,0.0010448229025180231,
inference,features.14.conv.2,Conv2d,conv,input,92160000,0.0,6.0,2.4245052632210218e-09,4.656612873077393e-10,0.5202346896701389,FP8_E5M2,Marginal,0.02181208072332226,0.11105742537329248,0.0,0.0,
inference,features.14.conv.2,Conv2d,conv,input,92160000,0.0,6.0,2.4245052632210218e-09,4.656612873077393e-10,0.5202346896701389,INT16,Sufficient,0.00014383594093203968,0.12332869502560115,,,0.00014605507457878794
inference,features.14.conv.2,Conv2d,conv,input,92160000,0.0,6.0,2.4245052632210218e-09,4.656612873077393e-10,0.5202346896701389,INT8,Marginal,0.02656006235288894,1.0,,,0.0376833592812846
inference,features.14.conv.2,Conv2d,conv,activation,25600000,-12.734723091125488,12.814045906066895,1.1175870895385742e-08,4.656612873077393e-10,0.0,FP16,Sufficient,0.0001766587826061012,0.0006494912318683698,0.0,0.0,
inference,features.14.conv.2,Conv2d,conv,activation,25600000,-12.734723091125488,12.814045906066895,1.1175870895385742e-08,4.656612873077393e-10,0.0,FP8_E4M3,Marginal,0.023607605662592682,1.0,0.0,0.00035,
inference,features.14.conv.2,Conv2d,conv,activation,25600000,-12.734723091125488,12.814045906066895,1.1175870895385742e-08,4.656612873077393e-10,0.0,FP8_E5M2,Marginal,0.04501738778748385,0.1132279714223858,0.0,0.0,
inference,features.14.conv.2,Conv2d,conv,activation,25600000,-12.734723091125488,12.814045906066895,1.1175870895385742e-08,4.656612873077393e-10,0.0,INT16,Sufficient,0.00033125264507051743,1.0,,,0.00024442823782982044
inference,features.14.conv.2,Conv2d,conv,activation,25600000,-12.734723091125488,12.814045906066895,1.1175870895385742e-08,4.656612873077393e-10,0.0,INT8,Marginal,0.05625474672823561,1.0,,,0.06306440999188762
inference,features.14.conv.3,BatchNorm2d,batchnorm,weight,160,0.7024239301681519,0.8526156544685364,0.7024239301681519,5.960464477539063e-08,0.0,FP16,Sufficient,0.00015560817506693968,0.00033360196168074984,0.0,0.0,
inference,features.14.conv.3,BatchNorm2d,batchnorm,weight,160,0.7024239301681519,0.8526156544685364,0.7024239301681519,5.960464477539063e-08,0.0,FP8_E4M3,Marginal,0.020128625147696377,0.0432889596240552,0.0,0.0,
inference,features.14.conv.3,BatchNorm2d,batchnorm,weight,160,0.7024239301681519,0.8526156544685364,0.7024239301681519,5.960464477539063e-08,0.0,FP8_E5M2,Marginal,0.03589430889072746,0.07674894490882878,0.0,0.0,
inference,features.14.conv.3,BatchNorm2d,batchnorm,weight,160,0.7024239301681519,0.8526156544685364,0.7024239301681519,5.960464477539063e-08,0.0,INT16,Sufficient,7.959927638308161e-06,1.6949990549965097e-05,,,2.6020558930281576e-05
inference,features.14.conv.3,BatchNorm2d,batchnorm,weight,160,0.7024239301681519,0.8526156544685364,0.7024239301681519,5.960464477539063e-08,0.0,INT8,Sufficient,0.0022367772626468857,0.004528286453489168,,,0.006713509090303436
inference,features.14.conv.3,BatchNorm2d,batchnorm,bias,160,-1.3166450116841588e-05,1.3366411621973384e-05,2.7846910555240356e-08,3.4049207897624e-10,0.0,FP16,Sufficient,0.015128529053452133,1.0,0.0,0.00625,
inference,features.14.conv.3,BatchNorm2d,batchnorm,bias,160,-1.3166450116841588e-05,1.3366411621973384e-05,2.7846910555240356e-08,3.4049207897624e-10,0.0,FP8_E4M3,Not sufficient,1.0,1.0,0.0,1.0,
inference,features.14.conv.3,BatchNorm2d,batchnorm,bias,160,-1.3166450116841588e-05,1.3366411621973384e-05,2.7846910555240356e-08,3.4049207897624e-10,0.0,FP8_E5M2,Not sufficient,0.9538761537717615,1.0,0.0,0.8625,
inference,features.14.conv.3,BatchNorm2d,batchnorm,bias,160,-1.3166450116841588e-05,1.3366411621973384e-05,2.7846910555240356e-08,3.4049207897624e-10,0.0,INT16,Sufficient,8.317841048366168e-05,0.0038837088353914874,,,4.0792295974527374e-10
inference,features.14.conv.3,BatchNorm2d,batchnorm,bias,160,-1.3166450116841588e-05,1.3366411621973384e-05,2.7846910555240356e-08,3.4049207897624e-10,0.0,INT8,Marginal,0.020235742348391202,1.0,,,1.0524733560608963e-07
inference,features.14.conv.3,BatchNorm2d,batchnorm,input,25600000,-12.734723091125488,12.814045906066895,1.1175870895385742e-08,4.656612873077393e-10,0.0,FP16,Sufficient,0.0001766587826061012,0.0006494912318683698,0.0,0.0,
inference,features.14.conv.3,BatchNorm2d,batchnorm,input,25600000,-12.734723091125488,12.814045906066895,1.1175870895385742e-08,4.656612873077393e-10,0.0,FP8_E4M3,Marginal,0.023607605662592682,1.0,0.0,0.00035,
inference,features.14.conv.3,BatchNorm2d,batchnorm,input,25600000,-12.734723091125488,12.814045906066895,1.1175870895385742e-08,4.656612873077393e-10,0.0,FP8_E5M2,Marginal,0.04501738778748385,0.1132279714223858,0.0,0.0,
inference,features.14.conv.3,BatchNorm2d,batchnorm,input,25600000,-12.734723091125488,12.814045906066895,1.1175870895385742e-08,4.656612873077393e-10,0.0,INT16,Sufficient,0.00033125264507051743,1.0,,,0.00024442823782982044
inference,features.14.conv.3,BatchNorm2d,batchnorm,input,25600000,-12.734723091125488,12.814045906066895,1.1175870895385742e-08,4.656612873077393e-10,0.0,INT8,Marginal,0.05625474672823561,1.0,,,0.06306440999188762
inference,features.14.conv.3,BatchNorm2d,batchnorm,activation,25600000,-6.778199195861816,6.887811660766602,3.956905914037634e-09,2.3283064365386963e-10,0.0,FP16,Sufficient,0.00017809484433117383,0.0004817555414052806,0.0,0.0,
inference,features.14.conv.3,BatchNorm2d,batchnorm,activation,25600000,-6.778199195861816,6.887811660766602,3.956905914037634e-09,2.3283064365386963e-10,0.0,FP8_E4M3,Marginal,0.02416095494245524,1.0,0.0,0.00065,
inference,features.14.conv.3,BatchNorm2d,batchnorm,activation,25600000,-6.778199195861816,6.887811660766602,3.956905914037634e-09,2.3283064365386963e-10,0.0,FP8_E5M2,Marginal,0.04463456702033059,0.1111056480542911,0.0,0.0,
inference,features.14.conv.3,BatchNorm2d,batchnorm,activation,25600000,-6.778199195861816,6.887811660766602,3.956905914037634e-09,2.3283064365386963e-10,0.0,INT16,Sufficient,0.0003097174231144624,0.32653071221066743,,,0.0001507162534819861
inference,features.14.conv.3,BatchNorm2d,batchnorm,activation,25600000,-6.778199195861816,6.887811660766602,3.956905914037634e-09,2.3283064365386963e-10,0.0,INT8,Marginal,0.05659708281317072,1.0,,,0.038885980140505816
inference,features.15.conv.0.0,Conv2d,conv,weight,153600,-0.1588999480009079,0.16391290724277496,4.3088468260066293e-07,1.1641532182693481e-10,0.0,FP16,Sufficient,0.0001767427119380424,0.012895119831870078,0.0,0.0,
inference,features.15.conv.0.0,Conv2d,conv,weight,153600,-0.1588999480009079,0.16391290724277496,4.3088468260066293e-07,1.1641532182693481e-10,0.0,FP8_E4M3,Not sufficient,0.06606169298648754,1.0,0.0,0.02165,
inference,features.15.conv.0.0,Conv2d,conv,weight,153600,-0.1588999480009079,0.16391290724277496,4.3088468260066293e-07,1.1641532182693481e-10,0.0,FP8_E5M2,Marginal,0.04518270406586645,1.0,0.0,5e-05,
inference,features.15.conv.0.0,Conv2d,conv,weight,153600,-0.1588999480009079,0.16391290724277496,4.3088468260066293e-07,1.1641532182693481e-10,0.0,INT16,Sufficient,0.0002464747793343669,1.0,,,4.370874796423902e-06
inference,features.15.conv.0.0,Conv2d,conv,weight,153600,-0.1588999480009079,0.16391290724277496,4.3088468260066293e-07,1.1641532182693481e-10,0.0,INT8,Marginal,0.03916401217418577,1.0,,,0.0011277201138143464
inference,features.15.conv.0.0,Conv2d,conv,input,25600000,-6.778199195861816,6.887811660766602,3.956905914037634e-09,2.3283064365386963e-10,0.0,FP16,Sufficient,0.00017809484433117383,0.0004817555414052806,0.0,0.0,
inference,features.15.conv.0.0,Conv2d,conv,input,25600000,-6.778199195861816,6.887811660766602,3.956905914037634e-09,2.3283064365386963e-10,0.0,FP8_E4M3,Marginal,0.02416095494245524,1.0,0.0,0.00065,
inference,features.15.conv.0.0,Conv2d,conv,input,25600000,-6.778199195861816,6.887811660766602,3.956905914037634e-09,2.3283064365386963e-10,0.0,FP8_E5M2,Marginal,0.04463456702033059,0.1111056480542911,0.0,0.0,
inference,features.15.conv.0.0,Conv2d,conv,input,25600000,-6.778199195861816,6.887811660766602,3.956905914037634e-09,2.3283064365386963e-10,0.0,INT16,Sufficient,0.0003097174231144624,0.32653071221066743,,,0.0001507162534819861
inference,features.15.conv.0.0,Conv2d,conv,input,25600000,-6.778199195861816,6.887811660766602,3.956905914037634e-09,2.3283064365386963e-10,0.0,INT8,Marginal,0.05659708281317072,1.0,,,0.038885980140505816
inference,features.15.conv.0.0,Conv2d,conv,activation,153600000,-5.300316333770752,5.210339546203613,6.51925802230835e-09,4.656612873077393e-10,6.510416666666667e-09,FP16,Sufficient,0.00017866271908042203,0.03296703296703297,0.0,0.0,
inference,features.15.conv.0.0,Conv2d,conv,activation,153600000,-5.300316333770752,5.210339546203613,6.51925802230835e-09,4.656612873077393e-10,6.510416666666667e-09,FP8_E4M3,Marginal,0.025899870596216852,1.0,0.0,0.00175,
inference,features.15.conv.0.0,Conv2d,conv,activation,153600000,-5.300316333770752,5.210339546203613,6.51925802230835e-09,4.656612873077393e-10,6.510416666666667e-09,FP8_E5M2,Marginal,0.04480041555601911,1.0,0.0,5e-05,
inference,features.15.conv.0.0,Conv2d,conv,activation,153600000,-5.300316333770752,5.210339546203613,6.51925802230835e-09,4.656612873077393e-10,6.510416666666667e-09,INT16,Sufficient,0.0006348191705932106,1.0,,,9.323404848650173e-05
inference,features.15.conv.0.0,Conv2d,conv,activation,153600000,-5.300316333770752,5.210339546203613,6.51925802230835e-09,4.656612873077393e-10,6.510416666666667e-09,INT8,Marginal,0.05687224368243375,1.0,,,0.02405511863588348
inference,features.15.conv.0.1,BatchNorm2d,batchnorm,weight,960,0.7445675730705261,0.7496642470359802,0.7445675730705261,5.960464477539063e-08,0.0,FP16,Sufficient,0.00016342663643834348,0.0003255743691777261,0.0,0.0,
inference,features.15.conv.0.1,BatchNorm2d,batchnorm,weight,960,0.7445675730705261,0.7496642470359802,0.7445675730705261,5.960464477539063e-08,0.0,FP8_E4M3,Sufficient,0.0031746390023526952,0.007296083157464221,0.0,0.0,
inference,features.15.conv.0.1,BatchNorm2d,batchnorm,weight,960,0.7445675730705261,0.7496642470359802,0.7445675730705261,5.960464477539063e-08,0.0,FP8_E5M2,Sufficient,0.0031746390023526952,0.007296083157464221,0.0,0.0,
inference,features.15.conv.0.1,BatchNorm2d,batchnorm,weight,960,0.7445675730705261,0.7496642470359802,0.7445675730705261,5.960464477539063e-08,0.0,INT16,Sufficient,7.809397372487494e-06,1.5274168580202206e-05,,,2.287863542698386e-05
inference,features.15.conv.0.1,BatchNorm2d,batchnorm,weight,960,0.7445675730705261,0.7496642470359802,0.7445675730705261,5.960464477539063e-08,0.0,INT8,Sufficient,0.002691736365918486,0.003941121839605265,,,0.005902868086897482
inference,features.15.conv.0.1,BatchNorm2d,batchnorm,bias,960,-0.021250780671834946,0.023006413131952286,3.115598883596249e-05,2.60770320892334e-08,0.0,FP16,Sufficient,0.00017220549731509788,0.0007211784593522542,0.0,0.0,
inference,features.15.conv.0.1,BatchNorm2d,batchnorm,bias,960,-0.021250780671834946,0.023006413131952286,3.115598883596249e-05,2.60770320892334e-08,0.0,FP8_E4M3,Not sufficient,0.2531618483053887,1.0,0.0,0.13125,
inference,features.15.conv.0.1,BatchNorm2d,batchnorm,bias,960,-0.021250780671834946,0.023006413131952286,3.115598883596249e-05,2.60770320892334e-08,0.0,FP8_E5M2,Marginal,0.04504270984195724,0.17125126061843807,0.0,0.0,
inference,features.15.conv.0.1,BatchNorm2d,batchnorm,bias,960,-0.021250780671834946,0.023006413131952286,3.115598883596249e-05,2.60770320892334e-08,0.0,INT16,Sufficient,0.00016191541351521398,0.008509876321253365,,,7.02121437176192e-07
inference,features.15.conv.0.1,BatchNorm2d,batchnorm,bias,960,-0.021250780671834946,0.023006413131952286,3.115598883596249e-05,2.60770320892334e-08,0.0,INT8,Marginal,0.03808692131937524,1.0,,,0.0001811528593067109
inference,features.15.conv.0.1,BatchNorm2d,batchnorm,input,153600000,-5.300316333770752,5.210339546203613,6.51925802230835e-09,4.656612873077393e-10,6.510416666666667e-09,FP16,Sufficient,0.00017866271908042203,0.03296703296703297,0.0,0.0,
inference,features.15.conv.0.1,BatchNorm2d,batchnorm,input,153600000,-5.300316333770752,5.210339546203613,6.51925802230835e-09,4.656612873077393e-10,6.510416666666667e-09,FP8_E4M3,Marginal,0.025899870596216852,1.0,0.0,0.00175,
inference,features.15.conv.0.1,BatchNorm2d,batchnorm,input,153600000,-5.300316333770752,5.210339546203613,6.51925802230835e-09,4.656612873077393e-10,6.510416666666667e-09,FP8_E5M2,Marginal,0.04480041555601911,1.0,0.0,5e-05,
inference,features.15.conv.0.1,BatchNorm2d,batchnorm,input,153600000,-5.300316333770752,5.210339546203613,6.51925802230835e-09,4.656612873077393e-10,6.510416666666667e-09,INT16,Sufficient,0.0006348191705932106,1.0,,,9.323404848650173e-05
inference,features.15.conv.0.1,BatchNorm2d,batchnorm,input,153600000,-5.300316333770752,5.210339546203613,6.51925802230835e-09,4.656612873077393e-10,6.510416666666667e-09,INT8,Marginal,0.05687224368243375,1.0,,,0.02405511863588348
inference,features.15.conv.0.1,BatchNorm2d,batchnorm,activation,153600000,-6.608616352081299,7.707753658294678,1.4206533727190163e-09,5.820766091346741e-11,0.0,FP16,Sufficient,0.0001757211137385548,0.0014401934351002444,0.0,0.0,
inference,features.15.conv.0.1,BatchNorm2d,batchnorm,activation,153600000,-6.608616352081299,7.707753658294678,1.4206533727190163e-09,5.820766091346741e-11,0.0,FP8_E4M3,Marginal,0.024916870935533835,1.0,0.0,0.0012,
inference,features.15.conv.0.1,BatchNorm2d,batchnorm,activation,153600000,-6.608616352081299,7.707753658294678,1.4206533727190163e-09,5.820766091346741e-11,0.0,FP8_E5M2,Marginal,0.044698142627802306,0.25057897326529593,0.0,0.0,
inference,features.15.conv.0.1,BatchNorm2d,batchnorm,activation,153600000,-6.608616352081299,7.707753658294678,1.4206533727190163e-09,5.820766091346741e-11,0.0,INT16,Sufficient,0.0004806007896799596,1.0,,,0.0001346998249356295
inference,features.15.conv.0.1,BatchNorm2d,batchnorm,activation,153600000,-6.608616352081299,7.707753658294678,1.4206533727190163e-09,5.820766091346741e-11,0.0,INT8,Marginal,0.05375303661657467,1.0,,,0.03475361546193521
inference,features.15.conv.1.0,Conv2d,conv,weight,8640,-0.1266936957836151,0.1519603282213211,8.247833648056258e-06,7.450580596923828e-09,0.0,FP16,Sufficient,0.0001749882267027174,0.002714975835821868,0.0,0.0,
inference,features.15.conv.1.0,Conv2d,conv,weight,8640,-0.1266936957836151,0.1519603282213211,8.247833648056258e-06,7.450580596923828e-09,0.0,FP8_E4M3,Not sufficient,0.05040508694889364,1.0,0.0,0.01412037037037037,
inference,features.15.conv.1.0,Conv2d,conv,weight,8640,-0.1266936957836151,0.1519603282213211,8.247833648056258e-06,7.450580596923828e-09,0.0,FP8_E5M2,Marginal,0.044756685302424194,0.8500359868552869,0.0,0.0,
inference,features.15.conv.1.0,Conv2d,conv,weight,8640,-0.1266936957836151,0.1519603282213211,8.247833648056258e-06,7.450580596923828e-09,0.0,INT16,Sufficient,0.0001682281342053477,0.12456262206281567,,,4.637602716798032e-06
inference,features.15.conv.1.0,Conv2d,conv,weight,8640,-0.1266936957836151,0.1519603282213211,8.247833648056258e-06,7.450580596923828e-09,0.0,INT8,Marginal,0.028443337653323554,1.0,,,0.0011965380174907175
inference,features.15.conv.1.0,Conv2d,conv,input,153600000,0.0,6.0,1.4206533727190163e-09,5.820766091346741e-11,0.5068721940104167,FP16,Sufficient,8.662203487304728e-05,0.0004864977548681586,0.0,0.0,
inference,features.15.conv.1.0,Conv2d,conv,input,153600000,0.0,6.0,1.4206533727190163e-09,5.820766091346741e-11,0.5068721940104167,FP8_E4M3,Sufficient,0.012084722210341547,1.0,0.0,0.0010190563538163661,
inference,features.15.conv.1.0,Conv2d,conv,input,153600000,0.0,6.0,1.4206533727190163e-09,5.820766091346741e-11,0.5068721940104167,FP8_E5M2,Marginal,0.022038927822129854,0.11109392169183445,0.0,0.0,
inference,features.15.conv.1.0,Conv2d,conv,input,153600000,0.0,6.0,1.4206533727190163e-09,5.820766091346741e-11,0.5068721940104167,INT16,Sufficient,0.00018880766960471327,0.47111936185346925,,,0.0001346998249356295
inference,features.15.conv.1.0,Conv2d,conv,input,153600000,0.0,6.0,1.4206533727190163e-09,5.820766091346741e-11,0.5068721940104167,INT8,Marginal,0.02633385502798629,1.0,,,0.03475361546193521
inference,features.15.conv.1.0,Conv2d,conv,activation,153600000,-1.0983574390411377,1.0688166618347168,7.493120707247058e-11,4.092726157978177e-12,0.10238928385416667,FP16,Sufficient,0.00016422258635387997,0.019097786029093042,0.0,0.0,
inference,features.15.conv.1.0,Conv2d,conv,activation,153600000,-1.0983574390411377,1.0688166618347168,7.493120707247058e-11,4.092726157978177e-12,0.10238928385416667,FP8_E4M3,Not sufficient,0.06341896161450938,1.0,0.0,0.028937831056593255,
inference,features.15.conv.1.0,Conv2d,conv,activation,153600000,-1.0983574390411377,1.0688166618347168,7.493120707247058e-11,4.092726157978177e-12,0.10238928385416667,FP8_E5M2,Marginal,0.04083974582186505,1.0,0.0,0.0005575689991636465,
inference,features.15.conv.1.0,Conv2d,conv,activation,153600000,-1.0983574390411377,1.0688166618347168,7.493120707247058e-11,4.092726157978177e-12,0.10238928385416667,INT16,Sufficient,0.0015786410980331606,1.0,,,2.172709449979716e-05
inference,features.15.conv.1.0,Conv2d,conv,activation,153600000,-1.0983574390411377,1.0688166618347168,7.493120707247058e-11,4.092726157978177e-12,0.10238928385416667,INT8,Not sufficient,0.11724377425029733,1.0,,,0.005605761460431917
inference,features.15.conv.1.1,BatchNorm2d,batchnorm,weight,960,0.7200819849967957,0.779508650302887,0.7200819849967957,5.960464477539063e-08,0.0,FP16,Sufficient,0.00016747978821972124,0.0003321331970844435,0.0,0.0,
inference,features.15.conv.1.1,BatchNorm2d,batchnorm,weight,960,0.7200819849967957,0.779508650302887,0.7200819849967957,5.960464477539063e-08,0.0,FP8_E4M3,Sufficient,0.010279034279472802,0.04154806761807474,0.0,0.0,
inference,features.15.conv.1.1,BatchNorm2d,batchnorm,weight,960,0.7200819849967957,0.779508650302887,0.7200819849967957,5.960464477539063e-08,0.0,FP8_E5M2,Sufficient,0.010279034279472802,0.04154806761807474,0.0,0.0,
inference,features.15.conv.1.1,BatchNorm2d,batchnorm,weight,960,0.7200819849967957,0.779508650302887,0.7200819849967957,5.960464477539063e-08,0.0,INT16,Sufficient,8.09156587873365e-06,1.6130637346810002e-05,,,2.3789442130890437e-05
inference,features.15.conv.1.1,BatchNorm2d,batchnorm,weight,960,0.7200819849967957,0.779508650302887,0.7200819849967957,5.960464477539063e-08,0.0,INT8,Sufficient,0.0020240315701270375,0.004214122061854895,,,0.006137863388211709
inference,features.15.conv.1.1,BatchNorm2d,batchnorm,bias,960,-0.022806191816926003,0.02357099950313568,2.230280551884789e-05,1.1641532182693481e-08,0.0,FP16,Sufficient,0.00017704866695968346,0.0009713182441576804,0.0,0.0,
inference,features.15.conv.1.1,BatchNorm2d,batchnorm,bias,960,-0.022806191816926003,0.02357099950313568,2.230280551884789e-05,1.1641532182693481e-08,0.0,FP8_E4M3,Not sufficient,0.21247338088718545,1.0,0.0,0.10208333333333333,
inference,features.15.conv.1.1,BatchNorm2d,batchnorm,bias,960,-0.022806191816926003,0.02357099950313568,2.230280551884789e-05,1.1641532182693481e-08,0.0,FP8_E5M2,Marginal,0.04410599168453774,0.3158354427829745,0.0,0.0,
inference,features.15.conv.1.1,BatchNorm2d,batchnorm,bias,960,-0.022806191816926003,0.02357099950313568,2.230280551884789e-05,1.1641532182693481e-08,0.0,INT16,Sufficient,0.00012968299998778574,0.010957914014144402,,,7.193517716951714e-07
inference,features.15.conv.1.1,BatchNorm2d,batchnorm,bias,960,-0.022806191816926003,0.02357099950313568,2.230280551884789e-05,1.1641532182693481e-08,0.0,INT8,Marginal,0.03681032578483638,1.0,,,0.00018559842128453293
inference,features.15.conv.1.1,BatchNorm2d,batchnorm,input,153600000,-1.0983574390411377,1.0688166618347168,7.493120707247058e-11,4.092726157978177e-12,0.10238928385416667,FP16,Sufficient,0.00016422258635387997,0.019097786029093042,0.0,0.0,
inference,features.15.conv.1.1,BatchNorm2d,batchnorm,input,153600000,-1.0983574390411377,1.0688166618347168,7.493120707247058e-11,4.092726157978177e-12,0.10238928385416667,FP8_E4M3,Not sufficient,0.06341896161450938,1.0,0.0,0.028937831056593255,
inference,features.15.conv.1.1,BatchNorm2d,batchnorm,input,153600000,-1.0983574390411377,1.0688166618347168,7.493120707247058e-11,4.092726157978177e-12,0.10238928385416667,FP8_E5M2,Marginal,0.04083974582186505,1.0,0.0,0.0005575689991636465,
inference,features.15.conv.1.1,BatchNorm2d,batchnorm,input,153600000,-1.0983574390411377,1.0688166618347168,7.493120707247058e-11,4.092726157978177e-12,0.10238928385416667,INT16,Sufficient,0.0015786410980331606,1.0,,,2.172709449979716e-05
inference,features.15.conv.1.1,BatchNorm2d,batchnorm,input,153600000,-1.0983574390411377,1.0688166618347168,7.493120707247058e-11,4.092726157978177e-12,0.10238928385416667,INT8,Not sufficient,0.11724377425029733,1.0,,,0.005605761460431917
inference,features.15.conv.1.1,BatchNorm2d,batchnorm,activation,153600000,-9.15392780303955,9.796177864074707,6.451336354018622e-09,2.3283064365386963e-10,0.0,FP16,Sufficient,0.00017603393735449383,0.0004826176235908214,0.0,0.0,
inference,features.15.conv.1.1,BatchNorm2d,batchnorm,activation,153600000,-9.15392780303955,9.796177864074707,6.451336354018622e-09,2.3283064365386963e-10,0.0,FP8_E4M3,Marginal,0.025177873675797657,1.0,0.0,0.00115,
inference,features.15.conv.1.1,BatchNorm2d,batchnorm,activation,153600000,-9.15392780303955,9.796177864074707,6.451336354018622e-09,2.3283064365386963e-10,0.0,FP8_E5M2,Marginal,0.04499389023383247,0.11104553515507577,0.0,0.0,
inference,features.15.conv.1.1,BatchNorm2d,batchnorm,activation,153600000,-9.15392780303955,9.796177864074707,6.451336354018622e-09,2.3283064365386963e-10,0.0,INT16,Sufficient,0.0007970389316033634,1.0,,,0.00023546669122068018
inference,features.15.conv.1.1,BatchNorm2d,batchnorm,activation,153600000,-9.15392780303955,9.796177864074707,6.451336354018622e-09,2.3283064365386963e-10,0.0,INT8,Not sufficient,0.10216416326447943,1.0,,,0.06075226040337029
inference,features.15.conv.2,Conv2d,conv,weight,153600,-0.3649848401546478,0.3982081115245819,2.4346277314180043e-06,1.1641532182693481e-10,0.0,FP16,Sufficient,0.0001767609679557045,0.003234368887001183,0.0,0.0,
inference,features.15.conv.2,Conv2d,conv,weight,153600,-0.3649848401546478,0.3982081115245819,2.4346277314180043e-06,1.1641532182693481e-10,0.0,FP8_E4M3,Marginal,0.04189700113371285,1.0,0.0,0.0094,
inference,features.15.conv.2,Conv2d,conv,weight,153600,-0.3649848401546478,0.3982081115245819,2.4346277314180043e-06,1.1641532182693481e-10,0.0,FP8_E5M2,Marginal,0.04485402819214413,0.724135145708971,0.0,0.0,
inference,features.15.conv.2,Conv2d,conv,weight,153600,-0.3649848401546478,0.3982081115245819,2.4346277314180043e-06,1.1641532182693481e-10,0.0,INT16,Sufficient,0.00024597240680347026,0.23262258062752264,,,1.0908847834973929e-05
inference,features.15.conv.2,Conv2d,conv,weight,153600,-0.3649848401546478,0.3982081115245819,2.4346277314180043e-06,1.1641532182693481e-10,0.0,INT8,Marginal,0.0423039501901009,1.0,,,0.002814568637862919
inference,features.15.conv.2,Conv2d,conv,input,153600000,0.0,6.0,1.5812101850087856e-08,2.3283064365386963e-10,0.5167502604166667,FP16,Sufficient,8.483154089474965e-05,0.00048050741583111767,0.0,0.0,
inference,features.15.conv.2,Conv2d,conv,input,153600000,0.0,6.0,1.5812101850087856e-08,2.3283064365386963e-10,0.5167502604166667,FP8_E4M3,Sufficient,0.012180973541023547,1.0,0.0,0.0014676590837614007,
inference,features.15.conv.2,Conv2d,conv,input,153600000,0.0,6.0,1.5812101850087856e-08,2.3283064365386963e-10,0.5167502604166667,FP8_E5M2,Marginal,0.021460686163735004,0.11104553515507577,0.0,0.0,
inference,features.15.conv.2,Conv2d,conv,input,153600000,0.0,6.0,1.5812101850087856e-08,2.3283064365386963e-10,0.5167502604166667,INT16,Sufficient,0.00028183099413831616,1.0,,,0.00018311105685598315
inference,features.15.conv.2,Conv2d,conv,input,153600000,0.0,6.0,1.5812101850087856e-08,2.3283064365386963e-10,0.5167502604166667,INT8,Marginal,0.03989457389841424,1.0,,,0.047244094488188976
inference,features.15.conv.2,Conv2d,conv,activation,25600000,-13.64111614227295,15.568094253540039,7.82310962677002e-08,9.313225746154785e-10,0.0,FP16,Sufficient,0.00017559351115691984,0.0004866166160309494,0.0,0.0,
inference,features.15.conv.2,Conv2d,conv,activation,25600000,-13.64111614227295,15.568094253540039,7.82310962677002e-08,9.313225746154785e-10,0.0,FP8_E4M3,Marginal,0.02304077964746917,1.0,0.0,0.0003,
inference,features.15.conv.2,Conv2d,conv,activation,25600000,-13.64111614227295,15.568094253540039,7.82310962677002e-08,9.313225746154785e-10,0.0,FP8_E5M2,Marginal,0.04459493138974774,0.11110899183889462,0.0,0.0,
inference,features.15.conv.2,Conv2d,conv,activation,25600000,-13.64111614227295,15.568094253540039,7.82310962677002e-08,9.313225746154785e-10,0.0,INT16,Sufficient,0.00032108785575497975,0.26452110097737386,,,0.0003093452941408366
inference,features.15.conv.2,Conv2d,conv,activation,25600000,-13.64111614227295,15.568094253540039,7.82310962677002e-08,9.313225746154785e-10,0.0,INT8,Marginal,0.05857736445818913,1.0,,,0.07981352167805349
inference,features.15.conv.3,BatchNorm2d,batchnorm,weight,160,0.6725277304649353,0.8064654469490051,0.6725277304649353,5.960464477539063e-08,0.0,FP16,Sufficient,0.0001760678139151327,0.00035963355698072753,0.0,0.0,
inference,features.15.conv.3,BatchNorm2d,batchnorm,weight,160,0.6725277304649353,0.8064654469490051,0.6725277304649353,5.960464477539063e-08,0.0,FP8_E4M3,Marginal,0.021141826745022376,0.04318923160529814,0.0,0.0,
inference,features.15.conv.3,BatchNorm2d,batchnorm,weight,160,0.6725277304649353,0.8064654469490051,0.6725277304649353,5.960464477539063e-08,0.0,FP8_E5M2,Marginal,0.029754061977663483,0.08585625019794169,0.0,0.0,
inference,features.15.conv.3,BatchNorm2d,batchnorm,weight,160,0.6725277304649353,0.8064654469490051,0.6725277304649353,5.960464477539063e-08,0.0,INT16,Sufficient,8.708375638658539e-06,1.6778640663346363e-05,,,2.4612123384777524e-05
inference,features.15.conv.3,BatchNorm2d,batchnorm,weight,160,0.6725277304649353,0.8064654469490051,0.6725277304649353,5.960464477539063e-08,0.0,INT8,Sufficient,0.0021204834225506133,0.004368063026879534,,,0.006350121629519726
inference,features.15.conv.3,BatchNorm2d,batchnorm,bias,160,-7.899659976828843e-06,7.81293692853069e-06,4.143501541875594e-08,1.0607550393615384e-09,0.0,FP16,Marginal,0.02624018795424745,0.43850905262147044,0.0,0.0,
inference,features.15.conv.3,BatchNorm2d,batchnorm,bias,160,-7.899659976828843e-06,7.81293692853069e-06,4.143501541875594e-08,1.0607550393615384e-09,0.0,FP8_E4M3,Not sufficient,1.0,1.0,0.0,1.0,
inference,features.15.conv.3,BatchNorm2d,batchnorm,bias,160,-7.899659976828843e-06,7.81293692853069e-06,4.143501541875594e-08,1.0607550393615384e-09,0.0,FP8_E5M2,Not sufficient,0.9992786949820498,1.0,0.0,0.9875,
inference,features.15.conv.3,BatchNorm2d,batchnorm,bias,160,-7.899659976828843e-06,7.81293692853069e-06,4.143501541875594e-08,1.0607550393615384e-09,0.0,INT16,Sufficient,0.00010132774053494753,0.0014406933987644308,,,2.4108584786000684e-10
inference,features.15.conv.3,BatchNorm2d,batchnorm,bias,160,-7.899659976828843e-06,7.81293692853069e-06,4.143501541875594e-08,1.0607550393615384e-09,0.0,INT8,Marginal,0.027453849380892254,0.5011952193817241,,,6.220204706164444e-08
inference,features.15.conv.3,BatchNorm2d,batchnorm,input,25600000,-13.64111614227295,15.568094253540039,7.82310962677002e-08,9.313225746154785e-10,0.0,FP16,Sufficient,0.00017559351115691984,0.0004866166160309494,0.0,0.0,
inference,features.15.conv.3,BatchNorm2d,batchnorm,input,25600000,-13.64111614227295,15.568094253540039,7.82310962677002e-08,9.313225746154785e-10,0.0,FP8_E4M3,Marginal,0.02304077964746917,1.0,0.0,0.0003,
inference,features.15.conv.3,BatchNorm2d,batchnorm,input,25600000,-13.64111614227295,15.568094253540039,7.82310962677002e-08,9.313225746154785e-10,0.0,FP8_E5M2,Marginal,0.04459493138974774,0.11110899183889462,0.0,0.0,
inference,features.15.conv.3,BatchNorm2d,batchnorm,input,25600000,-13.64111614227295,15.568094253540039,7.82310962677002e-08,9.313225746154785e-10,0.0,INT16,Sufficient,0.00032108785575497975,0.26452110097737386,,,0.0003093452941408366
inference,features.15.conv.3,BatchNorm2d,batchnorm,input,25600000,-13.64111614227295,15.568094253540039,7.82310962677002e-08,9.313225746154785e-10,0.0,INT8,Marginal,0.05857736445818913,1.0,,,0.07981352167805349
inference,features.15.conv.3,BatchNorm2d,batchnorm,activation,25600000,-6.206962585449219,6.453680992126465,5.309357842264717e-09,1.1641532182693481e-10,0.0,FP16,Sufficient,0.00017497587469173393,0.00048435154089616103,0.0,0.0,
inference,features.15.conv.3,BatchNorm2d,batchnorm,activation,25600000,-6.206962585449219,6.453680992126465,5.309357842264717e-09,1.1641532182693481e-10,0.0,FP8_E4M3,Marginal,0.0244456107053897,1.0,0.0,0.00085,
inference,features.15.conv.3,BatchNorm2d,batchnorm,activation,25600000,-6.206962585449219,6.453680992126465,5.309357842264717e-09,1.1641532182693481e-10,0.0,FP8_E5M2,Marginal,0.044650435090520676,0.11109368560916452,0.0,0.0,
inference,features.15.conv.3,BatchNorm2d,batchnorm,activation,25600000,-6.206962585449219,6.453680992126465,5.309357842264717e-09,1.1641532182693481e-10,0.0,INT16,Sufficient,0.0003472422349287084,0.31105361548327837,,,0.00012787363332530187
inference,features.15.conv.3,BatchNorm2d,batchnorm,activation,25600000,-6.206962585449219,6.453680992126465,5.309357842264717e-09,1.1641532182693481e-10,0.0,INT8,Marginal,0.053878027506698616,1.0,,,0.03299240427693044
inference,features.16.conv.0.0,Conv2d,conv,weight,153600,-0.18368032574653625,0.14789755642414093,2.5778069812076865e-07,1.1641532182693481e-10,0.0,FP16,Sufficient,0.0001764128934641179,0.010213480109537532,0.0,0.0,
inference,features.16.conv.0.0,Conv2d,conv,weight,153600,-0.18368032574653625,0.14789755642414093,2.5778069812076865e-07,1.1641532182693481e-10,0.0,FP8_E4M3,Not sufficient,0.06700002141948257,1.0,0.0,0.02115,
inference,features.16.conv.0.0,Conv2d,conv,weight,153600,-0.18368032574653625,0.14789755642414093,2.5778069812076865e-07,1.1641532182693481e-10,0.0,FP8_E5M2,Marginal,0.04554944136631452,1.0,0.0,0.00015,
inference,features.16.conv.0.0,Conv2d,conv,weight,153600,-0.18368032574653625,0.14789755642414093,2.5778069812076865e-07,1.1641532182693481e-10,0.0,INT16,Sufficient,0.00034994986905323785,1.0,,,4.857994106016928e-06
inference,features.16.conv.0.0,Conv2d,conv,weight,153600,-0.18368032574653625,0.14789755642414093,2.5778069812076865e-07,1.1641532182693481e-10,0.0,INT8,Marginal,0.042588930744646966,1.0,,,0.0012534007312744622
inference,features.16.conv.0.0,Conv2d,conv,input,25600000,-10.402641296386719,9.994682312011719,1.4901161193847656e-08,9.313225746154785e-10,0.0,FP16,Sufficient,0.000176951288327778,0.0004860212695845939,0.0,0.0,
inference,features.16.conv.0.0,Conv2d,conv,input,25600000,-10.402641296386719,9.994682312011719,1.4901161193847656e-08,9.313225746154785e-10,0.0,FP8_E4M3,Marginal,0.02389948925306383,1.0,0.0,0.00075,
inference,features.16.conv.0.0,Conv2d,conv,input,25600000,-10.402641296386719,9.994682312011719,1.4901161193847656e-08,9.313225746154785e-10,0.0,FP8_E5M2,Marginal,0.04493089139305706,0.111058078945843,0.0,0.0,
inference,features.16.conv.0.0,Conv2d,conv,input,25600000,-10.402641296386719,9.994682312011719,1.4901161193847656e-08,9.313225746154785e-10,0.0,INT16,Sufficient,0.00037864349607413887,1.0,,,0.00020844128642144935
inference,features.16.conv.0.0,Conv2d,conv,input,25600000,-10.402641296386719,9.994682312011719,1.4901161193847656e-08,9.313225746154785e-10,0.0,INT8,Marginal,0.052899243255012655,1.0,,,0.05377949316670576
inference,features.16.conv.0.0,Conv2d,conv,activation,153600000,-6.563666343688965,6.720864772796631,7.450580596923828e-09,9.313225746154785e-10,0.0,FP16,Sufficient,0.00017584203644932362,0.0005693680015183147,0.0,0.0,
inference,features.16.conv.0.0,Conv2d,conv,activation,153600000,-6.563666343688965,6.720864772796631,7.450580596923828e-09,9.313225746154785e-10,0.0,FP8_E4M3,Marginal,0.025062650169031496,1.0,0.0,0.00125,
inference,features.16.conv.0.0,Conv2d,conv,activation,153600000,-6.563666343688965,6.720864772796631,7.450580596923828e-09,9.313225746154785e-10,0.0,FP8_E5M2,Marginal,0.04499992193880936,0.16606566710950846,0.0,0.0,
inference,features.16.conv.0.0,Conv2d,conv,activation,153600000,-6.563666343688965,6.720864772796631,7.450580596923828e-09,9.313225746154785e-10,0.0,INT16,Sufficient,0.00043785377759387767,1.0,,,0.00011116952576257306
inference,features.16.conv.0.0,Conv2d,conv,activation,153600000,-6.563666343688965,6.720864772796631,7.450580596923828e-09,9.313225746154785e-10,0.0,INT8,Marginal,0.0545806215428142,1.0,,,0.028682612997340404
inference,features.16.conv.0.1,BatchNorm2d,batchnorm,weight,960,0.7449444532394409,0.7497243285179138,0.7449444532394409,5.960464477539063e-08,0.0,FP16,Sufficient,0.00015600220350174695,0.0003263178450588034,0.0,0.0,
inference,features.16.conv.0.1,BatchNorm2d,batchnorm,weight,960,0.7449444532394409,0.7497243285179138,0.7449444532394409,5.960464477539063e-08,0.0,FP8_E4M3,Sufficient,0.0031475685206108456,0.00678647480167776,0.0,0.0,
inference,features.16.conv.0.1,BatchNorm2d,batchnorm,weight,960,0.7449444532394409,0.7497243285179138,0.7449444532394409,5.960464477539063e-08,0.0,FP8_E5M2,Sufficient,0.0031475685206108456,0.00678647480167776,0.0,0.0,
inference,features.16.conv.0.1,BatchNorm2d,batchnorm,weight,960,0.7449444532394409,0.7497243285179138,0.7449444532394409,5.960464477539063e-08,0.0,INT16,Sufficient,7.528554242650074e-06,1.5294820018306767e-05,,,2.2880469024259583e-05
inference,features.16.conv.0.1,BatchNorm2d,batchnorm,weight,960,0.7449444532394409,0.7497243285179138,0.7449444532394409,5.960464477539063e-08,0.0,INT8,Sufficient,0.0027692828957314574,0.003943368924966244,,,0.005903341169432392
inference,features.16.conv.0.1,BatchNorm2d,batchnorm,bias,960,-0.019476380199193954,0.015505119226872921,3.6292024674366985e-07,4.540197551250458e-09,0.0,FP16,Sufficient,0.00019256040846243568,0.014582757889129565,0.0,0.0,
inference,features.16.conv.0.1,BatchNorm2d,batchnorm,bias,960,-0.019476380199193954,0.015505119226872921,3.6292024674366985e-07,4.540197551250458e-09,0.0,FP8_E4M3,Not sufficient,0.3164163588071137,1.0,0.0,0.17708333333333334,
inference,features.16.conv.0.1,BatchNorm2d,batchnorm,bias,960,-0.019476380199193954,0.015505119226872921,3.6292024674366985e-07,4.540197551250458e-09,0.0,FP8_E5M2,Marginal,0.048557953641399594,1.0,0.0,0.0020833333333333333,
inference,features.16.conv.0.1,BatchNorm2d,batchnorm,bias,960,-0.019476380199193954,0.015505119226872921,3.6292024674366985e-07,4.540197551250458e-09,0.0,INT16,Sufficient,0.000893122256068154,0.6377981085388214,,,5.943900936672248e-07
inference,features.16.conv.0.1,BatchNorm2d,batchnorm,bias,960,-0.019476380199193954,0.015505119226872921,3.6292024674366985e-07,4.540197551250458e-09,0.0,INT8,Marginal,0.044803903352614506,1.0,,,0.000153357324403102
inference,features.16.conv.0.1,BatchNorm2d,batchnorm,input,153600000,-6.563666343688965,6.720864772796631,7.450580596923828e-09,9.313225746154785e-10,0.0,FP16,Sufficient,0.00017584203644932362,0.0005693680015183147,0.0,0.0,
inference,features.16.conv.0.1,BatchNorm2d,batchnorm,input,153600000,-6.563666343688965,6.720864772796631,7.450580596923828e-09,9.313225746154785e-10,0.0,FP8_E4M3,Marginal,0.025062650169031496,1.0,0.0,0.00125,
inference,features.16.conv.0.1,BatchNorm2d,batchnorm,input,153600000,-6.563666343688965,6.720864772796631,7.450580596923828e-09,9.313225746154785e-10,0.0,FP8_E5M2,Marginal,0.04499992193880936,0.16606566710950846,0.0,0.0,
inference,features.16.conv.0.1,BatchNorm2d,batchnorm,input,153600000,-6.563666343688965,6.720864772796631,7.450580596923828e-09,9.313225746154785e-10,0.0,INT16,Sufficient,0.00043785377759387767,1.0,,,0.00011116952576257306
inference,features.16.conv.0.1,BatchNorm2d,batchnorm,input,153600000,-6.563666343688965,6.720864772796631,7.450580596923828e-09,9.313225746154785e-10,0.0,INT8,Marginal,0.0545806215428142,1.0,,,0.028682612997340404
inference,features.16.conv.0.1,BatchNorm2d,batchnorm,activation,153600000,-7.01069450378418,7.5328569412231445,7.0377033090096575e-09,2.3283064365386963e-10,0.0,FP16,Sufficient,0.00017559548884237426,0.0007212615411237177,0.0,0.0,
inference,features.16.conv.0.1,BatchNorm2d,batchnorm,activation,153600000,-7.01069450378418,7.5328569412231445,7.0377033090096575e-09,2.3283064365386963e-10,0.0,FP8_E4M3,Marginal,0.02448273499689705,1.0,0.0,0.00095,
inference,features.16.conv.0.1,BatchNorm2d,batchnorm,activation,153600000,-7.01069450378418,7.5328569412231445,7.0377033090096575e-09,2.3283064365386963e-10,0.0,FP8_E5M2,Marginal,0.04500322299888503,0.11110899183889462,0.0,0.0,
inference,features.16.conv.0.1,BatchNorm2d,batchnorm,activation,153600000,-7.01069450378418,7.5328569412231445,7.0377033090096575e-09,2.3283064365386963e-10,0.0,INT16,Sufficient,0.00035035352306281623,1.0,,,0.00014059465099640548
inference,features.16.conv.0.1,BatchNorm2d,batchnorm,activation,153600000,-7.01069450378418,7.5328569412231445,7.0377033090096575e-09,2.3283064365386963e-10,0.0,INT8,Marginal,0.057776323431052205,1.0,,,0.03627452700156865
inference,features.16.conv.1.0,Conv2d,conv,weight,8640,-0.0913139283657074,0.1145937591791153,7.95279902376933e-06,1.862645149230957e-09,0.0,FP16,Sufficient,0.00017594936725550824,0.003191488753395824,0.0,0.0,
inference,features.16.conv.1.0,Conv2d,conv,weight,8640,-0.0913139283657074,0.1145937591791153,7.95279902376933e-06,1.862645149230957e-09,0.0,FP8_E4M3,Not sufficient,0.053046020054436295,1.0,0.0,0.013888888888888888,
inference,features.16.conv.1.0,Conv2d,conv,weight,8640,-0.0913139283657074,0.1145937591791153,7.95279902376933e-06,1.862645149230957e-09,0.0,FP8_E5M2,Marginal,0.045071329953101445,0.918669014128802,0.0,0.0,
inference,features.16.conv.1.0,Conv2d,conv,weight,8640,-0.0913139283657074,0.1145937591791153,7.95279902376933e-06,1.862645149230957e-09,0.0,INT16,Sufficient,0.00011755496048648321,0.12050318008906165,,,3.4972307253979705e-06
inference,features.16.conv.1.0,Conv2d,conv,weight,8640,-0.0913139283657074,0.1145937591791153,7.95279902376933e-06,1.862645149230957e-09,0.0,INT8,Marginal,0.024448010971493718,1.0,,,0.0009023130644024827
inference,features.16.conv.1.0,Conv2d,conv,input,153600000,0.0,6.0,1.2430899865023548e-08,2.3283064365386963e-10,0.5042658919270834,FP16,Sufficient,8.54962576094127e-05,0.0004820882643321171,0.0,0.0,
inference,features.16.conv.1.0,Conv2d,conv,input,153600000,0.0,6.0,1.2430899865023548e-08,2.3283064365386963e-10,0.5042658919270834,FP8_E4M3,Sufficient,0.011972144222124394,1.0,0.0,0.0006103143118706134,
inference,features.16.conv.1.0,Conv2d,conv,input,153600000,0.0,6.0,1.2430899865023548e-08,2.3283064365386963e-10,0.5042658919270834,FP8_E5M2,Marginal,0.02216622769183294,0.11110206877375733,0.0,0.0,
inference,features.16.conv.1.0,Conv2d,conv,input,153600000,0.0,6.0,1.2430899865023548e-08,2.3283064365386963e-10,0.5042658919270834,INT16,Sufficient,0.00013691874320511294,0.12361796212908985,,,0.00014059465099640548
inference,features.16.conv.1.0,Conv2d,conv,input,153600000,0.0,6.0,1.2430899865023548e-08,2.3283064365386963e-10,0.5042658919270834,INT8,Marginal,0.02823973579538374,1.0,,,0.03627452700156865
inference,features.16.conv.1.0,Conv2d,conv,activation,153600000,-1.0233925580978394,1.1592200994491577,1.2258456402736151e-11,7.275957614183426e-12,0.11249467447916667,FP16,Sufficient,0.0001589825586708091,0.012080115030162777,0.0,0.0,
inference,features.16.conv.1.0,Conv2d,conv,activation,153600000,-1.0233925580978394,1.1592200994491577,1.2258456402736151e-11,7.275957614183426e-12,0.11249467447916667,FP8_E4M3,Not sufficient,0.06990308865206009,1.0,0.0,0.03316038799909768,
inference,features.16.conv.1.0,Conv2d,conv,activation,153600000,-1.0233925580978394,1.1592200994491577,1.2258456402736151e-11,7.275957614183426e-12,0.11249467447916667,FP8_E5M2,Marginal,0.039965345566443475,1.0,0.0,0.00028197608842770133,
inference,features.16.conv.1.0,Conv2d,conv,activation,153600000,-1.0233925580978394,1.1592200994491577,1.2258456402736151e-11,7.275957614183426e-12,0.11249467447916667,INT16,Sufficient,0.0013741247071900396,1.0,,,1.78107580994688e-05
inference,features.16.conv.1.0,Conv2d,conv,activation,153600000,-1.0233925580978394,1.1592200994491577,1.2258456402736151e-11,7.275957614183426e-12,0.11249467447916667,INT8,Not sufficient,0.11665157051594137,1.0,,,0.00459531583185271
inference,features.16.conv.1.1,BatchNorm2d,batchnorm,weight,960,0.7190386652946472,0.7762196063995361,0.7190386652946472,5.960464477539063e-08,0.0,FP16,Sufficient,0.00016133932635913607,0.00033132957826477965,0.0,0.0,
inference,features.16.conv.1.1,BatchNorm2d,batchnorm,weight,960,0.7190386652946472,0.7762196063995361,0.7190386652946472,5.960464477539063e-08,0.0,FP8_E4M3,Sufficient,0.008033106448622686,0.04305934604040447,0.0,0.0,
inference,features.16.conv.1.1,BatchNorm2d,batchnorm,weight,960,0.7190386652946472,0.7762196063995361,0.7190386652946472,5.960464477539063e-08,0.0,FP8_E5M2,Sufficient,0.008033106448622686,0.04305934604040447,0.0,0.0,
inference,features.16.conv.1.1,BatchNorm2d,batchnorm,weight,960,0.7190386652946472,0.7762196063995361,0.7190386652946472,5.960464477539063e-08,0.0,INT16,Sufficient,7.94182881921191e-06,1.59803754254545e-05,,,2.3689065413359055e-05
inference,features.16.conv.1.1,BatchNorm2d,batchnorm,weight,960,0.7190386652946472,0.7762196063995361,0.7190386652946472,5.960464477539063e-08,0.0,INT8,Sufficient,0.0020047815133232725,0.004143163639291717,,,0.006111965404720757
inference,features.16.conv.1.1,BatchNorm2d,batchnorm,bias,960,-0.024105628952383995,0.021718833595514297,4.431305569596589e-06,1.3969838619232178e-09,0.0,FP16,Sufficient,0.0001918953372728345,0.004740001662714821,0.0,0.0,
inference,features.16.conv.1.1,BatchNorm2d,batchnorm,bias,960,-0.024105628952383995,0.021718833595514297,4.431305569596589e-06,1.3969838619232178e-09,0.0,FP8_E4M3,Not sufficient,0.2632185498929759,1.0,0.0,0.128125,
inference,features.16.conv.1.1,BatchNorm2d,batchnorm,bias,960,-0.024105628952383995,0.021718833595514297,4.431305569596589e-06,1.3969838619232178e-09,0.0,FP8_E5M2,Marginal,0.04791803631357784,1.0,0.0,0.0020833333333333333,
inference,features.16.conv.1.1,BatchNorm2d,batchnorm,bias,960,-0.024105628952383995,0.021718833595514297,4.431305569596589e-06,1.3969838619232178e-09,0.0,INT16,Sufficient,0.000182892735883921,0.022759749299742452,,,7.356678656082032e-07
inference,features.16.conv.1.1,BatchNorm2d,batchnorm,bias,960,-0.024105628952383995,0.021718833595514297,4.431305569596589e-06,1.3969838619232178e-09,0.0,INT8,Marginal,0.040511960962438316,1.0,,,0.00018980810198727555
inference,features.16.conv.1.1,BatchNorm2d,batchnorm,input,153600000,-1.0233925580978394,1.1592200994491577,1.2258456402736151e-11,7.275957614183426e-12,0.11249467447916667,FP16,Sufficient,0.0001589825586708091,0.012080115030162777,0.0,0.0,
inference,features.16.conv.1.1,BatchNorm2d,batchnorm,input,153600000,-1.0233925580978394,1.1592200994491577,1.2258456402736151e-11,7.275957614183426e-12,0.11249467447916667,FP8_E4M3,Not sufficient,0.06990308865206009,1.0,0.0,0.03316038799909768,
inference,features.16.conv.1.1,BatchNorm2d,batchnorm,input,153600000,-1.0233925580978394,1.1592200994491577,1.2258456402736151e-11,7.275957614183426e-12,0.11249467447916667,FP8_E5M2,Marginal,0.039965345566443475,1.0,0.0,0.00028197608842770133,
inference,features.16.conv.1.1,BatchNorm2d,batchnorm,input,153600000,-1.0233925580978394,1.1592200994491577,1.2258456402736151e-11,7.275957614183426e-12,0.11249467447916667,INT16,Sufficient,0.0013741247071900396,1.0,,,1.78107580994688e-05
inference,features.16.conv.1.1,BatchNorm2d,batchnorm,input,153600000,-1.0233925580978394,1.1592200994491577,1.2258456402736151e-11,7.275957614183426e-12,0.11249467447916667,INT8,Not sufficient,0.11665157051594137,1.0,,,0.00459531583185271
inference,features.16.conv.1.1,BatchNorm2d,batchnorm,activation,153600000,-11.04416275024414,9.64112663269043,2.858371317415731e-09,1.1641532182693481e-10,0.0,FP16,Sufficient,0.00017543161802533044,0.0013119776657420721,0.0,0.0,
inference,features.16.conv.1.1,BatchNorm2d,batchnorm,activation,153600000,-11.04416275024414,9.64112663269043,2.858371317415731e-09,1.1641532182693481e-10,0.0,FP8_E4M3,Marginal,0.025436312132399955,1.0,0.0,0.0014,
inference,features.16.conv.1.1,BatchNorm2d,batchnorm,activation,153600000,-11.04416275024414,9.64112663269043,2.858371317415731e-09,1.1641532182693481e-10,0.0,FP8_E5M2,Marginal,0.04492409009040593,1.0,0.0,5e-05,
inference,features.16.conv.1.1,BatchNorm2d,batchnorm,activation,153600000,-11.04416275024414,9.64112663269043,2.858371317415731e-09,1.1641532182693481e-10,0.0,INT16,Sufficient,0.0007432112195735154,1.0,,,0.0001772052146591935
inference,features.16.conv.1.1,BatchNorm2d,batchnorm,activation,153600000,-11.04416275024414,9.64112663269043,2.858371317415731e-09,1.1641532182693481e-10,0.0,INT8,Marginal,0.07807951295375423,1.0,,,0.04572034069872278
inference,features.16.conv.2,Conv2d,conv,weight,153600,-0.40195539593696594,0.3820532262325287,4.5403638182506256e-07,2.3283064365386963e-10,0.0,FP16,Sufficient,0.000176445274474321,0.0010826264996709443,0.0,0.0,
inference,features.16.conv.2,Conv2d,conv,weight,153600,-0.40195539593696594,0.3820532262325287,4.5403638182506256e-07,2.3283064365386963e-10,0.0,FP8_E4M3,Marginal,0.04118062633209886,1.0,0.0,0.00835,
inference,features.16.conv.2,Conv2d,conv,weight,153600,-0.40195539593696594,0.3820532262325287,4.5403638182506256e-07,2.3283064365386963e-10,0.0,FP8_E5M2,Marginal,0.044966566897771544,0.18940859356318251,0.0,0.0,
inference,features.16.conv.2,Conv2d,conv,weight,153600,-0.40195539593696594,0.3820532262325287,4.5403638182506256e-07,2.3283064365386963e-10,0.0,INT16,Sufficient,0.00022727150201681928,0.19121106401346682,,,1.1350609259576739e-05
inference,features.16.conv.2,Conv2d,conv,weight,153600,-0.40195539593696594,0.3820532262325287,4.5403638182506256e-07,2.3283064365386963e-10,0.0,INT8,Marginal,0.043199313246181634,1.0,,,0.0029285465638468583
inference,features.16.conv.2,Conv2d,conv,input,153600000,0.0,6.0,2.858371317415731e-09,4.656612873077393e-10,0.5204520963541667,FP16,Sufficient,8.20070551742675e-05,0.0013119776657420721,0.0,0.0,
inference,features.16.conv.2,Conv2d,conv,input,153600000,0.0,6.0,2.858371317415731e-09,4.656612873077393e-10,0.5204520963541667,FP8_E4M3,Sufficient,0.011930574314236449,1.0,0.0,0.0012741558717349756,
inference,features.16.conv.2,Conv2d,conv,input,153600000,0.0,6.0,2.858371317415731e-09,4.656612873077393e-10,0.5204520963541667,FP8_E5M2,Marginal,0.021152093767361907,0.34207259833732967,0.0,0.0,
inference,features.16.conv.2,Conv2d,conv,input,153600000,0.0,6.0,2.858371317415731e-09,4.656612873077393e-10,0.5204520963541667,INT16,Sufficient,0.0003798966335719414,1.0,,,0.0001772052146591935
inference,features.16.conv.2,Conv2d,conv,input,153600000,0.0,6.0,2.858371317415731e-09,4.656612873077393e-10,0.5204520963541667,INT8,Marginal,0.03694339639412382,1.0,,,0.04572034069872278
inference,features.16.conv.2,Conv2d,conv,activation,25600000,-15.83062744140625,14.790590286254883,6.51925802230835e-09,4.656612873077393e-10,0.0,FP16,Sufficient,0.00017658155022749059,0.0007274238802868129,0.0,0.0,
inference,features.16.conv.2,Conv2d,conv,activation,25600000,-15.83062744140625,14.790590286254883,6.51925802230835e-09,4.656612873077393e-10,0.0,FP8_E4M3,Marginal,0.02428859554969872,1.0,0.0,0.0009,
inference,features.16.conv.2,Conv2d,conv,activation,25600000,-15.83062744140625,14.790590286254883,6.51925802230835e-09,4.656612873077393e-10,0.0,FP8_E5M2,Marginal,0.04468812915240206,0.1487062246700613,0.0,0.0,
inference,features.16.conv.2,Conv2d,conv,activation,25600000,-15.83062744140625,14.790590286254883,6.51925802230835e-09,4.656612873077393e-10,0.0,INT16,Sufficient,0.0006489189702910754,1.0,,,0.0003038915355390278
inference,features.16.conv.2,Conv2d,conv,activation,25600000,-15.83062744140625,14.790590286254883,6.51925802230835e-09,4.656612873077393e-10,0.0,INT8,Marginal,0.05989078833427225,1.0,,,0.0784064090158057
inference,features.16.conv.3,BatchNorm2d,batchnorm,weight,160,0.6814855337142944,0.7809351682662964,0.6814855337142944,1.3709068298339844e-06,0.0,FP16,Sufficient,0.00016034519920553504,0.00034212965157087325,0.0,0.0,
inference,features.16.conv.3,BatchNorm2d,batchnorm,weight,160,0.6814855337142944,0.7809351682662964,0.6814855337142944,1.3709068298339844e-06,0.0,FP8_E4M3,Marginal,0.020682240939607154,0.04328562674329448,0.0,0.0,
inference,features.16.conv.3,BatchNorm2d,batchnorm,weight,160,0.6814855337142944,0.7809351682662964,0.6814855337142944,1.3709068298339844e-06,0.0,FP8_E5M2,Marginal,0.028033410661100128,0.08867865462042501,0.0,0.0,
inference,features.16.conv.3,BatchNorm2d,batchnorm,weight,160,0.6814855337142944,0.7809351682662964,0.6814855337142944,1.3709068298339844e-06,0.0,INT16,Sufficient,7.609334375265731e-06,1.6592370815896414e-05,,,2.383297733287443e-05
inference,features.16.conv.3,BatchNorm2d,batchnorm,weight,160,0.6814855337142944,0.7809351682662964,0.6814855337142944,1.3709068298339844e-06,0.0,INT8,Sufficient,0.002172854936077992,0.004201366655125442,,,0.006149095813120444
inference,features.16.conv.3,BatchNorm2d,batchnorm,bias,160,-4.538124358077766e-06,6.2099197748466395e-06,2.400557974624462e-08,1.277413730349508e-10,0.0,FP16,Marginal,0.04006552527032183,1.0,0.0,0.00625,
inference,features.16.conv.3,BatchNorm2d,batchnorm,bias,160,-4.538124358077766e-06,6.2099197748466395e-06,2.400557974624462e-08,1.277413730349508e-10,0.0,FP8_E4M3,Not sufficient,1.0,1.0,0.0,1.0,
inference,features.16.conv.3,BatchNorm2d,batchnorm,bias,160,-4.538124358077766e-06,6.2099197748466395e-06,2.400557974624462e-08,1.277413730349508e-10,0.0,FP8_E5M2,Not sufficient,1.0,1.0,0.0,1.0,
inference,features.16.conv.3,BatchNorm2d,batchnorm,bias,160,-4.538124358077766e-06,6.2099197748466395e-06,2.400557974624462e-08,1.277413730349508e-10,0.0,INT16,Sufficient,0.00011524534773052078,0.002630312708147614,,,1.895174954938395e-10
inference,features.16.conv.3,BatchNorm2d,batchnorm,bias,160,-4.538124358077766e-06,6.2099197748466395e-06,2.400557974624462e-08,1.277413730349508e-10,0.0,INT8,Marginal,0.02956825304003246,1.0,,,4.889700610115464e-08
inference,features.16.conv.3,BatchNorm2d,batchnorm,input,25600000,-15.83062744140625,14.790590286254883,6.51925802230835e-09,4.656612873077393e-10,0.0,FP16,Sufficient,0.00017658155022749059,0.0007274238802868129,0.0,0.0,
inference,features.16.conv.3,BatchNorm2d,batchnorm,input,25600000,-15.83062744140625,14.790590286254883,6.51925802230835e-09,4.656612873077393e-10,0.0,FP8_E4M3,Marginal,0.02428859554969872,1.0,0.0,0.0009,
inference,features.16.conv.3,BatchNorm2d,batchnorm,input,25600000,-15.83062744140625,14.790590286254883,6.51925802230835e-09,4.656612873077393e-10,0.0,FP8_E5M2,Marginal,0.04468812915240206,0.1487062246700613,0.0,0.0,
inference,features.16.conv.3,BatchNorm2d,batchnorm,input,25600000,-15.83062744140625,14.790590286254883,6.51925802230835e-09,4.656612873077393e-10,0.0,INT16,Sufficient,0.0006489189702910754,1.0,,,0.0003038915355390278
inference,features.16.conv.3,BatchNorm2d,batchnorm,input,25600000,-15.83062744140625,14.790590286254883,6.51925802230835e-09,4.656612873077393e-10,0.0,INT8,Marginal,0.05989078833427225,1.0,,,0.0784064090158057
inference,features.16.conv.3,BatchNorm2d,batchnorm,activation,25600000,-7.7688069343566895,6.338481426239014,4.023957700383107e-08,2.3283064365386963e-10,0.0,FP16,Sufficient,0.0001759910709049475,0.0006002175730796164,0.0,0.0,
inference,features.16.conv.3,BatchNorm2d,batchnorm,activation,25600000,-7.7688069343566895,6.338481426239014,4.023957700383107e-08,2.3283064365386963e-10,0.0,FP8_E4M3,Marginal,0.02474326523048872,1.0,0.0,0.0011,
inference,features.16.conv.3,BatchNorm2d,batchnorm,activation,25600000,-7.7688069343566895,6.338481426239014,4.023957700383107e-08,2.3283064365386963e-10,0.0,FP8_E5M2,Marginal,0.04503990788635163,0.11111007501928809,0.0,0.0,
inference,features.16.conv.3,BatchNorm2d,batchnorm,activation,25600000,-7.7688069343566895,6.338481426239014,4.023957700383107e-08,2.3283064365386963e-10,0.0,INT16,Sufficient,0.0005188124775210163,1.0,,,0.0001215402646399026
inference,features.16.conv.3,BatchNorm2d,batchnorm,activation,25600000,-7.7688069343566895,6.338481426239014,4.023957700383107e-08,2.3283064365386963e-10,0.0,INT8,Marginal,0.05352281135849491,1.0,,,0.03135834528705266
inference,features.17.conv.0.0,Conv2d,conv,weight,153600,-0.17914600670337677,0.17045311629772186,7.438657689817774e-08,2.1827872842550278e-10,0.0,FP16,Sufficient,0.000178674026075732,0.026255871148211617,0.0,0.0,
inference,features.17.conv.0.0,Conv2d,conv,weight,153600,-0.17914600670337677,0.17045311629772186,7.438657689817774e-08,2.1827872842550278e-10,0.0,FP8_E4M3,Not sufficient,0.06364364590902896,1.0,0.0,0.01955,
inference,features.17.conv.0.0,Conv2d,conv,weight,153600,-0.17914600670337677,0.17045311629772186,7.438657689817774e-08,2.1827872842550278e-10,0.0,FP8_E5M2,Marginal,0.04536982385719332,1.0,0.0,0.00015,
inference,features.17.conv.0.0,Conv2d,conv,weight,153600,-0.17914600670337677,0.17045311629772186,7.438657689817774e-08,2.1827872842550278e-10,0.0,INT16,Sufficient,0.0003479994315522147,1.0,,,4.872600127173091e-06
inference,features.17.conv.0.0,Conv2d,conv,weight,153600,-0.17914600670337677,0.17045311629772186,7.438657689817774e-08,2.1827872842550278e-10,0.0,INT8,Marginal,0.040377010516597894,1.0,,,0.0012571691997407927
inference,features.17.conv.0.0,Conv2d,conv,input,25600000,-11.941158294677734,11.758950233459473,5.960464477539063e-08,1.862645149230957e-09,0.0,FP16,Sufficient,0.0001764819344580591,0.00048649520498089194,0.0,0.0,
inference,features.17.conv.0.0,Conv2d,conv,input,25600000,-11.941158294677734,11.758950233459473,5.960464477539063e-08,1.862645149230957e-09,0.0,FP8_E4M3,Marginal,0.02398185532563,1.0,0.0,0.00095,
inference,features.17.conv.0.0,Conv2d,conv,input,25600000,-11.941158294677734,11.758950233459473,5.960464477539063e-08,1.862645149230957e-09,0.0,FP8_E5M2,Marginal,0.04479678846913589,0.11109792430765396,0.0,0.0,
inference,features.17.conv.0.0,Conv2d,conv,input,25600000,-11.941158294677734,11.758950233459473,5.960464477539063e-08,1.862645149230957e-09,0.0,INT16,Sufficient,0.0006466310983684858,1.0,,,0.00026466093599754456
inference,features.17.conv.0.0,Conv2d,conv,input,25600000,-11.941158294677734,11.758950233459473,5.960464477539063e-08,1.862645149230957e-09,0.0,INT8,Marginal,0.058744469671677506,1.0,,,0.06828460543174443
inference,features.17.conv.0.0,Conv2d,conv,activation,153600000,-9.586299896240234,9.490221977233887,1.4901161193847656e-08,9.313225746154785e-10,6.510416666666667e-09,FP16,Sufficient,0.00017615709508634608,0.0004851958301643684,0.0,0.0,
inference,features.17.conv.0.0,Conv2d,conv,activation,153600000,-9.586299896240234,9.490221977233887,1.4901161193847656e-08,9.313225746154785e-10,6.510416666666667e-09,FP8_E4M3,Marginal,0.024173118783641166,1.0,0.0,0.00085,
inference,features.17.conv.0.0,Conv2d,conv,activation,153600000,-9.586299896240234,9.490221977233887,1.4901161193847656e-08,9.313225746154785e-10,6.510416666666667e-09,FP8_E5M2,Marginal,0.04510138344785128,0.1110872803880838,0.0,0.0,
inference,features.17.conv.0.0,Conv2d,conv,activation,153600000,-9.586299896240234,9.490221977233887,1.4901161193847656e-08,9.313225746154785e-10,6.510416666666667e-09,INT16,Sufficient,0.00042726932264481194,1.0,,,0.00015495115012329746
inference,features.17.conv.0.0,Conv2d,conv,activation,153600000,-9.586299896240234,9.490221977233887,1.4901161193847656e-08,9.313225746154785e-10,6.510416666666667e-09,INT8,Marginal,0.0518890194755071,1.0,,,0.03997861681960699
inference,features.17.conv.0.1,BatchNorm2d,batchnorm,weight,960,0.742043137550354,0.7491615414619446,0.742043137550354,5.960464477539063e-08,0.0,FP16,Sufficient,0.0001578865082014777,0.00032637169429021814,0.0,0.0,
inference,features.17.conv.0.1,BatchNorm2d,batchnorm,weight,960,0.742043137550354,0.7491615414619446,0.742043137550354,5.960464477539063e-08,0.0,FP8_E4M3,Sufficient,0.0034843813727209916,0.010722910902340977,0.0,0.0,
inference,features.17.conv.0.1,BatchNorm2d,batchnorm,weight,960,0.742043137550354,0.7491615414619446,0.742043137550354,5.960464477539063e-08,0.0,FP8_E5M2,Sufficient,0.0034843813727209916,0.010722910902340977,0.0,0.0,
inference,features.17.conv.0.1,BatchNorm2d,batchnorm,weight,960,0.742043137550354,0.7491615414619446,0.742043137550354,5.960464477539063e-08,0.0,INT16,Sufficient,7.710636021039452e-06,1.5271900491799844e-05,,,2.2863293602159018e-05
inference,features.17.conv.0.1,BatchNorm2d,batchnorm,weight,960,0.742043137550354,0.7491615414619446,0.742043137550354,5.960464477539063e-08,0.0,INT8,Sufficient,0.0021902660085049435,0.003943948050619784,,,0.005898909775290903
inference,features.17.conv.0.1,BatchNorm2d,batchnorm,bias,960,-0.0525842122733593,0.03149211406707764,9.045259616868861e-07,2.9802322387695312e-08,0.0,FP16,Sufficient,0.00018614438474647653,0.011559966765936078,0.0,0.0,
inference,features.17.conv.0.1,BatchNorm2d,batchnorm,bias,960,-0.0525842122733593,0.03149211406707764,9.045259616868861e-07,2.9802322387695312e-08,0.0,FP8_E4M3,Not sufficient,0.15704519550694082,1.0,0.0,0.06666666666666667,
inference,features.17.conv.0.1,BatchNorm2d,batchnorm,bias,960,-0.0525842122733593,0.03149211406707764,9.045259616868861e-07,2.9802322387695312e-08,0.0,FP8_E5M2,Marginal,0.047335904703709165,1.0,0.0,0.0020833333333333333,
inference,features.17.conv.0.1,BatchNorm2d,batchnorm,bias,960,-0.0525842122733593,0.03149211406707764,9.045259616868861e-07,2.9802322387695312e-08,0.0,INT16,Sufficient,0.0010764837750756007,0.7741799003309138,,,1.6047917805523636e-06
inference,features.17.conv.0.1,BatchNorm2d,batchnorm,bias,960,-0.0525842122733593,0.03149211406707764,9.045259616868861e-07,2.9802322387695312e-08,0.0,INT8,Marginal,0.04884055538846147,1.0,,,0.0004140489155382622
inference,features.17.conv.0.1,BatchNorm2d,batchnorm,input,153600000,-9.586299896240234,9.490221977233887,1.4901161193847656e-08,9.313225746154785e-10,6.510416666666667e-09,FP16,Sufficient,0.00017615709508634608,0.0004851958301643684,0.0,0.0,
inference,features.17.conv.0.1,BatchNorm2d,batchnorm,input,153600000,-9.586299896240234,9.490221977233887,1.4901161193847656e-08,9.313225746154785e-10,6.510416666666667e-09,FP8_E4M3,Marginal,0.024173118783641166,1.0,0.0,0.00085,
inference,features.17.conv.0.1,BatchNorm2d,batchnorm,input,153600000,-9.586299896240234,9.490221977233887,1.4901161193847656e-08,9.313225746154785e-10,6.510416666666667e-09,FP8_E5M2,Marginal,0.04510138344785128,0.1110872803880838,0.0,0.0,
inference,features.17.conv.0.1,BatchNorm2d,batchnorm,input,153600000,-9.586299896240234,9.490221977233887,1.4901161193847656e-08,9.313225746154785e-10,6.510416666666667e-09,INT16,Sufficient,0.00042726932264481194,1.0,,,0.00015495115012329746
inference,features.17.conv.0.1,BatchNorm2d,batchnorm,input,153600000,-9.586299896240234,9.490221977233887,1.4901161193847656e-08,9.313225746154785e-10,6.510416666666667e-09,INT8,Marginal,0.0518890194755071,1.0,,,0.03997861681960699
inference,features.17.conv.0.1,BatchNorm2d,batchnorm,activation,153600000,-6.664811134338379,8.004630088806152,2.0349276041997655e-08,2.3283064365386963e-10,0.0,FP16,Sufficient,0.000175406979884587,0.0017400255466397969,0.0,0.0,
inference,features.17.conv.0.1,BatchNorm2d,batchnorm,activation,153600000,-6.664811134338379,8.004630088806152,2.0349276041997655e-08,2.3283064365386963e-10,0.0,FP8_E4M3,Marginal,0.02473616239075131,1.0,0.0,0.00125,
inference,features.17.conv.0.1,BatchNorm2d,batchnorm,activation,153600000,-6.664811134338379,8.004630088806152,2.0349276041997655e-08,2.3283064365386963e-10,0.0,FP8_E5M2,Marginal,0.04469815561341807,0.11111099337355367,0.0,0.0,
inference,features.17.conv.0.1,BatchNorm2d,batchnorm,activation,153600000,-6.664811134338379,8.004630088806152,2.0349276041997655e-08,2.3283064365386963e-10,0.0,INT16,Sufficient,0.00042980305974778916,1.0,,,0.00012787877030814575
inference,features.17.conv.0.1,BatchNorm2d,batchnorm,activation,153600000,-6.664811134338379,8.004630088806152,2.0349276041997655e-08,2.3283064365386963e-10,0.0,INT8,Marginal,0.051491075545980265,1.0,,,0.03299372965895285
inference,features.17.conv.1.0,Conv2d,conv,weight,8640,-0.12084855139255524,0.12273072451353073,2.838621730916202e-05,5.951733328402042e-09,0.0,FP16,Sufficient,0.00017618467245918216,0.000703660916813212,0.0,0.0,
inference,features.17.conv.1.0,Conv2d,conv,weight,8640,-0.12084855139255524,0.12273072451353073,2.838621730916202e-05,5.951733328402042e-09,0.0,FP8_E4M3,Not sufficient,0.04652234036932953,1.0,0.0,0.011921296296296296,
inference,features.17.conv.1.0,Conv2d,conv,weight,8640,-0.12084855139255524,0.12273072451353073,2.838621730916202e-05,5.951733328402042e-09,0.0,FP8_E5M2,Marginal,0.045072091673362014,0.17693784316096867,0.0,0.0,
inference,features.17.conv.1.0,Conv2d,conv,weight,8640,-0.12084855139255524,0.12273072451353073,2.838621730916202e-05,5.951733328402042e-09,0.0,INT16,Sufficient,0.00010233048228056733,0.05559926869248923,,,3.7455587790621886e-06
inference,features.17.conv.1.0,Conv2d,conv,weight,8640,-0.12084855139255524,0.12273072451353073,2.838621730916202e-05,5.951733328402042e-09,0.0,INT8,Marginal,0.02156898062018608,1.0,,,0.0009663836575868562
inference,features.17.conv.1.0,Conv2d,conv,input,153600000,0.0,6.0,2.0349276041997655e-08,4.656612873077393e-10,0.5102651106770834,FP16,Sufficient,8.541618620863327e-05,0.0017400255466397969,0.0,0.0,
inference,features.17.conv.1.0,Conv2d,conv,input,153600000,0.0,6.0,2.0349276041997655e-08,4.656612873077393e-10,0.5102651106770834,FP8_E4M3,Sufficient,0.012118748290199483,1.0,0.0,0.001236603462489695,
inference,features.17.conv.1.0,Conv2d,conv,input,153600000,0.0,6.0,2.0349276041997655e-08,4.656612873077393e-10,0.5102651106770834,FP8_E5M2,Marginal,0.02160244589545299,0.11109227270068488,0.0,0.0,
inference,features.17.conv.1.0,Conv2d,conv,input,153600000,0.0,6.0,2.0349276041997655e-08,4.656612873077393e-10,0.5102651106770834,INT16,Sufficient,0.00024890556093036363,1.0,,,0.00012787877030814575
inference,features.17.conv.1.0,Conv2d,conv,input,153600000,0.0,6.0,2.0349276041997655e-08,4.656612873077393e-10,0.5102651106770834,INT8,Marginal,0.02537734001314242,1.0,,,0.03299372965895285
inference,features.17.conv.1.0,Conv2d,conv,activation,153600000,-1.0519466400146484,1.2094554901123047,2.459910330987469e-10,2.7284841053187847e-12,0.13038557942708334,FP16,Sufficient,0.0001534932258934389,0.009705870278316993,0.0,0.0,
inference,features.17.conv.1.0,Conv2d,conv,activation,153600000,-1.0519466400146484,1.2094554901123047,2.459910330987469e-10,2.7284841053187847e-12,0.13038557942708334,FP8_E4M3,Not sufficient,0.05933816370716502,1.0,0.0,0.02704261085164043,
inference,features.17.conv.1.0,Conv2d,conv,activation,153600000,-1.0519466400146484,1.2094554901123047,2.459910330987469e-10,2.7284841053187847e-12,0.13038557942708334,FP8_E5M2,Marginal,0.03919448834079528,1.0,0.0,0.0001729804532087874,
inference,features.17.conv.1.0,Conv2d,conv,activation,153600000,-1.0519466400146484,1.2094554901123047,2.459910330987469e-10,2.7284841053187847e-12,0.13038557942708334,INT16,Sufficient,0.001010599088716309,1.0,,,1.8784012615355085e-05
inference,features.17.conv.1.0,Conv2d,conv,activation,153600000,-1.0519466400146484,1.2094554901123047,2.459910330987469e-10,2.7284841053187847e-12,0.13038557942708334,INT8,Marginal,0.09759211088948393,1.0,,,0.004846423160372757
inference,features.17.conv.1.1,BatchNorm2d,batchnorm,weight,960,0.7113423347473145,0.810253918170929,0.7113423347473145,1.7881393432617188e-07,0.0,FP16,Sufficient,0.00016131862822288208,0.0003360562549235716,0.0,0.0,
inference,features.17.conv.1.1,BatchNorm2d,batchnorm,weight,960,0.7113423347473145,0.810253918170929,0.7113423347473145,1.7881393432617188e-07,0.0,FP8_E4M3,Sufficient,0.01468210054335735,0.04332649260648281,0.0,0.0,
inference,features.17.conv.1.1,BatchNorm2d,batchnorm,weight,960,0.7113423347473145,0.810253918170929,0.7113423347473145,1.7881393432617188e-07,0.0,FP8_E5M2,Sufficient,0.015305947488959604,0.07436424165272343,0.0,0.0,
inference,features.17.conv.1.1,BatchNorm2d,batchnorm,weight,960,0.7113423347473145,0.810253918170929,0.7113423347473145,1.7881393432617188e-07,0.0,INT16,Sufficient,8.439101397513743e-06,1.7157570497624417e-05,,,2.472774187966335e-05
inference,features.17.conv.1.1,BatchNorm2d,batchnorm,weight,960,0.7113423347473145,0.810253918170929,0.7113423347473145,1.7881393432617188e-07,0.0,INT8,Sufficient,0.0021678145248554713,0.004453060371873589,,,0.006379952111582118
inference,features.17.conv.1.1,BatchNorm2d,batchnorm,bias,960,-0.049338050186634064,0.05143547058105469,2.9332743451959686e-06,5.8673322200775146e-08,0.0,FP16,Sufficient,0.00018512678165109945,0.0043114791572566305,0.0,0.0,
inference,features.17.conv.1.1,BatchNorm2d,batchnorm,bias,960,-0.049338050186634064,0.05143547058105469,2.9332743451959686e-06,5.8673322200775146e-08,0.0,FP8_E4M3,Not sufficient,0.12329606654876389,1.0,0.0,0.051041666666666666,
inference,features.17.conv.1.1,BatchNorm2d,batchnorm,bias,960,-0.049338050186634064,0.05143547058105469,2.9332743451959686e-06,5.8673322200775146e-08,0.0,FP8_E5M2,Marginal,0.04711460200595275,1.0,0.0,0.0010416666666666667,
inference,features.17.conv.1.1,BatchNorm2d,batchnorm,bias,960,-0.049338050186634064,0.05143547058105469,2.9332743451959686e-06,5.8673322200775146e-08,0.0,INT16,Sufficient,0.0002980577626383693,0.07029463432300961,,,1.5697338963302924e-06
inference,features.17.conv.1.1,BatchNorm2d,batchnorm,bias,960,-0.049338050186634064,0.05143547058105469,2.9332743451959686e-06,5.8673322200775146e-08,0.0,INT8,Marginal,0.038160843187013155,1.0,,,0.00040500370536263535
inference,features.17.conv.1.1,BatchNorm2d,batchnorm,input,153600000,-1.0519466400146484,1.2094554901123047,2.459910330987469e-10,2.7284841053187847e-12,0.13038557942708334,FP16,Sufficient,0.0001534932258934389,0.009705870278316993,0.0,0.0,
inference,features.17.conv.1.1,BatchNorm2d,batchnorm,input,153600000,-1.0519466400146484,1.2094554901123047,2.459910330987469e-10,2.7284841053187847e-12,0.13038557942708334,FP8_E4M3,Not sufficient,0.05933816370716502,1.0,0.0,0.02704261085164043,
inference,features.17.conv.1.1,BatchNorm2d,batchnorm,input,153600000,-1.0519466400146484,1.2094554901123047,2.459910330987469e-10,2.7284841053187847e-12,0.13038557942708334,FP8_E5M2,Marginal,0.03919448834079528,1.0,0.0,0.0001729804532087874,
inference,features.17.conv.1.1,BatchNorm2d,batchnorm,input,153600000,-1.0519466400146484,1.2094554901123047,2.459910330987469e-10,2.7284841053187847e-12,0.13038557942708334,INT16,Sufficient,0.001010599088716309,1.0,,,1.8784012615355085e-05
inference,features.17.conv.1.1,BatchNorm2d,batchnorm,input,153600000,-1.0519466400146484,1.2094554901123047,2.459910330987469e-10,2.7284841053187847e-12,0.13038557942708334,INT8,Marginal,0.09759211088948393,1.0,,,0.004846423160372757
inference,features.17.conv.1.1,BatchNorm2d,batchnorm,activation,153600000,-10.430824279785156,10.61026382446289,3.2652400783206303e-09,4.656612873077393e-10,0.0,FP16,Sufficient,0.00017780434472729323,0.0006699128343853321,0.0,0.0,
inference,features.17.conv.1.1,BatchNorm2d,batchnorm,activation,153600000,-10.430824279785156,10.61026382446289,3.2652400783206303e-09,4.656612873077393e-10,0.0,FP8_E4M3,Marginal,0.024851766985450708,1.0,0.0,0.0009,
inference,features.17.conv.1.1,BatchNorm2d,batchnorm,activation,153600000,-10.430824279785156,10.61026382446289,3.2652400783206303e-09,4.656612873077393e-10,0.0,FP8_E5M2,Marginal,0.04514223650818883,0.19316063721070034,0.0,0.0,
inference,features.17.conv.1.1,BatchNorm2d,batchnorm,activation,153600000,-10.430824279785156,10.61026382446289,3.2652400783206303e-09,4.656612873077393e-10,0.0,INT16,Sufficient,0.0007255070580063382,1.0,,,0.00026714906929126245
inference,features.17.conv.1.1,BatchNorm2d,batchnorm,activation,153600000,-10.430824279785156,10.61026382446289,3.2652400783206303e-09,4.656612873077393e-10,0.0,INT8,Marginal,0.09750178353987812,1.0,,,0.06892656341312438
inference,features.17.conv.2,Conv2d,conv,weight,307200,-0.28229978680610657,0.2675149738788605,1.9773769110997819e-07,1.3096723705530167e-10,0.0,FP16,Sufficient,0.00017978956060804867,0.095701313581543,0.0,0.0,
inference,features.17.conv.2,Conv2d,conv,weight,307200,-0.28229978680610657,0.2675149738788605,1.9773769110997819e-07,1.3096723705530167e-10,0.0,FP8_E4M3,Not sufficient,0.04816957504585213,1.0,0.0,0.0122,
inference,features.17.conv.2,Conv2d,conv,weight,307200,-0.28229978680610657,0.2675149738788605,1.9773769110997819e-07,1.3096723705530167e-10,0.0,FP8_E5M2,Marginal,0.04490640983965265,1.0,0.0,0.0001,
inference,features.17.conv.2,Conv2d,conv,weight,307200,-0.28229978680610657,0.2675149738788605,1.9773769110997819e-07,1.3096723705530167e-10,0.0,INT16,Sufficient,0.0003300940723421534,1.0,,,7.596366132703085e-06
inference,features.17.conv.2,Conv2d,conv,weight,307200,-0.28229978680610657,0.2675149738788605,1.9773769110997819e-07,1.3096723705530167e-10,0.0,INT8,Marginal,0.03954355573252325,1.0,,,0.0019599222761439525
inference,features.17.conv.2,Conv2d,conv,input,153600000,0.0,6.0,7.15199188761062e-09,9.313225746154785e-10,0.5442610416666667,FP16,Sufficient,8.1242987051e-05,0.0006699128343853321,0.0,0.0,
inference,features.17.conv.2,Conv2d,conv,input,153600000,0.0,6.0,7.15199188761062e-09,9.313225746154785e-10,0.5442610416666667,FP8_E4M3,Sufficient,0.011484324289788605,1.0,0.0,0.0008637443316778234,
inference,features.17.conv.2,Conv2d,conv,input,153600000,0.0,6.0,7.15199188761062e-09,9.313225746154785e-10,0.5442610416666667,FP8_E5M2,Marginal,0.020907591954818228,0.19316063721070034,0.0,0.0,
inference,features.17.conv.2,Conv2d,conv,input,153600000,0.0,6.0,7.15199188761062e-09,9.313225746154785e-10,0.5442610416666667,INT16,Sufficient,0.0002941951752917633,1.0,,,0.0001780123176124166
inference,features.17.conv.2,Conv2d,conv,input,153600000,0.0,6.0,7.15199188761062e-09,9.313225746154785e-10,0.5442610416666667,INT8,Marginal,0.03233690139044865,1.0,,,0.0459285796157957
inference,features.17.conv.2,Conv2d,conv,activation,51200000,-11.076091766357422,11.904242515563965,8.195638656616211e-08,4.656612873077393e-10,0.0,FP16,Sufficient,0.00017570135969672057,0.0004836700757663085,0.0,0.0,
inference,features.17.conv.2,Conv2d,conv,activation,51200000,-11.076091766357422,11.904242515563965,8.195638656616211e-08,4.656612873077393e-10,0.0,FP8_E4M3,Marginal,0.02419388113097965,1.0,0.0,0.0009,
inference,features.17.conv.2,Conv2d,conv,activation,51200000,-11.076091766357422,11.904242515563965,8.195638656616211e-08,4.656612873077393e-10,0.0,FP8_E5M2,Marginal,0.045096658379612097,0.11109768919027459,0.0,0.0,
inference,features.17.conv.2,Conv2d,conv,activation,51200000,-11.076091766357422,11.904242515563965,8.195638656616211e-08,4.656612873077393e-10,0.0,INT16,Sufficient,0.0004206532861595482,0.9922256194700161,,,0.00019814237798977826
inference,features.17.conv.2,Conv2d,conv,activation,51200000,-11.076091766357422,11.904242515563965,8.195638656616211e-08,4.656612873077393e-10,0.0,INT8,Marginal,0.05600456875728364,1.0,,,0.051122293697567434
inference,features.17.conv.3,BatchNorm2d,batchnorm,weight,320,0.6926159262657166,0.8272256851196289,0.6926159262657166,1.0728836059570312e-06,0.0,FP16,Sufficient,0.000157122159066119,0.00033657003380416136,0.0,0.0,
inference,features.17.conv.3,BatchNorm2d,batchnorm,weight,320,0.6926159262657166,0.8272256851196289,0.6926159262657166,1.0728836059570312e-06,0.0,FP8_E4M3,Marginal,0.021186509983799822,0.043259808829158815,0.0,0.0,
inference,features.17.conv.3,BatchNorm2d,batchnorm,weight,320,0.6926159262657166,0.8272256851196289,0.6926159262657166,1.0728836059570312e-06,0.0,FP8_E5M2,Marginal,0.02670146424061052,0.08285121891965924,0.0,0.0,
inference,features.17.conv.3,BatchNorm2d,batchnorm,weight,320,0.6926159262657166,0.8272256851196289,0.6926159262657166,1.0728836059570312e-06,0.0,INT16,Sufficient,8.012002941246502e-06,1.7264785522214318e-05,,,2.5245694910111665e-05
inference,features.17.conv.3,BatchNorm2d,batchnorm,weight,320,0.6926159262657166,0.8272256851196289,0.6926159262657166,1.0728836059570312e-06,0.0,INT8,Sufficient,0.002289869732727913,0.004410440425207885,,,0.006513588071808102
inference,features.17.conv.3,BatchNorm2d,batchnorm,bias,320,-5.1350825742702e-06,7.2035031735140365e-06,6.724751866471479e-10,4.490630090003833e-11,0.0,FP16,Not sufficient,0.04784365467742413,1.0,0.0,0.015625,
inference,features.17.conv.3,BatchNorm2d,batchnorm,bias,320,-5.1350825742702e-06,7.2035031735140365e-06,6.724751866471479e-10,4.490630090003833e-11,0.0,FP8_E4M3,Not sufficient,1.0,1.0,0.0,1.0,
inference,features.17.conv.3,BatchNorm2d,batchnorm,bias,320,-5.1350825742702e-06,7.2035031735140365e-06,6.724751866471479e-10,4.490630090003833e-11,0.0,FP8_E5M2,Not sufficient,1.0,1.0,0.0,1.0,
inference,features.17.conv.3,BatchNorm2d,batchnorm,bias,320,-5.1350825742702e-06,7.2035031735140365e-06,6.724751866471479e-10,4.490630090003833e-11,0.0,INT16,Sufficient,0.0004747710680920917,0.06915351407088051,,,2.1984017986126396e-10
inference,features.17.conv.3,BatchNorm2d,batchnorm,bias,320,-5.1350825742702e-06,7.2035031735140365e-06,6.724751866471479e-10,4.490630090003833e-11,0.0,INT8,Marginal,0.046363624060119304,1.0,,,5.672049742924438e-08
inference,features.17.conv.3,BatchNorm2d,batchnorm,input,51200000,-11.076091766357422,11.904242515563965,8.195638656616211e-08,4.656612873077393e-10,0.0,FP16,Sufficient,0.00017570135969672057,0.0004836700757663085,0.0,0.0,
inference,features.17.conv.3,BatchNorm2d,batchnorm,input,51200000,-11.076091766357422,11.904242515563965,8.195638656616211e-08,4.656612873077393e-10,0.0,FP8_E4M3,Marginal,0.02419388113097965,1.0,0.0,0.0009,
inference,features.17.conv.3,BatchNorm2d,batchnorm,input,51200000,-11.076091766357422,11.904242515563965,8.195638656616211e-08,4.656612873077393e-10,0.0,FP8_E5M2,Marginal,0.045096658379612097,0.11109768919027459,0.0,0.0,
inference,features.17.conv.3,BatchNorm2d,batchnorm,input,51200000,-11.076091766357422,11.904242515563965,8.195638656616211e-08,4.656612873077393e-10,0.0,INT16,Sufficient,0.0004206532861595482,0.9922256194700161,,,0.00019814237798977826
inference,features.17.conv.3,BatchNorm2d,batchnorm,input,51200000,-11.076091766357422,11.904242515563965,8.195638656616211e-08,4.656612873077393e-10,0.0,INT8,Marginal,0.05600456875728364,1.0,,,0.051122293697567434
inference,features.17.conv.3,BatchNorm2d,batchnorm,activation,51200000,-6.813503742218018,7.630677223205566,1.7601227142449716e-09,2.3283064365386963e-10,0.0,FP16,Sufficient,0.00017510540400661768,0.00048637564356600804,0.0,0.0,
inference,features.17.conv.3,BatchNorm2d,batchnorm,activation,51200000,-6.813503742218018,7.630677223205566,1.7601227142449716e-09,2.3283064365386963e-10,0.0,FP8_E4M3,Marginal,0.025220385324466577,1.0,0.0,0.0015,
inference,features.17.conv.3,BatchNorm2d,batchnorm,activation,51200000,-6.813503742218018,7.630677223205566,1.7601227142449716e-09,2.3283064365386963e-10,0.0,FP8_E5M2,Marginal,0.04482188715897024,0.11110602481898628,0.0,0.0,
inference,features.17.conv.3,BatchNorm2d,batchnorm,activation,51200000,-6.813503742218018,7.630677223205566,1.7601227142449716e-09,2.3283064365386963e-10,0.0,INT16,Sufficient,0.00052914165899729,1.0,,,0.0001290090084003166
inference,features.17.conv.3,BatchNorm2d,batchnorm,activation,51200000,-6.813503742218018,7.630677223205566,1.7601227142449716e-09,2.3283064365386963e-10,0.0,INT8,Marginal,0.05619688005224709,1.0,,,0.033285339986245464
inference,features.18.0,Conv2d,conv,weight,409600,-0.14228768646717072,0.15855437517166138,6.760554782658801e-08,5.820766091346741e-11,0.0,FP16,Sufficient,0.0001772162626727499,0.0040376708275333874,0.0,0.0,
inference,features.18.0,Conv2d,conv,weight,409600,-0.14228768646717072,0.15855437517166138,6.760554782658801e-08,5.820766091346741e-11,0.0,FP8_E4M3,Not sufficient,0.07649904684389038,1.0,0.0,0.02705,
inference,features.18.0,Conv2d,conv,weight,409600,-0.14228768646717072,0.15855437517166138,6.760554782658801e-08,5.820766091346741e-11,0.0,FP8_E5M2,Marginal,0.0451742449879942,1.0,0.0,0.00015,
inference,features.18.0,Conv2d,conv,weight,409600,-0.14228768646717072,0.15855437517166138,6.760554782658801e-08,5.820766091346741e-11,0.0,INT16,Sufficient,0.00022652166271762414,0.30713181289274855,,,3.768551506805373e-06
inference,features.18.0,Conv2d,conv,weight,409600,-0.14228768646717072,0.15855437517166138,6.760554782658801e-08,5.820766091346741e-11,0.0,INT8,Marginal,0.040905666796690915,1.0,,,0.0009723159623896982
inference,features.18.0,Conv2d,conv,input,51200000,-6.813503742218018,7.630677223205566,1.7601227142449716e-09,2.3283064365386963e-10,0.0,FP16,Sufficient,0.00017510540400661768,0.00048637564356600804,0.0,0.0,
inference,features.18.0,Conv2d,conv,input,51200000,-6.813503742218018,7.630677223205566,1.7601227142449716e-09,2.3283064365386963e-10,0.0,FP8_E4M3,Marginal,0.025220385324466577,1.0,0.0,0.0015,
inference,features.18.0,Conv2d,conv,input,51200000,-6.813503742218018,7.630677223205566,1.7601227142449716e-09,2.3283064365386963e-10,0.0,FP8_E5M2,Marginal,0.04482188715897024,0.11110602481898628,0.0,0.0,
inference,features.18.0,Conv2d,conv,input,51200000,-6.813503742218018,7.630677223205566,1.7601227142449716e-09,2.3283064365386963e-10,0.0,INT16,Sufficient,0.00052914165899729,1.0,,,0.0001290090084003166
inference,features.18.0,Conv2d,conv,input,51200000,-6.813503742218018,7.630677223205566,1.7601227142449716e-09,2.3283064365386963e-10,0.0,INT8,Marginal,0.05619688005224709,1.0,,,0.033285339986245464
inference,features.18.0,Conv2d,conv,activation,204800000,-6.408015727996826,7.588662624359131,1.862645149230957e-09,4.656612873077393e-10,0.0,FP16,Sufficient,0.00017586823090568344,0.000609979260705136,0.0,0.0,
inference,features.18.0,Conv2d,conv,activation,204800000,-6.408015727996826,7.588662624359131,1.862645149230957e-09,4.656612873077393e-10,0.0,FP8_E4M3,Marginal,0.025344214860399863,1.0,0.0,0.00145,
inference,features.18.0,Conv2d,conv,activation,204800000,-6.408015727996826,7.588662624359131,1.862645149230957e-09,4.656612873077393e-10,0.0,FP8_E5M2,Marginal,0.04486866345059992,0.11110334048584068,0.0,0.0,
inference,features.18.0,Conv2d,conv,activation,204800000,-6.408015727996826,7.588662624359131,1.862645149230957e-09,4.656612873077393e-10,0.0,INT16,Sufficient,0.0004922120087970997,1.0,,,0.00013791506686332728
inference,features.18.0,Conv2d,conv,activation,204800000,-6.408015727996826,7.588662624359131,1.862645149230957e-09,4.656612873077393e-10,0.0,INT8,Marginal,0.07178647048748439,1.0,,,0.03558317319614681
inference,features.18.1,BatchNorm2d,batchnorm,weight,1280,0.669780433177948,0.7502401471138,0.669780433177948,5.960464477539063e-08,0.0,FP16,Sufficient,0.0001667109420327878,0.0003523699943582856,0.0,0.0,
inference,features.18.1,BatchNorm2d,batchnorm,weight,1280,0.669780433177948,0.7502401471138,0.669780433177948,5.960464477539063e-08,0.0,FP8_E4M3,Marginal,0.029875009395119268,0.04347557832942397,0.0,0.0,
inference,features.18.1,BatchNorm2d,batchnorm,weight,1280,0.669780433177948,0.7502401471138,0.669780433177948,5.960464477539063e-08,0.0,FP8_E5M2,Marginal,0.05178497892496188,0.09053913546680192,0.0,0.0,
inference,features.18.1,BatchNorm2d,batchnorm,weight,1280,0.669780433177948,0.7502401471138,0.669780433177948,5.960464477539063e-08,0.0,INT16,Sufficient,7.925650232571909e-06,1.669126757073745e-05,,,2.2896211038966036e-05
inference,features.18.1,BatchNorm2d,batchnorm,weight,1280,0.669780433177948,0.7502401471138,0.669780433177948,5.960464477539063e-08,0.0,INT8,Sufficient,0.0020572803861822306,0.004246020320466272,,,0.005907402733179528
inference,features.18.1,BatchNorm2d,batchnorm,bias,1280,-0.11371725797653198,-0.03977659344673157,0.03977659344673157,1.4901161193847656e-08,0.0,FP16,Sufficient,0.00019195465889658146,0.00048375558284922027,0.0,0.0,
inference,features.18.1,BatchNorm2d,batchnorm,bias,1280,-0.11371725797653198,-0.03977659344673157,0.03977659344673157,1.4901161193847656e-08,0.0,FP8_E4M3,Marginal,0.023636930135193357,0.05854621153394679,0.0,0.0,
inference,features.18.1,BatchNorm2d,batchnorm,bias,1280,-0.11371725797653198,-0.03977659344673157,0.03977659344673157,1.4901161193847656e-08,0.0,FP8_E5M2,Marginal,0.049064817128867025,0.11088180565755411,0.0,0.0,
inference,features.18.1,BatchNorm2d,batchnorm,bias,1280,-0.11371725797653198,-0.03977659344673157,0.03977659344673157,1.4901161193847656e-08,0.0,INT16,Sufficient,1.1236471931541064e-05,3.627438146213645e-05,,,3.4704812151412086e-06
inference,features.18.1,BatchNorm2d,batchnorm,bias,1280,-0.11371725797653198,-0.03977659344673157,0.03977659344673157,1.4901161193847656e-08,0.0,INT8,Sufficient,0.002984753213493648,0.009515352829568568,,,0.0008954114801301731
inference,features.18.1,BatchNorm2d,batchnorm,input,204800000,-6.408015727996826,7.588662624359131,1.862645149230957e-09,4.656612873077393e-10,0.0,FP16,Sufficient,0.00017586823090568344,0.000609979260705136,0.0,0.0,
inference,features.18.1,BatchNorm2d,batchnorm,input,204800000,-6.408015727996826,7.588662624359131,1.862645149230957e-09,4.656612873077393e-10,0.0,FP8_E4M3,Marginal,0.025344214860399863,1.0,0.0,0.00145,
inference,features.18.1,BatchNorm2d,batchnorm,input,204800000,-6.408015727996826,7.588662624359131,1.862645149230957e-09,4.656612873077393e-10,0.0,FP8_E5M2,Marginal,0.04486866345059992,0.11110334048584068,0.0,0.0,
inference,features.18.1,BatchNorm2d,batchnorm,input,204800000,-6.408015727996826,7.588662624359131,1.862645149230957e-09,4.656612873077393e-10,0.0,INT16,Sufficient,0.0004922120087970997,1.0,,,0.00013791506686332728
inference,features.18.1,BatchNorm2d,batchnorm,input,204800000,-6.408015727996826,7.588662624359131,1.862645149230957e-09,4.656612873077393e-10,0.0,INT8,Marginal,0.07178647048748439,1.0,,,0.03558317319614681
inference,features.18.1,BatchNorm2d,batchnorm,activation,204800000,-7.9011311531066895,7.83052921295166,3.381437352345529e-10,2.3283064365386963e-10,0.0,FP16,Sufficient,0.00017744009258277975,0.0023007407475497672,0.0,0.0,
inference,features.18.1,BatchNorm2d,batchnorm,activation,204800000,-7.9011311531066895,7.83052921295166,3.381437352345529e-10,2.3283064365386963e-10,0.0,FP8_E4M3,Marginal,0.025685452287444156,1.0,0.0,0.0018,
inference,features.18.1,BatchNorm2d,batchnorm,activation,204800000,-7.9011311531066895,7.83052921295166,3.381437352345529e-10,2.3283064365386963e-10,0.0,FP8_E5M2,Marginal,0.045005583081368795,0.38203358058650455,0.0,0.0,
inference,features.18.1,BatchNorm2d,batchnorm,activation,204800000,-7.9011311531066895,7.83052921295166,3.381437352345529e-10,2.3283064365386963e-10,0.0,INT16,Sufficient,0.0007732034265478589,1.0,,,0.00016201844522302324
inference,features.18.1,BatchNorm2d,batchnorm,activation,204800000,-7.9011311531066895,7.83052921295166,3.381437352345529e-10,2.3283064365386963e-10,0.0,INT8,Marginal,0.07071965401030982,1.0,,,0.04180203460332915
inference,classifier.1,Linear,linear,weight,128000,-0.12492305040359497,0.2567441463470459,3.5583397561822494e-07,1.7462298274040222e-10,0.0,FP16,Sufficient,0.00017882714762984411,0.00504137647621227,0.0,0.0,
inference,classifier.1,Linear,linear,weight,128000,-0.12492305040359497,0.2567441463470459,3.5583397561822494e-07,1.7462298274040222e-10,0.0,FP8_E4M3,Not sufficient,0.06477269912856076,1.0,0.0,0.0209,
inference,classifier.1,Linear,linear,weight,128000,-0.12492305040359497,0.2567441463470459,3.5583397561822494e-07,1.7462298274040222e-10,0.0,FP8_E5M2,Marginal,0.044876392555254156,1.0,0.0,0.00025,
inference,classifier.1,Linear,linear,weight,128000,-0.12492305040359497,0.2567441463470459,3.5583397561822494e-07,1.7462298274040222e-10,0.0,INT16,Sufficient,0.000455694050648194,1.0,,,6.191736938686582e-06
inference,classifier.1,Linear,linear,weight,128000,-0.12492305040359497,0.2567441463470459,3.5583397561822494e-07,1.7462298274040222e-10,0.0,INT8,Marginal,0.05026383214459471,1.0,,,0.001597516884015301
inference,classifier.1,Linear,linear,bias,100,-0.06748021394014359,0.08092846721410751,0.0009027827763929963,1.2405216693878174e-06,0.0,FP16,Sufficient,0.00018971562337673223,0.00041102631391728343,0.0,0.0,
inference,classifier.1,Linear,linear,bias,100,-0.06748021394014359,0.08092846721410751,0.0009027827763929963,1.2405216693878174e-06,0.0,FP8_E4M3,Marginal,0.0620653295767854,1.0,0.0,0.01,
inference,classifier.1,Linear,linear,bias,100,-0.06748021394014359,0.08092846721410751,0.0009027827763929963,1.2405216693878174e-06,0.0,FP8_E5M2,Marginal,0.04654784450243458,0.10681132034445145,0.0,0.0,
inference,classifier.1,Linear,linear,bias,100,-0.06748021394014359,0.08092846721410751,0.0009027827763929963,1.2405216693878174e-06,0.0,INT16,Sufficient,7.650109438146348e-05,0.001295937934913461,,,2.469816193551668e-06
inference,classifier.1,Linear,linear,bias,100,-0.06748021394014359,0.08092846721410751,0.0009027827763929963,1.2405216693878174e-06,0.0,INT8,Sufficient,0.019979734859300716,0.2941468956087665,,,0.0006372320253079332
inference,classifier.1,Linear,linear,input,12800000,0.0,3.75071120262146,1.0786574966559215e-09,7.275957614183426e-12,0.163538828125,FP16,Sufficient,0.0001481912830289077,0.01015390825919859,0.0,0.0,
inference,classifier.1,Linear,linear,input,12800000,0.0,3.75071120262146,1.0786574966559215e-09,7.275957614183426e-12,0.163538828125,FP8_E4M3,Marginal,0.033951094380916313,1.0,0.0,0.009058402860548272,
inference,classifier.1,Linear,linear,input,12800000,0.0,3.75071120262146,1.0786574966559215e-09,7.275957614183426e-12,0.163538828125,FP8_E5M2,Marginal,0.037991111379754514,1.0,0.0,5.959475566150179e-05,
inference,classifier.1,Linear,linear,input,12800000,0.0,3.75071120262146,1.0786574966559215e-09,7.275957614183426e-12,0.163538828125,INT16,Sufficient,0.0013520307673578705,1.0,,,8.406179099042636e-05
inference,classifier.1,Linear,linear,input,12800000,0.0,3.75071120262146,1.0786574966559215e-09,7.275957614183426e-12,0.163538828125,INT8,Not sufficient,0.12059031793511527,1.0,,,0.02168860397939607
inference,classifier.1,Linear,linear,activation,1000000,-11.603409767150879,20.62697982788086,8.71904194355011e-06,1.862645149230957e-09,0.0,FP16,Sufficient,0.00017532044379940377,0.00048602033857631394,0.0,0.0,
inference,classifier.1,Linear,linear,activation,1000000,-11.603409767150879,20.62697982788086,8.71904194355011e-06,1.862645149230957e-09,0.0,FP8_E4M3,Marginal,0.02316366583801703,1.0,0.0,0.00025,
inference,classifier.1,Linear,linear,activation,1000000,-11.603409767150879,20.62697982788086,8.71904194355011e-06,1.862645149230957e-09,0.0,FP8_E5M2,Marginal,0.04488025843498987,0.11108633843602167,0.0,0.0,
inference,classifier.1,Linear,linear,activation,1000000,-11.603409767150879,20.62697982788086,8.71904194355011e-06,1.862645149230957e-09,0.0,INT16,Sufficient,0.00041694053559730043,1.0,,,0.0005434715384388078
inference,classifier.1,Linear,linear,activation,1000000,-11.603409767150879,20.62697982788086,8.71904194355011e-06,1.862645149230957e-09,0.0,INT8,Marginal,0.059271843499720214,1.0,,,0.14021993622066467
inference,features.0.2,ReLU6,activation,input,327680000,0.0,5.571164131164551,1.156497564380743e-09,4.0745362639427185e-10,0.45415830078125,FP16,Sufficient,9.550694389696074e-05,0.00047872110076825473,0.0,0.0,
inference,features.0.2,ReLU6,activation,input,327680000,0.0,5.571164131164551,1.156497564380743e-09,4.0745362639427185e-10,0.45415830078125,FP8_E4M3,Sufficient,0.013633781256563912,1.0,0.0,0.00119233238558195,
inference,features.0.2,ReLU6,activation,input,327680000,0.0,5.571164131164551,1.156497564380743e-09,4.0745362639427185e-10,0.45415830078125,FP8_E5M2,Marginal,0.024551440243672486,0.11650202960246198,0.0,0.0,
inference,features.0.2,ReLU6,activation,input,327680000,0.0,5.571164131164551,1.156497564380743e-09,4.0745362639427185e-10,0.45415830078125,INT16,Sufficient,0.00024356416609073444,1.0,,,0.000147685797413075
inference,features.0.2,ReLU6,activation,input,327680000,0.0,5.571164131164551,1.156497564380743e-09,4.0745362639427185e-10,0.45415830078125,INT8,Marginal,0.03042768138196851,1.0,,,0.03810409861286794
inference,features.0.2,ReLU6,activation,activation,327680000,0.0,5.571164131164551,1.156497564380743e-09,4.0745362639427185e-10,0.45415830078125,FP16,Sufficient,9.550694389696074e-05,0.00047872110076825473,0.0,0.0,
inference,features.0.2,ReLU6,activation,activation,327680000,0.0,5.571164131164551,1.156497564380743e-09,4.0745362639427185e-10,0.45415830078125,FP8_E4M3,Sufficient,0.013633781256563912,1.0,0.0,0.00119233238558195,
inference,features.0.2,ReLU6,activation,activation,327680000,0.0,5.571164131164551,1.156497564380743e-09,4.0745362639427185e-10,0.45415830078125,FP8_E5M2,Marginal,0.024551440243672486,0.11650202960246198,0.0,0.0,
inference,features.0.2,ReLU6,activation,activation,327680000,0.0,5.571164131164551,1.156497564380743e-09,4.0745362639427185e-10,0.45415830078125,INT16,Sufficient,0.00024356416609073444,1.0,,,0.000147685797413075
inference,features.0.2,ReLU6,activation,activation,327680000,0.0,5.571164131164551,1.156497564380743e-09,4.0745362639427185e-10,0.45415830078125,INT8,Marginal,0.03042768138196851,1.0,,,0.03810409861286794
inference,features.1.conv.0.2,ReLU6,activation,input,327680000,0.0,6.0,2.178447200407163e-09,2.3283064365386963e-10,0.4785447235107422,FP16,Sufficient,9.964496668891636e-05,0.0004800383653822146,0.0,0.0,
inference,features.1.conv.0.2,ReLU6,activation,input,327680000,0.0,6.0,2.178447200407163e-09,2.3283064365386963e-10,0.4785447235107422,FP8_E4M3,Sufficient,0.012163350269959837,1.0,0.0,0.0010519269388926079,
inference,features.1.conv.0.2,ReLU6,activation,input,327680000,0.0,6.0,2.178447200407163e-09,2.3283064365386963e-10,0.4785447235107422,FP8_E5M2,Marginal,0.02397703717164292,0.11109246108874168,0.0,0.0,
inference,features.1.conv.0.2,ReLU6,activation,input,327680000,0.0,6.0,2.178447200407163e-09,2.3283064365386963e-10,0.4785447235107422,INT16,Sufficient,0.0002774116626176267,1.0,,,0.00018311105685598315
inference,features.1.conv.0.2,ReLU6,activation,input,327680000,0.0,6.0,2.178447200407163e-09,2.3283064365386963e-10,0.4785447235107422,INT8,Marginal,0.028774246712498716,1.0,,,0.047244094488188976
inference,features.1.conv.0.2,ReLU6,activation,activation,327680000,0.0,6.0,2.178447200407163e-09,2.3283064365386963e-10,0.4785447235107422,FP16,Sufficient,9.964496668891636e-05,0.0004800383653822146,0.0,0.0,
inference,features.1.conv.0.2,ReLU6,activation,activation,327680000,0.0,6.0,2.178447200407163e-09,2.3283064365386963e-10,0.4785447235107422,FP8_E4M3,Sufficient,0.012163350269959837,1.0,0.0,0.0010519269388926079,
inference,features.1.conv.0.2,ReLU6,activation,activation,327680000,0.0,6.0,2.178447200407163e-09,2.3283064365386963e-10,0.4785447235107422,FP8_E5M2,Marginal,0.02397703717164292,0.11109246108874168,0.0,0.0,
inference,features.1.conv.0.2,ReLU6,activation,activation,327680000,0.0,6.0,2.178447200407163e-09,2.3283064365386963e-10,0.4785447235107422,INT16,Sufficient,0.0002774116626176267,1.0,,,0.00018311105685598315
inference,features.1.conv.0.2,ReLU6,activation,activation,327680000,0.0,6.0,2.178447200407163e-09,2.3283064365386963e-10,0.4785447235107422,INT8,Marginal,0.028774246712498716,1.0,,,0.047244094488188976
inference,features.2.conv.0.2,ReLU6,activation,input,983040000,0.0,5.811343193054199,5.043481188238275e-09,5.820766091346741e-11,0.46426048177083334,FP16,Sufficient,9.412267278366418e-05,0.0004811360619929889,0.0,0.0,
inference,features.2.conv.0.2,ReLU6,activation,input,983040000,0.0,5.811343193054199,5.043481188238275e-09,5.820766091346741e-11,0.46426048177083334,FP8_E4M3,Sufficient,0.01327882315057076,1.0,0.0,0.0010274612366897068,
inference,features.2.conv.0.2,ReLU6,activation,input,983040000,0.0,5.811343193054199,5.043481188238275e-09,5.820766091346741e-11,0.46426048177083334,FP8_E5M2,Marginal,0.024252668332400446,0.11106390035162597,0.0,0.0,
inference,features.2.conv.0.2,ReLU6,activation,input,983040000,0.0,5.811343193054199,5.043481188238275e-09,5.820766091346741e-11,0.46426048177083334,INT16,Sufficient,0.00015359465931188483,0.2490571323418414,,,0.00011390612603951065
inference,features.2.conv.0.2,ReLU6,activation,input,983040000,0.0,5.811343193054199,5.043481188238275e-09,5.820766091346741e-11,0.46426048177083334,INT8,Marginal,0.025444523617842232,1.0,,,0.02938867741682398
inference,features.2.conv.0.2,ReLU6,activation,activation,983040000,0.0,5.811343193054199,5.043481188238275e-09,5.820766091346741e-11,0.46426048177083334,FP16,Sufficient,9.412267278366418e-05,0.0004811360619929889,0.0,0.0,
inference,features.2.conv.0.2,ReLU6,activation,activation,983040000,0.0,5.811343193054199,5.043481188238275e-09,5.820766091346741e-11,0.46426048177083334,FP8_E4M3,Sufficient,0.01327882315057076,1.0,0.0,0.0010274612366897068,
inference,features.2.conv.0.2,ReLU6,activation,activation,983040000,0.0,5.811343193054199,5.043481188238275e-09,5.820766091346741e-11,0.46426048177083334,FP8_E5M2,Marginal,0.024252668332400446,0.11106390035162597,0.0,0.0,
inference,features.2.conv.0.2,ReLU6,activation,activation,983040000,0.0,5.811343193054199,5.043481188238275e-09,5.820766091346741e-11,0.46426048177083334,INT16,Sufficient,0.00015359465931188483,0.2490571323418414,,,0.00011390612603951065
inference,features.2.conv.0.2,ReLU6,activation,activation,983040000,0.0,5.811343193054199,5.043481188238275e-09,5.820766091346741e-11,0.46426048177083334,INT8,Marginal,0.025444523617842232,1.0,,,0.02938867741682398
inference,features.2.conv.1.2,ReLU6,activation,input,983040000,0.0,6.0,2.0518404753033792e-09,2.3283064365386963e-10,0.4740108540852865,FP16,Sufficient,8.971360287631391e-05,0.00048331613509773673,0.0,0.0,
inference,features.2.conv.1.2,ReLU6,activation,input,983040000,0.0,6.0,2.0518404753033792e-09,2.3283064365386963e-10,0.4740108540852865,FP8_E4M3,Sufficient,0.012629890101618815,1.0,0.0,0.0003847263633740502,
inference,features.2.conv.1.2,ReLU6,activation,input,983040000,0.0,6.0,2.0518404753033792e-09,2.3283064365386963e-10,0.4740108540852865,FP8_E5M2,Marginal,0.02337083187185371,0.11105224544496298,0.0,0.0,
inference,features.2.conv.1.2,ReLU6,activation,input,983040000,0.0,6.0,2.0518404753033792e-09,2.3283064365386963e-10,0.4740108540852865,INT16,Sufficient,0.00019901866438562813,0.8681620536737824,,,0.00018311105685598315
inference,features.2.conv.1.2,ReLU6,activation,input,983040000,0.0,6.0,2.0518404753033792e-09,2.3283064365386963e-10,0.4740108540852865,INT8,Marginal,0.03359240508882511,1.0,,,0.047244094488188976
inference,features.2.conv.1.2,ReLU6,activation,activation,983040000,0.0,6.0,2.0518404753033792e-09,2.3283064365386963e-10,0.4740108540852865,FP16,Sufficient,8.971360287631391e-05,0.00048331613509773673,0.0,0.0,
inference,features.2.conv.1.2,ReLU6,activation,activation,983040000,0.0,6.0,2.0518404753033792e-09,2.3283064365386963e-10,0.4740108540852865,FP8_E4M3,Sufficient,0.012629890101618815,1.0,0.0,0.0003847263633740502,
inference,features.2.conv.1.2,ReLU6,activation,activation,983040000,0.0,6.0,2.0518404753033792e-09,2.3283064365386963e-10,0.4740108540852865,FP8_E5M2,Marginal,0.02337083187185371,0.11105224544496298,0.0,0.0,
inference,features.2.conv.1.2,ReLU6,activation,activation,983040000,0.0,6.0,2.0518404753033792e-09,2.3283064365386963e-10,0.4740108540852865,INT16,Sufficient,0.00019901866438562813,0.8681620536737824,,,0.00018311105685598315
inference,features.2.conv.1.2,ReLU6,activation,activation,983040000,0.0,6.0,2.0518404753033792e-09,2.3283064365386963e-10,0.4740108540852865,INT8,Marginal,0.03359240508882511,1.0,,,0.047244094488188976
inference,features.3.conv.0.2,ReLU6,activation,input,1474560000,0.0,6.0,2.508777185994404e-09,2.3283064365386963e-10,0.5043624782986111,FP16,Sufficient,8.753535125729725e-05,0.0004834384247915445,0.0,0.0,
inference,features.3.conv.0.2,ReLU6,activation,input,1474560000,0.0,6.0,2.508777185994404e-09,2.3283064365386963e-10,0.5043624782986111,FP8_E4M3,Sufficient,0.012311256779451702,1.0,0.0,0.0009063444108761329,
inference,features.3.conv.0.2,ReLU6,activation,input,1474560000,0.0,6.0,2.508777185994404e-09,2.3283064365386963e-10,0.5043624782986111,FP8_E5M2,Marginal,0.022306914362819185,0.2096008632326998,0.0,0.0,
inference,features.3.conv.0.2,ReLU6,activation,input,1474560000,0.0,6.0,2.508777185994404e-09,2.3283064365386963e-10,0.5043624782986111,INT16,Sufficient,0.0002648740941580487,1.0,,,0.00013633747469295816
inference,features.3.conv.0.2,ReLU6,activation,input,1474560000,0.0,6.0,2.508777185994404e-09,2.3283064365386963e-10,0.5043624782986111,INT8,Marginal,0.030361419975743483,1.0,,,0.03517614199420598
inference,features.3.conv.0.2,ReLU6,activation,activation,1474560000,0.0,6.0,2.508777185994404e-09,2.3283064365386963e-10,0.5043624782986111,FP16,Sufficient,8.753535125729725e-05,0.0004834384247915445,0.0,0.0,
inference,features.3.conv.0.2,ReLU6,activation,activation,1474560000,0.0,6.0,2.508777185994404e-09,2.3283064365386963e-10,0.5043624782986111,FP8_E4M3,Sufficient,0.012311256779451702,1.0,0.0,0.0009063444108761329,
inference,features.3.conv.0.2,ReLU6,activation,activation,1474560000,0.0,6.0,2.508777185994404e-09,2.3283064365386963e-10,0.5043624782986111,FP8_E5M2,Marginal,0.022306914362819185,0.2096008632326998,0.0,0.0,
inference,features.3.conv.0.2,ReLU6,activation,activation,1474560000,0.0,6.0,2.508777185994404e-09,2.3283064365386963e-10,0.5043624782986111,INT16,Sufficient,0.0002648740941580487,1.0,,,0.00013633747469295816
inference,features.3.conv.0.2,ReLU6,activation,activation,1474560000,0.0,6.0,2.508777185994404e-09,2.3283064365386963e-10,0.5043624782986111,INT8,Marginal,0.030361419975743483,1.0,,,0.03517614199420598
inference,features.3.conv.1.2,ReLU6,activation,input,1474560000,0.0,6.0,1.8616108654612162e-10,3.4924596548080444e-10,0.47431670871310766,FP16,Sufficient,9.40236651802421e-05,0.00048484615877580434,0.0,0.0,
inference,features.3.conv.1.2,ReLU6,activation,input,1474560000,0.0,6.0,1.8616108654612162e-10,3.4924596548080444e-10,0.47431670871310766,FP8_E4M3,Sufficient,0.01287814480428178,1.0,0.0,0.0010402874976357102,
inference,features.3.conv.1.2,ReLU6,activation,input,1474560000,0.0,6.0,1.8616108654612162e-10,3.4924596548080444e-10,0.47431670871310766,FP8_E5M2,Marginal,0.024274358293521897,0.11109519270659207,0.0,0.0,
inference,features.3.conv.1.2,ReLU6,activation,input,1474560000,0.0,6.0,1.8616108654612162e-10,3.4924596548080444e-10,0.47431670871310766,INT16,Sufficient,0.00035775235054815645,1.0,,,0.0001824948080953878
inference,features.3.conv.1.2,ReLU6,activation,input,1474560000,0.0,6.0,1.8616108654612162e-10,3.4924596548080444e-10,0.47431670871310766,INT8,Marginal,0.03961898384605721,1.0,,,0.04708509745560293
inference,features.3.conv.1.2,ReLU6,activation,activation,1474560000,0.0,6.0,1.8616108654612162e-10,3.4924596548080444e-10,0.47431670871310766,FP16,Sufficient,9.40236651802421e-05,0.00048484615877580434,0.0,0.0,
inference,features.3.conv.1.2,ReLU6,activation,activation,1474560000,0.0,6.0,1.8616108654612162e-10,3.4924596548080444e-10,0.47431670871310766,FP8_E4M3,Sufficient,0.01287814480428178,1.0,0.0,0.0010402874976357102,
inference,features.3.conv.1.2,ReLU6,activation,activation,1474560000,0.0,6.0,1.8616108654612162e-10,3.4924596548080444e-10,0.47431670871310766,FP8_E5M2,Marginal,0.024274358293521897,0.11109519270659207,0.0,0.0,
inference,features.3.conv.1.2,ReLU6,activation,activation,1474560000,0.0,6.0,1.8616108654612162e-10,3.4924596548080444e-10,0.47431670871310766,INT16,Sufficient,0.00035775235054815645,1.0,,,0.0001824948080953878
inference,features.3.conv.1.2,ReLU6,activation,activation,1474560000,0.0,6.0,1.8616108654612162e-10,3.4924596548080444e-10,0.47431670871310766,INT8,Marginal,0.03961898384605721,1.0,,,0.04708509745560293
inference,features.4.conv.0.2,ReLU6,activation,input,1474560000,0.0,6.0,8.229031900341965e-10,2.3283064365386963e-10,0.48985543280707466,FP16,Sufficient,8.893719095428048e-05,0.0004840055989729672,0.0,0.0,
inference,features.4.conv.0.2,ReLU6,activation,input,1474560000,0.0,6.0,8.229031900341965e-10,2.3283064365386963e-10,0.48985543280707466,FP8_E4M3,Sufficient,0.01235786676138301,1.0,0.0,0.0008885378615855464,
inference,features.4.conv.0.2,ReLU6,activation,input,1474560000,0.0,6.0,8.229031900341965e-10,2.3283064365386963e-10,0.48985543280707466,FP8_E5M2,Marginal,0.022498886861935692,0.11109615864095186,0.0,0.0,
inference,features.4.conv.0.2,ReLU6,activation,input,1474560000,0.0,6.0,8.229031900341965e-10,2.3283064365386963e-10,0.48985543280707466,INT16,Sufficient,0.0001719275270878695,0.2332108571419829,,,0.00012768784335372133
inference,features.4.conv.0.2,ReLU6,activation,input,1474560000,0.0,6.0,8.229031900341965e-10,2.3283064365386963e-10,0.48985543280707466,INT8,Marginal,0.029076172382095877,1.0,,,0.0329444690013495
inference,features.4.conv.0.2,ReLU6,activation,activation,1474560000,0.0,6.0,8.229031900341965e-10,2.3283064365386963e-10,0.48985543280707466,FP16,Sufficient,8.893719095428048e-05,0.0004840055989729672,0.0,0.0,
inference,features.4.conv.0.2,ReLU6,activation,activation,1474560000,0.0,6.0,8.229031900341965e-10,2.3283064365386963e-10,0.48985543280707466,FP8_E4M3,Sufficient,0.01235786676138301,1.0,0.0,0.0008885378615855464,
inference,features.4.conv.0.2,ReLU6,activation,activation,1474560000,0.0,6.0,8.229031900341965e-10,2.3283064365386963e-10,0.48985543280707466,FP8_E5M2,Marginal,0.022498886861935692,0.11109615864095186,0.0,0.0,
inference,features.4.conv.0.2,ReLU6,activation,activation,1474560000,0.0,6.0,8.229031900341965e-10,2.3283064365386963e-10,0.48985543280707466,INT16,Sufficient,0.0001719275270878695,0.2332108571419829,,,0.00012768784335372133
inference,features.4.conv.0.2,ReLU6,activation,activation,1474560000,0.0,6.0,8.229031900341965e-10,2.3283064365386963e-10,0.48985543280707466,INT8,Marginal,0.029076172382095877,1.0,,,0.0329444690013495
inference,features.4.conv.1.2,ReLU6,activation,input,368640000,0.0,6.0,4.287673327496577e-09,7.421476766467094e-10,0.48462117784288194,FP16,Sufficient,8.941069131406269e-05,0.0005475434931802726,0.0,0.0,
inference,features.4.conv.1.2,ReLU6,activation,input,368640000,0.0,6.0,4.287673327496577e-09,7.421476766467094e-10,0.48462117784288194,FP8_E4M3,Sufficient,0.012809853366915949,1.0,0.0,0.001271642375036682,
inference,features.4.conv.1.2,ReLU6,activation,input,368640000,0.0,6.0,4.287673327496577e-09,7.421476766467094e-10,0.48462117784288194,FP8_E5M2,Marginal,0.022842961028373684,0.157736782197945,0.0,0.0,
inference,features.4.conv.1.2,ReLU6,activation,input,368640000,0.0,6.0,4.287673327496577e-09,7.421476766467094e-10,0.48462117784288194,INT16,Sufficient,0.00028715441219110733,1.0,,,0.0001532668455019532
inference,features.4.conv.1.2,ReLU6,activation,input,368640000,0.0,6.0,4.287673327496577e-09,7.421476766467094e-10,0.48462117784288194,INT8,Marginal,0.03234984154970471,1.0,,,0.03954405296505906
inference,features.4.conv.1.2,ReLU6,activation,activation,368640000,0.0,6.0,4.287673327496577e-09,7.421476766467094e-10,0.48462117784288194,FP16,Sufficient,8.941069131406269e-05,0.0005475434931802726,0.0,0.0,
inference,features.4.conv.1.2,ReLU6,activation,activation,368640000,0.0,6.0,4.287673327496577e-09,7.421476766467094e-10,0.48462117784288194,FP8_E4M3,Sufficient,0.012809853366915949,1.0,0.0,0.001271642375036682,
inference,features.4.conv.1.2,ReLU6,activation,activation,368640000,0.0,6.0,4.287673327496577e-09,7.421476766467094e-10,0.48462117784288194,FP8_E5M2,Marginal,0.022842961028373684,0.157736782197945,0.0,0.0,
inference,features.4.conv.1.2,ReLU6,activation,activation,368640000,0.0,6.0,4.287673327496577e-09,7.421476766467094e-10,0.48462117784288194,INT16,Sufficient,0.00028715441219110733,1.0,,,0.0001532668455019532
inference,features.4.conv.1.2,ReLU6,activation,activation,368640000,0.0,6.0,4.287673327496577e-09,7.421476766467094e-10,0.48462117784288194,INT8,Marginal,0.03234984154970471,1.0,,,0.03954405296505906
inference,features.5.conv.0.2,ReLU6,activation,input,491520000,0.0,6.0,3.859602859535016e-09,1.1641532182693481e-10,0.49708809000651044,FP16,Sufficient,8.904433856247247e-05,0.0004799284825376745,0.0,0.0,
inference,features.5.conv.0.2,ReLU6,activation,input,491520000,0.0,6.0,3.859602859535016e-09,1.1641532182693481e-10,0.49708809000651044,FP8_E4M3,Sufficient,0.012507687326667256,1.0,0.0,0.0010934393638170974,
inference,features.5.conv.0.2,ReLU6,activation,input,491520000,0.0,6.0,3.859602859535016e-09,1.1641532182693481e-10,0.49708809000651044,FP8_E5M2,Marginal,0.02258167204194449,0.11111052242357337,0.0,0.0,
inference,features.5.conv.0.2,ReLU6,activation,input,491520000,0.0,6.0,3.859602859535016e-09,1.1641532182693481e-10,0.49708809000651044,INT16,Sufficient,0.00020449419607785499,1.0,,,0.00013241184479215195
inference,features.5.conv.0.2,ReLU6,activation,input,491520000,0.0,6.0,3.859602859535016e-09,1.1641532182693481e-10,0.49708809000651044,INT8,Marginal,0.028123179769409735,1.0,,,0.034163298569326324
inference,features.5.conv.0.2,ReLU6,activation,activation,491520000,0.0,6.0,3.859602859535016e-09,1.1641532182693481e-10,0.49708809000651044,FP16,Sufficient,8.904433856247247e-05,0.0004799284825376745,0.0,0.0,
inference,features.5.conv.0.2,ReLU6,activation,activation,491520000,0.0,6.0,3.859602859535016e-09,1.1641532182693481e-10,0.49708809000651044,FP8_E4M3,Sufficient,0.012507687326667256,1.0,0.0,0.0010934393638170974,
inference,features.5.conv.0.2,ReLU6,activation,activation,491520000,0.0,6.0,3.859602859535016e-09,1.1641532182693481e-10,0.49708809000651044,FP8_E5M2,Marginal,0.02258167204194449,0.11111052242357337,0.0,0.0,
inference,features.5.conv.0.2,ReLU6,activation,activation,491520000,0.0,6.0,3.859602859535016e-09,1.1641532182693481e-10,0.49708809000651044,INT16,Sufficient,0.00020449419607785499,1.0,,,0.00013241184479215195
inference,features.5.conv.0.2,ReLU6,activation,activation,491520000,0.0,6.0,3.859602859535016e-09,1.1641532182693481e-10,0.49708809000651044,INT8,Marginal,0.028123179769409735,1.0,,,0.034163298569326324
inference,features.5.conv.1.2,ReLU6,activation,input,491520000,0.0,6.0,1.1668158661493067e-09,1.1641532182693481e-10,0.5053743835449219,FP16,Sufficient,8.750205621540496e-05,0.00048507431212530146,0.0,0.0,
inference,features.5.conv.1.2,ReLU6,activation,input,491520000,0.0,6.0,1.1668158661493067e-09,1.1641532182693481e-10,0.5053743835449219,FP8_E4M3,Sufficient,0.012416278265495517,1.0,0.0,0.0007122507122507123,
inference,features.5.conv.1.2,ReLU6,activation,input,491520000,0.0,6.0,1.1668158661493067e-09,1.1641532182693481e-10,0.5053743835449219,FP8_E5M2,Marginal,0.022276051730241532,0.11110381142973279,0.0,0.0,
inference,features.5.conv.1.2,ReLU6,activation,input,491520000,0.0,6.0,1.1668158661493067e-09,1.1641532182693481e-10,0.5053743835449219,INT16,Sufficient,0.00018973908551436853,0.16878026591796585,,,0.00014808412459268669
inference,features.5.conv.1.2,ReLU6,activation,input,491520000,0.0,6.0,1.1668158661493067e-09,1.1641532182693481e-10,0.5053743835449219,INT8,Marginal,0.03375121078754806,1.0,,,0.03820687016164224
inference,features.5.conv.1.2,ReLU6,activation,activation,491520000,0.0,6.0,1.1668158661493067e-09,1.1641532182693481e-10,0.5053743835449219,FP16,Sufficient,8.750205621540496e-05,0.00048507431212530146,0.0,0.0,
inference,features.5.conv.1.2,ReLU6,activation,activation,491520000,0.0,6.0,1.1668158661493067e-09,1.1641532182693481e-10,0.5053743835449219,FP8_E4M3,Sufficient,0.012416278265495517,1.0,0.0,0.0007122507122507123,
inference,features.5.conv.1.2,ReLU6,activation,activation,491520000,0.0,6.0,1.1668158661493067e-09,1.1641532182693481e-10,0.5053743835449219,FP8_E5M2,Marginal,0.022276051730241532,0.11110381142973279,0.0,0.0,
inference,features.5.conv.1.2,ReLU6,activation,activation,491520000,0.0,6.0,1.1668158661493067e-09,1.1641532182693481e-10,0.5053743835449219,INT16,Sufficient,0.00018973908551436853,0.16878026591796585,,,0.00014808412459268669
inference,features.5.conv.1.2,ReLU6,activation,activation,491520000,0.0,6.0,1.1668158661493067e-09,1.1641532182693481e-10,0.5053743835449219,INT8,Marginal,0.03375121078754806,1.0,,,0.03820687016164224
inference,features.6.conv.0.2,ReLU6,activation,input,491520000,0.0,6.0,1.3929657427524944e-10,4.656612873077393e-10,0.5002613545735677,FP16,Sufficient,8.824923167517393e-05,0.00048697006557950925,0.0,0.0,
inference,features.6.conv.0.2,ReLU6,activation,input,491520000,0.0,6.0,1.3929657427524944e-10,4.656612873077393e-10,0.5002613545735677,FP8_E4M3,Sufficient,0.012418192513914794,1.0,0.0,0.0008009611533840609,
inference,features.6.conv.0.2,ReLU6,activation,input,491520000,0.0,6.0,1.3929657427524944e-10,4.656612873077393e-10,0.5002613545735677,FP8_E5M2,Marginal,0.022537094237885996,0.11110998082900259,0.0,0.0,
inference,features.6.conv.0.2,ReLU6,activation,input,491520000,0.0,6.0,1.3929657427524944e-10,4.656612873077393e-10,0.5002613545735677,INT16,Sufficient,0.00022600140366371243,0.7894537881600957,,,0.00015052521010868703
inference,features.6.conv.0.2,ReLU6,activation,input,491520000,0.0,6.0,1.3929657427524944e-10,4.656612873077393e-10,0.5002613545735677,INT8,Marginal,0.03285699875111718,1.0,,,0.038836689445916124
inference,features.6.conv.0.2,ReLU6,activation,activation,491520000,0.0,6.0,1.3929657427524944e-10,4.656612873077393e-10,0.5002613545735677,FP16,Sufficient,8.824923167517393e-05,0.00048697006557950925,0.0,0.0,
inference,features.6.conv.0.2,ReLU6,activation,activation,491520000,0.0,6.0,1.3929657427524944e-10,4.656612873077393e-10,0.5002613545735677,FP8_E4M3,Sufficient,0.012418192513914794,1.0,0.0,0.0008009611533840609,
inference,features.6.conv.0.2,ReLU6,activation,activation,491520000,0.0,6.0,1.3929657427524944e-10,4.656612873077393e-10,0.5002613545735677,FP8_E5M2,Marginal,0.022537094237885996,0.11110998082900259,0.0,0.0,
inference,features.6.conv.0.2,ReLU6,activation,activation,491520000,0.0,6.0,1.3929657427524944e-10,4.656612873077393e-10,0.5002613545735677,INT16,Sufficient,0.00022600140366371243,0.7894537881600957,,,0.00015052521010868703
inference,features.6.conv.0.2,ReLU6,activation,activation,491520000,0.0,6.0,1.3929657427524944e-10,4.656612873077393e-10,0.5002613545735677,INT8,Marginal,0.03285699875111718,1.0,,,0.038836689445916124
inference,features.6.conv.1.2,ReLU6,activation,input,491520000,0.0,6.0,1.0998029154052347e-09,4.656612873077393e-10,0.4861464701334635,FP16,Sufficient,9.213086725520572e-05,0.0004874480635694173,0.0,0.0,
inference,features.6.conv.1.2,ReLU6,activation,input,491520000,0.0,6.0,1.0998029154052347e-09,4.656612873077393e-10,0.4861464701334635,FP8_E4M3,Sufficient,0.012710336418522613,1.0,0.0,0.0006851996867658575,
inference,features.6.conv.1.2,ReLU6,activation,input,491520000,0.0,6.0,1.0998029154052347e-09,4.656612873077393e-10,0.4861464701334635,FP8_E5M2,Marginal,0.023396323622239312,0.11109921974381404,0.0,0.0,
inference,features.6.conv.1.2,ReLU6,activation,input,491520000,0.0,6.0,1.0998029154052347e-09,4.656612873077393e-10,0.4861464701334635,INT16,Sufficient,0.00016016602848198595,0.3113529293668664,,,0.00012956646562921418
inference,features.6.conv.1.2,ReLU6,activation,input,491520000,0.0,6.0,1.0998029154052347e-09,4.656612873077393e-10,0.4861464701334635,INT8,Marginal,0.02758747774966145,1.0,,,0.03342916834072804
inference,features.6.conv.1.2,ReLU6,activation,activation,491520000,0.0,6.0,1.0998029154052347e-09,4.656612873077393e-10,0.4861464701334635,FP16,Sufficient,9.213086725520572e-05,0.0004874480635694173,0.0,0.0,
inference,features.6.conv.1.2,ReLU6,activation,activation,491520000,0.0,6.0,1.0998029154052347e-09,4.656612873077393e-10,0.4861464701334635,FP8_E4M3,Sufficient,0.012710336418522613,1.0,0.0,0.0006851996867658575,
inference,features.6.conv.1.2,ReLU6,activation,activation,491520000,0.0,6.0,1.0998029154052347e-09,4.656612873077393e-10,0.4861464701334635,FP8_E5M2,Marginal,0.023396323622239312,0.11109921974381404,0.0,0.0,
inference,features.6.conv.1.2,ReLU6,activation,activation,491520000,0.0,6.0,1.0998029154052347e-09,4.656612873077393e-10,0.4861464701334635,INT16,Sufficient,0.00016016602848198595,0.3113529293668664,,,0.00012956646562921418
inference,features.6.conv.1.2,ReLU6,activation,activation,491520000,0.0,6.0,1.0998029154052347e-09,4.656612873077393e-10,0.4861464701334635,INT8,Marginal,0.02758747774966145,1.0,,,0.03342916834072804
inference,features.7.conv.0.2,ReLU6,activation,input,491520000,0.0,6.0,1.1042276426564968e-08,2.3283064365386963e-10,0.48447422688802083,FP16,Sufficient,9.056886575891445e-05,0.0004803618544686835,0.0,0.0,
inference,features.7.conv.0.2,ReLU6,activation,input,491520000,0.0,6.0,1.1042276426564968e-08,2.3283064365386963e-10,0.48447422688802083,FP8_E4M3,Sufficient,0.012785688921354546,1.0,0.0,0.0005775339301183945,
inference,features.7.conv.0.2,ReLU6,activation,input,491520000,0.0,6.0,1.1042276426564968e-08,2.3283064365386963e-10,0.48447422688802083,FP8_E5M2,Marginal,0.023320903792904607,0.1110051346648002,0.0,0.0,
inference,features.7.conv.0.2,ReLU6,activation,input,491520000,0.0,6.0,1.1042276426564968e-08,2.3283064365386963e-10,0.48447422688802083,INT16,Sufficient,0.00011896498864298144,0.1384231071760829,,,0.00010372076239152071
inference,features.7.conv.0.2,ReLU6,activation,input,491520000,0.0,6.0,1.1042276426564968e-08,2.3283064365386963e-10,0.48447422688802083,INT8,Marginal,0.02342674085728069,1.0,,,0.026760773395928812
inference,features.7.conv.0.2,ReLU6,activation,activation,491520000,0.0,6.0,1.1042276426564968e-08,2.3283064365386963e-10,0.48447422688802083,FP16,Sufficient,9.056886575891445e-05,0.0004803618544686835,0.0,0.0,
inference,features.7.conv.0.2,ReLU6,activation,activation,491520000,0.0,6.0,1.1042276426564968e-08,2.3283064365386963e-10,0.48447422688802083,FP8_E4M3,Sufficient,0.012785688921354546,1.0,0.0,0.0005775339301183945,
inference,features.7.conv.0.2,ReLU6,activation,activation,491520000,0.0,6.0,1.1042276426564968e-08,2.3283064365386963e-10,0.48447422688802083,FP8_E5M2,Marginal,0.023320903792904607,0.1110051346648002,0.0,0.0,
inference,features.7.conv.0.2,ReLU6,activation,activation,491520000,0.0,6.0,1.1042276426564968e-08,2.3283064365386963e-10,0.48447422688802083,INT16,Sufficient,0.00011896498864298144,0.1384231071760829,,,0.00010372076239152071
inference,features.7.conv.0.2,ReLU6,activation,activation,491520000,0.0,6.0,1.1042276426564968e-08,2.3283064365386963e-10,0.48447422688802083,INT8,Marginal,0.02342674085728069,1.0,,,0.026760773395928812
inference,features.7.conv.1.2,ReLU6,activation,input,122880000,0.0,6.0,1.820412620645584e-08,2.3283064365386963e-10,0.49877271321614586,FP16,Sufficient,8.898380945336417e-05,0.00048602427745321377,0.0,0.0,
inference,features.7.conv.1.2,ReLU6,activation,input,122880000,0.0,6.0,1.820412620645584e-08,2.3283064365386963e-10,0.49877271321614586,FP8_E4M3,Sufficient,0.012254300174159332,1.0,0.0,0.001094854185328954,
inference,features.7.conv.1.2,ReLU6,activation,input,122880000,0.0,6.0,1.820412620645584e-08,2.3283064365386963e-10,0.49877271321614586,FP8_E5M2,Marginal,0.022759549751891393,0.11110828540045017,0.0,0.0,
inference,features.7.conv.1.2,ReLU6,activation,input,122880000,0.0,6.0,1.820412620645584e-08,2.3283064365386963e-10,0.49877271321614586,INT16,Sufficient,0.0003168141972363508,1.0,,,0.00018311105685598315
inference,features.7.conv.1.2,ReLU6,activation,input,122880000,0.0,6.0,1.820412620645584e-08,2.3283064365386963e-10,0.49877271321614586,INT8,Marginal,0.03729756683119308,1.0,,,0.047244094488188976
inference,features.7.conv.1.2,ReLU6,activation,activation,122880000,0.0,6.0,1.820412620645584e-08,2.3283064365386963e-10,0.49877271321614586,FP16,Sufficient,8.898380945336417e-05,0.00048602427745321377,0.0,0.0,
inference,features.7.conv.1.2,ReLU6,activation,activation,122880000,0.0,6.0,1.820412620645584e-08,2.3283064365386963e-10,0.49877271321614586,FP8_E4M3,Sufficient,0.012254300174159332,1.0,0.0,0.001094854185328954,
inference,features.7.conv.1.2,ReLU6,activation,activation,122880000,0.0,6.0,1.820412620645584e-08,2.3283064365386963e-10,0.49877271321614586,FP8_E5M2,Marginal,0.022759549751891393,0.11110828540045017,0.0,0.0,
inference,features.7.conv.1.2,ReLU6,activation,activation,122880000,0.0,6.0,1.820412620645584e-08,2.3283064365386963e-10,0.49877271321614586,INT16,Sufficient,0.0003168141972363508,1.0,,,0.00018311105685598315
inference,features.7.conv.1.2,ReLU6,activation,activation,122880000,0.0,6.0,1.820412620645584e-08,2.3283064365386963e-10,0.49877271321614586,INT8,Marginal,0.03729756683119308,1.0,,,0.047244094488188976
inference,features.8.conv.0.2,ReLU6,activation,input,245760000,0.0,6.0,1.215348977012809e-08,4.656612873077393e-10,0.49496888427734376,FP16,Sufficient,8.88356228199898e-05,0.0004811504271071359,0.0,0.0,
inference,features.8.conv.0.2,ReLU6,activation,input,245760000,0.0,6.0,1.215348977012809e-08,4.656612873077393e-10,0.49496888427734376,FP8_E4M3,Sufficient,0.012753885731338165,1.0,0.0,0.001194148671509603,
inference,features.8.conv.0.2,ReLU6,activation,input,245760000,0.0,6.0,1.215348977012809e-08,4.656612873077393e-10,0.49496888427734376,FP8_E5M2,Marginal,0.022412008428410644,0.11110969826206853,0.0,0.0,
inference,features.8.conv.0.2,ReLU6,activation,input,245760000,0.0,6.0,1.215348977012809e-08,4.656612873077393e-10,0.49496888427734376,INT16,Sufficient,0.00027670304035801397,1.0,,,0.00012998113510835472
inference,features.8.conv.0.2,ReLU6,activation,input,245760000,0.0,6.0,1.215348977012809e-08,4.656612873077393e-10,0.49496888427734376,INT8,Marginal,0.028290997890716277,1.0,,,0.03353615633146031
inference,features.8.conv.0.2,ReLU6,activation,activation,245760000,0.0,6.0,1.215348977012809e-08,4.656612873077393e-10,0.49496888427734376,FP16,Sufficient,8.88356228199898e-05,0.0004811504271071359,0.0,0.0,
inference,features.8.conv.0.2,ReLU6,activation,activation,245760000,0.0,6.0,1.215348977012809e-08,4.656612873077393e-10,0.49496888427734376,FP8_E4M3,Sufficient,0.012753885731338165,1.0,0.0,0.001194148671509603,
inference,features.8.conv.0.2,ReLU6,activation,activation,245760000,0.0,6.0,1.215348977012809e-08,4.656612873077393e-10,0.49496888427734376,FP8_E5M2,Marginal,0.022412008428410644,0.11110969826206853,0.0,0.0,
inference,features.8.conv.0.2,ReLU6,activation,activation,245760000,0.0,6.0,1.215348977012809e-08,4.656612873077393e-10,0.49496888427734376,INT16,Sufficient,0.00027670304035801397,1.0,,,0.00012998113510835472
inference,features.8.conv.0.2,ReLU6,activation,activation,245760000,0.0,6.0,1.215348977012809e-08,4.656612873077393e-10,0.49496888427734376,INT8,Marginal,0.028290997890716277,1.0,,,0.03353615633146031
inference,features.8.conv.1.2,ReLU6,activation,input,245760000,0.0,6.0,1.0914001258299777e-08,1.7462298274040222e-10,0.4823901123046875,FP16,Sufficient,9.274855349733766e-05,0.00048566340669072765,0.0,0.0,
inference,features.8.conv.1.2,ReLU6,activation,input,245760000,0.0,6.0,1.0914001258299777e-08,1.7462298274040222e-10,0.4823901123046875,FP8_E4M3,Sufficient,0.013046603919096858,1.0,0.0,0.0013504388926401081,
inference,features.8.conv.1.2,ReLU6,activation,input,245760000,0.0,6.0,1.0914001258299777e-08,1.7462298274040222e-10,0.4823901123046875,FP8_E5M2,Marginal,0.023762213929802236,0.11110545967182375,0.0,0.0,
inference,features.8.conv.1.2,ReLU6,activation,input,245760000,0.0,6.0,1.0914001258299777e-08,1.7462298274040222e-10,0.4823901123046875,INT16,Sufficient,0.00030080226778326466,1.0,,,0.00017174092014922895
inference,features.8.conv.1.2,ReLU6,activation,input,245760000,0.0,6.0,1.0914001258299777e-08,1.7462298274040222e-10,0.4823901123046875,INT8,Marginal,0.03960889797769729,1.0,,,0.04431050968921091
inference,features.8.conv.1.2,ReLU6,activation,activation,245760000,0.0,6.0,1.0914001258299777e-08,1.7462298274040222e-10,0.4823901123046875,FP16,Sufficient,9.274855349733766e-05,0.00048566340669072765,0.0,0.0,
inference,features.8.conv.1.2,ReLU6,activation,activation,245760000,0.0,6.0,1.0914001258299777e-08,1.7462298274040222e-10,0.4823901123046875,FP8_E4M3,Sufficient,0.013046603919096858,1.0,0.0,0.0013504388926401081,
inference,features.8.conv.1.2,ReLU6,activation,activation,245760000,0.0,6.0,1.0914001258299777e-08,1.7462298274040222e-10,0.4823901123046875,FP8_E5M2,Marginal,0.023762213929802236,0.11110545967182375,0.0,0.0,
inference,features.8.conv.1.2,ReLU6,activation,activation,245760000,0.0,6.0,1.0914001258299777e-08,1.7462298274040222e-10,0.4823901123046875,INT16,Sufficient,0.00030080226778326466,1.0,,,0.00017174092014922895
inference,features.8.conv.1.2,ReLU6,activation,activation,245760000,0.0,6.0,1.0914001258299777e-08,1.7462298274040222e-10,0.4823901123046875,INT8,Marginal,0.03960889797769729,1.0,,,0.04431050968921091
inference,features.9.conv.0.2,ReLU6,activation,input,245760000,0.0,6.0,5.854358664514336e-10,2.3283064365386963e-10,0.4977924112955729,FP16,Sufficient,8.739878658266088e-05,0.0004873283895119305,0.0,0.0,
inference,features.9.conv.0.2,ReLU6,activation,input,245760000,0.0,6.0,5.854358664514336e-10,2.3283064365386963e-10,0.4977924112955729,FP8_E4M3,Sufficient,0.012668924939983455,1.0,0.0,0.001504664459825459,
inference,features.9.conv.0.2,ReLU6,activation,input,245760000,0.0,6.0,5.854358664514336e-10,2.3283064365386963e-10,0.4977924112955729,FP8_E5M2,Marginal,0.022741092766497287,0.11109368622403026,0.0,0.0,
inference,features.9.conv.0.2,ReLU6,activation,input,245760000,0.0,6.0,5.854358664514336e-10,2.3283064365386963e-10,0.4977924112955729,INT16,Sufficient,0.00025113217173859475,0.9516071123217327,,,0.00011851656814190082
inference,features.9.conv.0.2,ReLU6,activation,input,245760000,0.0,6.0,5.854358664514336e-10,2.3283064365386963e-10,0.4977924112955729,INT8,Marginal,0.025862168616691782,1.0,,,0.030578207781934364
inference,features.9.conv.0.2,ReLU6,activation,activation,245760000,0.0,6.0,5.854358664514336e-10,2.3283064365386963e-10,0.4977924112955729,FP16,Sufficient,8.739878658266088e-05,0.0004873283895119305,0.0,0.0,
inference,features.9.conv.0.2,ReLU6,activation,activation,245760000,0.0,6.0,5.854358664514336e-10,2.3283064365386963e-10,0.4977924112955729,FP8_E4M3,Sufficient,0.012668924939983455,1.0,0.0,0.001504664459825459,
inference,features.9.conv.0.2,ReLU6,activation,activation,245760000,0.0,6.0,5.854358664514336e-10,2.3283064365386963e-10,0.4977924112955729,FP8_E5M2,Marginal,0.022741092766497287,0.11109368622403026,0.0,0.0,
inference,features.9.conv.0.2,ReLU6,activation,activation,245760000,0.0,6.0,5.854358664514336e-10,2.3283064365386963e-10,0.4977924112955729,INT16,Sufficient,0.00025113217173859475,0.9516071123217327,,,0.00011851656814190082
inference,features.9.conv.0.2,ReLU6,activation,activation,245760000,0.0,6.0,5.854358664514336e-10,2.3283064365386963e-10,0.4977924112955729,INT8,Marginal,0.025862168616691782,1.0,,,0.030578207781934364
inference,features.9.conv.1.2,ReLU6,activation,input,245760000,0.0,6.0,8.625832492725749e-09,4.656612873077393e-10,0.5043584554036459,FP16,Sufficient,8.880330871590581e-05,0.00048376810685097374,0.0,0.0,
inference,features.9.conv.1.2,ReLU6,activation,input,245760000,0.0,6.0,8.625832492725749e-09,4.656612873077393e-10,0.5043584554036459,FP8_E4M3,Sufficient,0.012331542474510149,1.0,0.0,0.0008001600320064013,
inference,features.9.conv.1.2,ReLU6,activation,input,245760000,0.0,6.0,8.625832492725749e-09,4.656612873077393e-10,0.5043584554036459,FP8_E5M2,Marginal,0.02255471092091699,0.11110710804815571,0.0,0.0,
inference,features.9.conv.1.2,ReLU6,activation,input,245760000,0.0,6.0,8.625832492725749e-09,4.656612873077393e-10,0.5043584554036459,INT16,Sufficient,0.0002538875194096586,0.7030732029121566,,,0.00018311105685598315
inference,features.9.conv.1.2,ReLU6,activation,input,245760000,0.0,6.0,8.625832492725749e-09,4.656612873077393e-10,0.5043584554036459,INT8,Marginal,0.03928395191259575,1.0,,,0.047244094488188976
inference,features.9.conv.1.2,ReLU6,activation,activation,245760000,0.0,6.0,8.625832492725749e-09,4.656612873077393e-10,0.5043584554036459,FP16,Sufficient,8.880330871590581e-05,0.00048376810685097374,0.0,0.0,
inference,features.9.conv.1.2,ReLU6,activation,activation,245760000,0.0,6.0,8.625832492725749e-09,4.656612873077393e-10,0.5043584554036459,FP8_E4M3,Sufficient,0.012331542474510149,1.0,0.0,0.0008001600320064013,
inference,features.9.conv.1.2,ReLU6,activation,activation,245760000,0.0,6.0,8.625832492725749e-09,4.656612873077393e-10,0.5043584554036459,FP8_E5M2,Marginal,0.02255471092091699,0.11110710804815571,0.0,0.0,
inference,features.9.conv.1.2,ReLU6,activation,activation,245760000,0.0,6.0,8.625832492725749e-09,4.656612873077393e-10,0.5043584554036459,INT16,Sufficient,0.0002538875194096586,0.7030732029121566,,,0.00018311105685598315
inference,features.9.conv.1.2,ReLU6,activation,activation,245760000,0.0,6.0,8.625832492725749e-09,4.656612873077393e-10,0.5043584554036459,INT8,Marginal,0.03928395191259575,1.0,,,0.047244094488188976
inference,features.10.conv.0.2,ReLU6,activation,input,245760000,0.0,6.0,6.130699503614778e-09,1.4551915228366852e-11,0.5017216064453125,FP16,Sufficient,8.899706557758598e-05,0.00196722307793113,0.0,0.0,
inference,features.10.conv.0.2,ReLU6,activation,input,245760000,0.0,6.0,6.130699503614778e-09,1.4551915228366852e-11,0.5017216064453125,FP8_E4M3,Sufficient,0.01251399705138774,1.0,0.0,0.000793729536660383,
inference,features.10.conv.0.2,ReLU6,activation,input,245760000,0.0,6.0,6.130699503614778e-09,1.4551915228366852e-11,0.5017216064453125,FP8_E5M2,Marginal,0.022773488715114275,0.5931901186829216,0.0,0.0,
inference,features.10.conv.0.2,ReLU6,activation,input,245760000,0.0,6.0,6.130699503614778e-09,1.4551915228366852e-11,0.5017216064453125,INT16,Sufficient,0.00024113136226696022,1.0,,,0.00011138028030658615
inference,features.10.conv.0.2,ReLU6,activation,input,245760000,0.0,6.0,6.130699503614778e-09,1.4551915228366852e-11,0.5017216064453125,INT8,Marginal,0.023294889792696394,1.0,,,0.02873698932918038
inference,features.10.conv.0.2,ReLU6,activation,activation,245760000,0.0,6.0,6.130699503614778e-09,1.4551915228366852e-11,0.5017216064453125,FP16,Sufficient,8.899706557758598e-05,0.00196722307793113,0.0,0.0,
inference,features.10.conv.0.2,ReLU6,activation,activation,245760000,0.0,6.0,6.130699503614778e-09,1.4551915228366852e-11,0.5017216064453125,FP8_E4M3,Sufficient,0.01251399705138774,1.0,0.0,0.000793729536660383,
inference,features.10.conv.0.2,ReLU6,activation,activation,245760000,0.0,6.0,6.130699503614778e-09,1.4551915228366852e-11,0.5017216064453125,FP8_E5M2,Marginal,0.022773488715114275,0.5931901186829216,0.0,0.0,
inference,features.10.conv.0.2,ReLU6,activation,activation,245760000,0.0,6.0,6.130699503614778e-09,1.4551915228366852e-11,0.5017216064453125,INT16,Sufficient,0.00024113136226696022,1.0,,,0.00011138028030658615
inference,features.10.conv.0.2,ReLU6,activation,activation,245760000,0.0,6.0,6.130699503614778e-09,1.4551915228366852e-11,0.5017216064453125,INT8,Marginal,0.023294889792696394,1.0,,,0.02873698932918038
inference,features.10.conv.1.2,ReLU6,activation,input,245760000,0.0,6.0,1.9873011680715535e-08,2.3283064365386963e-10,0.5126119140625,FP16,Sufficient,8.639102978649295e-05,0.0004845897253408287,0.0,0.0,
inference,features.10.conv.1.2,ReLU6,activation,input,245760000,0.0,6.0,1.9873011680715535e-08,2.3283064365386963e-10,0.5126119140625,FP8_E4M3,Sufficient,0.012287767342273818,1.0,0.0,0.0008215239268843705,
inference,features.10.conv.1.2,ReLU6,activation,input,245760000,0.0,6.0,1.9873011680715535e-08,2.3283064365386963e-10,0.5126119140625,FP8_E5M2,Marginal,0.02222361281111743,0.11110404680077342,0.0,0.0,
inference,features.10.conv.1.2,ReLU6,activation,input,245760000,0.0,6.0,1.9873011680715535e-08,2.3283064365386963e-10,0.5126119140625,INT16,Sufficient,0.00019558105271087647,0.2860306235979153,,,0.00016057066009788782
inference,features.10.conv.1.2,ReLU6,activation,input,245760000,0.0,6.0,1.9873011680715535e-08,2.3283064365386963e-10,0.5126119140625,INT8,Marginal,0.033337043096432824,1.0,,,0.04142849464116134
inference,features.10.conv.1.2,ReLU6,activation,activation,245760000,0.0,6.0,1.9873011680715535e-08,2.3283064365386963e-10,0.5126119140625,FP16,Sufficient,8.639102978649295e-05,0.0004845897253408287,0.0,0.0,
inference,features.10.conv.1.2,ReLU6,activation,activation,245760000,0.0,6.0,1.9873011680715535e-08,2.3283064365386963e-10,0.5126119140625,FP8_E4M3,Sufficient,0.012287767342273818,1.0,0.0,0.0008215239268843705,
inference,features.10.conv.1.2,ReLU6,activation,activation,245760000,0.0,6.0,1.9873011680715535e-08,2.3283064365386963e-10,0.5126119140625,FP8_E5M2,Marginal,0.02222361281111743,0.11110404680077342,0.0,0.0,
inference,features.10.conv.1.2,ReLU6,activation,activation,245760000,0.0,6.0,1.9873011680715535e-08,2.3283064365386963e-10,0.5126119140625,INT16,Sufficient,0.00019558105271087647,0.2860306235979153,,,0.00016057066009788782
inference,features.10.conv.1.2,ReLU6,activation,activation,245760000,0.0,6.0,1.9873011680715535e-08,2.3283064365386963e-10,0.5126119140625,INT8,Marginal,0.033337043096432824,1.0,,,0.04142849464116134
inference,features.11.conv.0.2,ReLU6,activation,input,245760000,0.0,6.0,1.3500945916788964e-09,4.656612873077393e-10,0.4955878092447917,FP16,Sufficient,8.913598493672325e-05,0.0004816306726743381,0.0,0.0,
inference,features.11.conv.0.2,ReLU6,activation,input,245760000,0.0,6.0,1.3500945916788964e-09,4.656612873077393e-10,0.4955878092447917,FP8_E4M3,Sufficient,0.012451792999265436,1.0,0.0,0.00089188385690219,
inference,features.11.conv.0.2,ReLU6,activation,input,245760000,0.0,6.0,1.3500945916788964e-09,4.656612873077393e-10,0.4955878092447917,FP8_E5M2,Marginal,0.022677910698534264,0.11108827049207948,0.0,0.0,
inference,features.11.conv.0.2,ReLU6,activation,input,245760000,0.0,6.0,1.3500945916788964e-09,4.656612873077393e-10,0.4955878092447917,INT16,Sufficient,0.0001758993493817573,0.2991429748701335,,,0.00013169518475217182
inference,features.11.conv.0.2,ReLU6,activation,input,245760000,0.0,6.0,1.3500945916788964e-09,4.656612873077393e-10,0.4955878092447917,INT8,Marginal,0.02833611557466743,1.0,,,0.03397839463601901
inference,features.11.conv.0.2,ReLU6,activation,activation,245760000,0.0,6.0,1.3500945916788964e-09,4.656612873077393e-10,0.4955878092447917,FP16,Sufficient,8.913598493672325e-05,0.0004816306726743381,0.0,0.0,
inference,features.11.conv.0.2,ReLU6,activation,activation,245760000,0.0,6.0,1.3500945916788964e-09,4.656612873077393e-10,0.4955878092447917,FP8_E4M3,Sufficient,0.012451792999265436,1.0,0.0,0.00089188385690219,
inference,features.11.conv.0.2,ReLU6,activation,activation,245760000,0.0,6.0,1.3500945916788964e-09,4.656612873077393e-10,0.4955878092447917,FP8_E5M2,Marginal,0.022677910698534264,0.11108827049207948,0.0,0.0,
inference,features.11.conv.0.2,ReLU6,activation,activation,245760000,0.0,6.0,1.3500945916788964e-09,4.656612873077393e-10,0.4955878092447917,INT16,Sufficient,0.0001758993493817573,0.2991429748701335,,,0.00013169518475217182
inference,features.11.conv.0.2,ReLU6,activation,activation,245760000,0.0,6.0,1.3500945916788964e-09,4.656612873077393e-10,0.4955878092447917,INT8,Marginal,0.02833611557466743,1.0,,,0.03397839463601901
inference,features.11.conv.1.2,ReLU6,activation,input,245760000,0.0,6.0,8.19920753514225e-09,4.0745362639427185e-10,0.4999185994466146,FP16,Sufficient,8.744625779915236e-05,0.00048601639444466224,0.0,0.0,
inference,features.11.conv.1.2,ReLU6,activation,input,245760000,0.0,6.0,8.19920753514225e-09,4.0745362639427185e-10,0.4999185994466146,FP8_E4M3,Sufficient,0.012332951568033372,1.0,0.0,0.0014152850788515972,
inference,features.11.conv.1.2,ReLU6,activation,input,245760000,0.0,6.0,8.19920753514225e-09,4.0745362639427185e-10,0.4999185994466146,FP8_E5M2,Marginal,0.022306045805962765,0.11099825709788039,0.0,0.0,
inference,features.11.conv.1.2,ReLU6,activation,input,245760000,0.0,6.0,8.19920753514225e-09,4.0745362639427185e-10,0.4999185994466146,INT16,Sufficient,0.00022378892121880192,0.4137324820484873,,,0.00016667894016533284
inference,features.11.conv.1.2,ReLU6,activation,input,245760000,0.0,6.0,8.19920753514225e-09,4.0745362639427185e-10,0.4999185994466146,INT8,Marginal,0.036639551411666894,1.0,,,0.0430044789952556
inference,features.11.conv.1.2,ReLU6,activation,activation,245760000,0.0,6.0,8.19920753514225e-09,4.0745362639427185e-10,0.4999185994466146,FP16,Sufficient,8.744625779915236e-05,0.00048601639444466224,0.0,0.0,
inference,features.11.conv.1.2,ReLU6,activation,activation,245760000,0.0,6.0,8.19920753514225e-09,4.0745362639427185e-10,0.4999185994466146,FP8_E4M3,Sufficient,0.012332951568033372,1.0,0.0,0.0014152850788515972,
inference,features.11.conv.1.2,ReLU6,activation,activation,245760000,0.0,6.0,8.19920753514225e-09,4.0745362639427185e-10,0.4999185994466146,FP8_E5M2,Marginal,0.022306045805962765,0.11099825709788039,0.0,0.0,
inference,features.11.conv.1.2,ReLU6,activation,activation,245760000,0.0,6.0,8.19920753514225e-09,4.0745362639427185e-10,0.4999185994466146,INT16,Sufficient,0.00022378892121880192,0.4137324820484873,,,0.00016667894016533284
inference,features.11.conv.1.2,ReLU6,activation,activation,245760000,0.0,6.0,8.19920753514225e-09,4.0745362639427185e-10,0.4999185994466146,INT8,Marginal,0.036639551411666894,1.0,,,0.0430044789952556
inference,features.12.conv.0.2,ReLU6,activation,input,368640000,0.0,6.0,3.552438343490394e-09,1.1641532182693481e-10,0.4998016194661458,FP16,Sufficient,8.80472655477897e-05,0.00047863514824655385,0.0,0.0,
inference,features.12.conv.0.2,ReLU6,activation,input,368640000,0.0,6.0,3.552438343490394e-09,1.1641532182693481e-10,0.4998016194661458,FP8_E4M3,Sufficient,0.012381005748623625,1.0,0.0,0.0015108783239323126,
inference,features.12.conv.0.2,ReLU6,activation,input,368640000,0.0,6.0,3.552438343490394e-09,1.1641532182693481e-10,0.4998016194661458,FP8_E5M2,Marginal,0.022139681209571438,0.110997270545894,0.0,0.0,
inference,features.12.conv.0.2,ReLU6,activation,input,368640000,0.0,6.0,3.552438343490394e-09,1.1641532182693481e-10,0.4998016194661458,INT16,Sufficient,0.00023074795582170182,0.9618847003477294,,,0.00012242476431622833
inference,features.12.conv.0.2,ReLU6,activation,input,368640000,0.0,6.0,3.552438343490394e-09,1.1641532182693481e-10,0.4998016194661458,INT8,Marginal,0.0254027883139477,1.0,,,0.031586553168109086
inference,features.12.conv.0.2,ReLU6,activation,activation,368640000,0.0,6.0,3.552438343490394e-09,1.1641532182693481e-10,0.4998016194661458,FP16,Sufficient,8.80472655477897e-05,0.00047863514824655385,0.0,0.0,
inference,features.12.conv.0.2,ReLU6,activation,activation,368640000,0.0,6.0,3.552438343490394e-09,1.1641532182693481e-10,0.4998016194661458,FP8_E4M3,Sufficient,0.012381005748623625,1.0,0.0,0.0015108783239323126,
inference,features.12.conv.0.2,ReLU6,activation,activation,368640000,0.0,6.0,3.552438343490394e-09,1.1641532182693481e-10,0.4998016194661458,FP8_E5M2,Marginal,0.022139681209571438,0.110997270545894,0.0,0.0,
inference,features.12.conv.0.2,ReLU6,activation,activation,368640000,0.0,6.0,3.552438343490394e-09,1.1641532182693481e-10,0.4998016194661458,INT16,Sufficient,0.00023074795582170182,0.9618847003477294,,,0.00012242476431622833
inference,features.12.conv.0.2,ReLU6,activation,activation,368640000,0.0,6.0,3.552438343490394e-09,1.1641532182693481e-10,0.4998016194661458,INT8,Marginal,0.0254027883139477,1.0,,,0.031586553168109086
inference,features.12.conv.1.2,ReLU6,activation,input,368640000,0.0,6.0,1.0029705066472161e-08,2.3283064365386963e-10,0.5079942952473958,FP16,Sufficient,8.671445959439441e-05,0.0005946768107412289,0.0,0.0,
inference,features.12.conv.1.2,ReLU6,activation,input,368640000,0.0,6.0,1.0029705066472161e-08,2.3283064365386963e-10,0.5079942952473958,FP8_E4M3,Sufficient,0.012539137355905961,1.0,0.0,0.001425952332450601,
inference,features.12.conv.1.2,ReLU6,activation,input,368640000,0.0,6.0,1.0029705066472161e-08,2.3283064365386963e-10,0.5079942952473958,FP8_E5M2,Marginal,0.0225738268292172,0.1110711727330143,0.0,0.0,
inference,features.12.conv.1.2,ReLU6,activation,input,368640000,0.0,6.0,1.0029705066472161e-08,2.3283064365386963e-10,0.5079942952473958,INT16,Sufficient,0.0002898111343371193,1.0,,,0.0001538580787568583
inference,features.12.conv.1.2,ReLU6,activation,input,368640000,0.0,6.0,1.0029705066472161e-08,2.3283064365386963e-10,0.5079942952473958,INT8,Marginal,0.03140384788409815,1.0,,,0.03969659580020454
inference,features.12.conv.1.2,ReLU6,activation,activation,368640000,0.0,6.0,1.0029705066472161e-08,2.3283064365386963e-10,0.5079942952473958,FP16,Sufficient,8.671445959439441e-05,0.0005946768107412289,0.0,0.0,
inference,features.12.conv.1.2,ReLU6,activation,activation,368640000,0.0,6.0,1.0029705066472161e-08,2.3283064365386963e-10,0.5079942952473958,FP8_E4M3,Sufficient,0.012539137355905961,1.0,0.0,0.001425952332450601,
inference,features.12.conv.1.2,ReLU6,activation,activation,368640000,0.0,6.0,1.0029705066472161e-08,2.3283064365386963e-10,0.5079942952473958,FP8_E5M2,Marginal,0.0225738268292172,0.1110711727330143,0.0,0.0,
inference,features.12.conv.1.2,ReLU6,activation,activation,368640000,0.0,6.0,1.0029705066472161e-08,2.3283064365386963e-10,0.5079942952473958,INT16,Sufficient,0.0002898111343371193,1.0,,,0.0001538580787568583
inference,features.12.conv.1.2,ReLU6,activation,activation,368640000,0.0,6.0,1.0029705066472161e-08,2.3283064365386963e-10,0.5079942952473958,INT8,Marginal,0.03140384788409815,1.0,,,0.03969659580020454
inference,features.13.conv.0.2,ReLU6,activation,input,368640000,0.0,6.0,1.4132491621410281e-08,2.3283064365386963e-10,0.5031482177734375,FP16,Sufficient,8.702230634353018e-05,0.00048483369562076373,0.0,0.0,
inference,features.13.conv.0.2,ReLU6,activation,input,368640000,0.0,6.0,1.4132491621410281e-08,2.3283064365386963e-10,0.5031482177734375,FP8_E4M3,Sufficient,0.012393894866285596,1.0,0.0,0.0012014417300760913,
inference,features.13.conv.0.2,ReLU6,activation,input,368640000,0.0,6.0,1.4132491621410281e-08,2.3283064365386963e-10,0.5031482177734375,FP8_E5M2,Marginal,0.022396952320337487,0.1110932152887213,0.0,0.0,
inference,features.13.conv.0.2,ReLU6,activation,input,368640000,0.0,6.0,1.4132491621410281e-08,2.3283064365386963e-10,0.5031482177734375,INT16,Sufficient,0.0001758978970672035,0.30873193501176993,,,0.00012129966320690136
inference,features.13.conv.0.2,ReLU6,activation,input,368640000,0.0,6.0,1.4132491621410281e-08,2.3283064365386963e-10,0.5031482177734375,INT8,Marginal,0.026783287674650158,1.0,,,0.031296268222838874
inference,features.13.conv.0.2,ReLU6,activation,activation,368640000,0.0,6.0,1.4132491621410281e-08,2.3283064365386963e-10,0.5031482177734375,FP16,Sufficient,8.702230634353018e-05,0.00048483369562076373,0.0,0.0,
inference,features.13.conv.0.2,ReLU6,activation,activation,368640000,0.0,6.0,1.4132491621410281e-08,2.3283064365386963e-10,0.5031482177734375,FP8_E4M3,Sufficient,0.012393894866285596,1.0,0.0,0.0012014417300760913,
inference,features.13.conv.0.2,ReLU6,activation,activation,368640000,0.0,6.0,1.4132491621410281e-08,2.3283064365386963e-10,0.5031482177734375,FP8_E5M2,Marginal,0.022396952320337487,0.1110932152887213,0.0,0.0,
inference,features.13.conv.0.2,ReLU6,activation,activation,368640000,0.0,6.0,1.4132491621410281e-08,2.3283064365386963e-10,0.5031482177734375,INT16,Sufficient,0.0001758978970672035,0.30873193501176993,,,0.00012129966320690136
inference,features.13.conv.0.2,ReLU6,activation,activation,368640000,0.0,6.0,1.4132491621410281e-08,2.3283064365386963e-10,0.5031482177734375,INT8,Marginal,0.026783287674650158,1.0,,,0.031296268222838874
inference,features.13.conv.1.2,ReLU6,activation,input,368640000,0.0,6.0,1.415137673710376e-09,2.3283064365386963e-10,0.5198241482204861,FP16,Sufficient,8.665457568000945e-05,0.0004849495421547806,0.0,0.0,
inference,features.13.conv.1.2,ReLU6,activation,input,368640000,0.0,6.0,1.415137673710376e-09,2.3283064365386963e-10,0.5198241482204861,FP8_E4M3,Sufficient,0.01183112358559469,1.0,0.0,0.0005187798298402158,
inference,features.13.conv.1.2,ReLU6,activation,input,368640000,0.0,6.0,1.415137673710376e-09,2.3283064365386963e-10,0.5198241482204861,FP8_E5M2,Marginal,0.02158150129925453,0.11109921974381404,0.0,0.0,
inference,features.13.conv.1.2,ReLU6,activation,input,368640000,0.0,6.0,1.415137673710376e-09,2.3283064365386963e-10,0.5198241482204861,INT16,Sufficient,0.0001982776761234963,0.2434655884833851,,,0.00017318484889914163
inference,features.13.conv.1.2,ReLU6,activation,input,368640000,0.0,6.0,1.415137673710376e-09,2.3283064365386963e-10,0.5198241482204861,INT8,Marginal,0.03372543231259506,1.0,,,0.04468305467620609
inference,features.13.conv.1.2,ReLU6,activation,activation,368640000,0.0,6.0,1.415137673710376e-09,2.3283064365386963e-10,0.5198241482204861,FP16,Sufficient,8.665457568000945e-05,0.0004849495421547806,0.0,0.0,
inference,features.13.conv.1.2,ReLU6,activation,activation,368640000,0.0,6.0,1.415137673710376e-09,2.3283064365386963e-10,0.5198241482204861,FP8_E4M3,Sufficient,0.01183112358559469,1.0,0.0,0.0005187798298402158,
inference,features.13.conv.1.2,ReLU6,activation,activation,368640000,0.0,6.0,1.415137673710376e-09,2.3283064365386963e-10,0.5198241482204861,FP8_E5M2,Marginal,0.02158150129925453,0.11109921974381404,0.0,0.0,
inference,features.13.conv.1.2,ReLU6,activation,activation,368640000,0.0,6.0,1.415137673710376e-09,2.3283064365386963e-10,0.5198241482204861,INT16,Sufficient,0.0001982776761234963,0.2434655884833851,,,0.00017318484889914163
inference,features.13.conv.1.2,ReLU6,activation,activation,368640000,0.0,6.0,1.415137673710376e-09,2.3283064365386963e-10,0.5198241482204861,INT8,Marginal,0.03372543231259506,1.0,,,0.04468305467620609
inference,features.14.conv.0.2,ReLU6,activation,input,368640000,0.0,6.0,4.332611602819725e-09,4.656612873077393e-10,0.4960130913628472,FP16,Sufficient,8.987186425556985e-05,0.0004825593518215126,0.0,0.0,
inference,features.14.conv.0.2,ReLU6,activation,input,368640000,0.0,6.0,4.332611602819725e-09,4.656612873077393e-10,0.4960130913628472,FP8_E4M3,Sufficient,0.012844046461519067,1.0,0.0,0.0011747430249632893,
inference,features.14.conv.0.2,ReLU6,activation,input,368640000,0.0,6.0,4.332611602819725e-09,4.656612873077393e-10,0.4960130913628472,FP8_E5M2,Marginal,0.022863566237984457,0.11109632302630902,0.0,0.0,
inference,features.14.conv.0.2,ReLU6,activation,input,368640000,0.0,6.0,4.332611602819725e-09,4.656612873077393e-10,0.4960130913628472,INT16,Sufficient,0.00023317274661909963,0.4953335942369201,,,0.00013700998287472765
inference,features.14.conv.0.2,ReLU6,activation,input,368640000,0.0,6.0,4.332611602819725e-09,4.656612873077393e-10,0.4960130913628472,INT8,Marginal,0.02800852394360529,1.0,,,0.03534965440044253
inference,features.14.conv.0.2,ReLU6,activation,activation,368640000,0.0,6.0,4.332611602819725e-09,4.656612873077393e-10,0.4960130913628472,FP16,Sufficient,8.987186425556985e-05,0.0004825593518215126,0.0,0.0,
inference,features.14.conv.0.2,ReLU6,activation,activation,368640000,0.0,6.0,4.332611602819725e-09,4.656612873077393e-10,0.4960130913628472,FP8_E4M3,Sufficient,0.012844046461519067,1.0,0.0,0.0011747430249632893,
inference,features.14.conv.0.2,ReLU6,activation,activation,368640000,0.0,6.0,4.332611602819725e-09,4.656612873077393e-10,0.4960130913628472,FP8_E5M2,Marginal,0.022863566237984457,0.11109632302630902,0.0,0.0,
inference,features.14.conv.0.2,ReLU6,activation,activation,368640000,0.0,6.0,4.332611602819725e-09,4.656612873077393e-10,0.4960130913628472,INT16,Sufficient,0.00023317274661909963,0.4953335942369201,,,0.00013700998287472765
inference,features.14.conv.0.2,ReLU6,activation,activation,368640000,0.0,6.0,4.332611602819725e-09,4.656612873077393e-10,0.4960130913628472,INT8,Marginal,0.02800852394360529,1.0,,,0.03534965440044253
inference,features.14.conv.1.2,ReLU6,activation,input,92160000,0.0,6.0,2.4245052632210218e-09,4.656612873077393e-10,0.5202346896701389,FP16,Sufficient,8.522193717178579e-05,0.00048238173859440947,0.0,0.0,
inference,features.14.conv.1.2,ReLU6,activation,input,92160000,0.0,6.0,2.4245052632210218e-09,4.656612873077393e-10,0.5202346896701389,FP8_E4M3,Sufficient,0.01193729093142094,1.0,0.0,0.0010448229025180231,
inference,features.14.conv.1.2,ReLU6,activation,input,92160000,0.0,6.0,2.4245052632210218e-09,4.656612873077393e-10,0.5202346896701389,FP8_E5M2,Marginal,0.02181208072332226,0.11105742537329248,0.0,0.0,
inference,features.14.conv.1.2,ReLU6,activation,input,92160000,0.0,6.0,2.4245052632210218e-09,4.656612873077393e-10,0.5202346896701389,INT16,Sufficient,0.00014383594093203968,0.12332869502560115,,,0.00014605507457878794
inference,features.14.conv.1.2,ReLU6,activation,input,92160000,0.0,6.0,2.4245052632210218e-09,4.656612873077393e-10,0.5202346896701389,INT8,Marginal,0.02656006235288894,1.0,,,0.0376833592812846
inference,features.14.conv.1.2,ReLU6,activation,activation,92160000,0.0,6.0,2.4245052632210218e-09,4.656612873077393e-10,0.5202346896701389,FP16,Sufficient,8.522193717178579e-05,0.00048238173859440947,0.0,0.0,
inference,features.14.conv.1.2,ReLU6,activation,activation,92160000,0.0,6.0,2.4245052632210218e-09,4.656612873077393e-10,0.5202346896701389,FP8_E4M3,Sufficient,0.01193729093142094,1.0,0.0,0.0010448229025180231,
inference,features.14.conv.1.2,ReLU6,activation,activation,92160000,0.0,6.0,2.4245052632210218e-09,4.656612873077393e-10,0.5202346896701389,FP8_E5M2,Marginal,0.02181208072332226,0.11105742537329248,0.0,0.0,
inference,features.14.conv.1.2,ReLU6,activation,activation,92160000,0.0,6.0,2.4245052632210218e-09,4.656612873077393e-10,0.5202346896701389,INT16,Sufficient,0.00014383594093203968,0.12332869502560115,,,0.00014605507457878794
inference,features.14.conv.1.2,ReLU6,activation,activation,92160000,0.0,6.0,2.4245052632210218e-09,4.656612873077393e-10,0.5202346896701389,INT8,Marginal,0.02656006235288894,1.0,,,0.0376833592812846
inference,features.15.conv.0.2,ReLU6,activation,input,153600000,0.0,6.0,1.4206533727190163e-09,5.820766091346741e-11,0.5068721940104167,FP16,Sufficient,8.662203487304728e-05,0.0004864977548681586,0.0,0.0,
inference,features.15.conv.0.2,ReLU6,activation,input,153600000,0.0,6.0,1.4206533727190163e-09,5.820766091346741e-11,0.5068721940104167,FP8_E4M3,Sufficient,0.012084722210341547,1.0,0.0,0.0010190563538163661,
inference,features.15.conv.0.2,ReLU6,activation,input,153600000,0.0,6.0,1.4206533727190163e-09,5.820766091346741e-11,0.5068721940104167,FP8_E5M2,Marginal,0.022038927822129854,0.11109392169183445,0.0,0.0,
inference,features.15.conv.0.2,ReLU6,activation,input,153600000,0.0,6.0,1.4206533727190163e-09,5.820766091346741e-11,0.5068721940104167,INT16,Sufficient,0.00018880766960471327,0.47111936185346925,,,0.0001346998249356295
inference,features.15.conv.0.2,ReLU6,activation,input,153600000,0.0,6.0,1.4206533727190163e-09,5.820766091346741e-11,0.5068721940104167,INT8,Marginal,0.02633385502798629,1.0,,,0.03475361546193521
inference,features.15.conv.0.2,ReLU6,activation,activation,153600000,0.0,6.0,1.4206533727190163e-09,5.820766091346741e-11,0.5068721940104167,FP16,Sufficient,8.662203487304728e-05,0.0004864977548681586,0.0,0.0,
inference,features.15.conv.0.2,ReLU6,activation,activation,153600000,0.0,6.0,1.4206533727190163e-09,5.820766091346741e-11,0.5068721940104167,FP8_E4M3,Sufficient,0.012084722210341547,1.0,0.0,0.0010190563538163661,
inference,features.15.conv.0.2,ReLU6,activation,activation,153600000,0.0,6.0,1.4206533727190163e-09,5.820766091346741e-11,0.5068721940104167,FP8_E5M2,Marginal,0.022038927822129854,0.11109392169183445,0.0,0.0,
inference,features.15.conv.0.2,ReLU6,activation,activation,153600000,0.0,6.0,1.4206533727190163e-09,5.820766091346741e-11,0.5068721940104167,INT16,Sufficient,0.00018880766960471327,0.47111936185346925,,,0.0001346998249356295
inference,features.15.conv.0.2,ReLU6,activation,activation,153600000,0.0,6.0,1.4206533727190163e-09,5.820766091346741e-11,0.5068721940104167,INT8,Marginal,0.02633385502798629,1.0,,,0.03475361546193521
inference,features.15.conv.1.2,ReLU6,activation,input,153600000,0.0,6.0,1.5812101850087856e-08,2.3283064365386963e-10,0.5167502604166667,FP16,Sufficient,8.483154089474965e-05,0.00048050741583111767,0.0,0.0,
inference,features.15.conv.1.2,ReLU6,activation,input,153600000,0.0,6.0,1.5812101850087856e-08,2.3283064365386963e-10,0.5167502604166667,FP8_E4M3,Sufficient,0.012180973541023547,1.0,0.0,0.0014676590837614007,
inference,features.15.conv.1.2,ReLU6,activation,input,153600000,0.0,6.0,1.5812101850087856e-08,2.3283064365386963e-10,0.5167502604166667,FP8_E5M2,Marginal,0.021460686163735004,0.11104553515507577,0.0,0.0,
inference,features.15.conv.1.2,ReLU6,activation,input,153600000,0.0,6.0,1.5812101850087856e-08,2.3283064365386963e-10,0.5167502604166667,INT16,Sufficient,0.00028183099413831616,1.0,,,0.00018311105685598315
inference,features.15.conv.1.2,ReLU6,activation,input,153600000,0.0,6.0,1.5812101850087856e-08,2.3283064365386963e-10,0.5167502604166667,INT8,Marginal,0.03989457389841424,1.0,,,0.047244094488188976
inference,features.15.conv.1.2,ReLU6,activation,activation,153600000,0.0,6.0,1.5812101850087856e-08,2.3283064365386963e-10,0.5167502604166667,FP16,Sufficient,8.483154089474965e-05,0.00048050741583111767,0.0,0.0,
inference,features.15.conv.1.2,ReLU6,activation,activation,153600000,0.0,6.0,1.5812101850087856e-08,2.3283064365386963e-10,0.5167502604166667,FP8_E4M3,Sufficient,0.012180973541023547,1.0,0.0,0.0014676590837614007,
inference,features.15.conv.1.2,ReLU6,activation,activation,153600000,0.0,6.0,1.5812101850087856e-08,2.3283064365386963e-10,0.5167502604166667,FP8_E5M2,Marginal,0.021460686163735004,0.11104553515507577,0.0,0.0,
inference,features.15.conv.1.2,ReLU6,activation,activation,153600000,0.0,6.0,1.5812101850087856e-08,2.3283064365386963e-10,0.5167502604166667,INT16,Sufficient,0.00028183099413831616,1.0,,,0.00018311105685598315
inference,features.15.conv.1.2,ReLU6,activation,activation,153600000,0.0,6.0,1.5812101850087856e-08,2.3283064365386963e-10,0.5167502604166667,INT8,Marginal,0.03989457389841424,1.0,,,0.047244094488188976
inference,features.16.conv.0.2,ReLU6,activation,input,153600000,0.0,6.0,1.2430899865023548e-08,2.3283064365386963e-10,0.5042658919270834,FP16,Sufficient,8.54962576094127e-05,0.0004820882643321171,0.0,0.0,
inference,features.16.conv.0.2,ReLU6,activation,input,153600000,0.0,6.0,1.2430899865023548e-08,2.3283064365386963e-10,0.5042658919270834,FP8_E4M3,Sufficient,0.011972144222124394,1.0,0.0,0.0006103143118706134,
inference,features.16.conv.0.2,ReLU6,activation,input,153600000,0.0,6.0,1.2430899865023548e-08,2.3283064365386963e-10,0.5042658919270834,FP8_E5M2,Marginal,0.02216622769183294,0.11110206877375733,0.0,0.0,
inference,features.16.conv.0.2,ReLU6,activation,input,153600000,0.0,6.0,1.2430899865023548e-08,2.3283064365386963e-10,0.5042658919270834,INT16,Sufficient,0.00013691874320511294,0.12361796212908985,,,0.00014059465099640548
inference,features.16.conv.0.2,ReLU6,activation,input,153600000,0.0,6.0,1.2430899865023548e-08,2.3283064365386963e-10,0.5042658919270834,INT8,Marginal,0.02823973579538374,1.0,,,0.03627452700156865
inference,features.16.conv.0.2,ReLU6,activation,activation,153600000,0.0,6.0,1.2430899865023548e-08,2.3283064365386963e-10,0.5042658919270834,FP16,Sufficient,8.54962576094127e-05,0.0004820882643321171,0.0,0.0,
inference,features.16.conv.0.2,ReLU6,activation,activation,153600000,0.0,6.0,1.2430899865023548e-08,2.3283064365386963e-10,0.5042658919270834,FP8_E4M3,Sufficient,0.011972144222124394,1.0,0.0,0.0006103143118706134,
inference,features.16.conv.0.2,ReLU6,activation,activation,153600000,0.0,6.0,1.2430899865023548e-08,2.3283064365386963e-10,0.5042658919270834,FP8_E5M2,Marginal,0.02216622769183294,0.11110206877375733,0.0,0.0,
inference,features.16.conv.0.2,ReLU6,activation,activation,153600000,0.0,6.0,1.2430899865023548e-08,2.3283064365386963e-10,0.5042658919270834,INT16,Sufficient,0.00013691874320511294,0.12361796212908985,,,0.00014059465099640548
inference,features.16.conv.0.2,ReLU6,activation,activation,153600000,0.0,6.0,1.2430899865023548e-08,2.3283064365386963e-10,0.5042658919270834,INT8,Marginal,0.02823973579538374,1.0,,,0.03627452700156865
inference,features.16.conv.1.2,ReLU6,activation,input,153600000,0.0,6.0,2.858371317415731e-09,4.656612873077393e-10,0.5204520963541667,FP16,Sufficient,8.20070551742675e-05,0.0013119776657420721,0.0,0.0,
inference,features.16.conv.1.2,ReLU6,activation,input,153600000,0.0,6.0,2.858371317415731e-09,4.656612873077393e-10,0.5204520963541667,FP8_E4M3,Sufficient,0.011930574314236449,1.0,0.0,0.0012741558717349756,
inference,features.16.conv.1.2,ReLU6,activation,input,153600000,0.0,6.0,2.858371317415731e-09,4.656612873077393e-10,0.5204520963541667,FP8_E5M2,Marginal,0.021152093767361907,0.34207259833732967,0.0,0.0,
inference,features.16.conv.1.2,ReLU6,activation,input,153600000,0.0,6.0,2.858371317415731e-09,4.656612873077393e-10,0.5204520963541667,INT16,Sufficient,0.0003798966335719414,1.0,,,0.0001772052146591935
inference,features.16.conv.1.2,ReLU6,activation,input,153600000,0.0,6.0,2.858371317415731e-09,4.656612873077393e-10,0.5204520963541667,INT8,Marginal,0.03694339639412382,1.0,,,0.04572034069872278
inference,features.16.conv.1.2,ReLU6,activation,activation,153600000,0.0,6.0,2.858371317415731e-09,4.656612873077393e-10,0.5204520963541667,FP16,Sufficient,8.20070551742675e-05,0.0013119776657420721,0.0,0.0,
inference,features.16.conv.1.2,ReLU6,activation,activation,153600000,0.0,6.0,2.858371317415731e-09,4.656612873077393e-10,0.5204520963541667,FP8_E4M3,Sufficient,0.011930574314236449,1.0,0.0,0.0012741558717349756,
inference,features.16.conv.1.2,ReLU6,activation,activation,153600000,0.0,6.0,2.858371317415731e-09,4.656612873077393e-10,0.5204520963541667,FP8_E5M2,Marginal,0.021152093767361907,0.34207259833732967,0.0,0.0,
inference,features.16.conv.1.2,ReLU6,activation,activation,153600000,0.0,6.0,2.858371317415731e-09,4.656612873077393e-10,0.5204520963541667,INT16,Sufficient,0.0003798966335719414,1.0,,,0.0001772052146591935
inference,features.16.conv.1.2,ReLU6,activation,activation,153600000,0.0,6.0,2.858371317415731e-09,4.656612873077393e-10,0.5204520963541667,INT8,Marginal,0.03694339639412382,1.0,,,0.04572034069872278
inference,features.17.conv.0.2,ReLU6,activation,input,153600000,0.0,6.0,2.0349276041997655e-08,4.656612873077393e-10,0.5102651106770834,FP16,Sufficient,8.541618620863327e-05,0.0017400255466397969,0.0,0.0,
inference,features.17.conv.0.2,ReLU6,activation,input,153600000,0.0,6.0,2.0349276041997655e-08,4.656612873077393e-10,0.5102651106770834,FP8_E4M3,Sufficient,0.012118748290199483,1.0,0.0,0.001236603462489695,
inference,features.17.conv.0.2,ReLU6,activation,input,153600000,0.0,6.0,2.0349276041997655e-08,4.656612873077393e-10,0.5102651106770834,FP8_E5M2,Marginal,0.02160244589545299,0.11109227270068488,0.0,0.0,
inference,features.17.conv.0.2,ReLU6,activation,input,153600000,0.0,6.0,2.0349276041997655e-08,4.656612873077393e-10,0.5102651106770834,INT16,Sufficient,0.00024890556093036363,1.0,,,0.00012787877030814575
inference,features.17.conv.0.2,ReLU6,activation,input,153600000,0.0,6.0,2.0349276041997655e-08,4.656612873077393e-10,0.5102651106770834,INT8,Marginal,0.02537734001314242,1.0,,,0.03299372965895285
inference,features.17.conv.0.2,ReLU6,activation,activation,153600000,0.0,6.0,2.0349276041997655e-08,4.656612873077393e-10,0.5102651106770834,FP16,Sufficient,8.541618620863327e-05,0.0017400255466397969,0.0,0.0,
inference,features.17.conv.0.2,ReLU6,activation,activation,153600000,0.0,6.0,2.0349276041997655e-08,4.656612873077393e-10,0.5102651106770834,FP8_E4M3,Sufficient,0.012118748290199483,1.0,0.0,0.001236603462489695,
inference,features.17.conv.0.2,ReLU6,activation,activation,153600000,0.0,6.0,2.0349276041997655e-08,4.656612873077393e-10,0.5102651106770834,FP8_E5M2,Marginal,0.02160244589545299,0.11109227270068488,0.0,0.0,
inference,features.17.conv.0.2,ReLU6,activation,activation,153600000,0.0,6.0,2.0349276041997655e-08,4.656612873077393e-10,0.5102651106770834,INT16,Sufficient,0.00024890556093036363,1.0,,,0.00012787877030814575
inference,features.17.conv.0.2,ReLU6,activation,activation,153600000,0.0,6.0,2.0349276041997655e-08,4.656612873077393e-10,0.5102651106770834,INT8,Marginal,0.02537734001314242,1.0,,,0.03299372965895285
inference,features.17.conv.1.2,ReLU6,activation,input,153600000,0.0,6.0,7.15199188761062e-09,9.313225746154785e-10,0.5442610416666667,FP16,Sufficient,8.1242987051e-05,0.0006699128343853321,0.0,0.0,
inference,features.17.conv.1.2,ReLU6,activation,input,153600000,0.0,6.0,7.15199188761062e-09,9.313225746154785e-10,0.5442610416666667,FP8_E4M3,Sufficient,0.011484324289788605,1.0,0.0,0.0008637443316778234,
inference,features.17.conv.1.2,ReLU6,activation,input,153600000,0.0,6.0,7.15199188761062e-09,9.313225746154785e-10,0.5442610416666667,FP8_E5M2,Marginal,0.020907591954818228,0.19316063721070034,0.0,0.0,
inference,features.17.conv.1.2,ReLU6,activation,input,153600000,0.0,6.0,7.15199188761062e-09,9.313225746154785e-10,0.5442610416666667,INT16,Sufficient,0.0002941951752917633,1.0,,,0.0001780123176124166
inference,features.17.conv.1.2,ReLU6,activation,input,153600000,0.0,6.0,7.15199188761062e-09,9.313225746154785e-10,0.5442610416666667,INT8,Marginal,0.03233690139044865,1.0,,,0.0459285796157957
inference,features.17.conv.1.2,ReLU6,activation,activation,153600000,0.0,6.0,7.15199188761062e-09,9.313225746154785e-10,0.5442610416666667,FP16,Sufficient,8.1242987051e-05,0.0006699128343853321,0.0,0.0,
inference,features.17.conv.1.2,ReLU6,activation,activation,153600000,0.0,6.0,7.15199188761062e-09,9.313225746154785e-10,0.5442610416666667,FP8_E4M3,Sufficient,0.011484324289788605,1.0,0.0,0.0008637443316778234,
inference,features.17.conv.1.2,ReLU6,activation,activation,153600000,0.0,6.0,7.15199188761062e-09,9.313225746154785e-10,0.5442610416666667,FP8_E5M2,Marginal,0.020907591954818228,0.19316063721070034,0.0,0.0,
inference,features.17.conv.1.2,ReLU6,activation,activation,153600000,0.0,6.0,7.15199188761062e-09,9.313225746154785e-10,0.5442610416666667,INT16,Sufficient,0.0002941951752917633,1.0,,,0.0001780123176124166
inference,features.17.conv.1.2,ReLU6,activation,activation,153600000,0.0,6.0,7.15199188761062e-09,9.313225746154785e-10,0.5442610416666667,INT8,Marginal,0.03233690139044865,1.0,,,0.0459285796157957
inference,features.18.2,ReLU6,activation,input,204800000,0.0,6.0,1.1506470443123362e-08,2.3283064365386963e-10,0.5626515087890624,FP16,Sufficient,7.832858131309139e-05,0.0010612276384549836,0.0,0.0,
inference,features.18.2,ReLU6,activation,input,204800000,0.0,6.0,1.1506470443123362e-08,2.3283064365386963e-10,0.5626515087890624,FP8_E4M3,Sufficient,0.011486526300428306,1.0,0.0,0.0018146761937166836,
inference,features.18.2,ReLU6,activation,input,204800000,0.0,6.0,1.1506470443123362e-08,2.3283064365386963e-10,0.5626515087890624,FP8_E5M2,Sufficient,0.01981341001664136,0.17019029349518025,0.0,0.0,
inference,features.18.2,ReLU6,activation,input,204800000,0.0,6.0,1.1506470443123362e-08,2.3283064365386963e-10,0.5626515087890624,INT16,Sufficient,0.0003528680008905805,1.0,,,0.00016201844522302324
inference,features.18.2,ReLU6,activation,input,204800000,0.0,6.0,1.1506470443123362e-08,2.3283064365386963e-10,0.5626515087890624,INT8,Marginal,0.03421448746628379,1.0,,,0.04180203460332915
inference,features.18.2,ReLU6,activation,activation,204800000,0.0,6.0,1.1506470443123362e-08,2.3283064365386963e-10,0.5626515087890624,FP16,Sufficient,7.832858131309139e-05,0.0010612276384549836,0.0,0.0,
inference,features.18.2,ReLU6,activation,activation,204800000,0.0,6.0,1.1506470443123362e-08,2.3283064365386963e-10,0.5626515087890624,FP8_E4M3,Sufficient,0.011486526300428306,1.0,0.0,0.0018146761937166836,
inference,features.18.2,ReLU6,activation,activation,204800000,0.0,6.0,1.1506470443123362e-08,2.3283064365386963e-10,0.5626515087890624,FP8_E5M2,Sufficient,0.01981341001664136,0.17019029349518025,0.0,0.0,
inference,features.18.2,ReLU6,activation,activation,204800000,0.0,6.0,1.1506470443123362e-08,2.3283064365386963e-10,0.5626515087890624,INT16,Sufficient,0.0003528680008905805,1.0,,,0.00016201844522302324
inference,features.18.2,ReLU6,activation,activation,204800000,0.0,6.0,1.1506470443123362e-08,2.3283064365386963e-10,0.5626515087890624,INT8,Marginal,0.03421448746628379,1.0,,,0.04180203460332915
inference,avgpool,AdaptiveAvgPool2d,pooling,input,204800000,0.0,6.0,1.1506470443123362e-08,2.3283064365386963e-10,0.5626515087890624,FP16,Sufficient,7.832858131309139e-05,0.0010612276384549836,0.0,0.0,
inference,avgpool,AdaptiveAvgPool2d,pooling,input,204800000,0.0,6.0,1.1506470443123362e-08,2.3283064365386963e-10,0.5626515087890624,FP8_E4M3,Sufficient,0.011486526300428306,1.0,0.0,0.0018146761937166836,
inference,avgpool,AdaptiveAvgPool2d,pooling,input,204800000,0.0,6.0,1.1506470443123362e-08,2.3283064365386963e-10,0.5626515087890624,FP8_E5M2,Sufficient,0.01981341001664136,0.17019029349518025,0.0,0.0,
inference,avgpool,AdaptiveAvgPool2d,pooling,input,204800000,0.0,6.0,1.1506470443123362e-08,2.3283064365386963e-10,0.5626515087890624,INT16,Sufficient,0.0003528680008905805,1.0,,,0.00016201844522302324
inference,avgpool,AdaptiveAvgPool2d,pooling,input,204800000,0.0,6.0,1.1506470443123362e-08,2.3283064365386963e-10,0.5626515087890624,INT8,Marginal,0.03421448746628379,1.0,,,0.04180203460332915
inference,avgpool,AdaptiveAvgPool2d,pooling,activation,12800000,0.0,3.75071120262146,1.0786574966559215e-09,7.275957614183426e-12,0.163538828125,FP16,Sufficient,0.0001481912830289077,0.01015390825919859,0.0,0.0,
inference,avgpool,AdaptiveAvgPool2d,pooling,activation,12800000,0.0,3.75071120262146,1.0786574966559215e-09,7.275957614183426e-12,0.163538828125,FP8_E4M3,Marginal,0.033951094380916313,1.0,0.0,0.009058402860548272,
inference,avgpool,AdaptiveAvgPool2d,pooling,activation,12800000,0.0,3.75071120262146,1.0786574966559215e-09,7.275957614183426e-12,0.163538828125,FP8_E5M2,Marginal,0.037991111379754514,1.0,0.0,5.959475566150179e-05,
inference,avgpool,AdaptiveAvgPool2d,pooling,activation,12800000,0.0,3.75071120262146,1.0786574966559215e-09,7.275957614183426e-12,0.163538828125,INT16,Sufficient,0.0013520307673578705,1.0,,,8.406179099042636e-05
inference,avgpool,AdaptiveAvgPool2d,pooling,activation,12800000,0.0,3.75071120262146,1.0786574966559215e-09,7.275957614183426e-12,0.163538828125,INT8,Not sufficient,0.12059031793511527,1.0,,,0.02168860397939607
inference,output,,,logit,1000000,-11.603409767150879,20.62697982788086,8.71904194355011e-06,1.862645149230957e-09,0.0,FP16,Sufficient,0.00017532044379940377,0.00048602033857631394,0.0,0.0,
inference,output,,,logit,1000000,-11.603409767150879,20.62697982788086,8.71904194355011e-06,1.862645149230957e-09,0.0,FP8_E4M3,Marginal,0.02316366583801703,1.0,0.0,0.00025,
inference,output,,,logit,1000000,-11.603409767150879,20.62697982788086,8.71904194355011e-06,1.862645149230957e-09,0.0,FP8_E5M2,Marginal,0.04488025843498987,0.11108633843602167,0.0,0.0,
inference,output,,,logit,1000000,-11.603409767150879,20.62697982788086,8.71904194355011e-06,1.862645149230957e-09,0.0,INT16,Sufficient,0.00041694053559730043,1.0,,,0.0005434715384388078
inference,output,,,logit,1000000,-11.603409767150879,20.62697982788086,8.71904194355011e-06,1.862645149230957e-09,0.0,INT8,Marginal,0.059271843499720214,1.0,,,0.14021993622066467
