stage,layer,layer_type,layer_category,tensor_type,count,min,max,min_abs_nonzero,empirical_min_spacing,frac_zero,format,verdict,mean_rel_error,max_rel_error,frac_overflow,frac_underflow_of_nonzero,scale
inference,conv1,Conv2d,conv,weight,1728,-0.5270029306411743,0.5485422015190125,0.00021790147002320737,3.390014171600342e-07,0.0,FP16,Sufficient,0.0001803902269758108,0.0004781308247119533,0.0,0.0,
inference,conv1,Conv2d,conv,weight,1728,-0.5270029306411743,0.5485422015190125,0.00021790147002320737,3.390014171600342e-07,0.0,FP8_E4M3,Marginal,0.032656350361679125,1.0,0.0,0.004050925925925926,
inference,conv1,Conv2d,conv,weight,1728,-0.5270029306411743,0.5485422015190125,0.00021790147002320737,3.390014171600342e-07,0.0,FP8_E5M2,Marginal,0.044930675651381424,0.11093833297121994,0.0,0.0,
inference,conv1,Conv2d,conv,weight,1728,-0.5270029306411743,0.5485422015190125,0.00021790147002320737,3.390014171600342e-07,0.0,INT16,Sufficient,0.00014122847344617625,0.017891970530208863,,,1.6740690375042343e-05
inference,conv1,Conv2d,conv,weight,1728,-0.5270029306411743,0.5485422015190125,0.00021790147002320737,3.390014171600342e-07,0.0,INT8,Marginal,0.03619142987592336,1.0,,,0.00431922993322057
inference,conv1,Conv2d,conv,input,30720000,-1.9894737005233765,2.12648868560791,0.0006281130481511354,5.5283308029174805e-06,0.0,FP16,Sufficient,0.00017618948553270135,0.0004725976472912634,0.0,0.0,
inference,conv1,Conv2d,conv,input,30720000,-1.9894737005233765,2.12648868560791,0.0006281130481511354,5.5283308029174805e-06,0.0,FP8_E4M3,Marginal,0.02624601382693827,1.0,0.0,0.00225,
inference,conv1,Conv2d,conv,input,30720000,-1.9894737005233765,2.12648868560791,0.0006281130481511354,5.5283308029174805e-06,0.0,FP8_E5M2,Marginal,0.04400779224098733,0.11003156559107093,0.0,0.0,
inference,conv1,Conv2d,conv,input,30720000,-1.9894737005233765,2.12648868560791,0.0006281130481511354,5.5283308029174805e-06,0.0,INT16,Sufficient,0.00013289330868654307,0.03320994991828842,,,6.489726510232582e-05
inference,conv1,Conv2d,conv,input,30720000,-1.9894737005233765,2.12648868560791,0.0006281130481511354,5.5283308029174805e-06,0.0,INT8,Sufficient,0.019050488210939118,1.0,,,0.016744005398487482
inference,conv1,Conv2d,conv,activation,655360000,-7.19917106628418,7.821596622467041,2.4149957589258975e-09,5.820766091346741e-11,0.0,FP16,Sufficient,0.0001763548373866972,0.004181906389729422,0.0,0.0,
inference,conv1,Conv2d,conv,activation,655360000,-7.19917106628418,7.821596622467041,2.4149957589258975e-09,5.820766091346741e-11,0.0,FP8_E4M3,Marginal,0.026861735346782677,1.0,0.0,0.00215,
inference,conv1,Conv2d,conv,activation,655360000,-7.19917106628418,7.821596622467041,2.4149957589258975e-09,5.820766091346741e-11,0.0,FP8_E5M2,Marginal,0.044956733552569336,1.0,0.0,5e-05,
inference,conv1,Conv2d,conv,activation,655360000,-7.19917106628418,7.821596622467041,2.4149957589258975e-09,5.820766091346741e-11,0.0,INT16,Sufficient,0.0014874621872854792,1.0,,,0.0002386429764824485
inference,conv1,Conv2d,conv,activation,655360000,-7.19917106628418,7.821596622467041,2.4149957589258975e-09,5.820766091346741e-11,0.0,INT8,Not sufficient,0.13809315358751967,1.0,,,0.0615717670110267
inference,bn1,BatchNorm2d,batchnorm,weight,64,0.5095415115356445,1.1831293106079102,0.5095415115356445,3.337860107421875e-05,0.0,FP16,Sufficient,0.00017682754421947413,0.0004786075635099021,0.0,0.0,
inference,bn1,BatchNorm2d,batchnorm,weight,64,0.5095415115356445,1.1831293106079102,0.5095415115356445,3.337860107421875e-05,0.0,FP8_E4M3,Marginal,0.021016175433691373,0.05880431033689626,0.0,0.0,
inference,bn1,BatchNorm2d,batchnorm,weight,64,0.5095415115356445,1.1831293106079102,0.5095415115356445,3.337860107421875e-05,0.0,FP8_E5M2,Marginal,0.042358965260314296,0.10763922685968687,0.0,0.0,
inference,bn1,BatchNorm2d,batchnorm,weight,64,0.5095415115356445,1.1831293106079102,0.5095415115356445,3.337860107421875e-05,0.0,INT16,Sufficient,1.1536017237554231e-05,3.1017515054925594e-05,,,3.610734307711753e-05
inference,bn1,BatchNorm2d,batchnorm,weight,64,0.5095415115356445,1.1831293106079102,0.5095415115356445,3.337860107421875e-05,0.0,INT8,Sufficient,0.002752665454528645,0.00747279214920655,,,0.009315978823684332
inference,bn1,BatchNorm2d,batchnorm,bias,64,-0.2469387948513031,0.35671958327293396,0.001827695406973362,0.0001016457099467516,0.0,FP16,Sufficient,0.0001699796777715337,0.00037036715509546487,0.0,0.0,
inference,bn1,BatchNorm2d,batchnorm,bias,64,-0.2469387948513031,0.35671958327293396,0.001827695406973362,0.0001016457099467516,0.0,FP8_E4M3,Marginal,0.028417488316880894,0.27699054734519707,0.0,0.0,
inference,bn1,BatchNorm2d,batchnorm,bias,64,-0.2469387948513031,0.35671958327293396,0.001827695406973362,0.0001016457099467516,0.0,FP8_E5M2,Marginal,0.04353203185648671,0.10851359880514623,0.0,0.0,
inference,bn1,BatchNorm2d,batchnorm,bias,64,-0.2469387948513031,0.35671958327293396,0.001827695406973362,0.0001016457099467516,0.0,INT16,Sufficient,8.488134816402103e-05,0.0012552316519129844,,,1.0886549982388804e-05
inference,bn1,BatchNorm2d,batchnorm,bias,64,-0.2469387948513031,0.35671958327293396,0.001827695406973362,0.0001016457099467516,0.0,INT8,Marginal,0.02763120990459937,0.5368072850681799,,,0.0028088156163223145
inference,bn1,BatchNorm2d,batchnorm,input,655360000,-7.19917106628418,7.821596622467041,2.4149957589258975e-09,5.820766091346741e-11,0.0,FP16,Sufficient,0.0001763548373866972,0.004181906389729422,0.0,0.0,
inference,bn1,BatchNorm2d,batchnorm,input,655360000,-7.19917106628418,7.821596622467041,2.4149957589258975e-09,5.820766091346741e-11,0.0,FP8_E4M3,Marginal,0.026861735346782677,1.0,0.0,0.00215,
inference,bn1,BatchNorm2d,batchnorm,input,655360000,-7.19917106628418,7.821596622467041,2.4149957589258975e-09,5.820766091346741e-11,0.0,FP8_E5M2,Marginal,0.044956733552569336,1.0,0.0,5e-05,
inference,bn1,BatchNorm2d,batchnorm,input,655360000,-7.19917106628418,7.821596622467041,2.4149957589258975e-09,5.820766091346741e-11,0.0,INT16,Sufficient,0.0014874621872854792,1.0,,,0.0002386429764824485
inference,bn1,BatchNorm2d,batchnorm,input,655360000,-7.19917106628418,7.821596622467041,2.4149957589258975e-09,5.820766091346741e-11,0.0,INT8,Not sufficient,0.13809315358751967,1.0,,,0.0615717670110267
inference,bn1,BatchNorm2d,batchnorm,activation,655360000,-9.891890525817871,10.706696510314941,5.070397435247287e-10,1.4551915228366852e-11,0.0,FP16,Sufficient,0.0001767345722522041,0.0016922086362767409,0.0,0.0,
inference,bn1,BatchNorm2d,batchnorm,activation,655360000,-9.891890525817871,10.706696510314941,5.070397435247287e-10,1.4551915228366852e-11,0.0,FP8_E4M3,Marginal,0.02550099710516737,1.0,0.0,0.0014,
inference,bn1,BatchNorm2d,batchnorm,activation,655360000,-9.891890525817871,10.706696510314941,5.070397435247287e-10,1.4551915228366852e-11,0.0,FP8_E5M2,Marginal,0.045100910689207,0.11110338745941285,0.0,0.0,
inference,bn1,BatchNorm2d,batchnorm,activation,655360000,-9.891890525817871,10.706696510314941,5.070397435247287e-10,1.4551915228366852e-11,0.0,INT16,Sufficient,0.0006644336388034688,1.0,,,0.00015247688522802215
inference,bn1,BatchNorm2d,batchnorm,activation,655360000,-9.891890525817871,10.706696510314941,5.070397435247287e-10,1.4551915228366852e-11,0.0,INT8,Marginal,0.08065963211756809,1.0,,,0.03934023699422521
inference,layer1.0.conv1,Conv2d,conv,weight,36864,-0.20793698728084564,0.19483797252178192,1.4293930234998697e-06,1.1641532182693481e-10,0.0,FP16,Sufficient,0.00017789825853024865,0.008521526713861676,0.0,0.0,
inference,layer1.0.conv1,Conv2d,conv,weight,36864,-0.20793698728084564,0.19483797252178192,1.4293930234998697e-06,1.1641532182693481e-10,0.0,FP8_E4M3,Not sufficient,0.07458046766880307,1.0,0.0,0.0245,
inference,layer1.0.conv1,Conv2d,conv,weight,36864,-0.20793698728084564,0.19483797252178192,1.4293930234998697e-06,1.1641532182693481e-10,0.0,FP8_E5M2,Marginal,0.04531717672322193,1.0,0.0,0.0003,
inference,layer1.0.conv1,Conv2d,conv,weight,36864,-0.20793698728084564,0.19483797252178192,1.4293930234998697e-06,1.1641532182693481e-10,0.0,INT16,Sufficient,0.0005716395448292916,1.0,,,6.345926916740795e-06
inference,layer1.0.conv1,Conv2d,conv,weight,36864,-0.20793698728084564,0.19483797252178192,1.4293930234998697e-06,1.1641532182693481e-10,0.0,INT8,Marginal,0.060564316331482085,1.0,,,0.0016372991124476036
inference,layer1.0.conv1,Conv2d,conv,input,655360000,0.0,10.706696510314941,5.070397435247287e-10,1.4551915228366852e-11,0.4621808822631836,FP16,Sufficient,9.63148743317715e-05,0.000485903448630159,0.0,0.0,
inference,layer1.0.conv1,Conv2d,conv,input,655360000,0.0,10.706696510314941,5.070397435247287e-10,1.4551915228366852e-11,0.4621808822631836,FP8_E4M3,Sufficient,0.013783687983974707,1.0,0.0,0.0012874747103181902,
inference,layer1.0.conv1,Conv2d,conv,input,655360000,0.0,10.706696510314941,5.070397435247287e-10,1.4551915228366852e-11,0.4621808822631836,FP8_E5M2,Marginal,0.024545994029839553,0.11110338745941285,0.0,0.0,
inference,layer1.0.conv1,Conv2d,conv,input,655360000,0.0,10.706696510314941,5.070397435247287e-10,1.4551915228366852e-11,0.4621808822631836,INT16,Sufficient,0.0003138543535844033,0.8635820604656673,,,0.00015247688522802215
inference,layer1.0.conv1,Conv2d,conv,input,655360000,0.0,10.706696510314941,5.070397435247287e-10,1.4551915228366852e-11,0.4621808822631836,INT8,Marginal,0.04400566155964774,1.0,,,0.03934023699422521
inference,layer1.0.conv1,Conv2d,conv,activation,655360000,-19.336299896240234,13.932570457458496,1.862645149230957e-09,4.656612873077393e-10,0.0,FP16,Sufficient,0.00017639351146544994,0.0021413276231263384,0.0,0.0,
inference,layer1.0.conv1,Conv2d,conv,activation,655360000,-19.336299896240234,13.932570457458496,1.862645149230957e-09,4.656612873077393e-10,0.0,FP8_E4M3,Marginal,0.023973601489097007,1.0,0.0,0.0006,
inference,layer1.0.conv1,Conv2d,conv,activation,655360000,-19.336299896240234,13.932570457458496,1.862645149230957e-09,4.656612873077393e-10,0.0,FP8_E5M2,Marginal,0.045086985633940105,1.0,0.0,5e-05,
inference,layer1.0.conv1,Conv2d,conv,activation,655360000,-19.336299896240234,13.932570457458496,1.862645149230957e-09,4.656612873077393e-10,0.0,INT16,Sufficient,0.0005783087742528012,1.0,,,0.0002807497043221362
inference,layer1.0.conv1,Conv2d,conv,activation,655360000,-19.336299896240234,13.932570457458496,1.862645149230957e-09,4.656612873077393e-10,0.0,INT8,Marginal,0.07556470949250861,1.0,,,0.07243563434270424
inference,layer1.0.bn1,BatchNorm2d,batchnorm,weight,64,0.546429455280304,1.1919177770614624,0.546429455280304,1.4185905456542969e-05,0.0,FP16,Sufficient,0.00017727325409088276,0.0003901573141094427,0.0,0.0,
inference,layer1.0.bn1,BatchNorm2d,batchnorm,weight,64,0.546429455280304,1.1919177770614624,0.546429455280304,1.4185905456542969e-05,0.0,FP8_E4M3,Marginal,0.023354511995214433,0.04873005844558566,0.0,0.0,
inference,layer1.0.bn1,BatchNorm2d,batchnorm,weight,64,0.546429455280304,1.1919177770614624,0.546429455280304,1.4185905456542969e-05,0.0,FP8_E5M2,Marginal,0.040787016099972956,0.085712850763054,0.0,0.0,
inference,layer1.0.bn1,BatchNorm2d,batchnorm,weight,64,0.546429455280304,1.1919177770614624,0.546429455280304,1.4185905456542969e-05,0.0,INT16,Sufficient,1.3121592806827076e-05,2.7651152900156864e-05,,,3.637555397385975e-05
inference,layer1.0.bn1,BatchNorm2d,batchnorm,weight,64,0.546429455280304,1.1919177770614624,0.546429455280304,1.4185905456542969e-05,0.0,INT8,Sufficient,0.003038279281900958,0.006505813788855994,,,0.009385179346940649
inference,layer1.0.bn1,BatchNorm2d,batchnorm,bias,64,-0.28863537311553955,0.08472741395235062,0.0013511516153812408,6.207078695297241e-05,0.0,FP16,Sufficient,0.00018730227310949553,0.0004466899712140921,0.0,0.0,
inference,layer1.0.bn1,BatchNorm2d,batchnorm,bias,64,-0.28863537311553955,0.08472741395235062,0.0013511516153812408,6.207078695297241e-05,0.0,FP8_E4M3,Marginal,0.03128479786103227,0.44552615544104307,0.0,0.0,
inference,layer1.0.bn1,BatchNorm2d,batchnorm,bias,64,-0.28863537311553955,0.08472741395235062,0.0013511516153812408,6.207078695297241e-05,0.0,FP8_E5M2,Marginal,0.04461445261571259,0.10462081489930139,0.0,0.0,
inference,layer1.0.bn1,BatchNorm2d,batchnorm,bias,64,-0.28863537311553955,0.08472741395235062,0.0013511516153812408,6.207078695297241e-05,0.0,INT16,Sufficient,8.368029317353608e-05,0.002529135741355017,,,8.80872136953458e-06
inference,layer1.0.bn1,BatchNorm2d,batchnorm,bias,64,-0.28863537311553955,0.08472741395235062,0.0013511516153812408,6.207078695297241e-05,0.0,INT8,Marginal,0.02368054708908037,0.6820610266668222,,,0.0022727194733507053
inference,layer1.0.bn1,BatchNorm2d,batchnorm,input,655360000,-19.336299896240234,13.932570457458496,1.862645149230957e-09,4.656612873077393e-10,0.0,FP16,Sufficient,0.00017639351146544994,0.0021413276231263384,0.0,0.0,
inference,layer1.0.bn1,BatchNorm2d,batchnorm,input,655360000,-19.336299896240234,13.932570457458496,1.862645149230957e-09,4.656612873077393e-10,0.0,FP8_E4M3,Marginal,0.023973601489097007,1.0,0.0,0.0006,
inference,layer1.0.bn1,BatchNorm2d,batchnorm,input,655360000,-19.336299896240234,13.932570457458496,1.862645149230957e-09,4.656612873077393e-10,0.0,FP8_E5M2,Marginal,0.045086985633940105,1.0,0.0,5e-05,
inference,layer1.0.bn1,BatchNorm2d,batchnorm,input,655360000,-19.336299896240234,13.932570457458496,1.862645149230957e-09,4.656612873077393e-10,0.0,INT16,Sufficient,0.0005783087742528012,1.0,,,0.0002807497043221362
inference,layer1.0.bn1,BatchNorm2d,batchnorm,input,655360000,-19.336299896240234,13.932570457458496,1.862645149230957e-09,4.656612873077393e-10,0.0,INT8,Marginal,0.07556470949250861,1.0,,,0.07243563434270424
inference,layer1.0.bn1,BatchNorm2d,batchnorm,activation,655360000,-9.747597694396973,8.481860160827637,6.997242785189428e-10,2.9103830456733704e-10,0.0,FP16,Sufficient,0.00017609612875804545,0.00048399426444180083,0.0,0.0,
inference,layer1.0.bn1,BatchNorm2d,batchnorm,activation,655360000,-9.747597694396973,8.481860160827637,6.997242785189428e-10,2.9103830456733704e-10,0.0,FP8_E4M3,Marginal,0.025418662365131534,1.0,0.0,0.00135,
inference,layer1.0.bn1,BatchNorm2d,batchnorm,activation,655360000,-9.747597694396973,8.481860160827637,6.997242785189428e-10,2.9103830456733704e-10,0.0,FP8_E5M2,Marginal,0.044842047041013515,0.11109142495344111,0.0,0.0,
inference,layer1.0.bn1,BatchNorm2d,batchnorm,activation,655360000,-9.747597694396973,8.481860160827637,6.997242785189428e-10,2.9103830456733704e-10,0.0,INT16,Sufficient,0.0004354127061452578,0.30547814704838705,,,0.00013435032092157375
inference,layer1.0.bn1,BatchNorm2d,batchnorm,activation,655360000,-9.747597694396973,8.481860160827637,6.997242785189428e-10,2.9103830456733704e-10,0.0,INT8,Marginal,0.07476404215614155,1.0,,,0.03466344067430872
inference,layer1.0.conv2,Conv2d,conv,weight,36864,-0.14105233550071716,0.23335717618465424,3.5615292404145293e-07,3.4924596548080444e-10,0.0,FP16,Sufficient,0.00017836393793652677,0.003879695248228298,0.0,0.0,
inference,layer1.0.conv2,Conv2d,conv,weight,36864,-0.14105233550071716,0.23335717618465424,3.5615292404145293e-07,3.4924596548080444e-10,0.0,FP8_E4M3,Not sufficient,0.07460090220988529,1.0,0.0,0.02645,
inference,layer1.0.conv2,Conv2d,conv,weight,36864,-0.14105233550071716,0.23335717618465424,3.5615292404145293e-07,3.4924596548080444e-10,0.0,FP8_E5M2,Marginal,0.04522162851586282,1.0,0.0,5e-05,
inference,layer1.0.conv2,Conv2d,conv,weight,36864,-0.14105233550071716,0.23335717618465424,3.5615292404145293e-07,3.4924596548080444e-10,0.0,INT16,Sufficient,0.00029769387524674186,0.27339251459261127,,,5.333700727804516e-06
inference,layer1.0.conv2,Conv2d,conv,weight,36864,-0.14105233550071716,0.23335717618465424,3.5615292404145293e-07,3.4924596548080444e-10,0.0,INT8,Marginal,0.054316606225399015,1.0,,,0.0013761367854170912
inference,layer1.0.conv2,Conv2d,conv,input,655360000,0.0,8.481860160827637,6.997242785189428e-10,2.9103830456733704e-10,0.5194559005737305,FP16,Sufficient,8.475795483592107e-05,0.0004811432515437373,0.0,0.0,
inference,layer1.0.conv2,Conv2d,conv,input,655360000,0.0,8.481860160827637,6.997242785189428e-10,2.9103830456733704e-10,0.5194559005737305,FP8_E4M3,Sufficient,0.012083230726087016,1.0,0.0,0.0012484394506866417,
inference,layer1.0.conv2,Conv2d,conv,input,655360000,0.0,8.481860160827637,6.997242785189428e-10,2.9103830456733704e-10,0.5194559005737305,FP8_E5M2,Marginal,0.02153006327596927,0.11108379666637562,0.0,0.0,
inference,layer1.0.conv2,Conv2d,conv,input,655360000,0.0,8.481860160827637,6.997242785189428e-10,2.9103830456733704e-10,0.5194559005737305,INT16,Sufficient,0.00018706964414715358,0.14878382597124118,,,0.00011822448046158604
inference,layer1.0.conv2,Conv2d,conv,input,655360000,0.0,8.481860160827637,6.997242785189428e-10,2.9103830456733704e-10,0.5194559005737305,INT8,Marginal,0.033838566511596835,1.0,,,0.030502846860510156
inference,layer1.0.conv2,Conv2d,conv,activation,655360000,-9.199090957641602,12.111442565917969,1.862645149230957e-09,2.3283064365386963e-10,1.52587890625e-09,FP16,Sufficient,0.0001758596417450012,0.0006087207253388012,0.0,0.0,
inference,layer1.0.conv2,Conv2d,conv,activation,655360000,-9.199090957641602,12.111442565917969,1.862645149230957e-09,2.3283064365386963e-10,1.52587890625e-09,FP8_E4M3,Marginal,0.024964659870435786,1.0,0.0,0.0013,
inference,layer1.0.conv2,Conv2d,conv,activation,655360000,-9.199090957641602,12.111442565917969,1.862645149230957e-09,2.3283064365386963e-10,1.52587890625e-09,FP8_E5M2,Marginal,0.04472404945886208,0.17775770350296097,0.0,0.0,
inference,layer1.0.conv2,Conv2d,conv,activation,655360000,-9.199090957641602,12.111442565917969,1.862645149230957e-09,2.3283064365386963e-10,1.52587890625e-09,INT16,Sufficient,0.000704290114598656,1.0,,,0.00020313527792392952
inference,layer1.0.conv2,Conv2d,conv,activation,655360000,-9.199090957641602,12.111442565917969,1.862645149230957e-09,2.3283064365386963e-10,1.52587890625e-09,INT8,Marginal,0.08178926424453363,1.0,,,0.05241050119475117
inference,layer1.0.bn2,BatchNorm2d,batchnorm,weight,64,0.6480533480644226,0.8778611421585083,0.6480533480644226,1.6033649444580078e-05,0.0,FP16,Sufficient,0.00017819356661673787,0.0003351559562924001,0.0,0.0,
inference,layer1.0.bn2,BatchNorm2d,batchnorm,weight,64,0.6480533480644226,0.8778611421585083,0.6480533480644226,1.6033649444580078e-05,0.0,FP8_E4M3,Sufficient,0.019031533607837825,0.04327848477775494,0.0,0.0,
inference,layer1.0.bn2,BatchNorm2d,batchnorm,weight,64,0.6480533480644226,0.8778611421585083,0.6480533480644226,1.6033649444580078e-05,0.0,FP8_E5M2,Marginal,0.03957354987859154,0.0900579483035909,0.0,0.0,
inference,layer1.0.bn2,BatchNorm2d,batchnorm,weight,64,0.6480533480644226,0.8778611421585083,0.6480533480644226,1.6033649444580078e-05,0.0,INT16,Sufficient,9.459574392492109e-06,1.8315042671559e-05,,,2.6791013585574155e-05
inference,layer1.0.bn2,BatchNorm2d,batchnorm,weight,64,0.6480533480644226,0.8778611421585083,0.6480533480644226,1.6033649444580078e-05,0.0,INT8,Sufficient,0.002528863490424369,0.004852971220042692,,,0.00691229245794101
inference,layer1.0.bn2,BatchNorm2d,batchnorm,bias,64,-0.12137044221162796,0.06928252428770065,0.0010924553498625755,5.94044104218483e-05,0.0,FP16,Sufficient,0.00019420082152750044,0.0004391264242376999,0.0,0.0,
inference,layer1.0.bn2,BatchNorm2d,batchnorm,bias,64,-0.12137044221162796,0.06928252428770065,0.0010924553498625755,5.94044104218483e-05,0.0,FP8_E4M3,Marginal,0.05447286172684589,0.7878305051512555,0.0,0.0,
inference,layer1.0.bn2,BatchNorm2d,batchnorm,bias,64,-0.12137044221162796,0.06928252428770065,0.0010924553498625755,5.94044104218483e-05,0.0,FP8_E5M2,Marginal,0.047155454024716464,0.1106131320306619,0.0,0.0,
inference,layer1.0.bn2,BatchNorm2d,batchnorm,bias,64,-0.12137044221162796,0.06928252428770065,0.0010924553498625755,5.94044104218483e-05,0.0,INT16,Sufficient,5.298001976474916e-05,0.0006834729257950592,,,3.7040449907415375e-06
inference,layer1.0.bn2,BatchNorm2d,batchnorm,bias,64,-0.12137044221162796,0.06928252428770065,0.0010924553498625755,5.94044104218483e-05,0.0,INT8,Sufficient,0.019265899514105872,0.12647791699556762,,,0.0009556727733199051
inference,layer1.0.bn2,BatchNorm2d,batchnorm,input,655360000,-9.199090957641602,12.111442565917969,1.862645149230957e-09,2.3283064365386963e-10,1.52587890625e-09,FP16,Sufficient,0.0001758596417450012,0.0006087207253388012,0.0,0.0,
inference,layer1.0.bn2,BatchNorm2d,batchnorm,input,655360000,-9.199090957641602,12.111442565917969,1.862645149230957e-09,2.3283064365386963e-10,1.52587890625e-09,FP8_E4M3,Marginal,0.024964659870435786,1.0,0.0,0.0013,
inference,layer1.0.bn2,BatchNorm2d,batchnorm,input,655360000,-9.199090957641602,12.111442565917969,1.862645149230957e-09,2.3283064365386963e-10,1.52587890625e-09,FP8_E5M2,Marginal,0.04472404945886208,0.17775770350296097,0.0,0.0,
inference,layer1.0.bn2,BatchNorm2d,batchnorm,input,655360000,-9.199090957641602,12.111442565917969,1.862645149230957e-09,2.3283064365386963e-10,1.52587890625e-09,INT16,Sufficient,0.000704290114598656,1.0,,,0.00020313527792392952
inference,layer1.0.bn2,BatchNorm2d,batchnorm,input,655360000,-9.199090957641602,12.111442565917969,1.862645149230957e-09,2.3283064365386963e-10,1.52587890625e-09,INT8,Marginal,0.08178926424453363,1.0,,,0.05241050119475117
inference,layer1.0.bn2,BatchNorm2d,batchnorm,activation,655360000,-10.238401412963867,11.211591720581055,7.120579681441086e-10,2.3283064365386963e-10,0.0,FP16,Sufficient,0.00017691276897039803,0.0004880429477794046,0.0,0.0,
inference,layer1.0.bn2,BatchNorm2d,batchnorm,activation,655360000,-10.238401412963867,11.211591720581055,7.120579681441086e-10,2.3283064365386963e-10,0.0,FP8_E4M3,Marginal,0.025040838744398386,1.0,0.0,0.00125,
inference,layer1.0.bn2,BatchNorm2d,batchnorm,activation,655360000,-10.238401412963867,11.211591720581055,7.120579681441086e-10,2.3283064365386963e-10,0.0,FP8_E5M2,Marginal,0.045042228668413245,0.17988762498279337,0.0,0.0,
inference,layer1.0.bn2,BatchNorm2d,batchnorm,activation,655360000,-10.238401412963867,11.211591720581055,7.120579681441086e-10,2.3283064365386963e-10,0.0,INT16,Sufficient,0.0006722454864419166,1.0,,,0.00017383356397340473
inference,layer1.0.bn2,BatchNorm2d,batchnorm,activation,655360000,-10.238401412963867,11.211591720581055,7.120579681441086e-10,2.3283064365386963e-10,0.0,INT8,Marginal,0.07618973302832813,1.0,,,0.04485042827335868
inference,layer1.1.conv1,Conv2d,conv,weight,36864,-0.12850263714790344,0.16259287297725677,2.04264210879046e-06,4.656612873077393e-10,0.0,FP16,Sufficient,0.00017773162891150497,0.004287326214424576,0.0,0.0,
inference,layer1.1.conv1,Conv2d,conv,weight,36864,-0.12850263714790344,0.16259287297725677,2.04264210879046e-06,4.656612873077393e-10,0.0,FP8_E4M3,Not sufficient,0.08156070020342886,1.0,0.0,0.02925,
inference,layer1.1.conv1,Conv2d,conv,weight,36864,-0.12850263714790344,0.16259287297725677,2.04264210879046e-06,4.656612873077393e-10,0.0,FP8_E5M2,Marginal,0.045091885010859784,1.0,0.0,0.00015,
inference,layer1.1.conv1,Conv2d,conv,weight,36864,-0.12850263714790344,0.16259287297725677,2.04264210879046e-06,4.656612873077393e-10,0.0,INT16,Sufficient,0.00024116627319164285,0.2920981321808203,,,3.4892253361015474e-06
inference,layer1.1.conv1,Conv2d,conv,weight,36864,-0.12850263714790344,0.16259287297725677,2.04264210879046e-06,4.656612873077393e-10,0.0,INT8,Marginal,0.04166644794586811,1.0,,,0.000900247610929444
inference,layer1.1.conv1,Conv2d,conv,input,655360000,0.0,13.28173828125,3.3469751414827442e-09,1.1641532182693481e-10,0.3220206344604492,FP16,Sufficient,0.00011857225483460707,0.0004804873474027462,0.0,0.0,
inference,layer1.1.conv1,Conv2d,conv,input,655360000,0.0,13.28173828125,3.3469751414827442e-09,1.1641532182693481e-10,0.3220206344604492,FP8_E4M3,Sufficient,0.016376605600171637,1.0,0.0,0.00066711140760507,
inference,layer1.1.conv1,Conv2d,conv,input,655360000,0.0,13.28173828125,3.3469751414827442e-09,1.1641532182693481e-10,0.3220206344604492,FP8_E5M2,Marginal,0.030286183634333042,0.11104517318102802,0.0,0.0,
inference,layer1.1.conv1,Conv2d,conv,input,655360000,0.0,13.28173828125,3.3469751414827442e-09,1.1641532182693481e-10,0.3220206344604492,INT16,Sufficient,0.00031315144536404757,1.0,,,0.00017442278900272216
inference,layer1.1.conv1,Conv2d,conv,input,655360000,0.0,13.28173828125,3.3469751414827442e-09,1.1641532182693481e-10,0.3220206344604492,INT8,Marginal,0.03535820910393461,1.0,,,0.04500245297048974
inference,layer1.1.conv1,Conv2d,conv,activation,655360000,-19.699430465698242,19.50899314880371,3.725290298461914e-09,1.862645149230957e-09,0.0,FP16,Sufficient,0.0001775804546050864,0.0015915119363395225,0.0,0.0,
inference,layer1.1.conv1,Conv2d,conv,activation,655360000,-19.699430465698242,19.50899314880371,3.725290298461914e-09,1.862645149230957e-09,0.0,FP8_E4M3,Marginal,0.023342020040432225,1.0,0.0,0.0004,
inference,layer1.1.conv1,Conv2d,conv,activation,655360000,-19.699430465698242,19.50899314880371,3.725290298461914e-09,1.862645149230957e-09,0.0,FP8_E5M2,Marginal,0.04513334105217705,0.11107543777278846,0.0,0.0,
inference,layer1.1.conv1,Conv2d,conv,activation,655360000,-19.699430465698242,19.50899314880371,3.725290298461914e-09,1.862645149230957e-09,0.0,INT16,Sufficient,0.00043476268403262795,1.0,,,0.000339560969019153
inference,layer1.1.conv1,Conv2d,conv,activation,655360000,-19.699430465698242,19.50899314880371,3.725290298461914e-09,1.862645149230957e-09,0.0,INT8,Marginal,0.052211743124085316,1.0,,,0.08760940371535894
inference,layer1.1.bn1,BatchNorm2d,batchnorm,weight,64,0.6800572276115417,0.8973937034606934,0.6800572276115417,5.5730342864990234e-05,0.0,FP16,Sufficient,0.0001554774888794017,0.0003324762023764376,0.0,0.0,
inference,layer1.1.bn1,BatchNorm2d,batchnorm,weight,64,0.6800572276115417,0.8973937034606934,0.6800572276115417,5.5730342864990234e-05,0.0,FP8_E4M3,Marginal,0.02320131620173945,0.04330478949315164,0.0,0.0,
inference,layer1.1.bn1,BatchNorm2d,batchnorm,weight,64,0.6800572276115417,0.8973937034606934,0.6800572276115417,5.5730342864990234e-05,0.0,FP8_E5M2,Marginal,0.039203593031262626,0.09051625962738243,0.0,0.0,
inference,layer1.1.bn1,BatchNorm2d,batchnorm,weight,64,0.6800572276115417,0.8973937034606934,0.6800572276115417,5.5730342864990234e-05,0.0,INT16,Sufficient,9.473650393342026e-06,1.8829598682393142e-05,,,2.7387118242765386e-05
inference,layer1.1.bn1,BatchNorm2d,batchnorm,weight,64,0.6800572276115417,0.8973937034606934,0.6800572276115417,5.5730342864990234e-05,0.0,INT8,Sufficient,0.0022051932187150125,0.004849403864550669,,,0.007066092153233806
inference,layer1.1.bn1,BatchNorm2d,batchnorm,bias,64,-0.13955627381801605,0.0215968769043684,0.0008246173383668065,8.162902668118477e-05,0.0,FP16,Sufficient,0.0001621133390854897,0.0004667774033658518,0.0,0.0,
inference,layer1.1.bn1,BatchNorm2d,batchnorm,bias,64,-0.13955627381801605,0.0215968769043684,0.0008246173383668065,8.162902668118477e-05,0.0,FP8_E4M3,Not sufficient,0.04767115705278437,1.0,0.0,0.015625,
inference,layer1.1.bn1,BatchNorm2d,batchnorm,bias,64,-0.13955627381801605,0.0215968769043684,0.0008246173383668065,8.162902668118477e-05,0.0,FP8_E5M2,Marginal,0.044114602211093715,0.10430397301233266,0.0,0.0,
inference,layer1.1.bn1,BatchNorm2d,batchnorm,bias,64,-0.13955627381801605,0.0215968769043684,0.0008246173383668065,8.162902668118477e-05,0.0,INT16,Sufficient,7.531560956387185e-05,0.001986688561187112,,,4.259049464949981e-06
inference,layer1.1.bn1,BatchNorm2d,batchnorm,bias,64,-0.13955627381801605,0.0215968769043684,0.0008246173383668065,8.162902668118477e-05,0.0,INT8,Sufficient,0.016831204087582704,0.3325796665348008,,,0.001098868297779654
inference,layer1.1.bn1,BatchNorm2d,batchnorm,input,655360000,-19.699430465698242,19.50899314880371,3.725290298461914e-09,1.862645149230957e-09,0.0,FP16,Sufficient,0.0001775804546050864,0.0015915119363395225,0.0,0.0,
inference,layer1.1.bn1,BatchNorm2d,batchnorm,input,655360000,-19.699430465698242,19.50899314880371,3.725290298461914e-09,1.862645149230957e-09,0.0,FP8_E4M3,Marginal,0.023342020040432225,1.0,0.0,0.0004,
inference,layer1.1.bn1,BatchNorm2d,batchnorm,input,655360000,-19.699430465698242,19.50899314880371,3.725290298461914e-09,1.862645149230957e-09,0.0,FP8_E5M2,Marginal,0.04513334105217705,0.11107543777278846,0.0,0.0,
inference,layer1.1.bn1,BatchNorm2d,batchnorm,input,655360000,-19.699430465698242,19.50899314880371,3.725290298461914e-09,1.862645149230957e-09,0.0,INT16,Sufficient,0.00043476268403262795,1.0,,,0.000339560969019153
inference,layer1.1.bn1,BatchNorm2d,batchnorm,input,655360000,-19.699430465698242,19.50899314880371,3.725290298461914e-09,1.862645149230957e-09,0.0,INT8,Marginal,0.052211743124085316,1.0,,,0.08760940371535894
inference,layer1.1.bn1,BatchNorm2d,batchnorm,activation,655360000,-13.24493408203125,14.817153930664062,3.0027713648905774e-09,1.1641532182693481e-10,0.0,FP16,Sufficient,0.0001753702191513097,0.003392118006548527,0.0,0.0,
inference,layer1.1.bn1,BatchNorm2d,batchnorm,activation,655360000,-13.24493408203125,14.817153930664062,3.0027713648905774e-09,1.1641532182693481e-10,0.0,FP8_E4M3,Marginal,0.025379079667996858,1.0,0.0,0.00155,
inference,layer1.1.bn1,BatchNorm2d,batchnorm,activation,655360000,-13.24493408203125,14.817153930664062,3.0027713648905774e-09,1.1641532182693481e-10,0.0,FP8_E5M2,Marginal,0.044771700624600286,1.0,0.0,0.0001,
inference,layer1.1.bn1,BatchNorm2d,batchnorm,activation,655360000,-13.24493408203125,14.817153930664062,3.0027713648905774e-09,1.1641532182693481e-10,0.0,INT16,Sufficient,0.0008285894980230586,1.0,,,0.0002379097267528309
inference,layer1.1.bn1,BatchNorm2d,batchnorm,activation,655360000,-13.24493408203125,14.817153930664062,3.0027713648905774e-09,1.1641532182693481e-10,0.0,INT8,Not sufficient,0.10279995328731761,1.0,,,0.06138258280716543
inference,layer1.1.conv2,Conv2d,conv,weight,36864,-0.13045169413089752,0.1380361169576645,9.235461106982257e-07,1.1641532182693481e-10,0.0,FP16,Sufficient,0.00018033125077198173,0.025181677852977532,0.0,0.0,
inference,layer1.1.conv2,Conv2d,conv,weight,36864,-0.13045169413089752,0.1380361169576645,9.235461106982257e-07,1.1641532182693481e-10,0.0,FP8_E4M3,Not sufficient,0.08270524565967265,1.0,0.0,0.0299,
inference,layer1.1.conv2,Conv2d,conv,weight,36864,-0.13045169413089752,0.1380361169576645,9.235461106982257e-07,1.1641532182693481e-10,0.0,FP8_E5M2,Marginal,0.04519754285042512,1.0,0.0,0.00025,
inference,layer1.1.conv2,Conv2d,conv,weight,36864,-0.13045169413089752,0.1380361169576645,9.235461106982257e-07,1.1641532182693481e-10,0.0,INT16,Sufficient,0.0003685550220412701,1.0,,,3.981191263493683e-06
inference,layer1.1.conv2,Conv2d,conv,weight,36864,-0.13045169413089752,0.1380361169576645,9.235461106982257e-07,1.1641532182693481e-10,0.0,INT8,Marginal,0.04690552427401144,1.0,,,0.001027178693944075
inference,layer1.1.conv2,Conv2d,conv,input,655360000,0.0,14.817153930664062,3.0027713648905774e-09,1.1641532182693481e-10,0.516913493347168,FP16,Sufficient,8.301137796555295e-05,0.0022374441125084968,0.0,0.0,
inference,layer1.1.conv2,Conv2d,conv,input,655360000,0.0,14.817153930664062,3.0027713648905774e-09,1.1641532182693481e-10,0.516913493347168,FP8_E4M3,Sufficient,0.01217131069912696,1.0,0.0,0.0014641288433382138,
inference,layer1.1.conv2,Conv2d,conv,input,655360000,0.0,14.817153930664062,3.0027713648905774e-09,1.1641532182693481e-10,0.516913493347168,FP8_E5M2,Marginal,0.02145393305579441,0.388191382104336,0.0,0.0,
inference,layer1.1.conv2,Conv2d,conv,input,655360000,0.0,14.817153930664062,3.0027713648905774e-09,1.1641532182693481e-10,0.516913493347168,INT16,Sufficient,0.00042171908822760456,1.0,,,0.0002379097267528309
inference,layer1.1.conv2,Conv2d,conv,input,655360000,0.0,14.817153930664062,3.0027713648905774e-09,1.1641532182693481e-10,0.516913493347168,INT8,Marginal,0.05081663977153395,1.0,,,0.06138258280716543
inference,layer1.1.conv2,Conv2d,conv,activation,655360000,-22.534557342529297,20.574556350708008,5.587935447692871e-09,2.3283064365386963e-10,1.52587890625e-09,FP16,Sufficient,0.00017537321499857153,0.0009536716357978216,0.0,0.0,
inference,layer1.1.conv2,Conv2d,conv,activation,655360000,-22.534557342529297,20.574556350708008,5.587935447692871e-09,2.3283064365386963e-10,1.52587890625e-09,FP8_E4M3,Marginal,0.024319357687619714,1.0,0.0,0.0006,
inference,layer1.1.conv2,Conv2d,conv,activation,655360000,-22.534557342529297,20.574556350708008,5.587935447692871e-09,2.3283064365386963e-10,1.52587890625e-09,FP8_E5M2,Marginal,0.045090721372922,0.1776338904783416,0.0,0.0,
inference,layer1.1.conv2,Conv2d,conv,activation,655360000,-22.534557342529297,20.574556350708008,5.587935447692871e-09,2.3283064365386963e-10,1.52587890625e-09,INT16,Sufficient,0.0008257393340824929,1.0,,,0.00041113337224194934
inference,layer1.1.conv2,Conv2d,conv,activation,655360000,-22.534557342529297,20.574556350708008,5.587935447692871e-09,2.3283064365386963e-10,1.52587890625e-09,INT8,Not sufficient,0.12243085649084359,1.0,,,0.1060756473090705
inference,layer1.1.bn2,BatchNorm2d,batchnorm,weight,64,0.6563053727149963,0.8089345097541809,0.6563053727149963,1.3947486877441406e-05,0.0,FP16,Sufficient,0.0001618151989216061,0.0003264620349094408,0.0,0.0,
inference,layer1.1.bn2,BatchNorm2d,batchnorm,weight,64,0.6563053727149963,0.8089345097541809,0.6563053727149963,1.3947486877441406e-05,0.0,FP8_E4M3,Sufficient,0.019084095929866464,0.047530659631747484,0.0,0.0,
inference,layer1.1.bn2,BatchNorm2d,batchnorm,weight,64,0.6563053727149963,0.8089345097541809,0.6563053727149963,1.3947486877441406e-05,0.0,FP8_E5M2,Marginal,0.04896598107659944,0.09048651931563399,0.0,0.0,
inference,layer1.1.bn2,BatchNorm2d,batchnorm,weight,64,0.6563053727149963,0.8089345097541809,0.6563053727149963,1.3947486877441406e-05,0.0,INT16,Sufficient,9.340929791386703e-06,1.7658040198495482e-05,,,2.4687475501394115e-05
inference,layer1.1.bn2,BatchNorm2d,batchnorm,weight,64,0.6563053727149963,0.8089345097541809,0.6563053727149963,1.3947486877441406e-05,0.0,INT8,Sufficient,0.002170060816658784,0.004706496857833478,,,0.006369563068930558
inference,layer1.1.bn2,BatchNorm2d,batchnorm,bias,64,-0.08859927207231522,0.023164015263319016,0.003088870318606496,1.597544178366661e-05,0.0,FP16,Sufficient,0.00018278397776233234,0.0004332794955268682,0.0,0.0,
inference,layer1.1.bn2,BatchNorm2d,batchnorm,bias,64,-0.08859927207231522,0.023164015263319016,0.003088870318606496,1.597544178366661e-05,0.0,FP8_E4M3,Marginal,0.03466753937599537,0.2646209122052927,0.0,0.0,
inference,layer1.1.bn2,BatchNorm2d,batchnorm,bias,64,-0.08859927207231522,0.023164015263319016,0.003088870318606496,1.597544178366661e-05,0.0,FP8_E5M2,Marginal,0.04671984545649072,0.10785534539232142,0.0,0.0,
inference,layer1.1.bn2,BatchNorm2d,batchnorm,bias,64,-0.08859927207231522,0.023164015263319016,0.003088870318606496,1.597544178366661e-05,0.0,INT16,Sufficient,3.8411394376270805e-05,0.0003225378041032315,,,2.7039177243054053e-06
inference,layer1.1.bn2,BatchNorm2d,batchnorm,bias,64,-0.08859927207231522,0.023164015263319016,0.003088870318606496,1.597544178366661e-05,0.0,INT8,Sufficient,0.011661710270059385,0.09658614107663173,,,0.0006976320635615371
inference,layer1.1.bn2,BatchNorm2d,batchnorm,input,655360000,-22.534557342529297,20.574556350708008,5.587935447692871e-09,2.3283064365386963e-10,1.52587890625e-09,FP16,Sufficient,0.00017537321499857153,0.0009536716357978216,0.0,0.0,
inference,layer1.1.bn2,BatchNorm2d,batchnorm,input,655360000,-22.534557342529297,20.574556350708008,5.587935447692871e-09,2.3283064365386963e-10,1.52587890625e-09,FP8_E4M3,Marginal,0.024319357687619714,1.0,0.0,0.0006,
inference,layer1.1.bn2,BatchNorm2d,batchnorm,input,655360000,-22.534557342529297,20.574556350708008,5.587935447692871e-09,2.3283064365386963e-10,1.52587890625e-09,FP8_E5M2,Marginal,0.045090721372922,0.1776338904783416,0.0,0.0,
inference,layer1.1.bn2,BatchNorm2d,batchnorm,input,655360000,-22.534557342529297,20.574556350708008,5.587935447692871e-09,2.3283064365386963e-10,1.52587890625e-09,INT16,Sufficient,0.0008257393340824929,1.0,,,0.00041113337224194934
inference,layer1.1.bn2,BatchNorm2d,batchnorm,input,655360000,-22.534557342529297,20.574556350708008,5.587935447692871e-09,2.3283064365386963e-10,1.52587890625e-09,INT8,Not sufficient,0.12243085649084359,1.0,,,0.1060756473090705
inference,layer1.1.bn2,BatchNorm2d,batchnorm,activation,655360000,-19.005067825317383,16.049524307250977,5.945217651515122e-10,2.3283064365386963e-10,0.0,FP16,Sufficient,0.00017574614955816182,0.0004860237000410465,0.0,0.0,
inference,layer1.1.bn2,BatchNorm2d,batchnorm,activation,655360000,-19.005067825317383,16.049524307250977,5.945217651515122e-10,2.3283064365386963e-10,0.0,FP8_E4M3,Marginal,0.025169206483752243,1.0,0.0,0.00135,
inference,layer1.1.bn2,BatchNorm2d,batchnorm,activation,655360000,-19.005067825317383,16.049524307250977,5.945217651515122e-10,2.3283064365386963e-10,0.0,FP8_E5M2,Marginal,0.044721197668548804,0.11108530228644757,0.0,0.0,
inference,layer1.1.bn2,BatchNorm2d,batchnorm,activation,655360000,-19.005067825317383,16.049524307250977,5.945217651515122e-10,2.3283064365386963e-10,0.0,INT16,Sufficient,0.0012478689476247092,1.0,,,0.00036061124783881863
inference,layer1.1.bn2,BatchNorm2d,batchnorm,activation,655360000,-19.005067825317383,16.049524307250977,5.945217651515122e-10,2.3283064365386963e-10,0.0,INT8,Not sufficient,0.1422744162692319,1.0,,,0.0930405414010596
inference,layer2.0.conv1,Conv2d,conv,weight,73728,-0.08379191160202026,0.10333643853664398,2.3330142084887484e-07,2.3283064365386963e-10,0.0,FP16,Sufficient,0.00017645140171183548,0.0016087325970424592,0.0,0.0,
inference,layer2.0.conv1,Conv2d,conv,weight,73728,-0.08379191160202026,0.10333643853664398,2.3330142084887484e-07,2.3283064365386963e-10,0.0,FP8_E4M3,Not sufficient,0.08489205199872438,1.0,0.0,0.03025,
inference,layer2.0.conv1,Conv2d,conv,weight,73728,-0.08379191160202026,0.10333643853664398,2.3330142084887484e-07,2.3283064365386963e-10,0.0,FP8_E5M2,Marginal,0.04539237242735254,1.0,0.0,0.0001,
inference,layer2.0.conv1,Conv2d,conv,weight,73728,-0.08379191160202026,0.10333643853664398,2.3330142084887484e-07,2.3283064365386963e-10,0.0,INT16,Sufficient,0.00021362869218791397,0.20201065434194831,,,2.6113654011012643e-06
inference,layer2.0.conv1,Conv2d,conv,weight,73728,-0.08379191160202026,0.10333643853664398,2.3330142084887484e-07,2.3283064365386963e-10,0.0,INT8,Marginal,0.03393848589184206,1.0,,,0.0006737528354164183
inference,layer2.0.conv1,Conv2d,conv,input,655360000,0.0,18.375253677368164,9.441834869505783e-09,5.820766091346741e-11,0.30739684295654296,FP16,Sufficient,0.00012054757721366529,0.0004796082121302903,0.0,0.0,
inference,layer2.0.conv1,Conv2d,conv,input,655360000,0.0,18.375253677368164,9.441834869505783e-09,5.820766091346741e-11,0.30739684295654296,FP8_E4M3,Sufficient,0.016398591231366395,1.0,0.0,0.0006549265026924757,
inference,layer2.0.conv1,Conv2d,conv,input,655360000,0.0,18.375253677368164,9.441834869505783e-09,5.820766091346741e-11,0.30739684295654296,FP8_E5M2,Marginal,0.03059538756438862,0.30279898218829515,0.0,0.0,
inference,layer2.0.conv1,Conv2d,conv,input,655360000,0.0,18.375253677368164,9.441834869505783e-09,5.820766091346741e-11,0.30739684295654296,INT16,Sufficient,0.0005063176887185483,1.0,,,0.0004006804416391176
inference,layer2.0.conv1,Conv2d,conv,input,655360000,0.0,18.375253677368164,9.441834869505783e-09,5.820766091346741e-11,0.30739684295654296,INT8,Marginal,0.06193247267454542,1.0,,,0.10337870890699973
inference,layer2.0.conv1,Conv2d,conv,activation,327680000,-32.7493896484375,40.42064666748047,5.560029769924313e-09,9.313225746154785e-10,0.0,FP16,Sufficient,0.00017688712524691958,0.00048590553188597636,0.0,0.0,
inference,layer2.0.conv1,Conv2d,conv,activation,327680000,-32.7493896484375,40.42064666748047,5.560029769924313e-09,9.313225746154785e-10,0.0,FP8_E4M3,Marginal,0.02346909608709183,1.0,0.0,0.0006,
inference,layer2.0.conv1,Conv2d,conv,activation,327680000,-32.7493896484375,40.42064666748047,5.560029769924313e-09,9.313225746154785e-10,0.0,FP8_E5M2,Marginal,0.04518477632355472,0.3299850411309444,0.0,0.0,
inference,layer2.0.conv1,Conv2d,conv,activation,327680000,-32.7493896484375,40.42064666748047,5.560029769924313e-09,9.313225746154785e-10,0.0,INT16,Sufficient,0.000805322916513654,1.0,,,0.0006136937155534246
inference,layer2.0.conv1,Conv2d,conv,activation,327680000,-32.7493896484375,40.42064666748047,5.560029769924313e-09,9.313225746154785e-10,0.0,INT8,Marginal,0.09516608790176727,1.0,,,0.15833781084676427
inference,layer2.0.bn1,BatchNorm2d,batchnorm,weight,128,0.6878054738044739,0.8394306898117065,0.6878054738044739,3.7550926208496094e-06,0.0,FP16,Sufficient,0.00017470428597051973,0.00033747248002178725,0.0,0.0,
inference,layer2.0.bn1,BatchNorm2d,batchnorm,weight,128,0.6878054738044739,0.8394306898117065,0.6878054738044739,3.7550926208496094e-06,0.0,FP8_E4M3,Marginal,0.02044119228598086,0.042353669768318024,0.0,0.0,
inference,layer2.0.bn1,BatchNorm2d,batchnorm,weight,128,0.6878054738044739,0.8394306898117065,0.6878054738044739,3.7550926208496094e-06,0.0,FP8_E5M2,Marginal,0.027618599058875277,0.09042458742223748,0.0,0.0,
inference,layer2.0.bn1,BatchNorm2d,batchnorm,weight,128,0.6878054738044739,0.8394306898117065,0.6878054738044739,3.7550926208496094e-06,0.0,INT16,Sufficient,9.145144482258476e-06,1.731374644118833e-05,,,2.5618173461461426e-05
inference,layer2.0.bn1,BatchNorm2d,batchnorm,weight,128,0.6878054738044739,0.8394306898117065,0.6878054738044739,3.7550926208496094e-06,0.0,INT8,Sufficient,0.0022244392923964533,0.00460430628445091,,,0.006609690470958319
inference,layer2.0.bn1,BatchNorm2d,batchnorm,bias,128,-0.08285906165838242,0.016173942014575005,0.0002669487439561635,1.642853021621704e-06,0.0,FP16,Sufficient,0.0001623043146805607,0.0004222749700378708,0.0,0.0,
inference,layer2.0.bn1,BatchNorm2d,batchnorm,bias,128,-0.08285906165838242,0.016173942014575005,0.0002669487439561635,1.642853021621704e-06,0.0,FP8_E4M3,Not sufficient,0.08041873066061128,1.0,0.0,0.015625,
inference,layer2.0.bn1,BatchNorm2d,batchnorm,bias,128,-0.08285906165838242,0.016173942014575005,0.0002669487439561635,1.642853021621704e-06,0.0,FP8_E5M2,Marginal,0.044986575590496326,0.10961389147905573,0.0,0.0,
inference,layer2.0.bn1,BatchNorm2d,batchnorm,bias,128,-0.08285906165838242,0.016173942014575005,0.0002669487439561635,1.642853021621704e-06,0.0,INT16,Sufficient,0.00012238507797454092,0.00411004830851001,,,2.5287350583935793e-06
inference,layer2.0.bn1,BatchNorm2d,batchnorm,bias,128,-0.08285906165838242,0.016173942014575005,0.0002669487439561635,1.642853021621704e-06,0.0,INT8,Marginal,0.029969820934033484,1.0,,,0.0006524335563652158
inference,layer2.0.bn1,BatchNorm2d,batchnorm,input,327680000,-32.7493896484375,40.42064666748047,5.560029769924313e-09,9.313225746154785e-10,0.0,FP16,Sufficient,0.00017688712524691958,0.00048590553188597636,0.0,0.0,
inference,layer2.0.bn1,BatchNorm2d,batchnorm,input,327680000,-32.7493896484375,40.42064666748047,5.560029769924313e-09,9.313225746154785e-10,0.0,FP8_E4M3,Marginal,0.02346909608709183,1.0,0.0,0.0006,
inference,layer2.0.bn1,BatchNorm2d,batchnorm,input,327680000,-32.7493896484375,40.42064666748047,5.560029769924313e-09,9.313225746154785e-10,0.0,FP8_E5M2,Marginal,0.04518477632355472,0.3299850411309444,0.0,0.0,
inference,layer2.0.bn1,BatchNorm2d,batchnorm,input,327680000,-32.7493896484375,40.42064666748047,5.560029769924313e-09,9.313225746154785e-10,0.0,INT16,Sufficient,0.000805322916513654,1.0,,,0.0006136937155534246
inference,layer2.0.bn1,BatchNorm2d,batchnorm,input,327680000,-32.7493896484375,40.42064666748047,5.560029769924313e-09,9.313225746154785e-10,0.0,INT8,Marginal,0.09516608790176727,1.0,,,0.15833781084676427
inference,layer2.0.bn1,BatchNorm2d,batchnorm,activation,327680000,-16.84273338317871,19.789413452148438,2.8243185568044282e-11,1.1641532182693481e-10,0.0,FP16,Sufficient,0.00017583661372334926,0.001182863752427926,0.0,0.0,
inference,layer2.0.bn1,BatchNorm2d,batchnorm,activation,327680000,-16.84273338317871,19.789413452148438,2.8243185568044282e-11,1.1641532182693481e-10,0.0,FP8_E4M3,Marginal,0.02511269976448137,1.0,0.0,0.00125,
inference,layer2.0.bn1,BatchNorm2d,batchnorm,activation,327680000,-16.84273338317871,19.789413452148438,2.8243185568044282e-11,1.1641532182693481e-10,0.0,FP8_E5M2,Marginal,0.044703060596131,0.18124294560191745,0.0,0.0,
inference,layer2.0.bn1,BatchNorm2d,batchnorm,activation,327680000,-16.84273338317871,19.789413452148438,2.8243185568044282e-11,1.1641532182693481e-10,0.0,INT16,Sufficient,0.0008297427713537948,1.0,,,0.000268631052460826
inference,layer2.0.bn1,BatchNorm2d,batchnorm,activation,327680000,-16.84273338317871,19.789413452148438,2.8243185568044282e-11,1.1641532182693481e-10,0.0,INT8,Not sufficient,0.10632617576646249,1.0,,,0.0693089267400306
inference,layer2.0.conv2,Conv2d,conv,weight,147456,-0.08119137585163116,0.08290014415979385,1.478638012031297e-07,5.820766091346741e-11,0.0,FP16,Sufficient,0.00017849093383517277,0.012115041707675078,0.0,0.0,
inference,layer2.0.conv2,Conv2d,conv,weight,147456,-0.08119137585163116,0.08290014415979385,1.478638012031297e-07,5.820766091346741e-11,0.0,FP8_E4M3,Not sufficient,0.1078606115809092,1.0,0.0,0.04275,
inference,layer2.0.conv2,Conv2d,conv,weight,147456,-0.08119137585163116,0.08290014415979385,1.478638012031297e-07,5.820766091346741e-11,0.0,FP8_E5M2,Marginal,0.045094181349431765,1.0,0.0,0.00035,
inference,layer2.0.conv2,Conv2d,conv,weight,147456,-0.08119137585163116,0.08290014415979385,1.478638012031297e-07,5.820766091346741e-11,0.0,INT16,Sufficient,0.00032129847449939824,1.0,,,2.302263284161031e-06
inference,layer2.0.conv2,Conv2d,conv,weight,147456,-0.08119137585163116,0.08290014415979385,1.478638012031297e-07,5.820766091346741e-11,0.0,INT8,Marginal,0.040115495171329625,1.0,,,0.0005940020553709015
inference,layer2.0.conv2,Conv2d,conv,input,327680000,0.0,19.789413452148438,2.8243185568044282e-11,1.1641532182693481e-10,0.5170714630126954,FP16,Sufficient,8.522746596297333e-05,0.0010191495202534053,0.0,0.0,
inference,layer2.0.conv2,Conv2d,conv,input,327680000,0.0,19.789413452148438,2.8243185568044282e-11,1.1641532182693481e-10,0.5170714630126954,FP8_E4M3,Sufficient,0.012354899858177138,1.0,0.0,0.0015491066818134876,
inference,layer2.0.conv2,Conv2d,conv,input,327680000,0.0,19.789413452148438,2.8243185568044282e-11,1.1641532182693481e-10,0.5170714630126954,FP8_E5M2,Marginal,0.02144064200308702,0.18124294560191745,0.0,0.0,
inference,layer2.0.conv2,Conv2d,conv,input,327680000,0.0,19.789413452148438,2.8243185568044282e-11,1.1641532182693481e-10,0.5170714630126954,INT16,Sufficient,0.0004042297847985065,1.0,,,0.00025516715139822755
inference,layer2.0.conv2,Conv2d,conv,input,327680000,0.0,19.789413452148438,2.8243185568044282e-11,1.1641532182693481e-10,0.5170714630126954,INT8,Marginal,0.05012126510880233,1.0,,,0.0658351342509112
inference,layer2.0.conv2,Conv2d,conv,activation,327680000,-27.062503814697266,31.75935935974121,2.7939677238464355e-09,4.656612873077393e-10,0.0,FP16,Sufficient,0.00017579942575213822,0.0005909001378766989,0.0,0.0,
inference,layer2.0.conv2,Conv2d,conv,activation,327680000,-27.062503814697266,31.75935935974121,2.7939677238464355e-09,4.656612873077393e-10,0.0,FP8_E4M3,Marginal,0.02416875292438291,1.0,0.0,0.00065,
inference,layer2.0.conv2,Conv2d,conv,activation,327680000,-27.062503814697266,31.75935935974121,2.7939677238464355e-09,4.656612873077393e-10,0.0,FP8_E5M2,Marginal,0.044815384326341384,0.1932243450856805,0.0,0.0,
inference,layer2.0.conv2,Conv2d,conv,activation,327680000,-27.062503814697266,31.75935935974121,2.7939677238464355e-09,4.656612873077393e-10,0.0,INT16,Sufficient,0.0013584106589488911,1.0,,,0.0005645744385898147
inference,layer2.0.conv2,Conv2d,conv,activation,327680000,-27.062503814697266,31.75935935974121,2.7939677238464355e-09,4.656612873077393e-10,0.0,INT8,Not sufficient,0.15730605515981907,1.0,,,0.1456646506241926
inference,layer2.0.bn2,BatchNorm2d,batchnorm,weight,128,0.6671660542488098,0.8815609216690063,0.6671660542488098,2.5033950805664062e-06,0.0,FP16,Sufficient,0.00016976685806036307,0.00034181292536602956,0.0,0.0,
inference,layer2.0.bn2,BatchNorm2d,batchnorm,weight,128,0.6671660542488098,0.8815609216690063,0.6671660542488098,2.5033950805664062e-06,0.0,FP8_E4M3,Marginal,0.02012578632702969,0.04242758834600388,0.0,0.0,
inference,layer2.0.bn2,BatchNorm2d,batchnorm,weight,128,0.6671660542488098,0.8815609216690063,0.6671660542488098,2.5033950805664062e-06,0.0,FP8_E5M2,Marginal,0.030892715021447713,0.08974135162874139,0.0,0.0,
inference,layer2.0.bn2,BatchNorm2d,batchnorm,weight,128,0.6671660542488098,0.8815609216690063,0.6671660542488098,2.5033950805664062e-06,0.0,INT16,Sufficient,8.85538971562436e-06,1.8609512652847752e-05,,,2.690392534162439e-05
inference,layer2.0.bn2,BatchNorm2d,batchnorm,weight,128,0.6671660542488098,0.8815609216690063,0.6671660542488098,2.5033950805664062e-06,0.0,INT8,Sufficient,0.002261498670643863,0.004655794651188356,,,0.0069414245800709165
inference,layer2.0.bn2,BatchNorm2d,batchnorm,bias,128,-0.06929127871990204,0.03294345736503601,0.00046584720257669687,1.0076910257339478e-06,0.0,FP16,Sufficient,0.0001660513813925386,0.00045503931159698895,0.0,0.0,
inference,layer2.0.bn2,BatchNorm2d,batchnorm,bias,128,-0.06929127871990204,0.03294345736503601,0.00046584720257669687,1.0076910257339478e-06,0.0,FP8_E4M3,Marginal,0.05047648649587645,1.0,0.0,0.0078125,
inference,layer2.0.bn2,BatchNorm2d,batchnorm,bias,128,-0.06929127871990204,0.03294345736503601,0.00046584720257669687,1.0076910257339478e-06,0.0,FP8_E5M2,Marginal,0.043972617108970255,0.11044264637903857,0.0,0.0,
inference,layer2.0.bn2,BatchNorm2d,batchnorm,bias,128,-0.06929127871990204,0.03294345736503601,0.00046584720257669687,1.0076910257339478e-06,0.0,INT16,Sufficient,5.750560443287069e-05,0.0013321157784354015,,,2.114666546217293e-06
inference,layer2.0.bn2,BatchNorm2d,batchnorm,bias,128,-0.06929127871990204,0.03294345736503601,0.00046584720257669687,1.0076910257339478e-06,0.0,INT8,Sufficient,0.013647162462869336,0.1712008075264141,,,0.0005456006198417484
inference,layer2.0.bn2,BatchNorm2d,batchnorm,input,327680000,-27.062503814697266,31.75935935974121,2.7939677238464355e-09,4.656612873077393e-10,0.0,FP16,Sufficient,0.00017579942575213822,0.0005909001378766989,0.0,0.0,
inference,layer2.0.bn2,BatchNorm2d,batchnorm,input,327680000,-27.062503814697266,31.75935935974121,2.7939677238464355e-09,4.656612873077393e-10,0.0,FP8_E4M3,Marginal,0.02416875292438291,1.0,0.0,0.00065,
inference,layer2.0.bn2,BatchNorm2d,batchnorm,input,327680000,-27.062503814697266,31.75935935974121,2.7939677238464355e-09,4.656612873077393e-10,0.0,FP8_E5M2,Marginal,0.044815384326341384,0.1932243450856805,0.0,0.0,
inference,layer2.0.bn2,BatchNorm2d,batchnorm,input,327680000,-27.062503814697266,31.75935935974121,2.7939677238464355e-09,4.656612873077393e-10,0.0,INT16,Sufficient,0.0013584106589488911,1.0,,,0.0005645744385898147
inference,layer2.0.bn2,BatchNorm2d,batchnorm,input,327680000,-27.062503814697266,31.75935935974121,2.7939677238464355e-09,4.656612873077393e-10,0.0,INT8,Not sufficient,0.15730605515981907,1.0,,,0.1456646506241926
inference,layer2.0.bn2,BatchNorm2d,batchnorm,activation,327680000,-26.10457992553711,27.859643936157227,5.907765832091627e-09,4.656612873077393e-10,0.0,FP16,Sufficient,0.00017701054425220552,0.000485433090585138,0.0,0.0,
inference,layer2.0.bn2,BatchNorm2d,batchnorm,activation,327680000,-26.10457992553711,27.859643936157227,5.907765832091627e-09,4.656612873077393e-10,0.0,FP8_E4M3,Marginal,0.024938364072918166,1.0,0.0,0.0011,
inference,layer2.0.bn2,BatchNorm2d,batchnorm,activation,327680000,-26.10457992553711,27.859643936157227,5.907765832091627e-09,4.656612873077393e-10,0.0,FP8_E5M2,Marginal,0.045073247355735355,0.11110051483087172,0.0,0.0,
inference,layer2.0.bn2,BatchNorm2d,batchnorm,activation,327680000,-26.10457992553711,27.859643936157227,5.907765832091627e-09,4.656612873077393e-10,0.0,INT16,Sufficient,0.0013426992642054292,1.0,,,0.00048273578242968645
inference,layer2.0.bn2,BatchNorm2d,batchnorm,activation,327680000,-26.10457992553711,27.859643936157227,5.907765832091627e-09,4.656612873077393e-10,0.0,INT8,Not sufficient,0.17516837532072724,1.0,,,0.1245496329360121
inference,layer2.0.shortcut.0,Conv2d,conv,weight,8192,-0.19850154221057892,0.20682555437088013,2.2666328732157126e-05,7.450580596923828e-09,0.0,FP16,Sufficient,0.00017384827816403092,0.0009456914544335167,0.0,0.0,
inference,layer2.0.shortcut.0,Conv2d,conv,weight,8192,-0.19850154221057892,0.20682555437088013,2.2666328732157126e-05,7.450580596923828e-09,0.0,FP8_E4M3,Not sufficient,0.04420707292490106,1.0,0.0,0.010498046875,
inference,layer2.0.shortcut.0,Conv2d,conv,weight,8192,-0.19850154221057892,0.20682555437088013,2.2666328732157126e-05,7.450580596923828e-09,0.0,FP8_E5M2,Marginal,0.04492416252744853,0.3268080930613133,0.0,0.0,
inference,layer2.0.shortcut.0,Conv2d,conv,weight,8192,-0.19850154221057892,0.20682555437088013,2.2666328732157126e-05,7.450580596923828e-09,0.0,INT16,Sufficient,0.00016239041609309148,0.11390030834435393,,,6.312007640946078e-06
inference,layer2.0.shortcut.0,Conv2d,conv,weight,8192,-0.19850154221057892,0.20682555437088013,2.2666328732157126e-05,7.450580596923828e-09,0.0,INT8,Marginal,0.029324040310344537,1.0,,,0.0016285476722116545
inference,layer2.0.shortcut.0,Conv2d,conv,input,655360000,0.0,18.375253677368164,9.441834869505783e-09,5.820766091346741e-11,0.30739684295654296,FP16,Sufficient,0.00012054757721366529,0.0004796082121302903,0.0,0.0,
inference,layer2.0.shortcut.0,Conv2d,conv,input,655360000,0.0,18.375253677368164,9.441834869505783e-09,5.820766091346741e-11,0.30739684295654296,FP8_E4M3,Sufficient,0.016398591231366395,1.0,0.0,0.0006549265026924757,
inference,layer2.0.shortcut.0,Conv2d,conv,input,655360000,0.0,18.375253677368164,9.441834869505783e-09,5.820766091346741e-11,0.30739684295654296,FP8_E5M2,Marginal,0.03059538756438862,0.30279898218829515,0.0,0.0,
inference,layer2.0.shortcut.0,Conv2d,conv,input,655360000,0.0,18.375253677368164,9.441834869505783e-09,5.820766091346741e-11,0.30739684295654296,INT16,Sufficient,0.0005063176887185483,1.0,,,0.0004006804416391176
inference,layer2.0.shortcut.0,Conv2d,conv,input,655360000,0.0,18.375253677368164,9.441834869505783e-09,5.820766091346741e-11,0.30739684295654296,INT8,Marginal,0.06193247267454542,1.0,,,0.10337870890699973
inference,layer2.0.shortcut.0,Conv2d,conv,activation,327680000,-9.901066780090332,10.000814437866211,4.3936676519251705e-10,2.3283064365386963e-10,0.0,FP16,Sufficient,0.00017557940030584233,0.00048661383022277,0.0,0.0,
inference,layer2.0.shortcut.0,Conv2d,conv,activation,327680000,-9.901066780090332,10.000814437866211,4.3936676519251705e-10,2.3283064365386963e-10,0.0,FP8_E4M3,Marginal,0.025622645747275668,1.0,0.0,0.0017,
inference,layer2.0.shortcut.0,Conv2d,conv,activation,327680000,-9.901066780090332,10.000814437866211,4.3936676519251705e-10,2.3283064365386963e-10,0.0,FP8_E5M2,Marginal,0.044797918436659805,0.111104423566826,0.0,0.0,
inference,layer2.0.shortcut.0,Conv2d,conv,activation,327680000,-9.901066780090332,10.000814437866211,4.3936676519251705e-10,2.3283064365386963e-10,0.0,INT16,Sufficient,0.0007779170019685809,1.0,,,0.00017480269289542064
inference,layer2.0.shortcut.0,Conv2d,conv,activation,327680000,-9.901066780090332,10.000814437866211,4.3936676519251705e-10,2.3283064365386963e-10,0.0,INT8,Marginal,0.08784644838458121,1.0,,,0.04510047116617518
inference,layer2.0.shortcut.1,BatchNorm2d,batchnorm,weight,128,0.6941015720367432,0.8571314811706543,0.6941015720367432,5.245208740234375e-06,0.0,FP16,Sufficient,0.00014707172228205283,0.00033823262180685194,0.0,0.0,
inference,layer2.0.shortcut.1,BatchNorm2d,batchnorm,weight,128,0.6941015720367432,0.8571314811706543,0.6941015720367432,5.245208740234375e-06,0.0,FP8_E4M3,Sufficient,0.01933742772699798,0.043477135931697754,0.0,0.0,
inference,layer2.0.shortcut.1,BatchNorm2d,batchnorm,weight,128,0.6941015720367432,0.8571314811706543,0.6941015720367432,5.245208740234375e-06,0.0,FP8_E5M2,Marginal,0.0277789766592745,0.08053349857605246,0.0,0.0,
inference,layer2.0.shortcut.1,BatchNorm2d,batchnorm,weight,128,0.6941015720367432,0.8571314811706543,0.6941015720367432,5.245208740234375e-06,0.0,INT16,Sufficient,8.585671814615011e-06,1.7571410427879496e-05,,,2.615837523028212e-05
inference,layer2.0.shortcut.1,BatchNorm2d,batchnorm,weight,128,0.6941015720367432,0.8571314811706543,0.6941015720367432,5.245208740234375e-06,0.0,INT8,Sufficient,0.0023032450486901983,0.004660441706898493,,,0.006749066780871294
inference,layer2.0.shortcut.1,BatchNorm2d,batchnorm,bias,128,-0.06929127871990204,0.03294345736503601,0.00046584720257669687,1.0076910257339478e-06,0.0,FP16,Sufficient,0.0001660513813925386,0.00045503931159698895,0.0,0.0,
inference,layer2.0.shortcut.1,BatchNorm2d,batchnorm,bias,128,-0.06929127871990204,0.03294345736503601,0.00046584720257669687,1.0076910257339478e-06,0.0,FP8_E4M3,Marginal,0.05047648649587645,1.0,0.0,0.0078125,
inference,layer2.0.shortcut.1,BatchNorm2d,batchnorm,bias,128,-0.06929127871990204,0.03294345736503601,0.00046584720257669687,1.0076910257339478e-06,0.0,FP8_E5M2,Marginal,0.043972617108970255,0.11044264637903857,0.0,0.0,
inference,layer2.0.shortcut.1,BatchNorm2d,batchnorm,bias,128,-0.06929127871990204,0.03294345736503601,0.00046584720257669687,1.0076910257339478e-06,0.0,INT16,Sufficient,5.750560443287069e-05,0.0013321157784354015,,,2.114666546217293e-06
inference,layer2.0.shortcut.1,BatchNorm2d,batchnorm,bias,128,-0.06929127871990204,0.03294345736503601,0.00046584720257669687,1.0076910257339478e-06,0.0,INT8,Sufficient,0.013647162462869336,0.1712008075264141,,,0.0005456006198417484
inference,layer2.0.shortcut.1,BatchNorm2d,batchnorm,input,327680000,-9.901066780090332,10.000814437866211,4.3936676519251705e-10,2.3283064365386963e-10,0.0,FP16,Sufficient,0.00017557940030584233,0.00048661383022277,0.0,0.0,
inference,layer2.0.shortcut.1,BatchNorm2d,batchnorm,input,327680000,-9.901066780090332,10.000814437866211,4.3936676519251705e-10,2.3283064365386963e-10,0.0,FP8_E4M3,Marginal,0.025622645747275668,1.0,0.0,0.0017,
inference,layer2.0.shortcut.1,BatchNorm2d,batchnorm,input,327680000,-9.901066780090332,10.000814437866211,4.3936676519251705e-10,2.3283064365386963e-10,0.0,FP8_E5M2,Marginal,0.044797918436659805,0.111104423566826,0.0,0.0,
inference,layer2.0.shortcut.1,BatchNorm2d,batchnorm,input,327680000,-9.901066780090332,10.000814437866211,4.3936676519251705e-10,2.3283064365386963e-10,0.0,INT16,Sufficient,0.0007779170019685809,1.0,,,0.00017480269289542064
inference,layer2.0.shortcut.1,BatchNorm2d,batchnorm,input,327680000,-9.901066780090332,10.000814437866211,4.3936676519251705e-10,2.3283064365386963e-10,0.0,INT8,Marginal,0.08784644838458121,1.0,,,0.04510047116617518
inference,layer2.0.shortcut.1,BatchNorm2d,batchnorm,activation,327680000,-14.048115730285645,14.861043930053711,1.232486113167397e-09,1.1641532182693481e-10,0.0,FP16,Sufficient,0.00017703743332279508,0.0004855517207532829,0.0,0.0,
inference,layer2.0.shortcut.1,BatchNorm2d,batchnorm,activation,327680000,-14.048115730285645,14.861043930053711,1.232486113167397e-09,1.1641532182693481e-10,0.0,FP8_E4M3,Marginal,0.025003566342280112,1.0,0.0,0.0015,
inference,layer2.0.shortcut.1,BatchNorm2d,batchnorm,activation,327680000,-14.048115730285645,14.861043930053711,1.232486113167397e-09,1.1641532182693481e-10,0.0,FP8_E5M2,Marginal,0.04484850152537682,0.11107475226236696,0.0,0.0,
inference,layer2.0.shortcut.1,BatchNorm2d,batchnorm,activation,327680000,-14.048115730285645,14.861043930053711,1.232486113167397e-09,1.1641532182693481e-10,0.0,INT16,Sufficient,0.0006910586167171784,1.0,,,0.00021650425394661104
inference,layer2.0.shortcut.1,BatchNorm2d,batchnorm,activation,327680000,-14.048115730285645,14.861043930053711,1.232486113167397e-09,1.1641532182693481e-10,0.0,INT8,Marginal,0.08548474690133458,1.0,,,0.055859802276130736
inference,layer2.1.conv1,Conv2d,conv,weight,147456,-0.07819535583257675,0.08310474455356598,2.727228718413244e-07,2.9103830456733704e-11,0.0,FP16,Sufficient,0.00018243105082713313,0.09276945444586326,0.0,0.0,
inference,layer2.1.conv1,Conv2d,conv,weight,147456,-0.07819535583257675,0.08310474455356598,2.727228718413244e-07,2.9103830456733704e-11,0.0,FP8_E4M3,Not sufficient,0.10827566454726156,1.0,0.0,0.04285,
inference,layer2.1.conv1,Conv2d,conv,weight,147456,-0.07819535583257675,0.08310474455356598,2.727228718413244e-07,2.9103830456733704e-11,0.0,FP8_E5M2,Marginal,0.04486798528249122,1.0,0.0,0.0002,
inference,layer2.1.conv1,Conv2d,conv,weight,147456,-0.07819535583257675,0.08310474455356598,2.727228718413244e-07,2.9103830456733704e-11,0.0,INT16,Sufficient,0.00033041707683401664,1.0,,,2.5362329341583293e-06
inference,layer2.1.conv1,Conv2d,conv,weight,147456,-0.07819535583257675,0.08310474455356598,2.727228718413244e-07,2.9103830456733704e-11,0.0,INT8,Marginal,0.04424705762629274,1.0,,,0.0006543680673509133
inference,layer2.1.conv1,Conv2d,conv,input,327680000,0.0,29.704498291015625,2.9802322387695312e-08,1.862645149230957e-09,0.5154871398925781,FP16,Sufficient,8.451965171330995e-05,0.0004828255444118872,0.0,0.0,
inference,layer2.1.conv1,Conv2d,conv,input,327680000,0.0,29.704498291015625,2.9802322387695312e-08,1.862645149230957e-09,0.5154871398925781,FP8_E4M3,Sufficient,0.011527430513622304,1.0,0.0,0.0008382229673093043,
inference,layer2.1.conv1,Conv2d,conv,input,327680000,0.0,29.704498291015625,2.9802322387695312e-08,1.862645149230957e-09,0.5154871398925781,FP8_E5M2,Marginal,0.02143388718561815,0.11110602481898628,0.0,0.0,
inference,layer2.1.conv1,Conv2d,conv,input,327680000,0.0,29.704498291015625,2.9802322387695312e-08,1.862645149230957e-09,0.5154871398925781,INT16,Sufficient,0.0002717087698030091,1.0,,,0.00028521157411193524
inference,layer2.1.conv1,Conv2d,conv,input,327680000,0.0,29.704498291015625,2.9802322387695312e-08,1.862645149230957e-09,0.5154871398925781,INT8,Marginal,0.037432843094699436,1.0,,,0.07358683188130537
inference,layer2.1.conv1,Conv2d,conv,activation,327680000,-26.666393280029297,38.63825607299805,8.381903171539307e-09,9.313225746154785e-10,0.0,FP16,Sufficient,0.00017684774980009636,0.000485788981005093,0.0,0.0,
inference,layer2.1.conv1,Conv2d,conv,activation,327680000,-26.666393280029297,38.63825607299805,8.381903171539307e-09,9.313225746154785e-10,0.0,FP8_E4M3,Marginal,0.023884101937818248,1.0,0.0,0.0006,
inference,layer2.1.conv1,Conv2d,conv,activation,327680000,-26.666393280029297,38.63825607299805,8.381903171539307e-09,9.313225746154785e-10,0.0,FP8_E5M2,Marginal,0.04506236476916798,0.29506927114706133,0.0,0.0,
inference,layer2.1.conv1,Conv2d,conv,activation,327680000,-26.666393280029297,38.63825607299805,8.381903171539307e-09,9.313225746154785e-10,0.0,INT16,Sufficient,0.0006333814007851131,1.0,,,0.0003200755053983637
inference,layer2.1.conv1,Conv2d,conv,activation,327680000,-26.666393280029297,38.63825607299805,8.381903171539307e-09,9.313225746154785e-10,0.0,INT8,Marginal,0.07151932180970537,1.0,,,0.0825820006723479
inference,layer2.1.bn1,BatchNorm2d,batchnorm,weight,128,0.7124324440956116,0.8320866227149963,0.7124324440956116,5.841255187988281e-06,0.0,FP16,Sufficient,0.00016735400904336885,0.00033053259819322203,0.0,0.0,
inference,layer2.1.bn1,BatchNorm2d,batchnorm,weight,128,0.7124324440956116,0.8320866227149963,0.7124324440956116,5.841255187988281e-06,0.0,FP8_E4M3,Sufficient,0.018866361727899947,0.04277996824152156,0.0,0.0,
inference,layer2.1.bn1,BatchNorm2d,batchnorm,weight,128,0.7124324440956116,0.8320866227149963,0.7124324440956116,5.841255187988281e-06,0.0,FP8_E5M2,Marginal,0.020419683258713323,0.07115046087366503,0.0,0.0,
inference,layer2.1.bn1,BatchNorm2d,batchnorm,weight,128,0.7124324440956116,0.8320866227149963,0.7124324440956116,5.841255187988281e-06,0.0,INT16,Sufficient,8.135548096563835e-06,1.7199896600010418e-05,,,2.5394043480178118e-05
inference,layer2.1.bn1,BatchNorm2d,batchnorm,weight,128,0.7124324440956116,0.8320866227149963,0.7124324440956116,5.841255187988281e-06,0.0,INT8,Sufficient,0.002151672235954271,0.004483640134875439,,,0.006551863170984223
inference,layer2.1.bn1,BatchNorm2d,batchnorm,bias,128,-0.06874274462461472,0.0039220224134624004,0.0007561453385278583,6.05359673500061e-06,0.0,FP16,Sufficient,0.0001661177688074619,0.00046767813031302845,0.0,0.0,
inference,layer2.1.bn1,BatchNorm2d,batchnorm,bias,128,-0.06874274462461472,0.0039220224134624004,0.0007561453385278583,6.05359673500061e-06,0.0,FP8_E4M3,Marginal,0.04342014712434887,1.0,0.0,0.0078125,
inference,layer2.1.bn1,BatchNorm2d,batchnorm,bias,128,-0.06874274462461472,0.0039220224134624004,0.0007561453385278583,6.05359673500061e-06,0.0,FP8_E5M2,Marginal,0.04541468181549828,0.10811841603707875,0.0,0.0,
inference,layer2.1.bn1,BatchNorm2d,batchnorm,bias,128,-0.06874274462461472,0.0039220224134624004,0.0007561453385278583,6.05359673500061e-06,0.0,INT16,Sufficient,3.4332212786331906e-05,0.0011795898470332185,,,2.097926103232359e-06
inference,layer2.1.bn1,BatchNorm2d,batchnorm,bias,128,-0.06874274462461472,0.0039220224134624004,0.0007561453385278583,6.05359673500061e-06,0.0,INT8,Sufficient,0.01024629460213503,0.2841568595913766,,,0.0005412814537371237
inference,layer2.1.bn1,BatchNorm2d,batchnorm,input,327680000,-26.666393280029297,38.63825607299805,8.381903171539307e-09,9.313225746154785e-10,0.0,FP16,Sufficient,0.00017684774980009636,0.000485788981005093,0.0,0.0,
inference,layer2.1.bn1,BatchNorm2d,batchnorm,input,327680000,-26.666393280029297,38.63825607299805,8.381903171539307e-09,9.313225746154785e-10,0.0,FP8_E4M3,Marginal,0.023884101937818248,1.0,0.0,0.0006,
inference,layer2.1.bn1,BatchNorm2d,batchnorm,input,327680000,-26.666393280029297,38.63825607299805,8.381903171539307e-09,9.313225746154785e-10,0.0,FP8_E5M2,Marginal,0.04506236476916798,0.29506927114706133,0.0,0.0,
inference,layer2.1.bn1,BatchNorm2d,batchnorm,input,327680000,-26.666393280029297,38.63825607299805,8.381903171539307e-09,9.313225746154785e-10,0.0,INT16,Sufficient,0.0006333814007851131,1.0,,,0.0003200755053983637
inference,layer2.1.bn1,BatchNorm2d,batchnorm,input,327680000,-26.666393280029297,38.63825607299805,8.381903171539307e-09,9.313225746154785e-10,0.0,INT8,Marginal,0.07151932180970537,1.0,,,0.0825820006723479
inference,layer2.1.bn1,BatchNorm2d,batchnorm,activation,327680000,-20.51232147216797,31.710521697998047,2.3767201540181304e-09,1.1641532182693481e-10,0.0,FP16,Sufficient,0.0001771848615521782,0.0010604500053349127,0.0,0.0,
inference,layer2.1.bn1,BatchNorm2d,batchnorm,activation,327680000,-20.51232147216797,31.710521697998047,2.3767201540181304e-09,1.1641532182693481e-10,0.0,FP8_E4M3,Marginal,0.02433201856033341,1.0,0.0,0.0006,
inference,layer2.1.bn1,BatchNorm2d,batchnorm,activation,327680000,-20.51232147216797,31.710521697998047,2.3767201540181304e-09,1.1641532182693481e-10,0.0,FP8_E5M2,Marginal,0.04492712297376385,0.2389032000040647,0.0,0.0,
inference,layer2.1.bn1,BatchNorm2d,batchnorm,activation,327680000,-20.51232147216797,31.710521697998047,2.3767201540181304e-09,1.1641532182693481e-10,0.0,INT16,Sufficient,0.0007096881363733488,1.0,,,0.00029271663328506
inference,layer2.1.bn1,BatchNorm2d,batchnorm,activation,327680000,-20.51232147216797,31.710521697998047,2.3767201540181304e-09,1.1641532182693481e-10,0.0,INT8,Not sufficient,0.10624590136178401,1.0,,,0.0755231962429257
inference,layer2.1.conv2,Conv2d,conv,weight,147456,-0.0678853988647461,0.07757868617773056,2.1233027780453995e-07,5.820766091346741e-11,0.0,FP16,Sufficient,0.00018124592666233006,0.04348925259305805,0.0,0.0,
inference,layer2.1.conv2,Conv2d,conv,weight,147456,-0.0678853988647461,0.07757868617773056,2.1233027780453995e-07,5.820766091346741e-11,0.0,FP8_E4M3,Not sufficient,0.10890086256208314,1.0,0.0,0.04175,
inference,layer2.1.conv2,Conv2d,conv,weight,147456,-0.0678853988647461,0.07757868617773056,2.1233027780453995e-07,5.820766091346741e-11,0.0,FP8_E5M2,Marginal,0.04548934265407986,1.0,0.0,0.0003,
inference,layer2.1.conv2,Conv2d,conv,weight,147456,-0.0678853988647461,0.07757868617773056,2.1233027780453995e-07,5.820766091346741e-11,0.0,INT16,Sufficient,0.0003219487255304973,1.0,,,2.294776322665779e-06
inference,layer2.1.conv2,Conv2d,conv,weight,147456,-0.0678853988647461,0.07757868617773056,2.1233027780453995e-07,5.820766091346741e-11,0.0,INT8,Marginal,0.03989935173566158,1.0,,,0.0005920703603526739
inference,layer2.1.conv2,Conv2d,conv,input,327680000,0.0,31.710521697998047,2.3767201540181304e-09,4.656612873077393e-10,0.5337880950927735,FP16,Sufficient,8.190956440471771e-05,0.00048661522448579245,0.0,0.0,
inference,layer2.1.conv2,Conv2d,conv,input,327680000,0.0,31.710521697998047,2.3767201540181304e-09,4.656612873077393e-10,0.5337880950927735,FP8_E4M3,Sufficient,0.011396531387328244,1.0,0.0,0.0006452306699645124,
inference,layer2.1.conv2,Conv2d,conv,input,327680000,0.0,31.710521697998047,2.3767201540181304e-09,4.656612873077393e-10,0.5337880950927735,FP8_E5M2,Marginal,0.020719699353424794,0.11770840726370757,0.0,0.0,
inference,layer2.1.conv2,Conv2d,conv,input,327680000,0.0,31.710521697998047,2.3767201540181304e-09,4.656612873077393e-10,0.5337880950927735,INT16,Sufficient,0.0003645604068069206,1.0,,,0.00029271663328506
inference,layer2.1.conv2,Conv2d,conv,input,327680000,0.0,31.710521697998047,2.3767201540181304e-09,4.656612873077393e-10,0.5337880950927735,INT8,Marginal,0.05142178572773318,1.0,,,0.0755231962429257
inference,layer2.1.conv2,Conv2d,conv,activation,327680000,-50.08325958251953,44.495487213134766,9.313225746154785e-10,4.656612873077393e-10,3.0517578125e-09,FP16,Sufficient,0.0001748089499443494,0.0009843903810997047,0.0,0.0,
inference,layer2.1.conv2,Conv2d,conv,activation,327680000,-50.08325958251953,44.495487213134766,9.313225746154785e-10,4.656612873077393e-10,3.0517578125e-09,FP8_E4M3,Marginal,0.024836737141961406,1.0,0.0,0.00115,
inference,layer2.1.conv2,Conv2d,conv,activation,327680000,-50.08325958251953,44.495487213134766,9.313225746154785e-10,4.656612873077393e-10,3.0517578125e-09,FP8_E5M2,Marginal,0.04456133587734024,0.1520180002812544,0.0,0.0,
inference,layer2.1.conv2,Conv2d,conv,activation,327680000,-50.08325958251953,44.495487213134766,9.313225746154785e-10,4.656612873077393e-10,3.0517578125e-09,INT16,Sufficient,0.0010817911757404685,1.0,,,0.00042177510515474314
inference,layer2.1.conv2,Conv2d,conv,activation,327680000,-50.08325958251953,44.495487213134766,9.313225746154785e-10,4.656612873077393e-10,3.0517578125e-09,INT8,Not sufficient,0.12687169483325836,1.0,,,0.10882129819374385
inference,layer2.1.bn2,BatchNorm2d,batchnorm,weight,128,0.694617748260498,0.8569811582565308,0.694617748260498,5.304813385009766e-06,0.0,FP16,Sufficient,0.0001678808531749502,0.0003350665953086727,0.0,0.0,
inference,layer2.1.bn2,BatchNorm2d,batchnorm,weight,128,0.694617748260498,0.8569811582565308,0.694617748260498,5.304813385009766e-06,0.0,FP8_E4M3,Marginal,0.02320728080986805,0.04335442221708554,0.0,0.0,
inference,layer2.1.bn2,BatchNorm2d,batchnorm,weight,128,0.694617748260498,0.8569811582565308,0.694617748260498,5.304813385009766e-06,0.0,FP8_E5M2,Marginal,0.027906644221354547,0.0797305451497509,0.0,0.0,
inference,layer2.1.bn2,BatchNorm2d,batchnorm,weight,128,0.694617748260498,0.8569811582565308,0.694617748260498,5.304813385009766e-06,0.0,INT16,Sufficient,9.524977287308419e-06,1.7664688749952324e-05,,,2.6153787599002982e-05
inference,layer2.1.bn2,BatchNorm2d,batchnorm,weight,128,0.694617748260498,0.8569811582565308,0.694617748260498,5.304813385009766e-06,0.0,INT8,Sufficient,0.002480348428007809,0.00468448590940289,,,0.006747883135878195
inference,layer2.1.bn2,BatchNorm2d,batchnorm,bias,128,-0.05932525172829628,0.029241366311907768,0.00022830948000773787,1.2171105481684208e-05,0.0,FP16,Sufficient,0.00016809095014373281,0.00044553707280616607,0.0,0.0,
inference,layer2.1.bn2,BatchNorm2d,batchnorm,bias,128,-0.05932525172829628,0.029241366311907768,0.00022830948000773787,1.2171105481684208e-05,0.0,FP8_E4M3,Not sufficient,0.07733304401686969,1.0,0.0,0.0234375,
inference,layer2.1.bn2,BatchNorm2d,batchnorm,bias,128,-0.05932525172829628,0.029241366311907768,0.00022830948000773787,1.2171105481684208e-05,0.0,FP8_E5M2,Marginal,0.04463147751607478,0.11071118284868454,0.0,0.0,
inference,layer2.1.bn2,BatchNorm2d,batchnorm,bias,128,-0.05932525172829628,0.029241366311907768,0.00022830948000773787,1.2171105481684208e-05,0.0,INT16,Sufficient,6.291823319822426e-05,0.0008067103530023834,,,1.810518257035929e-06
inference,layer2.1.bn2,BatchNorm2d,batchnorm,bias,128,-0.05932525172829628,0.029241366311907768,0.00022830948000773787,1.2171105481684208e-05,0.0,INT8,Marginal,0.023374397331534385,1.0,,,0.0004671279663645376
inference,layer2.1.bn2,BatchNorm2d,batchnorm,input,327680000,-50.08325958251953,44.495487213134766,9.313225746154785e-10,4.656612873077393e-10,3.0517578125e-09,FP16,Sufficient,0.0001748089499443494,0.0009843903810997047,0.0,0.0,
inference,layer2.1.bn2,BatchNorm2d,batchnorm,input,327680000,-50.08325958251953,44.495487213134766,9.313225746154785e-10,4.656612873077393e-10,3.0517578125e-09,FP8_E4M3,Marginal,0.024836737141961406,1.0,0.0,0.00115,
inference,layer2.1.bn2,BatchNorm2d,batchnorm,input,327680000,-50.08325958251953,44.495487213134766,9.313225746154785e-10,4.656612873077393e-10,3.0517578125e-09,FP8_E5M2,Marginal,0.04456133587734024,0.1520180002812544,0.0,0.0,
inference,layer2.1.bn2,BatchNorm2d,batchnorm,input,327680000,-50.08325958251953,44.495487213134766,9.313225746154785e-10,4.656612873077393e-10,3.0517578125e-09,INT16,Sufficient,0.0010817911757404685,1.0,,,0.00042177510515474314
inference,layer2.1.bn2,BatchNorm2d,batchnorm,input,327680000,-50.08325958251953,44.495487213134766,9.313225746154785e-10,4.656612873077393e-10,3.0517578125e-09,INT8,Not sufficient,0.12687169483325836,1.0,,,0.10882129819374385
inference,layer2.1.bn2,BatchNorm2d,batchnorm,activation,327680000,-40.65620803833008,46.30067825317383,3.1905350583727454e-10,2.3283064365386963e-10,0.0,FP16,Sufficient,0.0001774641201391521,0.0004875665757146091,0.0,0.0,
inference,layer2.1.bn2,BatchNorm2d,batchnorm,activation,327680000,-40.65620803833008,46.30067825317383,3.1905350583727454e-10,2.3283064365386963e-10,0.0,FP8_E4M3,Marginal,0.02464544610003967,1.0,0.0,0.0009,
inference,layer2.1.bn2,BatchNorm2d,batchnorm,activation,327680000,-40.65620803833008,46.30067825317383,3.1905350583727454e-10,2.3283064365386963e-10,0.0,FP8_E5M2,Marginal,0.04489857005256562,0.11111016921135015,0.0,0.0,
inference,layer2.1.bn2,BatchNorm2d,batchnorm,activation,327680000,-40.65620803833008,46.30067825317383,3.1905350583727454e-10,2.3283064365386963e-10,0.0,INT16,Sufficient,0.0013532102916032809,1.0,,,0.0005259747129300546
inference,layer2.1.bn2,BatchNorm2d,batchnorm,activation,327680000,-40.65620803833008,46.30067825317383,3.1905350583727454e-10,2.3283064365386963e-10,0.0,INT8,Not sufficient,0.18414020642750692,1.0,,,0.1357056174691268
inference,layer3.0.conv1,Conv2d,conv,weight,294912,-0.06775478273630142,0.07587248831987381,1.7082780345845094e-07,5.820766091346741e-11,0.0,FP16,Sufficient,0.00017743573924740072,0.009667917909679226,0.0,0.0,
inference,layer3.0.conv1,Conv2d,conv,weight,294912,-0.06775478273630142,0.07587248831987381,1.7082780345845094e-07,5.820766091346741e-11,0.0,FP8_E4M3,Not sufficient,0.10951418777570945,1.0,0.0,0.042,
inference,layer3.0.conv1,Conv2d,conv,weight,294912,-0.06775478273630142,0.07587248831987381,1.7082780345845094e-07,5.820766091346741e-11,0.0,FP8_E5M2,Marginal,0.04543443162988527,1.0,0.0,0.0002,
inference,layer3.0.conv1,Conv2d,conv,weight,294912,-0.06775478273630142,0.07587248831987381,1.7082780345845094e-07,5.820766091346741e-11,0.0,INT16,Sufficient,0.00019130812779433336,0.24258353039019234,,,1.8779567324340654e-06
inference,layer3.0.conv1,Conv2d,conv,weight,294912,-0.06775478273630142,0.07587248831987381,1.7082780345845094e-07,5.820766091346741e-11,0.0,INT8,Marginal,0.03391435900692339,1.0,,,0.0004845276240288742
inference,layer3.0.conv1,Conv2d,conv,input,327680000,0.0,54.8195686340332,3.1905350583727454e-10,6.984919309616089e-10,0.3740030426025391,FP16,Sufficient,0.00011008607135472417,0.00048096415613446415,0.0,0.0,
inference,layer3.0.conv1,Conv2d,conv,input,327680000,0.0,54.8195686340332,3.1905350583727454e-10,6.984919309616089e-10,0.3740030426025391,FP8_E4M3,Sufficient,0.015058355690722024,1.0,0.0,0.0009652509652509653,
inference,layer3.0.conv1,Conv2d,conv,input,327680000,0.0,54.8195686340332,3.1905350583727454e-10,6.984919309616089e-10,0.3740030426025391,FP8_E5M2,Marginal,0.027810572141976558,0.11111016921135015,0.0,0.0,
inference,layer3.0.conv1,Conv2d,conv,input,327680000,0.0,54.8195686340332,3.1905350583727454e-10,6.984919309616089e-10,0.3740030426025391,INT16,Sufficient,0.0007012693083209389,1.0,,,0.0005259747129300546
inference,layer3.0.conv1,Conv2d,conv,input,327680000,0.0,54.8195686340332,3.1905350583727454e-10,6.984919309616089e-10,0.3740030426025391,INT8,Marginal,0.07567903856721005,1.0,,,0.1357056174691268
inference,layer3.0.conv1,Conv2d,conv,activation,163840000,-61.49220275878906,70.1874771118164,5.3551048040390015e-09,2.3283064365386963e-10,0.0,FP16,Sufficient,0.00017639671377683196,0.00586756077116513,0.0,0.0,
inference,layer3.0.conv1,Conv2d,conv,activation,163840000,-61.49220275878906,70.1874771118164,5.3551048040390015e-09,2.3283064365386963e-10,0.0,FP8_E4M3,Marginal,0.02389927236246376,1.0,0.0,0.00045,
inference,layer3.0.conv1,Conv2d,conv,activation,163840000,-61.49220275878906,70.1874771118164,5.3551048040390015e-09,2.3283064365386963e-10,0.0,FP8_E5M2,Marginal,0.0454434308055632,1.0,0.0,5e-05,
inference,layer3.0.conv1,Conv2d,conv,activation,163840000,-61.49220275878906,70.1874771118164,5.3551048040390015e-09,2.3283064365386963e-10,0.0,INT16,Sufficient,0.0007496121094184478,1.0,,,0.0004733927020636026
inference,layer3.0.conv1,Conv2d,conv,activation,163840000,-61.49220275878906,70.1874771118164,5.3551048040390015e-09,2.3283064365386963e-10,0.0,INT8,Marginal,0.09949652233762839,1.0,,,0.12213904463400052
inference,layer3.0.bn1,BatchNorm2d,batchnorm,weight,256,0.7162079811096191,0.7947127819061279,0.7162079811096191,5.960464477539062e-07,0.0,FP16,Sufficient,0.00017467953924116887,0.00033870277334199035,0.0,0.0,
inference,layer3.0.bn1,BatchNorm2d,batchnorm,weight,256,0.7162079811096191,0.7947127819061279,0.7162079811096191,5.960464477539062e-07,0.0,FP8_E4M3,Sufficient,0.014059308470824785,0.042455224151395084,0.0,0.0,
inference,layer3.0.bn1,BatchNorm2d,batchnorm,weight,256,0.7162079811096191,0.7947127819061279,0.7162079811096191,5.960464477539062e-07,0.0,FP8_E5M2,Sufficient,0.014417968177653024,0.056262819630110636,0.0,0.0,
inference,layer3.0.bn1,BatchNorm2d,batchnorm,weight,256,0.7162079811096191,0.7947127819061279,0.7162079811096191,5.960464477539062e-07,0.0,INT16,Sufficient,8.011738828971258e-06,1.621648620521357e-05,,,2.4253449565298254e-05
inference,layer3.0.bn1,BatchNorm2d,batchnorm,weight,256,0.7162079811096191,0.7947127819061279,0.7162079811096191,5.960464477539062e-07,0.0,INT8,Sufficient,0.0020981531492588524,0.004313571528799946,,,0.0062575809598907715
inference,layer3.0.bn1,BatchNorm2d,batchnorm,bias,256,-0.052749890834093094,0.01237972266972065,0.00010038067557616159,3.91155481338501e-07,0.0,FP16,Sufficient,0.00017330856112344163,0.00044222734152392503,0.0,0.0,
inference,layer3.0.bn1,BatchNorm2d,batchnorm,bias,256,-0.052749890834093094,0.01237972266972065,0.00010038067557616159,3.91155481338501e-07,0.0,FP8_E4M3,Not sufficient,0.10756943755357642,1.0,0.0,0.046875,
inference,layer3.0.bn1,BatchNorm2d,batchnorm,bias,256,-0.052749890834093094,0.01237972266972065,0.00010038067557616159,3.91155481338501e-07,0.0,FP8_E5M2,Marginal,0.04523021422679198,0.11102501306130494,0.0,0.0,
inference,layer3.0.bn1,BatchNorm2d,batchnorm,bias,256,-0.052749890834093094,0.01237972266972065,0.00010038067557616159,3.91155481338501e-07,0.0,INT16,Sufficient,0.00010456124878440419,0.005679349034542161,,,1.6098480432780876e-06
inference,layer3.0.bn1,BatchNorm2d,batchnorm,bias,256,-0.052749890834093094,0.01237972266972065,0.00010038067557616159,3.91155481338501e-07,0.0,INT8,Marginal,0.025763160294060332,1.0,,,0.0004153534711345913
inference,layer3.0.bn1,BatchNorm2d,batchnorm,input,163840000,-61.49220275878906,70.1874771118164,5.3551048040390015e-09,2.3283064365386963e-10,0.0,FP16,Sufficient,0.00017639671377683196,0.00586756077116513,0.0,0.0,
inference,layer3.0.bn1,BatchNorm2d,batchnorm,input,163840000,-61.49220275878906,70.1874771118164,5.3551048040390015e-09,2.3283064365386963e-10,0.0,FP8_E4M3,Marginal,0.02389927236246376,1.0,0.0,0.00045,
inference,layer3.0.bn1,BatchNorm2d,batchnorm,input,163840000,-61.49220275878906,70.1874771118164,5.3551048040390015e-09,2.3283064365386963e-10,0.0,FP8_E5M2,Marginal,0.0454434308055632,1.0,0.0,5e-05,
inference,layer3.0.bn1,BatchNorm2d,batchnorm,input,163840000,-61.49220275878906,70.1874771118164,5.3551048040390015e-09,2.3283064365386963e-10,0.0,INT16,Sufficient,0.0007496121094184478,1.0,,,0.0004733927020636026
inference,layer3.0.bn1,BatchNorm2d,batchnorm,input,163840000,-61.49220275878906,70.1874771118164,5.3551048040390015e-09,2.3283064365386963e-10,0.0,INT8,Marginal,0.09949652233762839,1.0,,,0.12213904463400052
inference,layer3.0.bn1,BatchNorm2d,batchnorm,activation,163840000,-40.770050048828125,42.07086181640625,5.636977107315033e-09,2.3283064365386963e-10,0.0,FP16,Sufficient,0.00017422014031138707,0.000847924557308188,0.0,0.0,
inference,layer3.0.bn1,BatchNorm2d,batchnorm,activation,163840000,-40.770050048828125,42.07086181640625,5.636977107315033e-09,2.3283064365386963e-10,0.0,FP8_E4M3,Marginal,0.02460796845842988,1.0,0.0,0.00085,
inference,layer3.0.bn1,BatchNorm2d,batchnorm,activation,163840000,-40.770050048828125,42.07086181640625,5.636977107315033e-09,2.3283064365386963e-10,0.0,FP8_E5M2,Marginal,0.04488021965123209,0.11106147017953498,0.0,0.0,
inference,layer3.0.bn1,BatchNorm2d,batchnorm,activation,163840000,-40.770050048828125,42.07086181640625,5.636977107315033e-09,2.3283064365386963e-10,0.0,INT16,Sufficient,0.0008692914095278806,1.0,,,0.00034714280644010886
inference,layer3.0.bn1,BatchNorm2d,batchnorm,activation,163840000,-40.770050048828125,42.07086181640625,5.636977107315033e-09,2.3283064365386963e-10,0.0,INT8,Not sufficient,0.12558588687831262,1.0,,,0.08956557746947282
inference,layer3.0.conv2,Conv2d,conv,weight,589824,-0.06404457986354828,0.07700123637914658,2.7885441511443787e-08,3.637978807091713e-12,0.0,FP16,Sufficient,0.0001808646669588546,0.009564821256915029,0.0,0.0,
inference,layer3.0.conv2,Conv2d,conv,weight,589824,-0.06404457986354828,0.07700123637914658,2.7885441511443787e-08,3.637978807091713e-12,0.0,FP8_E4M3,Not sufficient,0.14586521830802732,1.0,0.0,0.06155,
inference,layer3.0.conv2,Conv2d,conv,weight,589824,-0.06404457986354828,0.07700123637914658,2.7885441511443787e-08,3.637978807091713e-12,0.0,FP8_E5M2,Marginal,0.04598234355435418,1.0,0.0,0.00055,
inference,layer3.0.conv2,Conv2d,conv,weight,589824,-0.06404457986354828,0.07700123637914658,2.7885441511443787e-08,3.637978807091713e-12,0.0,INT16,Sufficient,0.0003570509371655432,0.25379543480002553,,,2.3499629621004844e-06
inference,layer3.0.conv2,Conv2d,conv,weight,589824,-0.06404457986354828,0.07700123637914658,2.7885441511443787e-08,3.637978807091713e-12,0.0,INT8,Marginal,0.055938259036985315,1.0,,,0.0006063089478672959
inference,layer3.0.conv2,Conv2d,conv,input,163840000,0.0,42.07086181640625,1.4983822183012308e-08,2.3283064365386963e-10,0.5097129089355469,FP16,Sufficient,8.328391034979068e-05,0.000847924557308188,0.0,0.0,
inference,layer3.0.conv2,Conv2d,conv,input,163840000,0.0,42.07086181640625,1.4983822183012308e-08,2.3283064365386963e-10,0.5097129089355469,FP8_E4M3,Sufficient,0.011834755873581666,1.0,0.0,0.0009399477806788512,
inference,layer3.0.conv2,Conv2d,conv,input,163840000,0.0,42.07086181640625,1.4983822183012308e-08,2.3283064365386963e-10,0.5097129089355469,FP8_E5M2,Marginal,0.021645640212547404,0.11106147017953498,0.0,0.0,
inference,layer3.0.conv2,Conv2d,conv,input,163840000,0.0,42.07086181640625,1.4983822183012308e-08,2.3283064365386963e-10,0.5097129089355469,INT16,Sufficient,0.00034943440976971976,1.0,,,0.00022825908227228363
inference,layer3.0.conv2,Conv2d,conv,input,163840000,0.0,42.07086181640625,1.4983822183012308e-08,2.3283064365386963e-10,0.5097129089355469,INT8,Marginal,0.04287141634370267,1.0,,,0.058892640541857624
inference,layer3.0.conv2,Conv2d,conv,activation,163840000,-35.161041259765625,57.26396942138672,7.450580596923828e-09,9.313225746154785e-10,0.0,FP16,Sufficient,0.00017657025500153077,0.00048554929501497577,0.0,0.0,
inference,layer3.0.conv2,Conv2d,conv,activation,163840000,-35.161041259765625,57.26396942138672,7.450580596923828e-09,9.313225746154785e-10,0.0,FP8_E4M3,Marginal,0.024588253966556603,1.0,0.0,0.00105,
inference,layer3.0.conv2,Conv2d,conv,activation,163840000,-35.161041259765625,57.26396942138672,7.450580596923828e-09,9.313225746154785e-10,0.0,FP8_E5M2,Marginal,0.0451282445564656,0.11110319907598733,0.0,0.0,
inference,layer3.0.conv2,Conv2d,conv,activation,163840000,-35.161041259765625,57.26396942138672,7.450580596923828e-09,9.313225746154785e-10,0.0,INT16,Sufficient,0.0007650226466250888,1.0,,,0.0002937858242298368
inference,layer3.0.conv2,Conv2d,conv,activation,163840000,-35.161041259765625,57.26396942138672,7.450580596923828e-09,9.313225746154785e-10,0.0,INT8,Marginal,0.09810505695618978,1.0,,,0.07579905592550443
inference,layer3.0.bn2,BatchNorm2d,batchnorm,weight,256,0.7168452143669128,0.8228330016136169,0.7168452143669128,8.344650268554688e-07,0.0,FP16,Sufficient,0.0001536967640448962,0.00032728880031221777,0.0,0.0,
inference,layer3.0.bn2,BatchNorm2d,batchnorm,weight,256,0.7168452143669128,0.8228330016136169,0.7168452143669128,8.344650268554688e-07,0.0,FP8_E4M3,Sufficient,0.013655035461214333,0.04147056705625868,0.0,0.0,
inference,layer3.0.bn2,BatchNorm2d,batchnorm,weight,256,0.7168452143669128,0.8228330016136169,0.7168452143669128,8.344650268554688e-07,0.0,FP8_E5M2,Sufficient,0.015295218522923475,0.07155434533018748,0.0,0.0,
inference,layer3.0.bn2,BatchNorm2d,batchnorm,weight,256,0.7168452143669128,0.8228330016136169,0.7168452143669128,8.344650268554688e-07,0.0,INT16,Sufficient,8.392025282408352e-06,1.694639711429247e-05,,,2.511163675690838e-05
inference,layer3.0.bn2,BatchNorm2d,batchnorm,weight,256,0.7168452143669128,0.8228330016136169,0.7168452143669128,8.344650268554688e-07,0.0,INT8,Sufficient,0.0022567691462030593,0.004428646219868774,,,0.006479000012705645
inference,layer3.0.bn2,BatchNorm2d,batchnorm,bias,256,-0.05023399367928505,0.017748801037669182,5.1526552852010354e-05,2.6635825634002686e-07,0.0,FP16,Sufficient,0.00017775305935149204,0.0005461216502038231,0.0,0.0,
inference,layer3.0.bn2,BatchNorm2d,batchnorm,bias,256,-0.05023399367928505,0.017748801037669182,5.1526552852010354e-05,2.6635825634002686e-07,0.0,FP8_E4M3,Not sufficient,0.09860587452573796,1.0,0.0,0.0234375,
inference,layer3.0.bn2,BatchNorm2d,batchnorm,bias,256,-0.05023399367928505,0.017748801037669182,5.1526552852010354e-05,2.6635825634002686e-07,0.0,FP8_E5M2,Marginal,0.047481502378261126,0.11159655257795896,0.0,0.0,
inference,layer3.0.bn2,BatchNorm2d,batchnorm,bias,256,-0.05023399367928505,0.017748801037669182,5.1526552852010354e-05,2.6635825634002686e-07,0.0,INT16,Sufficient,0.00012043008844446739,0.011600076599989616,,,1.5330666121184438e-06
inference,layer3.0.bn2,BatchNorm2d,batchnorm,bias,256,-0.05023399367928505,0.017748801037669182,5.1526552852010354e-05,2.6635825634002686e-07,0.0,INT8,Marginal,0.02650084318452659,1.0,,,0.00039554325731720513
inference,layer3.0.bn2,BatchNorm2d,batchnorm,input,163840000,-35.161041259765625,57.26396942138672,7.450580596923828e-09,9.313225746154785e-10,0.0,FP16,Sufficient,0.00017657025500153077,0.00048554929501497577,0.0,0.0,
inference,layer3.0.bn2,BatchNorm2d,batchnorm,input,163840000,-35.161041259765625,57.26396942138672,7.450580596923828e-09,9.313225746154785e-10,0.0,FP8_E4M3,Marginal,0.024588253966556603,1.0,0.0,0.00105,
inference,layer3.0.bn2,BatchNorm2d,batchnorm,input,163840000,-35.161041259765625,57.26396942138672,7.450580596923828e-09,9.313225746154785e-10,0.0,FP8_E5M2,Marginal,0.0451282445564656,0.11110319907598733,0.0,0.0,
inference,layer3.0.bn2,BatchNorm2d,batchnorm,input,163840000,-35.161041259765625,57.26396942138672,7.450580596923828e-09,9.313225746154785e-10,0.0,INT16,Sufficient,0.0007650226466250888,1.0,,,0.0002937858242298368
inference,layer3.0.bn2,BatchNorm2d,batchnorm,input,163840000,-35.161041259765625,57.26396942138672,7.450580596923828e-09,9.313225746154785e-10,0.0,INT8,Marginal,0.09810505695618978,1.0,,,0.07579905592550443
inference,layer3.0.bn2,BatchNorm2d,batchnorm,activation,163840000,-37.97230529785156,56.18791961669922,5.282944304241255e-09,2.3283064365386963e-10,0.0,FP16,Sufficient,0.00017542290329758054,0.00048673547716547046,0.0,0.0,
inference,layer3.0.bn2,BatchNorm2d,batchnorm,activation,163840000,-37.97230529785156,56.18791961669922,5.282944304241255e-09,2.3283064365386963e-10,0.0,FP8_E4M3,Marginal,0.024743390113686967,1.0,0.0,0.0008,
inference,layer3.0.bn2,BatchNorm2d,batchnorm,activation,163840000,-37.97230529785156,56.18791961669922,5.282944304241255e-09,2.3283064365386963e-10,0.0,FP8_E5M2,Marginal,0.045153922365060835,0.11101182370314949,0.0,0.0,
inference,layer3.0.bn2,BatchNorm2d,batchnorm,activation,163840000,-37.97230529785156,56.18791961669922,5.282944304241255e-09,2.3283064365386963e-10,0.0,INT16,Sufficient,0.0009525290722041337,1.0,,,0.0003864726530722304
inference,layer3.0.bn2,BatchNorm2d,batchnorm,activation,163840000,-37.97230529785156,56.18791961669922,5.282944304241255e-09,2.3283064365386963e-10,0.0,INT8,Not sufficient,0.13625501015451325,1.0,,,0.09971298758439191
inference,layer3.0.shortcut.0,Conv2d,conv,weight,32768,-0.12509825825691223,0.13742253184318542,2.417477844574023e-06,9.313225746154785e-10,0.0,FP16,Sufficient,0.00017743795681890862,0.01088431535207267,0.0,0.0,
inference,layer3.0.shortcut.0,Conv2d,conv,weight,32768,-0.12509825825691223,0.13742253184318542,2.417477844574023e-06,9.313225746154785e-10,0.0,FP8_E4M3,Not sufficient,0.05310192344592599,1.0,0.0,0.0152,
inference,layer3.0.shortcut.0,Conv2d,conv,weight,32768,-0.12509825825691223,0.13742253184318542,2.417477844574023e-06,9.313225746154785e-10,0.0,FP8_E5M2,Marginal,0.04495196061506293,1.0,0.0,0.00015,
inference,layer3.0.shortcut.0,Conv2d,conv,weight,32768,-0.12509825825691223,0.13742253184318542,2.417477844574023e-06,9.313225746154785e-10,0.0,INT16,Sufficient,0.0001968817539285716,0.7348373428467888,,,4.1939308402717805e-06
inference,layer3.0.shortcut.0,Conv2d,conv,weight,32768,-0.12509825825691223,0.13742253184318542,2.417477844574023e-06,9.313225746154785e-10,0.0,INT8,Marginal,0.027343786215713983,1.0,,,0.0010820671798676019
inference,layer3.0.shortcut.0,Conv2d,conv,input,327680000,0.0,54.8195686340332,3.1905350583727454e-10,6.984919309616089e-10,0.3740030426025391,FP16,Sufficient,0.00011008607135472417,0.00048096415613446415,0.0,0.0,
inference,layer3.0.shortcut.0,Conv2d,conv,input,327680000,0.0,54.8195686340332,3.1905350583727454e-10,6.984919309616089e-10,0.3740030426025391,FP8_E4M3,Sufficient,0.015058355690722024,1.0,0.0,0.0009652509652509653,
inference,layer3.0.shortcut.0,Conv2d,conv,input,327680000,0.0,54.8195686340332,3.1905350583727454e-10,6.984919309616089e-10,0.3740030426025391,FP8_E5M2,Marginal,0.027810572141976558,0.11111016921135015,0.0,0.0,
inference,layer3.0.shortcut.0,Conv2d,conv,input,327680000,0.0,54.8195686340332,3.1905350583727454e-10,6.984919309616089e-10,0.3740030426025391,INT16,Sufficient,0.0007012693083209389,1.0,,,0.0005259747129300546
inference,layer3.0.shortcut.0,Conv2d,conv,input,327680000,0.0,54.8195686340332,3.1905350583727454e-10,6.984919309616089e-10,0.3740030426025391,INT8,Marginal,0.07567903856721005,1.0,,,0.1357056174691268
inference,layer3.0.shortcut.0,Conv2d,conv,activation,163840000,-31.7228946685791,20.43154525756836,1.7134083041270287e-10,2.3283064365386963e-10,0.0,FP16,Sufficient,0.00017529429425221173,0.0004873288546057814,0.0,0.0,
inference,layer3.0.shortcut.0,Conv2d,conv,activation,163840000,-31.7228946685791,20.43154525756836,1.7134083041270287e-10,2.3283064365386963e-10,0.0,FP8_E4M3,Marginal,0.025205165625949225,1.0,0.0,0.0015,
inference,layer3.0.shortcut.0,Conv2d,conv,activation,163840000,-31.7228946685791,20.43154525756836,1.7134083041270287e-10,2.3283064365386963e-10,0.0,FP8_E5M2,Marginal,0.04480919518290682,0.11107920514587884,0.0,0.0,
inference,layer3.0.shortcut.0,Conv2d,conv,activation,163840000,-31.7228946685791,20.43154525756836,1.7134083041270287e-10,2.3283064365386963e-10,0.0,INT16,Sufficient,0.00120001635787286,1.0,,,0.0003618208690511408
inference,layer3.0.shortcut.0,Conv2d,conv,activation,163840000,-31.7228946685791,20.43154525756836,1.7134083041270287e-10,2.3283064365386963e-10,0.0,INT8,Not sufficient,0.13996502901552454,1.0,,,0.0933526331984152
inference,layer3.0.shortcut.1,BatchNorm2d,batchnorm,weight,256,0.7130449414253235,0.7804759740829468,0.7130449414253235,2.5033950805664062e-06,0.0,FP16,Sufficient,0.00015720616209046696,0.00032648148977984905,0.0,0.0,
inference,layer3.0.shortcut.1,BatchNorm2d,batchnorm,weight,256,0.7130449414253235,0.7804759740829468,0.7130449414253235,2.5033950805664062e-06,0.0,FP8_E4M3,Sufficient,0.013059663159239046,0.04272457724734697,0.0,0.0,
inference,layer3.0.shortcut.1,BatchNorm2d,batchnorm,weight,256,0.7130449414253235,0.7804759740829468,0.7130449414253235,2.5033950805664062e-06,0.0,FP8_E5M2,Sufficient,0.013122170818329323,0.051827109944579536,0.0,0.0,
inference,layer3.0.shortcut.1,BatchNorm2d,batchnorm,weight,256,0.7130449414253235,0.7804759740829468,0.7130449414253235,2.5033950805664062e-06,0.0,INT16,Sufficient,7.754912024326387e-06,1.607891038754409e-05,,,2.381896341083855e-05
inference,layer3.0.shortcut.1,BatchNorm2d,batchnorm,weight,256,0.7130449414253235,0.7804759740829468,0.7130449414253235,2.5033950805664062e-06,0.0,INT8,Sufficient,0.0020490776005689356,0.004195680406219662,,,0.006145480110889345
inference,layer3.0.shortcut.1,BatchNorm2d,batchnorm,bias,256,-0.05023399367928505,0.017748801037669182,5.1526552852010354e-05,2.6635825634002686e-07,0.0,FP16,Sufficient,0.00017775305935149204,0.0005461216502038231,0.0,0.0,
inference,layer3.0.shortcut.1,BatchNorm2d,batchnorm,bias,256,-0.05023399367928505,0.017748801037669182,5.1526552852010354e-05,2.6635825634002686e-07,0.0,FP8_E4M3,Not sufficient,0.09860587452573796,1.0,0.0,0.0234375,
inference,layer3.0.shortcut.1,BatchNorm2d,batchnorm,bias,256,-0.05023399367928505,0.017748801037669182,5.1526552852010354e-05,2.6635825634002686e-07,0.0,FP8_E5M2,Marginal,0.047481502378261126,0.11159655257795896,0.0,0.0,
inference,layer3.0.shortcut.1,BatchNorm2d,batchnorm,bias,256,-0.05023399367928505,0.017748801037669182,5.1526552852010354e-05,2.6635825634002686e-07,0.0,INT16,Sufficient,0.00012043008844446739,0.011600076599989616,,,1.5330666121184438e-06
inference,layer3.0.shortcut.1,BatchNorm2d,batchnorm,bias,256,-0.05023399367928505,0.017748801037669182,5.1526552852010354e-05,2.6635825634002686e-07,0.0,INT8,Marginal,0.02650084318452659,1.0,,,0.00039554325731720513
inference,layer3.0.shortcut.1,BatchNorm2d,batchnorm,input,163840000,-31.7228946685791,20.43154525756836,1.7134083041270287e-10,2.3283064365386963e-10,0.0,FP16,Sufficient,0.00017529429425221173,0.0004873288546057814,0.0,0.0,
inference,layer3.0.shortcut.1,BatchNorm2d,batchnorm,input,163840000,-31.7228946685791,20.43154525756836,1.7134083041270287e-10,2.3283064365386963e-10,0.0,FP8_E4M3,Marginal,0.025205165625949225,1.0,0.0,0.0015,
inference,layer3.0.shortcut.1,BatchNorm2d,batchnorm,input,163840000,-31.7228946685791,20.43154525756836,1.7134083041270287e-10,2.3283064365386963e-10,0.0,FP8_E5M2,Marginal,0.04480919518290682,0.11107920514587884,0.0,0.0,
inference,layer3.0.shortcut.1,BatchNorm2d,batchnorm,input,163840000,-31.7228946685791,20.43154525756836,1.7134083041270287e-10,2.3283064365386963e-10,0.0,INT16,Sufficient,0.00120001635787286,1.0,,,0.0003618208690511408
inference,layer3.0.shortcut.1,BatchNorm2d,batchnorm,input,163840000,-31.7228946685791,20.43154525756836,1.7134083041270287e-10,2.3283064365386963e-10,0.0,INT8,Not sufficient,0.13996502901552454,1.0,,,0.0933526331984152
inference,layer3.0.shortcut.1,BatchNorm2d,batchnorm,activation,163840000,-35.074283599853516,31.248573303222656,1.6068344432795811e-09,2.3283064365386963e-10,0.0,FP16,Sufficient,0.0001764038000339554,0.0004827149547462134,0.0,0.0,
inference,layer3.0.shortcut.1,BatchNorm2d,batchnorm,activation,163840000,-35.074283599853516,31.248573303222656,1.6068344432795811e-09,2.3283064365386963e-10,0.0,FP8_E4M3,Marginal,0.024527597258438408,1.0,0.0,0.0008,
inference,layer3.0.shortcut.1,BatchNorm2d,batchnorm,activation,163840000,-35.074283599853516,31.248573303222656,1.6068344432795811e-09,2.3283064365386963e-10,0.0,FP8_E5M2,Marginal,0.044619722001778585,0.3161061644781267,0.0,0.0,
inference,layer3.0.shortcut.1,BatchNorm2d,batchnorm,activation,163840000,-35.074283599853516,31.248573303222656,1.6068344432795811e-09,2.3283064365386963e-10,0.0,INT16,Sufficient,0.0013351595431335247,1.0,,,0.0004912013264233844
inference,layer3.0.shortcut.1,BatchNorm2d,batchnorm,activation,163840000,-35.074283599853516,31.248573303222656,1.6068344432795811e-09,2.3283064365386963e-10,0.0,INT8,Not sufficient,0.16404575992267859,1.0,,,0.1267338099442129
inference,layer3.1.conv1,Conv2d,conv,weight,589824,-0.04487672820687294,0.05213841050863266,3.6449738782806662e-09,7.275957614183426e-12,0.0,FP16,Sufficient,0.00018130086524009928,0.0560740495620177,0.0,0.0,
inference,layer3.1.conv1,Conv2d,conv,weight,589824,-0.04487672820687294,0.05213841050863266,3.6449738782806662e-09,7.275957614183426e-12,0.0,FP8_E4M3,Not sufficient,0.14711216645415953,1.0,0.0,0.0609,
inference,layer3.1.conv1,Conv2d,conv,weight,589824,-0.04487672820687294,0.05213841050863266,3.6449738782806662e-09,7.275957614183426e-12,0.0,FP8_E5M2,Marginal,0.04577107979360985,1.0,0.0,0.0005,
inference,layer3.1.conv1,Conv2d,conv,weight,589824,-0.04487672820687294,0.05213841050863266,3.6449738782806662e-09,7.275957614183426e-12,0.0,INT16,Sufficient,0.00023485519660851448,1.0,,,1.22000136475693e-06
inference,layer3.1.conv1,Conv2d,conv,weight,589824,-0.04487672820687294,0.05213841050863266,3.6449738782806662e-09,7.275957614183426e-12,0.0,INT8,Marginal,0.03205693711056792,1.0,,,0.00031476995841724667
inference,layer3.1.conv1,Conv2d,conv,input,163840000,0.0,71.61852264404297,2.2351741790771484e-08,1.862645149230957e-09,0.5242430419921875,FP16,Sufficient,8.350479641846456e-05,0.0019801980198019802,0.0,0.0,
inference,layer3.1.conv1,Conv2d,conv,input,163840000,0.0,71.61852264404297,2.2351741790771484e-08,1.862645149230957e-09,0.5242430419921875,FP8_E4M3,Sufficient,0.011802955997729837,1.0,0.0,0.001475081656305974,
inference,layer3.1.conv1,Conv2d,conv,input,163840000,0.0,71.61852264404297,2.2351741790771484e-08,1.862645149230957e-09,0.5242430419921875,FP8_E5M2,Marginal,0.021436561177371336,0.11105106819526041,0.0,0.0,
inference,layer3.1.conv1,Conv2d,conv,input,163840000,0.0,71.61852264404297,2.2351741790771484e-08,1.862645149230957e-09,0.5242430419921875,INT16,Sufficient,0.0005757627652279754,1.0,,,0.00038528765445189654
inference,layer3.1.conv1,Conv2d,conv,input,163840000,0.0,71.61852264404297,2.2351741790771484e-08,1.862645149230957e-09,0.5242430419921875,INT8,Marginal,0.044495918964563536,1.0,,,0.09940724860964797
inference,layer3.1.conv1,Conv2d,conv,activation,163840000,-55.560630798339844,60.15548324584961,7.450580596923828e-09,1.862645149230957e-09,6.103515625e-09,FP16,Sufficient,0.00017416912271439177,0.0004830604813086453,0.0,0.0,
inference,layer3.1.conv1,Conv2d,conv,activation,163840000,-55.560630798339844,60.15548324584961,7.450580596923828e-09,1.862645149230957e-09,6.103515625e-09,FP8_E4M3,Marginal,0.023871412760751037,1.0,0.0,0.0005,
inference,layer3.1.conv1,Conv2d,conv,activation,163840000,-55.560630798339844,60.15548324584961,7.450580596923828e-09,1.862645149230957e-09,6.103515625e-09,FP8_E5M2,Marginal,0.04539487839574166,0.1561911930748965,0.0,0.0,
inference,layer3.1.conv1,Conv2d,conv,activation,163840000,-55.560630798339844,60.15548324584961,7.450580596923828e-09,1.862645149230957e-09,6.103515625e-09,INT16,Sufficient,0.0015973062646118749,1.0,,,0.0010112365812065946
inference,layer3.1.conv1,Conv2d,conv,activation,163840000,-55.560630798339844,60.15548324584961,7.450580596923828e-09,1.862645149230957e-09,6.103515625e-09,INT8,Not sufficient,0.1917231368453967,1.0,,,0.2609070004440668
inference,layer3.1.bn1,BatchNorm2d,batchnorm,weight,256,0.7298619747161865,0.7841041684150696,0.7298619747161865,5.960464477539063e-08,0.0,FP16,Sufficient,0.00015387889255746105,0.0003296097014368852,0.0,0.0,
inference,layer3.1.bn1,BatchNorm2d,batchnorm,weight,256,0.7298619747161865,0.7841041684150696,0.7298619747161865,5.960464477539063e-08,0.0,FP8_E4M3,Sufficient,0.008776088034071,0.036214361214693784,0.0,0.0,
inference,layer3.1.bn1,BatchNorm2d,batchnorm,weight,256,0.7298619747161865,0.7841041684150696,0.7298619747161865,5.960464477539063e-08,0.0,FP8_E5M2,Sufficient,0.008804525825426967,0.04349443580182112,0.0,0.0,
inference,layer3.1.bn1,BatchNorm2d,batchnorm,weight,256,0.7298619747161865,0.7841041684150696,0.7298619747161865,5.960464477539063e-08,0.0,INT16,Sufficient,7.907192073492921e-06,1.6128354378306602e-05,,,2.39296904939442e-05
inference,layer3.1.bn1,BatchNorm2d,batchnorm,weight,256,0.7298619747161865,0.7841041684150696,0.7298619747161865,5.960464477539063e-08,0.0,INT8,Sufficient,0.0019692954619551393,0.004183223395709044,,,0.0061740485701973985
inference,layer3.1.bn1,BatchNorm2d,batchnorm,bias,256,-0.03837265074253082,0.008540279231965542,1.1052655281673651e-05,1.5329569578170776e-06,0.0,FP16,Sufficient,0.00019057903188877972,0.0023339186438898324,0.0,0.0,
inference,layer3.1.bn1,BatchNorm2d,batchnorm,bias,256,-0.03837265074253082,0.008540279231965542,1.1052655281673651e-05,1.5329569578170776e-06,0.0,FP8_E4M3,Not sufficient,0.12414754999747919,1.0,0.0,0.05859375,
inference,layer3.1.bn1,BatchNorm2d,batchnorm,bias,256,-0.03837265074253082,0.008540279231965542,1.1052655281673651e-05,1.5329569578170776e-06,0.0,FP8_E5M2,Marginal,0.04727828950519314,0.3805541450116984,0.0,0.0,
inference,layer3.1.bn1,BatchNorm2d,batchnorm,bias,256,-0.03837265074253082,0.008540279231965542,1.1052655281673651e-05,1.5329569578170776e-06,0.0,INT16,Sufficient,0.000280803863310279,0.046411502110147794,,,1.1710761053050576e-06
inference,layer3.1.bn1,BatchNorm2d,batchnorm,bias,256,-0.03837265074253082,0.008540279231965542,1.1052655281673651e-05,1.5329569578170776e-06,0.0,INT8,Marginal,0.030265139119365486,1.0,,,0.0003021468562404002
inference,layer3.1.bn1,BatchNorm2d,batchnorm,input,163840000,-55.560630798339844,60.15548324584961,7.450580596923828e-09,1.862645149230957e-09,6.103515625e-09,FP16,Sufficient,0.00017416912271439177,0.0004830604813086453,0.0,0.0,
inference,layer3.1.bn1,BatchNorm2d,batchnorm,input,163840000,-55.560630798339844,60.15548324584961,7.450580596923828e-09,1.862645149230957e-09,6.103515625e-09,FP8_E4M3,Marginal,0.023871412760751037,1.0,0.0,0.0005,
inference,layer3.1.bn1,BatchNorm2d,batchnorm,input,163840000,-55.560630798339844,60.15548324584961,7.450580596923828e-09,1.862645149230957e-09,6.103515625e-09,FP8_E5M2,Marginal,0.04539487839574166,0.1561911930748965,0.0,0.0,
inference,layer3.1.bn1,BatchNorm2d,batchnorm,input,163840000,-55.560630798339844,60.15548324584961,7.450580596923828e-09,1.862645149230957e-09,6.103515625e-09,INT16,Sufficient,0.0015973062646118749,1.0,,,0.0010112365812065946
inference,layer3.1.bn1,BatchNorm2d,batchnorm,input,163840000,-55.560630798339844,60.15548324584961,7.450580596923828e-09,1.862645149230957e-09,6.103515625e-09,INT8,Not sufficient,0.1917231368453967,1.0,,,0.2609070004440668
inference,layer3.1.bn1,BatchNorm2d,batchnorm,activation,163840000,-47.716636657714844,54.72195053100586,3.9134984142208395e-09,2.3283064365386963e-10,0.0,FP16,Sufficient,0.00017649646350626936,0.0016132621732281441,0.0,0.0,
inference,layer3.1.bn1,BatchNorm2d,batchnorm,activation,163840000,-47.716636657714844,54.72195053100586,3.9134984142208395e-09,2.3283064365386963e-10,0.0,FP8_E4M3,Marginal,0.024917500028039954,1.0,0.0,0.0011,
inference,layer3.1.bn1,BatchNorm2d,batchnorm,activation,163840000,-47.716636657714844,54.72195053100586,3.9134984142208395e-09,2.3283064365386963e-10,0.0,FP8_E5M2,Marginal,0.04520057621324721,0.5396807523111662,0.0,0.0,
inference,layer3.1.bn1,BatchNorm2d,batchnorm,activation,163840000,-47.716636657714844,54.72195053100586,3.9134984142208395e-09,2.3283064365386963e-10,0.0,INT16,Sufficient,0.0023217586445692467,1.0,,,0.0008816809425327228
inference,layer3.1.bn1,BatchNorm2d,batchnorm,activation,163840000,-47.716636657714844,54.72195053100586,3.9134984142208395e-09,2.3283064365386963e-10,0.0,INT8,Not sufficient,0.25579591256610207,1.0,,,0.22748062554306872
inference,layer3.1.conv2,Conv2d,conv,weight,589824,-0.04848252236843109,0.06336520612239838,1.0847946541048259e-08,1.4551915228366852e-11,0.0,FP16,Sufficient,0.00018665171157832347,0.16062378038184355,0.0,0.0,
inference,layer3.1.conv2,Conv2d,conv,weight,589824,-0.04848252236843109,0.06336520612239838,1.0847946541048259e-08,1.4551915228366852e-11,0.0,FP8_E4M3,Not sufficient,0.1478553000733676,1.0,0.0,0.06205,
inference,layer3.1.conv2,Conv2d,conv,weight,589824,-0.04848252236843109,0.06336520612239838,1.0847946541048259e-08,1.4551915228366852e-11,0.0,FP8_E5M2,Marginal,0.04546793709322047,1.0,0.0,0.00055,
inference,layer3.1.conv2,Conv2d,conv,weight,589824,-0.04848252236843109,0.06336520612239838,1.0847946541048259e-08,1.4551915228366852e-11,0.0,INT16,Sufficient,0.00029266396895675297,1.0,,,1.5318367103743488e-06
inference,layer3.1.conv2,Conv2d,conv,weight,589824,-0.04848252236843109,0.06336520612239838,1.0847946541048259e-08,1.4551915228366852e-11,0.0,INT8,Marginal,0.040804088725199826,1.0,,,0.0003952259329829629
inference,layer3.1.conv2,Conv2d,conv,input,163840000,0.0,54.72195053100586,4.0816296120738116e-08,2.3283064365386963e-10,0.5200201599121094,FP16,Sufficient,8.401047592551938e-05,0.0004800642402849484,0.0,0.0,
inference,layer3.1.conv2,Conv2d,conv,input,163840000,0.0,54.72195053100586,4.0816296120738116e-08,2.3283064365386963e-10,0.5200201599121094,FP8_E4M3,Sufficient,0.012067286199792823,1.0,0.0,0.0010447137484329294,
inference,layer3.1.conv2,Conv2d,conv,input,163840000,0.0,54.72195053100586,4.0816296120738116e-08,2.3283064365386963e-10,0.5200201599121094,FP8_E5M2,Marginal,0.02175454356129013,0.11103330331468984,0.0,0.0,
inference,layer3.1.conv2,Conv2d,conv,input,163840000,0.0,54.72195053100586,4.0816296120738116e-08,2.3283064365386963e-10,0.5200201599121094,INT16,Sufficient,0.0007145287076351203,1.0,,,0.0005704017853603723
inference,layer3.1.conv2,Conv2d,conv,input,163840000,0.0,54.72195053100586,4.0816296120738116e-08,2.3283064365386963e-10,0.5200201599121094,INT8,Marginal,0.09083664860670754,1.0,,,0.1471681519756167
inference,layer3.1.conv2,Conv2d,conv,activation,163840000,-98.50067138671875,88.81209564208984,1.4901161193847656e-08,9.313225746154785e-10,0.0,FP16,Sufficient,0.00017483030932768148,0.0009442870632672333,0.0,0.0,
inference,layer3.1.conv2,Conv2d,conv,activation,163840000,-98.50067138671875,88.81209564208984,1.4901161193847656e-08,9.313225746154785e-10,0.0,FP8_E4M3,Marginal,0.02477510284954925,1.0,0.0,0.00115,
inference,layer3.1.conv2,Conv2d,conv,activation,163840000,-98.50067138671875,88.81209564208984,1.4901161193847656e-08,9.313225746154785e-10,0.0,FP8_E5M2,Marginal,0.04481685151769576,0.11109349722162676,0.0,0.0,
inference,layer3.1.conv2,Conv2d,conv,activation,163840000,-98.50067138671875,88.81209564208984,1.4901161193847656e-08,9.313225746154785e-10,0.0,INT16,Sufficient,0.002132137283846924,1.0,,,0.0007909203803902721
inference,layer3.1.conv2,Conv2d,conv,activation,163840000,-98.50067138671875,88.81209564208984,1.4901161193847656e-08,9.313225746154785e-10,0.0,INT8,Not sufficient,0.22689453138314142,1.0,,,0.20406368586022083
inference,layer3.1.bn2,BatchNorm2d,batchnorm,weight,256,0.7277275323867798,0.7792598009109497,0.7277275323867798,1.1920928955078125e-07,0.0,FP16,Sufficient,0.00016946179618758004,0.0003304171504418179,0.0,0.0,
inference,layer3.1.bn2,BatchNorm2d,batchnorm,weight,256,0.7277275323867798,0.7792598009109497,0.7277275323867798,1.1920928955078125e-07,0.0,FP8_E4M3,Sufficient,0.009898280097713808,0.03754819750325269,0.0,0.0,
inference,layer3.1.bn2,BatchNorm2d,batchnorm,weight,256,0.7277275323867798,0.7792598009109497,0.7277275323867798,1.1920928955078125e-07,0.0,FP8_E5M2,Sufficient,0.009898280097713808,0.03754819750325269,0.0,0.0,
inference,layer3.1.bn2,BatchNorm2d,batchnorm,weight,256,0.7277275323867798,0.7792598009109497,0.7277275323867798,1.1920928955078125e-07,0.0,INT16,Sufficient,8.115669474358111e-06,1.5962121276062266e-05,,,2.3781847618364502e-05
inference,layer3.1.bn2,BatchNorm2d,batchnorm,weight,256,0.7277275323867798,0.7792598009109497,0.7277275323867798,1.1920928955078125e-07,0.0,INT8,Sufficient,0.0020343188173536165,0.004147622850929456,,,0.0061359039441807066
inference,layer3.1.bn2,BatchNorm2d,batchnorm,bias,256,-0.05658096447587013,0.015466833487153053,0.0002567324845585972,8.105998858809471e-07,0.0,FP16,Sufficient,0.0001736740262566132,0.0004363442406190939,0.0,0.0,
inference,layer3.1.bn2,BatchNorm2d,batchnorm,bias,256,-0.05658096447587013,0.015466833487153053,0.0002567324845585972,8.105998858809471e-07,0.0,FP8_E4M3,Not sufficient,0.11436130215516895,1.0,0.0,0.0234375,
inference,layer3.1.bn2,BatchNorm2d,batchnorm,bias,256,-0.05658096447587013,0.015466833487153053,0.0002567324845585972,8.105998858809471e-07,0.0,FP8_E5M2,Marginal,0.043327860411381834,0.10925461759285757,0.0,0.0,
inference,layer3.1.bn2,BatchNorm2d,batchnorm,bias,256,-0.05658096447587013,0.015466833487153053,0.0002567324845585972,8.105998858809471e-07,0.0,INT16,Sufficient,9.026768903032213e-05,0.002164719511540817,,,1.726766700517903e-06
inference,layer3.1.bn2,BatchNorm2d,batchnorm,bias,256,-0.05658096447587013,0.015466833487153053,0.0002567324845585972,8.105998858809471e-07,0.0,INT8,Marginal,0.025183305262361868,0.7353448905688663,,,0.00044551940532181204
inference,layer3.1.bn2,BatchNorm2d,batchnorm,input,163840000,-98.50067138671875,88.81209564208984,1.4901161193847656e-08,9.313225746154785e-10,0.0,FP16,Sufficient,0.00017483030932768148,0.0009442870632672333,0.0,0.0,
inference,layer3.1.bn2,BatchNorm2d,batchnorm,input,163840000,-98.50067138671875,88.81209564208984,1.4901161193847656e-08,9.313225746154785e-10,0.0,FP8_E4M3,Marginal,0.02477510284954925,1.0,0.0,0.00115,
inference,layer3.1.bn2,BatchNorm2d,batchnorm,input,163840000,-98.50067138671875,88.81209564208984,1.4901161193847656e-08,9.313225746154785e-10,0.0,FP8_E5M2,Marginal,0.04481685151769576,0.11109349722162676,0.0,0.0,
inference,layer3.1.bn2,BatchNorm2d,batchnorm,input,163840000,-98.50067138671875,88.81209564208984,1.4901161193847656e-08,9.313225746154785e-10,0.0,INT16,Sufficient,0.002132137283846924,1.0,,,0.0007909203803902721
inference,layer3.1.bn2,BatchNorm2d,batchnorm,input,163840000,-98.50067138671875,88.81209564208984,1.4901161193847656e-08,9.313225746154785e-10,0.0,INT8,Not sufficient,0.22689453138314142,1.0,,,0.20406368586022083
inference,layer3.1.bn2,BatchNorm2d,batchnorm,activation,163840000,-66.94577026367188,73.03794860839844,3.9721959055327716e-10,1.1641532182693481e-10,0.0,FP16,Sufficient,0.0001751114907596156,0.0035268868604624954,0.0,0.0,
inference,layer3.1.bn2,BatchNorm2d,batchnorm,activation,163840000,-66.94577026367188,73.03794860839844,3.9721959055327716e-10,1.1641532182693481e-10,0.0,FP8_E4M3,Marginal,0.025317963477418885,1.0,0.0,0.0016,
inference,layer3.1.bn2,BatchNorm2d,batchnorm,activation,163840000,-66.94577026367188,73.03794860839844,3.9721959055327716e-10,1.1641532182693481e-10,0.0,FP8_E5M2,Marginal,0.044882143007936824,1.0,0.0,5e-05,
inference,layer3.1.bn2,BatchNorm2d,batchnorm,activation,163840000,-66.94577026367188,73.03794860839844,3.9721959055327716e-10,1.1641532182693481e-10,0.0,INT16,Sufficient,0.00318195280886565,1.0,,,0.0009422917519846271
inference,layer3.1.bn2,BatchNorm2d,batchnorm,activation,163840000,-66.94577026367188,73.03794860839844,3.9721959055327716e-10,1.1641532182693481e-10,0.0,INT8,Not sufficient,0.317384755531062,1.0,,,0.24311869163212813
inference,layer4.0.conv1,Conv2d,conv,weight,1179648,-0.04481380060315132,0.058870989829301834,2.3691018036231526e-09,1.8189894035458565e-12,0.0,FP16,Sufficient,0.00017935406853453263,0.036482284090962346,0.0,0.0,
inference,layer4.0.conv1,Conv2d,conv,weight,1179648,-0.04481380060315132,0.058870989829301834,2.3691018036231526e-09,1.8189894035458565e-12,0.0,FP8_E4M3,Not sufficient,0.14869278592368468,1.0,0.0,0.06085,
inference,layer4.0.conv1,Conv2d,conv,weight,1179648,-0.04481380060315132,0.058870989829301834,2.3691018036231526e-09,1.8189894035458565e-12,0.0,FP8_E5M2,Marginal,0.04520423362318449,1.0,0.0,0.0006,
inference,layer4.0.conv1,Conv2d,conv,weight,1179648,-0.04481380060315132,0.058870989829301834,2.3691018036231526e-09,1.8189894035458565e-12,0.0,INT16,Sufficient,0.0002025916311158898,1.0,,,1.0572149214987737e-06
inference,layer4.0.conv1,Conv2d,conv,weight,1179648,-0.04481380060315132,0.058870989829301834,2.3691018036231526e-09,1.8189894035458565e-12,0.0,INT8,Marginal,0.028969695039810405,1.0,,,0.00027276977427362456
inference,layer4.0.conv1,Conv2d,conv,input,163840000,0.0,115.48590850830078,1.4901161193847656e-08,1.1641532182693481e-10,0.377115185546875,FP16,Sufficient,0.00010927756764554914,0.0004862592229009186,0.0,0.0,
inference,layer4.0.conv1,Conv2d,conv,input,163840000,0.0,115.48590850830078,1.4901161193847656e-08,1.1641532182693481e-10,0.377115185546875,FP8_E4M3,Sufficient,0.015200330698622255,1.0,0.0,0.0010410827260350765,
inference,layer4.0.conv1,Conv2d,conv,input,163840000,0.0,115.48590850830078,1.4901161193847656e-08,1.1641532182693481e-10,0.377115185546875,FP8_E5M2,Marginal,0.028059505069747234,0.11106142807826476,0.0,0.0,
inference,layer4.0.conv1,Conv2d,conv,input,163840000,0.0,115.48590850830078,1.4901161193847656e-08,1.1641532182693481e-10,0.377115185546875,INT16,Sufficient,0.0009427382347118115,1.0,,,0.00075297644225141
inference,layer4.0.conv1,Conv2d,conv,input,163840000,0.0,115.48590850830078,1.4901161193847656e-08,1.1641532182693481e-10,0.377115185546875,INT8,Not sufficient,0.10970346069021888,1.0,,,0.19427385104922798
inference,layer4.0.conv1,Conv2d,conv,activation,81920000,-136.05307006835938,187.12448120117188,4.470348358154297e-08,9.313225746154785e-10,0.0,FP16,Sufficient,0.0001740236334486157,0.00048375558284922027,0.0,0.0,
inference,layer4.0.conv1,Conv2d,conv,activation,81920000,-136.05307006835938,187.12448120117188,4.470348358154297e-08,9.313225746154785e-10,0.0,FP8_E4M3,Marginal,0.023976866392138904,1.0,0.0,0.00085,
inference,layer4.0.conv1,Conv2d,conv,activation,81920000,-136.05307006835938,187.12448120117188,4.470348358154297e-08,9.313225746154785e-10,0.0,FP8_E5M2,Marginal,0.04506672835328114,0.1678179601787891,0.0,0.0,
inference,layer4.0.conv1,Conv2d,conv,activation,81920000,-136.05307006835938,187.12448120117188,4.470348358154297e-08,9.313225746154785e-10,0.0,INT16,Sufficient,0.003173335765951128,1.0,,,0.001707273366799283
inference,layer4.0.conv1,Conv2d,conv,activation,81920000,-136.05307006835938,187.12448120117188,4.470348358154297e-08,9.313225746154785e-10,0.0,INT8,Not sufficient,0.32558231170423485,1.0,,,0.44048997173159143
inference,layer4.0.bn1,BatchNorm2d,batchnorm,weight,512,0.7320557236671448,0.7781988978385925,0.7320557236671448,5.960464477539063e-08,0.0,FP16,Sufficient,0.0001623006932257221,0.0003284487827446309,0.0,0.0,
inference,layer4.0.bn1,BatchNorm2d,batchnorm,weight,512,0.7320557236671448,0.7781988978385925,0.7320557236671448,5.960464477539063e-08,0.0,FP8_E4M3,Sufficient,0.008206939413914614,0.03623610611234932,0.0,0.0,
inference,layer4.0.bn1,BatchNorm2d,batchnorm,weight,512,0.7320557236671448,0.7781988978385925,0.7320557236671448,5.960464477539063e-08,0.0,FP8_E5M2,Sufficient,0.008206939413914614,0.03623610611234932,0.0,0.0,
inference,layer4.0.bn1,BatchNorm2d,batchnorm,weight,512,0.7320557236671448,0.7781988978385925,0.7320557236671448,5.960464477539063e-08,0.0,INT16,Sufficient,7.92760011739236e-06,1.600538013414079e-05,,,2.3749470437897658e-05
inference,layer4.0.bn1,BatchNorm2d,batchnorm,weight,512,0.7320557236671448,0.7781988978385925,0.7320557236671448,5.960464477539063e-08,0.0,INT8,Sufficient,0.0018523461887702411,0.00411218054944996,,,0.0061275503766818305
inference,layer4.0.bn1,BatchNorm2d,batchnorm,bias,512,-0.029124470427632332,0.008735163137316704,1.1416764209570829e-06,4.1443854570388794e-08,0.0,FP16,Sufficient,0.00018592209363519724,0.008047963552543582,0.0,0.0,
inference,layer4.0.bn1,BatchNorm2d,batchnorm,bias,512,-0.029124470427632332,0.008735163137316704,1.1416764209570829e-06,4.1443854570388794e-08,0.0,FP8_E4M3,Not sufficient,0.19932758362769826,1.0,0.0,0.099609375,
inference,layer4.0.bn1,BatchNorm2d,batchnorm,bias,512,-0.029124470427632332,0.008735163137316704,1.1416764209570829e-06,4.1443854570388794e-08,0.0,FP8_E5M2,Marginal,0.04620021028863906,1.0,0.0,0.001953125,
inference,layer4.0.bn1,BatchNorm2d,batchnorm,bias,512,-0.029124470427632332,0.008735163137316704,1.1416764209570829e-06,4.1443854570388794e-08,0.0,INT16,Sufficient,0.0005668182399334811,0.22146467211438556,,,8.888354267290973e-07
inference,layer4.0.bn1,BatchNorm2d,batchnorm,bias,512,-0.029124470427632332,0.008735163137316704,1.1416764209570829e-06,4.1443854570388794e-08,0.0,INT8,Marginal,0.03861743228715572,1.0,,,0.00022932653880025457
inference,layer4.0.bn1,BatchNorm2d,batchnorm,input,81920000,-136.05307006835938,187.12448120117188,4.470348358154297e-08,9.313225746154785e-10,0.0,FP16,Sufficient,0.0001740236334486157,0.00048375558284922027,0.0,0.0,
inference,layer4.0.bn1,BatchNorm2d,batchnorm,input,81920000,-136.05307006835938,187.12448120117188,4.470348358154297e-08,9.313225746154785e-10,0.0,FP8_E4M3,Marginal,0.023976866392138904,1.0,0.0,0.00085,
inference,layer4.0.bn1,BatchNorm2d,batchnorm,input,81920000,-136.05307006835938,187.12448120117188,4.470348358154297e-08,9.313225746154785e-10,0.0,FP8_E5M2,Marginal,0.04506672835328114,0.1678179601787891,0.0,0.0,
inference,layer4.0.bn1,BatchNorm2d,batchnorm,input,81920000,-136.05307006835938,187.12448120117188,4.470348358154297e-08,9.313225746154785e-10,0.0,INT16,Sufficient,0.003173335765951128,1.0,,,0.001707273366799283
inference,layer4.0.bn1,BatchNorm2d,batchnorm,input,81920000,-136.05307006835938,187.12448120117188,4.470348358154297e-08,9.313225746154785e-10,0.0,INT8,Not sufficient,0.32558231170423485,1.0,,,0.44048997173159143
inference,layer4.0.bn1,BatchNorm2d,batchnorm,activation,81920000,-66.73471069335938,72.78877258300781,1.700927731995705e-10,2.3283064365386963e-10,0.0,FP16,Sufficient,0.0001765324605168039,0.00048448635790285466,0.0,0.0,
inference,layer4.0.bn1,BatchNorm2d,batchnorm,activation,81920000,-66.73471069335938,72.78877258300781,1.700927731995705e-10,2.3283064365386963e-10,0.0,FP8_E4M3,Marginal,0.02537481616802942,1.0,0.0,0.0015,
inference,layer4.0.bn1,BatchNorm2d,batchnorm,activation,81920000,-66.73471069335938,72.78877258300781,1.700927731995705e-10,2.3283064365386963e-10,0.0,FP8_E5M2,Marginal,0.04502862375690684,0.11109345075632589,0.0,0.0,
inference,layer4.0.bn1,BatchNorm2d,batchnorm,activation,81920000,-66.73471069335938,72.78877258300781,1.700927731995705e-10,2.3283064365386963e-10,0.0,INT16,Sufficient,0.003908995767048669,1.0,,,0.001258673257385658
inference,layer4.0.bn1,BatchNorm2d,batchnorm,activation,81920000,-66.73471069335938,72.78877258300781,1.700927731995705e-10,2.3283064365386963e-10,0.0,INT8,Not sufficient,0.356481068658038,1.0,,,0.32474761121855006
inference,layer4.0.conv2,Conv2d,conv,weight,2359296,-0.03592676296830177,0.055449843406677246,1.4337191156510443e-11,3.637978807091713e-12,0.0,FP16,Sufficient,0.00018085937636069013,0.01921536116926098,0.0,0.0,
inference,layer4.0.conv2,Conv2d,conv,weight,2359296,-0.03592676296830177,0.055449843406677246,1.4337191156510443e-11,3.637978807091713e-12,0.0,FP8_E4M3,Not sufficient,0.1967357580552782,1.0,0.0,0.08795,
inference,layer4.0.conv2,Conv2d,conv,weight,2359296,-0.03592676296830177,0.055449843406677246,1.4337191156510443e-11,3.637978807091713e-12,0.0,FP8_E5M2,Marginal,0.0462087370105309,1.0,0.0,0.0007,
inference,layer4.0.conv2,Conv2d,conv,weight,2359296,-0.03592676296830177,0.055449843406677246,1.4337191156510443e-11,3.637978807091713e-12,0.0,INT16,Sufficient,0.0003015145791584519,1.0,,,1.238466830774139e-06
inference,layer4.0.conv2,Conv2d,conv,weight,2359296,-0.03592676296830177,0.055449843406677246,1.4337191156510443e-11,3.637978807091713e-12,0.0,INT8,Marginal,0.04557856231212973,1.0,,,0.0003195341940470568
inference,layer4.0.conv2,Conv2d,conv,input,81920000,0.0,72.78877258300781,2.8384157246819086e-08,4.656612873077393e-10,0.5042335327148437,FP16,Sufficient,8.707942113563763e-05,0.000481963312404568,0.0,0.0,
inference,layer4.0.conv2,Conv2d,conv,input,81920000,0.0,72.78877258300781,2.8384157246819086e-08,4.656612873077393e-10,0.5042335327148437,FP8_E4M3,Sufficient,0.012547229089235746,1.0,0.0,0.0017297517297517298,
inference,layer4.0.conv2,Conv2d,conv,input,81920000,0.0,72.78877258300781,2.8384157246819086e-08,4.656612873077393e-10,0.5042335327148437,FP8_E5M2,Marginal,0.02224842094948554,0.11109133155147757,0.0,0.0,
inference,layer4.0.conv2,Conv2d,conv,input,81920000,0.0,72.78877258300781,2.8384157246819086e-08,4.656612873077393e-10,0.5042335327148437,INT16,Sufficient,0.001964659614306572,1.0,,,0.001258673257385658
inference,layer4.0.conv2,Conv2d,conv,input,81920000,0.0,72.78877258300781,2.8384157246819086e-08,4.656612873077393e-10,0.5042335327148437,INT8,Not sufficient,0.1756793556817947,1.0,,,0.32474761121855006
inference,layer4.0.conv2,Conv2d,conv,activation,81920000,-156.9499969482422,138.34613037109375,1.4901161193847656e-08,9.313225746154785e-10,0.0,FP16,Sufficient,0.00017534817359791445,0.0004844805828783754,0.0,0.0,
inference,layer4.0.conv2,Conv2d,conv,activation,81920000,-156.9499969482422,138.34613037109375,1.4901161193847656e-08,9.313225746154785e-10,0.0,FP8_E4M3,Marginal,0.02431312203306033,1.0,0.0,0.0009,
inference,layer4.0.conv2,Conv2d,conv,activation,81920000,-156.9499969482422,138.34613037109375,1.4901161193847656e-08,9.313225746154785e-10,0.0,FP8_E5M2,Marginal,0.04512093525864164,0.11108671521708607,0.0,0.0,
inference,layer4.0.conv2,Conv2d,conv,activation,81920000,-156.9499969482422,138.34613037109375,1.4901161193847656e-08,9.313225746154785e-10,0.0,INT16,Sufficient,0.003803226292357576,1.0,,,0.0019403382493217976
inference,layer4.0.conv2,Conv2d,conv,activation,81920000,-156.9499969482422,138.34613037109375,1.4901161193847656e-08,9.313225746154785e-10,0.0,INT8,Not sufficient,0.3774627602547462,1.0,,,0.5006225465789554
inference,layer4.0.bn2,BatchNorm2d,batchnorm,weight,512,0.6710940003395081,0.7673681974411011,0.6710940003395081,5.960464477539063e-08,0.0,FP16,Sufficient,0.00016701290277658788,0.0003383268839168653,0.0,0.0,
inference,layer4.0.bn2,BatchNorm2d,batchnorm,weight,512,0.6710940003395081,0.7673681974411011,0.6710940003395081,5.960464477539063e-08,0.0,FP8_E4M3,Sufficient,0.016451506604473094,0.042570187553747675,0.0,0.0,
inference,layer4.0.bn2,BatchNorm2d,batchnorm,weight,512,0.6710940003395081,0.7673681974411011,0.6710940003395081,5.960464477539063e-08,0.0,FP8_E5M2,Sufficient,0.017266417702849455,0.08767435823695423,0.0,0.0,
inference,layer4.0.bn2,BatchNorm2d,batchnorm,weight,512,0.6710940003395081,0.7673681974411011,0.6710940003395081,5.960464477539063e-08,0.0,INT16,Sufficient,8.06613110958523e-06,1.6038453076103783e-05,,,2.3418933605185126e-05
inference,layer4.0.bn2,BatchNorm2d,batchnorm,weight,512,0.6710940003395081,0.7673681974411011,0.6710940003395081,5.960464477539063e-08,0.0,INT8,Sufficient,0.0020952019788471167,0.0041622954175084435,,,0.006042269271189772
inference,layer4.0.bn2,BatchNorm2d,batchnorm,bias,512,-0.10345891863107681,-0.0005620822194032371,0.0005620822194032371,5.587935447692871e-08,0.0,FP16,Sufficient,0.0001800394538156495,0.0004574673550461152,0.0,0.0,
inference,layer4.0.bn2,BatchNorm2d,batchnorm,bias,512,-0.10345891863107681,-0.0005620822194032371,0.0005620822194032371,5.587935447692871e-08,0.0,FP8_E4M3,Marginal,0.024645717002034575,1.0,0.0,0.001953125,
inference,layer4.0.bn2,BatchNorm2d,batchnorm,bias,512,-0.10345891863107681,-0.0005620822194032371,0.0005620822194032371,5.587935447692871e-08,0.0,FP8_E5M2,Marginal,0.04622597029983857,0.11100522887730684,0.0,0.0,
inference,layer4.0.bn2,BatchNorm2d,batchnorm,bias,512,-0.10345891863107681,-0.0005620822194032371,0.0005620822194032371,5.587935447692871e-08,0.0,INT16,Sufficient,2.1073294828931776e-05,0.00011187941353589355,,,3.15741198861894e-06
inference,layer4.0.bn2,BatchNorm2d,batchnorm,bias,512,-0.10345891863107681,-0.0005620822194032371,0.0005620822194032371,5.587935447692871e-08,0.0,INT8,Sufficient,0.006240017492287579,0.44932027104559275,,,0.0008146371545754079
inference,layer4.0.bn2,BatchNorm2d,batchnorm,input,81920000,-156.9499969482422,138.34613037109375,1.4901161193847656e-08,9.313225746154785e-10,0.0,FP16,Sufficient,0.00017534817359791445,0.0004844805828783754,0.0,0.0,
inference,layer4.0.bn2,BatchNorm2d,batchnorm,input,81920000,-156.9499969482422,138.34613037109375,1.4901161193847656e-08,9.313225746154785e-10,0.0,FP8_E4M3,Marginal,0.02431312203306033,1.0,0.0,0.0009,
inference,layer4.0.bn2,BatchNorm2d,batchnorm,input,81920000,-156.9499969482422,138.34613037109375,1.4901161193847656e-08,9.313225746154785e-10,0.0,FP8_E5M2,Marginal,0.04512093525864164,0.11108671521708607,0.0,0.0,
inference,layer4.0.bn2,BatchNorm2d,batchnorm,input,81920000,-156.9499969482422,138.34613037109375,1.4901161193847656e-08,9.313225746154785e-10,0.0,INT16,Sufficient,0.003803226292357576,1.0,,,0.0019403382493217976
inference,layer4.0.bn2,BatchNorm2d,batchnorm,input,81920000,-156.9499969482422,138.34613037109375,1.4901161193847656e-08,9.313225746154785e-10,0.0,INT8,Not sufficient,0.3774627602547462,1.0,,,0.5006225465789554
inference,layer4.0.bn2,BatchNorm2d,batchnorm,activation,81920000,-82.46478271484375,87.31037139892578,6.153028309086039e-09,1.1641532182693481e-10,0.0,FP16,Sufficient,0.00017616211407998157,0.0016620317441122798,0.0,0.0,
inference,layer4.0.bn2,BatchNorm2d,batchnorm,activation,81920000,-82.46478271484375,87.31037139892578,6.153028309086039e-09,1.1641532182693481e-10,0.0,FP8_E4M3,Marginal,0.0255404401789748,1.0,0.0,0.0013,
inference,layer4.0.bn2,BatchNorm2d,batchnorm,activation,81920000,-82.46478271484375,87.31037139892578,6.153028309086039e-09,1.1641532182693481e-10,0.0,FP8_E5M2,Marginal,0.04489377893273502,0.2948343720630736,0.0,0.0,
inference,layer4.0.bn2,BatchNorm2d,batchnorm,activation,81920000,-82.46478271484375,87.31037139892578,6.153028309086039e-09,1.1641532182693481e-10,0.0,INT16,Sufficient,0.0051389921695397045,1.0,,,0.0014903656777949352
inference,layer4.0.bn2,BatchNorm2d,batchnorm,activation,81920000,-82.46478271484375,87.31037139892578,6.153028309086039e-09,1.1641532182693481e-10,0.0,INT8,Not sufficient,0.49999561961001254,1.0,,,0.38452608003391053
inference,layer4.0.shortcut.0,Conv2d,conv,weight,131072,-0.10430829972028732,0.11988744139671326,6.977835482757655e-07,1.1641532182693481e-10,0.0,FP16,Sufficient,0.00017638698616056803,0.005097025659709967,0.0,0.0,
inference,layer4.0.shortcut.0,Conv2d,conv,weight,131072,-0.10430829972028732,0.11988744139671326,6.977835482757655e-07,1.1641532182693481e-10,0.0,FP8_E4M3,Not sufficient,0.06537844463301543,1.0,0.0,0.01985,
inference,layer4.0.shortcut.0,Conv2d,conv,weight,131072,-0.10430829972028732,0.11988744139671326,6.977835482757655e-07,1.1641532182693481e-10,0.0,FP8_E5M2,Marginal,0.045000767228400684,1.0,0.0,0.0001,
inference,layer4.0.shortcut.0,Conv2d,conv,weight,131072,-0.10430829972028732,0.11988744139671326,6.977835482757655e-07,1.1641532182693481e-10,0.0,INT16,Sufficient,0.000180938940624804,0.264436399814399,,,3.333105351391043e-06
inference,layer4.0.shortcut.0,Conv2d,conv,weight,131072,-0.10430829972028732,0.11988744139671326,6.977835482757655e-07,1.1641532182693481e-10,0.0,INT8,Marginal,0.031152066590059185,1.0,,,0.0008599674255829158
inference,layer4.0.shortcut.0,Conv2d,conv,input,163840000,0.0,115.48590850830078,1.4901161193847656e-08,1.1641532182693481e-10,0.377115185546875,FP16,Sufficient,0.00010927756764554914,0.0004862592229009186,0.0,0.0,
inference,layer4.0.shortcut.0,Conv2d,conv,input,163840000,0.0,115.48590850830078,1.4901161193847656e-08,1.1641532182693481e-10,0.377115185546875,FP8_E4M3,Sufficient,0.015200330698622255,1.0,0.0,0.0010410827260350765,
inference,layer4.0.shortcut.0,Conv2d,conv,input,163840000,0.0,115.48590850830078,1.4901161193847656e-08,1.1641532182693481e-10,0.377115185546875,FP8_E5M2,Marginal,0.028059505069747234,0.11106142807826476,0.0,0.0,
inference,layer4.0.shortcut.0,Conv2d,conv,input,163840000,0.0,115.48590850830078,1.4901161193847656e-08,1.1641532182693481e-10,0.377115185546875,INT16,Sufficient,0.0009427382347118115,1.0,,,0.00075297644225141
inference,layer4.0.shortcut.0,Conv2d,conv,input,163840000,0.0,115.48590850830078,1.4901161193847656e-08,1.1641532182693481e-10,0.377115185546875,INT8,Not sufficient,0.10970346069021888,1.0,,,0.19427385104922798
inference,layer4.0.shortcut.0,Conv2d,conv,activation,81920000,-105.02796173095703,95.024658203125,7.3775971998202294e-09,2.3283064365386963e-10,0.0,FP16,Sufficient,0.00017524011807690688,0.0004873288546057814,0.0,0.0,
inference,layer4.0.shortcut.0,Conv2d,conv,activation,81920000,-105.02796173095703,95.024658203125,7.3775971998202294e-09,2.3283064365386963e-10,0.0,FP8_E4M3,Marginal,0.024318883723777003,1.0,0.0,0.00075,
inference,layer4.0.shortcut.0,Conv2d,conv,activation,81920000,-105.02796173095703,95.024658203125,7.3775971998202294e-09,2.3283064365386963e-10,0.0,FP8_E5M2,Marginal,0.04473149561241331,0.11110075008418924,0.0,0.0,
inference,layer4.0.shortcut.0,Conv2d,conv,activation,81920000,-105.02796173095703,95.024658203125,7.3775971998202294e-09,2.3283064365386963e-10,0.0,INT16,Sufficient,0.0026154399788882055,1.0,,,0.0012363598337760504
inference,layer4.0.shortcut.0,Conv2d,conv,activation,81920000,-105.02796173095703,95.024658203125,7.3775971998202294e-09,2.3283064365386963e-10,0.0,INT8,Not sufficient,0.28643659352267636,1.0,,,0.3189905722310224
inference,layer4.0.shortcut.1,BatchNorm2d,batchnorm,weight,512,0.6747239232063293,0.7755605578422546,0.6747239232063293,5.960464477539063e-08,0.0,FP16,Sufficient,0.00016647389192905588,0.00033741837598321437,0.0,0.0,
inference,layer4.0.shortcut.1,BatchNorm2d,batchnorm,weight,512,0.6747239232063293,0.7755605578422546,0.6747239232063293,5.960464477539063e-08,0.0,FP8_E4M3,Sufficient,0.018882038420862522,0.04327503261967339,0.0,0.0,
inference,layer4.0.shortcut.1,BatchNorm2d,batchnorm,weight,512,0.6747239232063293,0.7755605578422546,0.6747239232063293,5.960464477539063e-08,0.0,FP8_E5M2,Marginal,0.020227709783336024,0.0892238013173464,0.0,0.0,
inference,layer4.0.shortcut.1,BatchNorm2d,batchnorm,weight,512,0.6747239232063293,0.7755605578422546,0.6747239232063293,5.960464477539063e-08,0.0,INT16,Sufficient,7.517790533300194e-06,1.5987638476471195e-05,,,2.3668952233718517e-05
inference,layer4.0.shortcut.1,BatchNorm2d,batchnorm,weight,512,0.6747239232063293,0.7755605578422546,0.6747239232063293,5.960464477539063e-08,0.0,INT8,Sufficient,0.0020304179426445363,0.004414484270773328,,,0.006106776046002005
inference,layer4.0.shortcut.1,BatchNorm2d,batchnorm,bias,512,-0.10345891863107681,-0.0005620822194032371,0.0005620822194032371,5.587935447692871e-08,0.0,FP16,Sufficient,0.0001800394538156495,0.0004574673550461152,0.0,0.0,
inference,layer4.0.shortcut.1,BatchNorm2d,batchnorm,bias,512,-0.10345891863107681,-0.0005620822194032371,0.0005620822194032371,5.587935447692871e-08,0.0,FP8_E4M3,Marginal,0.024645717002034575,1.0,0.0,0.001953125,
inference,layer4.0.shortcut.1,BatchNorm2d,batchnorm,bias,512,-0.10345891863107681,-0.0005620822194032371,0.0005620822194032371,5.587935447692871e-08,0.0,FP8_E5M2,Marginal,0.04622597029983857,0.11100522887730684,0.0,0.0,
inference,layer4.0.shortcut.1,BatchNorm2d,batchnorm,bias,512,-0.10345891863107681,-0.0005620822194032371,0.0005620822194032371,5.587935447692871e-08,0.0,INT16,Sufficient,2.1073294828931776e-05,0.00011187941353589355,,,3.15741198861894e-06
inference,layer4.0.shortcut.1,BatchNorm2d,batchnorm,bias,512,-0.10345891863107681,-0.0005620822194032371,0.0005620822194032371,5.587935447692871e-08,0.0,INT8,Sufficient,0.006240017492287579,0.44932027104559275,,,0.0008146371545754079
inference,layer4.0.shortcut.1,BatchNorm2d,batchnorm,input,81920000,-105.02796173095703,95.024658203125,7.3775971998202294e-09,2.3283064365386963e-10,0.0,FP16,Sufficient,0.00017524011807690688,0.0004873288546057814,0.0,0.0,
inference,layer4.0.shortcut.1,BatchNorm2d,batchnorm,input,81920000,-105.02796173095703,95.024658203125,7.3775971998202294e-09,2.3283064365386963e-10,0.0,FP8_E4M3,Marginal,0.024318883723777003,1.0,0.0,0.00075,
inference,layer4.0.shortcut.1,BatchNorm2d,batchnorm,input,81920000,-105.02796173095703,95.024658203125,7.3775971998202294e-09,2.3283064365386963e-10,0.0,FP8_E5M2,Marginal,0.04473149561241331,0.11110075008418924,0.0,0.0,
inference,layer4.0.shortcut.1,BatchNorm2d,batchnorm,input,81920000,-105.02796173095703,95.024658203125,7.3775971998202294e-09,2.3283064365386963e-10,0.0,INT16,Sufficient,0.0026154399788882055,1.0,,,0.0012363598337760504
inference,layer4.0.shortcut.1,BatchNorm2d,batchnorm,input,81920000,-105.02796173095703,95.024658203125,7.3775971998202294e-09,2.3283064365386963e-10,0.0,INT8,Not sufficient,0.28643659352267636,1.0,,,0.3189905722310224
inference,layer4.0.shortcut.1,BatchNorm2d,batchnorm,activation,81920000,-78.98338317871094,71.33379364013672,3.167506257284458e-10,4.3655745685100555e-11,0.0,FP16,Sufficient,0.00017759362083646425,0.0007000948791268285,0.0,0.0,
inference,layer4.0.shortcut.1,BatchNorm2d,batchnorm,activation,81920000,-78.98338317871094,71.33379364013672,3.167506257284458e-10,4.3655745685100555e-11,0.0,FP8_E4M3,Marginal,0.025557945245823156,1.0,0.0,0.00125,
inference,layer4.0.shortcut.1,BatchNorm2d,batchnorm,activation,81920000,-78.98338317871094,71.33379364013672,3.167506257284458e-10,4.3655745685100555e-11,0.0,FP8_E5M2,Marginal,0.0452143108492265,0.14871792624609675,0.0,0.0,
inference,layer4.0.shortcut.1,BatchNorm2d,batchnorm,activation,81920000,-78.98338317871094,71.33379364013672,3.167506257284458e-10,4.3655745685100555e-11,0.0,INT16,Sufficient,0.0036418325756164853,1.0,,,0.0010697878243470828
inference,layer4.0.shortcut.1,BatchNorm2d,batchnorm,activation,81920000,-78.98338317871094,71.33379364013672,3.167506257284458e-10,4.3655745685100555e-11,0.0,INT8,Not sufficient,0.375067546689902,1.0,,,0.2760136822077233
inference,layer4.1.conv1,Conv2d,conv,weight,2359296,-0.04117779806256294,0.05031806603074074,7.073561181236698e-10,1.8189894035458565e-12,0.0,FP16,Sufficient,0.00018141692492512211,0.019587347434576966,0.0,0.0,
inference,layer4.1.conv1,Conv2d,conv,weight,2359296,-0.04117779806256294,0.05031806603074074,7.073561181236698e-10,1.8189894035458565e-12,0.0,FP8_E4M3,Not sufficient,0.1943178515447195,1.0,0.0,0.0877,
inference,layer4.1.conv1,Conv2d,conv,weight,2359296,-0.04117779806256294,0.05031806603074074,7.073561181236698e-10,1.8189894035458565e-12,0.0,FP8_E5M2,Marginal,0.046167457497858194,1.0,0.0,0.00075,
inference,layer4.1.conv1,Conv2d,conv,weight,2359296,-0.04117779806256294,0.05031806603074074,7.073561181236698e-10,1.8189894035458565e-12,0.0,INT16,Sufficient,0.0002892723127063533,0.2915927921176049,,,1.1005469589036651e-06
inference,layer4.1.conv1,Conv2d,conv,weight,2359296,-0.04117779806256294,0.05031806603074074,7.073561181236698e-10,1.8189894035458565e-12,0.0,INT8,Marginal,0.040740027683441614,1.0,,,0.0002839497811212314
inference,layer4.1.conv1,Conv2d,conv,input,81920000,0.0,69.61309051513672,5.960464477539063e-08,9.313225746154785e-10,0.5262186279296875,FP16,Sufficient,8.269251562703025e-05,0.00048238082786367597,0.0,0.0,
inference,layer4.1.conv1,Conv2d,conv,input,81920000,0.0,69.61309051513672,5.960464477539063e-08,9.313225746154785e-10,0.5262186279296875,FP8_E4M3,Sufficient,0.011880274063981684,1.0,0.0,0.001488253428298076,
inference,layer4.1.conv1,Conv2d,conv,input,81920000,0.0,69.61309051513672,5.960464477539063e-08,9.313225746154785e-10,0.5262186279296875,FP8_E5M2,Marginal,0.02096763939750137,0.11108709199783108,0.0,0.0,
inference,layer4.1.conv1,Conv2d,conv,input,81920000,0.0,69.61309051513672,5.960464477539063e-08,9.313225746154785e-10,0.5262186279296875,INT16,Sufficient,0.001239022190806744,1.0,,,0.0007814625110137844
inference,layer4.1.conv1,Conv2d,conv,input,81920000,0.0,69.61309051513672,5.960464477539063e-08,9.313225746154785e-10,0.5262186279296875,INT8,Not sufficient,0.11657335585624358,1.0,,,0.2016234810896746
inference,layer4.1.conv1,Conv2d,conv,activation,81920000,-49.388465881347656,46.701454162597656,1.4901161193847656e-08,9.313225746154785e-10,1.220703125e-08,FP16,Sufficient,0.00017725095438217973,0.00048308391321119935,0.0,0.0,
inference,layer4.1.conv1,Conv2d,conv,activation,81920000,-49.388465881347656,46.701454162597656,1.4901161193847656e-08,9.313225746154785e-10,1.220703125e-08,FP8_E4M3,Marginal,0.02482772510708919,1.0,0.0,0.001,
inference,layer4.1.conv1,Conv2d,conv,activation,81920000,-49.388465881347656,46.701454162597656,1.4901161193847656e-08,9.313225746154785e-10,1.220703125e-08,FP8_E5M2,Marginal,0.04492508134531292,0.1111094156868704,0.0,0.0,
inference,layer4.1.conv1,Conv2d,conv,activation,81920000,-49.388465881347656,46.701454162597656,1.4901161193847656e-08,9.313225746154785e-10,1.220703125e-08,INT16,Sufficient,0.000985051992659448,1.0,,,0.0003118285378418192
inference,layer4.1.conv1,Conv2d,conv,activation,81920000,-49.388465881347656,46.701454162597656,1.4901161193847656e-08,9.313225746154785e-10,1.220703125e-08,INT8,Not sufficient,0.12507806329577484,1.0,,,0.08045421810600702
inference,layer4.1.bn1,BatchNorm2d,batchnorm,weight,512,0.7188950181007385,0.8089069128036499,0.7188950181007385,1.1920928955078125e-07,0.0,FP16,Sufficient,0.0001643782678026237,0.00033189512114171923,0.0,0.0,
inference,layer4.1.bn1,BatchNorm2d,batchnorm,weight,512,0.7188950181007385,0.8089069128036499,0.7188950181007385,1.1920928955078125e-07,0.0,FP8_E4M3,Sufficient,0.0074483835967703894,0.043267766664231835,0.0,0.0,
inference,layer4.1.bn1,BatchNorm2d,batchnorm,weight,512,0.7188950181007385,0.8089069128036499,0.7188950181007385,1.1920928955078125e-07,0.0,FP8_E5M2,Sufficient,0.007581953258628253,0.07282285745275696,0.0,0.0,
inference,layer4.1.bn1,BatchNorm2d,batchnorm,weight,512,0.7188950181007385,0.8089069128036499,0.7188950181007385,1.1920928955078125e-07,0.0,INT16,Sufficient,7.99542359226244e-06,1.6491778545119847e-05,,,2.4686633283597824e-05
inference,layer4.1.bn1,BatchNorm2d,batchnorm,weight,512,0.7188950181007385,0.8089069128036499,0.7188950181007385,1.1920928955078125e-07,0.0,INT8,Sufficient,0.0021653377501088837,0.004286937269751317,,,0.00636934577010748
inference,layer4.1.bn1,BatchNorm2d,batchnorm,bias,512,-0.039829742163419724,0.004330662544816732,0.00011320490011712536,3.259629011154175e-08,0.0,FP16,Sufficient,0.0001764144528160446,0.0004685877072999599,0.0,0.0,
inference,layer4.1.bn1,BatchNorm2d,batchnorm,bias,512,-0.039829742163419724,0.004330662544816732,0.00011320490011712536,3.259629011154175e-08,0.0,FP8_E4M3,Not sufficient,0.10544421008443788,1.0,0.0,0.041015625,
inference,layer4.1.bn1,BatchNorm2d,batchnorm,bias,512,-0.039829742163419724,0.004330662544816732,0.00011320490011712536,3.259629011154175e-08,0.0,FP8_E5M2,Marginal,0.04539817381420887,0.11053174746318989,0.0,0.0,
inference,layer4.1.bn1,BatchNorm2d,batchnorm,bias,512,-0.039829742163419724,0.004330662544816732,0.00011320490011712536,3.259629011154175e-08,0.0,INT16,Sufficient,6.031484090753193e-05,0.0025950761071645858,,,1.2155443636408498e-06
inference,layer4.1.bn1,BatchNorm2d,batchnorm,bias,512,-0.039829742163419724,0.004330662544816732,0.00011320490011712536,3.259629011154175e-08,0.0,INT8,Sufficient,0.017052478310900315,1.0,,,0.00031362001703480095
inference,layer4.1.bn1,BatchNorm2d,batchnorm,input,81920000,-49.388465881347656,46.701454162597656,1.4901161193847656e-08,9.313225746154785e-10,1.220703125e-08,FP16,Sufficient,0.00017725095438217973,0.00048308391321119935,0.0,0.0,
inference,layer4.1.bn1,BatchNorm2d,batchnorm,input,81920000,-49.388465881347656,46.701454162597656,1.4901161193847656e-08,9.313225746154785e-10,1.220703125e-08,FP8_E4M3,Marginal,0.02482772510708919,1.0,0.0,0.001,
inference,layer4.1.bn1,BatchNorm2d,batchnorm,input,81920000,-49.388465881347656,46.701454162597656,1.4901161193847656e-08,9.313225746154785e-10,1.220703125e-08,FP8_E5M2,Marginal,0.04492508134531292,0.1111094156868704,0.0,0.0,
inference,layer4.1.bn1,BatchNorm2d,batchnorm,input,81920000,-49.388465881347656,46.701454162597656,1.4901161193847656e-08,9.313225746154785e-10,1.220703125e-08,INT16,Sufficient,0.000985051992659448,1.0,,,0.0003118285378418192
inference,layer4.1.bn1,BatchNorm2d,batchnorm,input,81920000,-49.388465881347656,46.701454162597656,1.4901161193847656e-08,9.313225746154785e-10,1.220703125e-08,INT8,Not sufficient,0.12507806329577484,1.0,,,0.08045421810600702
inference,layer4.1.bn1,BatchNorm2d,batchnorm,activation,81920000,-79.53173065185547,86.99668884277344,2.39480009156523e-08,2.3283064365386963e-10,0.0,FP16,Sufficient,0.00017485679138250898,0.0005803551087975676,0.0,0.0,
inference,layer4.1.bn1,BatchNorm2d,batchnorm,activation,81920000,-79.53173065185547,86.99668884277344,2.39480009156523e-08,2.3283064365386963e-10,0.0,FP8_E4M3,Marginal,0.025834606575349913,1.0,0.0,0.00175,
inference,layer4.1.bn1,BatchNorm2d,batchnorm,activation,81920000,-79.53173065185547,86.99668884277344,2.39480009156523e-08,2.3283064365386963e-10,0.0,FP8_E5M2,Marginal,0.044851994167078954,0.11103829623359983,0.0,0.0,
inference,layer4.1.bn1,BatchNorm2d,batchnorm,activation,81920000,-79.53173065185547,86.99668884277344,2.39480009156523e-08,2.3283064365386963e-10,0.0,INT16,Sufficient,0.00205388026934382,1.0,,,0.000615438368808915
inference,layer4.1.bn1,BatchNorm2d,batchnorm,activation,81920000,-79.53173065185547,86.99668884277344,2.39480009156523e-08,2.3283064365386963e-10,0.0,INT8,Not sufficient,0.20344492379428256,1.0,,,0.15878794512410802
inference,layer4.1.conv2,Conv2d,conv,weight,2359296,-0.033475279808044434,0.04697268083691597,5.368476219125284e-10,9.094947017729282e-13,0.0,FP16,Sufficient,0.0001937633571949048,0.14435774514826946,0.0,0.0,
inference,layer4.1.conv2,Conv2d,conv,weight,2359296,-0.033475279808044434,0.04697268083691597,5.368476219125284e-10,9.094947017729282e-13,0.0,FP8_E4M3,Not sufficient,0.20055015025868994,1.0,0.0,0.09125,
inference,layer4.1.conv2,Conv2d,conv,weight,2359296,-0.033475279808044434,0.04697268083691597,5.368476219125284e-10,9.094947017729282e-13,0.0,FP8_E5M2,Marginal,0.04667424281343465,1.0,0.0,0.00085,
inference,layer4.1.conv2,Conv2d,conv,weight,2359296,-0.033475279808044434,0.04697268083691597,5.368476219125284e-10,9.094947017729282e-13,0.0,INT16,Sufficient,0.0003340651156484893,1.0,,,9.92497964676173e-07
inference,layer4.1.conv2,Conv2d,conv,weight,2359296,-0.033475279808044434,0.04697268083691597,5.368476219125284e-10,9.094947017729282e-13,0.0,INT8,Marginal,0.03819484503729851,1.0,,,0.0002560722898310564
inference,layer4.1.conv2,Conv2d,conv,input,81920000,0.0,86.99668884277344,3.311284757501198e-08,2.3283064365386963e-10,0.5222142822265625,FP16,Sufficient,8.415134374529453e-05,0.00047983395164259246,0.0,0.0,
inference,layer4.1.conv2,Conv2d,conv,input,81920000,0.0,86.99668884277344,3.311284757501198e-08,2.3283064365386963e-10,0.5222142822265625,FP8_E4M3,Sufficient,0.012474070727907934,1.0,0.0,0.001977312935789364,
inference,layer4.1.conv2,Conv2d,conv,input,81920000,0.0,86.99668884277344,3.311284757501198e-08,2.3283064365386963e-10,0.5222142822265625,FP8_E5M2,Marginal,0.021408190548792838,0.11103829623359983,0.0,0.0,
inference,layer4.1.conv2,Conv2d,conv,input,81920000,0.0,86.99668884277344,3.311284757501198e-08,2.3283064365386963e-10,0.5222142822265625,INT16,Sufficient,0.0011090290782406857,1.0,,,0.000615438368808915
inference,layer4.1.conv2,Conv2d,conv,input,81920000,0.0,86.99668884277344,3.311284757501198e-08,2.3283064365386963e-10,0.5222142822265625,INT8,Marginal,0.09929508037072046,1.0,,,0.15878794512410802
inference,layer4.1.conv2,Conv2d,conv,activation,81920000,-168.15675354003906,169.27406311035156,1.4901161193847656e-08,9.313225746154785e-10,1.220703125e-08,FP16,Sufficient,0.0001759240841340561,0.00048649473690857916,0.0,0.0,
inference,layer4.1.conv2,Conv2d,conv,activation,81920000,-168.15675354003906,169.27406311035156,1.4901161193847656e-08,9.313225746154785e-10,1.220703125e-08,FP8_E4M3,Marginal,0.024450702944866093,1.0,0.0,0.0009,
inference,layer4.1.conv2,Conv2d,conv,activation,81920000,-168.15675354003906,169.27406311035156,1.4901161193847656e-08,9.313225746154785e-10,1.220703125e-08,FP8_E5M2,Marginal,0.04501262572046868,0.11109161334185724,0.0,0.0,
inference,layer4.1.conv2,Conv2d,conv,activation,81920000,-168.15675354003906,169.27406311035156,1.4901161193847656e-08,9.313225746154785e-10,1.220703125e-08,INT16,Sufficient,0.0046121362580322095,1.0,,,0.0022032653881239126
inference,layer4.1.conv2,Conv2d,conv,activation,81920000,-168.15675354003906,169.27406311035156,1.4901161193847656e-08,9.313225746154785e-10,1.220703125e-08,INT8,Not sufficient,0.4442707142599107,1.0,,,0.5684598186823326
inference,layer4.1.bn2,BatchNorm2d,batchnorm,weight,512,0.6059716939926147,0.7667567729949951,0.6059716939926147,3.5762786865234375e-07,0.0,FP16,Sufficient,0.00017143661869653944,0.0003761029617967555,0.0,0.0,
inference,layer4.1.bn2,BatchNorm2d,batchnorm,weight,512,0.6059716939926147,0.7667567729949951,0.6059716939926147,3.5762786865234375e-07,0.0,FP8_E4M3,Marginal,0.02417190121049082,0.047205133179437295,0.0,0.0,
inference,layer4.1.bn2,BatchNorm2d,batchnorm,weight,512,0.6059716939926147,0.7667567729949951,0.6059716939926147,3.5762786865234375e-07,0.0,FP8_E5M2,Marginal,0.03219273404253706,0.08766194784216923,0.0,0.0,
inference,layer4.1.bn2,BatchNorm2d,batchnorm,weight,512,0.6059716939926147,0.7667567729949951,0.6059716939926147,3.5762786865234375e-07,0.0,INT16,Sufficient,7.997314907496978e-06,1.651989529372023e-05,,,2.3400273842432786e-05
inference,layer4.1.bn2,BatchNorm2d,batchnorm,weight,512,0.6059716939926147,0.7667567729949951,0.6059716939926147,3.5762786865234375e-07,0.0,INT8,Sufficient,0.0021531825023437326,0.004225237446333843,,,0.006037454905472402
inference,layer4.1.bn2,BatchNorm2d,batchnorm,bias,512,-0.12599581480026245,-0.01699134148657322,0.01699134148657322,3.501772880554199e-07,0.0,FP16,Sufficient,0.00018481355686775903,0.00047092056755192977,0.0,0.0,
inference,layer4.1.bn2,BatchNorm2d,batchnorm,bias,512,-0.12599581480026245,-0.01699134148657322,0.01699134148657322,3.501772880554199e-07,0.0,FP8_E4M3,Marginal,0.022854913220232583,0.05868581057122005,0.0,0.0,
inference,layer4.1.bn2,BatchNorm2d,batchnorm,bias,512,-0.12599581480026245,-0.01699134148657322,0.01699134148657322,3.501772880554199e-07,0.0,FP8_E5M2,Marginal,0.04545907060546265,0.10919322840528897,0.0,0.0,
inference,layer4.1.bn2,BatchNorm2d,batchnorm,bias,512,-0.12599581480026245,-0.01699134148657322,0.01699134148657322,3.501772880554199e-07,0.0,INT16,Sufficient,1.5621026353612213e-05,7.75860483326758e-05,,,3.845204467917797e-06
inference,layer4.1.bn2,BatchNorm2d,batchnorm,bias,512,-0.12599581480026245,-0.01699134148657322,0.01699134148657322,3.501772880554199e-07,0.0,INT8,Sufficient,0.00400279640042185,0.013602307775239363,,,0.0009920930299233263
inference,layer4.1.bn2,BatchNorm2d,batchnorm,input,81920000,-168.15675354003906,169.27406311035156,1.4901161193847656e-08,9.313225746154785e-10,1.220703125e-08,FP16,Sufficient,0.0001759240841340561,0.00048649473690857916,0.0,0.0,
inference,layer4.1.bn2,BatchNorm2d,batchnorm,input,81920000,-168.15675354003906,169.27406311035156,1.4901161193847656e-08,9.313225746154785e-10,1.220703125e-08,FP8_E4M3,Marginal,0.024450702944866093,1.0,0.0,0.0009,
inference,layer4.1.bn2,BatchNorm2d,batchnorm,input,81920000,-168.15675354003906,169.27406311035156,1.4901161193847656e-08,9.313225746154785e-10,1.220703125e-08,FP8_E5M2,Marginal,0.04501262572046868,0.11109161334185724,0.0,0.0,
inference,layer4.1.bn2,BatchNorm2d,batchnorm,input,81920000,-168.15675354003906,169.27406311035156,1.4901161193847656e-08,9.313225746154785e-10,1.220703125e-08,INT16,Sufficient,0.0046121362580322095,1.0,,,0.0022032653881239126
inference,layer4.1.bn2,BatchNorm2d,batchnorm,input,81920000,-168.15675354003906,169.27406311035156,1.4901161193847656e-08,9.313225746154785e-10,1.220703125e-08,INT8,Not sufficient,0.4442707142599107,1.0,,,0.5684598186823326
inference,layer4.1.bn2,BatchNorm2d,batchnorm,activation,81920000,-104.54888916015625,80.28102111816406,1.9685231222865696e-10,2.3283064365386963e-10,0.0,FP16,Sufficient,0.00017508032298168852,0.0004849615670922392,0.0,0.0,
inference,layer4.1.bn2,BatchNorm2d,batchnorm,activation,81920000,-104.54888916015625,80.28102111816406,1.9685231222865696e-10,2.3283064365386963e-10,0.0,FP8_E4M3,Marginal,0.025570487591031445,1.0,0.0,0.0017,
inference,layer4.1.bn2,BatchNorm2d,batchnorm,activation,81920000,-104.54888916015625,80.28102111816406,1.9685231222865696e-10,2.3283064365386963e-10,0.0,FP8_E5M2,Marginal,0.044956648488316174,0.13824442251973532,0.0,0.0,
inference,layer4.1.bn2,BatchNorm2d,batchnorm,activation,81920000,-104.54888916015625,80.28102111816406,1.9685231222865696e-10,2.3283064365386963e-10,0.0,INT16,Sufficient,0.00512815912582122,1.0,,,0.0014676666748724898
inference,layer4.1.bn2,BatchNorm2d,batchnorm,activation,81920000,-104.54888916015625,80.28102111816406,1.9685231222865696e-10,2.3283064365386963e-10,0.0,INT8,Not sufficient,0.4745341357923122,1.0,,,0.3786695585476132
inference,fc,Linear,linear,weight,5120,-0.2462267279624939,0.27311962842941284,3.5211785416322527e-06,2.1420419216156006e-08,0.0,FP16,Sufficient,0.00017802143889152108,0.00224153623797982,0.0,0.0,
inference,fc,Linear,linear,weight,5120,-0.2462267279624939,0.27311962842941284,3.5211785416322527e-06,2.1420419216156006e-08,0.0,FP8_E4M3,Not sufficient,0.04893504279077264,1.0,0.0,0.0130859375,
inference,fc,Linear,linear,weight,5120,-0.2462267279624939,0.27311962842941284,3.5211785416322527e-06,2.1420419216156006e-08,0.0,FP8_E5M2,Marginal,0.04543323431412272,1.0,0.0,0.000390625,
inference,fc,Linear,linear,weight,5120,-0.2462267279624939,0.27311962842941284,3.5211785416322527e-06,2.1420419216156006e-08,0.0,INT16,Sufficient,0.0006214832399770248,1.0,,,8.335203968303868e-06
inference,fc,Linear,linear,weight,5120,-0.2462267279624939,0.27311962842941284,3.5211785416322527e-06,2.1420419216156006e-08,0.0,INT8,Marginal,0.04187315118068234,1.0,,,0.0021505482553497075
inference,fc,Linear,linear,bias,10,-0.06665696948766708,0.052815698087215424,0.0009266327833756804,0.0004618484526872635,0.0,FP16,Sufficient,0.00011295505925898821,0.00025525465746542645,0.0,0.0,
inference,fc,Linear,linear,bias,10,-0.06665696948766708,0.052815698087215424,0.0009266327833756804,0.0004618484526872635,0.0,FP8_E4M3,Not sufficient,0.174714393732008,1.0,0.0,0.1,
inference,fc,Linear,linear,bias,10,-0.06665696948766708,0.052815698087215424,0.0009266327833756804,0.0004618484526872635,0.0,FP8_E5M2,Marginal,0.033793392009337155,0.06236361358186572,0.0,0.0,
inference,fc,Linear,linear,bias,10,-0.06665696948766708,0.052815698087215424,0.0009266327833756804,0.0004618484526872635,0.0,INT16,Sufficient,0.00018101461000910672,0.001073731147498785,,,2.0342713549506236e-06
inference,fc,Linear,linear,bias,10,-0.06665696948766708,0.052815698087215424,0.0009266327833756804,0.0004618484526872635,0.0,INT8,Marginal,0.030621803916643354,0.13282853116832763,,,0.0005248580274619456
inference,fc,Linear,linear,input,5120000,0.0,19.242938995361328,1.2293457984924316e-07,5.820766091346741e-11,0.0233431640625,FP16,Sufficient,0.00017169564869220708,0.005759382321543346,0.0,0.0,
inference,fc,Linear,linear,input,5120000,0.0,19.242938995361328,1.2293457984924316e-07,5.820766091346741e-11,0.0233431640625,FP8_E4M3,Marginal,0.026207333437051512,1.0,0.0,0.0020520186733699276,
inference,fc,Linear,linear,input,5120000,0.0,19.242938995361328,1.2293457984924316e-07,5.820766091346741e-11,0.0233431640625,FP8_E5M2,Marginal,0.043875092158581847,1.0,0.0,5.130046683424819e-05,
inference,fc,Linear,linear,input,5120000,0.0,19.242938995361328,1.2293457984924316e-07,5.820766091346741e-11,0.0233431640625,INT16,Sufficient,0.0008690040753977019,1.0,,,0.00014780780439370718
inference,fc,Linear,linear,input,5120000,0.0,19.242938995361328,1.2293457984924316e-07,5.820766091346741e-11,0.0233431640625,INT8,Marginal,0.09683151241693197,1.0,,,0.03813557737455593
inference,fc,Linear,linear,activation,100000,-11.92719841003418,24.716121673583984,7.787207141518593e-05,7.450580596923828e-09,0.0,FP16,Sufficient,0.000174641154122888,0.00048390698912787616,0.0,0.0,
inference,fc,Linear,linear,activation,100000,-11.92719841003418,24.716121673583984,7.787207141518593e-05,7.450580596923828e-09,0.0,FP8_E4M3,Marginal,0.023074626436558682,1.0,0.0,0.00035,
inference,fc,Linear,linear,activation,100000,-11.92719841003418,24.716121673583984,7.787207141518593e-05,7.450580596923828e-09,0.0,FP8_E5M2,Marginal,0.04441913395269419,0.11110663710146905,0.0,0.0,
inference,fc,Linear,linear,activation,100000,-11.92719841003418,24.716121673583984,7.787207141518593e-05,7.450580596923828e-09,0.0,INT16,Sufficient,0.0005071243510932638,1.0,,,0.0007468728917007476
inference,fc,Linear,linear,activation,100000,-11.92719841003418,24.716121673583984,7.787207141518593e-05,7.450580596923828e-09,0.0,INT8,Marginal,0.05326885881913789,1.0,,,0.19269908694770393
inference,relu1,ReLU,activation,input,655360000,0.0,10.706696510314941,5.070397435247287e-10,1.4551915228366852e-11,0.4621808822631836,FP16,Sufficient,9.63148743317715e-05,0.000485903448630159,0.0,0.0,
inference,relu1,ReLU,activation,input,655360000,0.0,10.706696510314941,5.070397435247287e-10,1.4551915228366852e-11,0.4621808822631836,FP8_E4M3,Sufficient,0.013783687983974707,1.0,0.0,0.0012874747103181902,
inference,relu1,ReLU,activation,input,655360000,0.0,10.706696510314941,5.070397435247287e-10,1.4551915228366852e-11,0.4621808822631836,FP8_E5M2,Marginal,0.024545994029839553,0.11110338745941285,0.0,0.0,
inference,relu1,ReLU,activation,input,655360000,0.0,10.706696510314941,5.070397435247287e-10,1.4551915228366852e-11,0.4621808822631836,INT16,Sufficient,0.0003138543535844033,0.8635820604656673,,,0.00015247688522802215
inference,relu1,ReLU,activation,input,655360000,0.0,10.706696510314941,5.070397435247287e-10,1.4551915228366852e-11,0.4621808822631836,INT8,Marginal,0.04400566155964774,1.0,,,0.03934023699422521
inference,relu1,ReLU,activation,activation,655360000,0.0,10.706696510314941,5.070397435247287e-10,1.4551915228366852e-11,0.4621808822631836,FP16,Sufficient,9.63148743317715e-05,0.000485903448630159,0.0,0.0,
inference,relu1,ReLU,activation,activation,655360000,0.0,10.706696510314941,5.070397435247287e-10,1.4551915228366852e-11,0.4621808822631836,FP8_E4M3,Sufficient,0.013783687983974707,1.0,0.0,0.0012874747103181902,
inference,relu1,ReLU,activation,activation,655360000,0.0,10.706696510314941,5.070397435247287e-10,1.4551915228366852e-11,0.4621808822631836,FP8_E5M2,Marginal,0.024545994029839553,0.11110338745941285,0.0,0.0,
inference,relu1,ReLU,activation,activation,655360000,0.0,10.706696510314941,5.070397435247287e-10,1.4551915228366852e-11,0.4621808822631836,INT16,Sufficient,0.0003138543535844033,0.8635820604656673,,,0.00015247688522802215
inference,relu1,ReLU,activation,activation,655360000,0.0,10.706696510314941,5.070397435247287e-10,1.4551915228366852e-11,0.4621808822631836,INT8,Marginal,0.04400566155964774,1.0,,,0.03934023699422521
inference,layer1.0.relu1,ReLU,activation,input,655360000,0.0,8.481860160827637,6.997242785189428e-10,2.9103830456733704e-10,0.5194559005737305,FP16,Sufficient,8.475795483592107e-05,0.0004811432515437373,0.0,0.0,
inference,layer1.0.relu1,ReLU,activation,input,655360000,0.0,8.481860160827637,6.997242785189428e-10,2.9103830456733704e-10,0.5194559005737305,FP8_E4M3,Sufficient,0.012083230726087016,1.0,0.0,0.0012484394506866417,
inference,layer1.0.relu1,ReLU,activation,input,655360000,0.0,8.481860160827637,6.997242785189428e-10,2.9103830456733704e-10,0.5194559005737305,FP8_E5M2,Marginal,0.02153006327596927,0.11108379666637562,0.0,0.0,
inference,layer1.0.relu1,ReLU,activation,input,655360000,0.0,8.481860160827637,6.997242785189428e-10,2.9103830456733704e-10,0.5194559005737305,INT16,Sufficient,0.00018706964414715358,0.14878382597124118,,,0.00011822448046158604
inference,layer1.0.relu1,ReLU,activation,input,655360000,0.0,8.481860160827637,6.997242785189428e-10,2.9103830456733704e-10,0.5194559005737305,INT8,Marginal,0.033838566511596835,1.0,,,0.030502846860510156
inference,layer1.0.relu1,ReLU,activation,activation,655360000,0.0,8.481860160827637,6.997242785189428e-10,2.9103830456733704e-10,0.5194559005737305,FP16,Sufficient,8.475795483592107e-05,0.0004811432515437373,0.0,0.0,
inference,layer1.0.relu1,ReLU,activation,activation,655360000,0.0,8.481860160827637,6.997242785189428e-10,2.9103830456733704e-10,0.5194559005737305,FP8_E4M3,Sufficient,0.012083230726087016,1.0,0.0,0.0012484394506866417,
inference,layer1.0.relu1,ReLU,activation,activation,655360000,0.0,8.481860160827637,6.997242785189428e-10,2.9103830456733704e-10,0.5194559005737305,FP8_E5M2,Marginal,0.02153006327596927,0.11108379666637562,0.0,0.0,
inference,layer1.0.relu1,ReLU,activation,activation,655360000,0.0,8.481860160827637,6.997242785189428e-10,2.9103830456733704e-10,0.5194559005737305,INT16,Sufficient,0.00018706964414715358,0.14878382597124118,,,0.00011822448046158604
inference,layer1.0.relu1,ReLU,activation,activation,655360000,0.0,8.481860160827637,6.997242785189428e-10,2.9103830456733704e-10,0.5194559005737305,INT8,Marginal,0.033838566511596835,1.0,,,0.030502846860510156
inference,layer1.0.relu2,ReLU,activation,input,655360000,0.0,13.28173828125,3.3469751414827442e-09,1.1641532182693481e-10,0.3220206344604492,FP16,Sufficient,0.00011857225483460707,0.0004804873474027462,0.0,0.0,
inference,layer1.0.relu2,ReLU,activation,input,655360000,0.0,13.28173828125,3.3469751414827442e-09,1.1641532182693481e-10,0.3220206344604492,FP8_E4M3,Sufficient,0.016376605600171637,1.0,0.0,0.00066711140760507,
inference,layer1.0.relu2,ReLU,activation,input,655360000,0.0,13.28173828125,3.3469751414827442e-09,1.1641532182693481e-10,0.3220206344604492,FP8_E5M2,Marginal,0.030286183634333042,0.11104517318102802,0.0,0.0,
inference,layer1.0.relu2,ReLU,activation,input,655360000,0.0,13.28173828125,3.3469751414827442e-09,1.1641532182693481e-10,0.3220206344604492,INT16,Sufficient,0.00031315144536404757,1.0,,,0.00017442278900272216
inference,layer1.0.relu2,ReLU,activation,input,655360000,0.0,13.28173828125,3.3469751414827442e-09,1.1641532182693481e-10,0.3220206344604492,INT8,Marginal,0.03535820910393461,1.0,,,0.04500245297048974
inference,layer1.0.relu2,ReLU,activation,activation,655360000,0.0,13.28173828125,3.3469751414827442e-09,1.1641532182693481e-10,0.3220206344604492,FP16,Sufficient,0.00011857225483460707,0.0004804873474027462,0.0,0.0,
inference,layer1.0.relu2,ReLU,activation,activation,655360000,0.0,13.28173828125,3.3469751414827442e-09,1.1641532182693481e-10,0.3220206344604492,FP8_E4M3,Sufficient,0.016376605600171637,1.0,0.0,0.00066711140760507,
inference,layer1.0.relu2,ReLU,activation,activation,655360000,0.0,13.28173828125,3.3469751414827442e-09,1.1641532182693481e-10,0.3220206344604492,FP8_E5M2,Marginal,0.030286183634333042,0.11104517318102802,0.0,0.0,
inference,layer1.0.relu2,ReLU,activation,activation,655360000,0.0,13.28173828125,3.3469751414827442e-09,1.1641532182693481e-10,0.3220206344604492,INT16,Sufficient,0.00031315144536404757,1.0,,,0.00017442278900272216
inference,layer1.0.relu2,ReLU,activation,activation,655360000,0.0,13.28173828125,3.3469751414827442e-09,1.1641532182693481e-10,0.3220206344604492,INT8,Marginal,0.03535820910393461,1.0,,,0.04500245297048974
inference,layer1.1.relu1,ReLU,activation,input,655360000,0.0,14.817153930664062,3.0027713648905774e-09,1.1641532182693481e-10,0.516913493347168,FP16,Sufficient,8.301137796555295e-05,0.0022374441125084968,0.0,0.0,
inference,layer1.1.relu1,ReLU,activation,input,655360000,0.0,14.817153930664062,3.0027713648905774e-09,1.1641532182693481e-10,0.516913493347168,FP8_E4M3,Sufficient,0.01217131069912696,1.0,0.0,0.0014641288433382138,
inference,layer1.1.relu1,ReLU,activation,input,655360000,0.0,14.817153930664062,3.0027713648905774e-09,1.1641532182693481e-10,0.516913493347168,FP8_E5M2,Marginal,0.02145393305579441,0.388191382104336,0.0,0.0,
inference,layer1.1.relu1,ReLU,activation,input,655360000,0.0,14.817153930664062,3.0027713648905774e-09,1.1641532182693481e-10,0.516913493347168,INT16,Sufficient,0.00042171908822760456,1.0,,,0.0002379097267528309
inference,layer1.1.relu1,ReLU,activation,input,655360000,0.0,14.817153930664062,3.0027713648905774e-09,1.1641532182693481e-10,0.516913493347168,INT8,Marginal,0.05081663977153395,1.0,,,0.06138258280716543
inference,layer1.1.relu1,ReLU,activation,activation,655360000,0.0,14.817153930664062,3.0027713648905774e-09,1.1641532182693481e-10,0.516913493347168,FP16,Sufficient,8.301137796555295e-05,0.0022374441125084968,0.0,0.0,
inference,layer1.1.relu1,ReLU,activation,activation,655360000,0.0,14.817153930664062,3.0027713648905774e-09,1.1641532182693481e-10,0.516913493347168,FP8_E4M3,Sufficient,0.01217131069912696,1.0,0.0,0.0014641288433382138,
inference,layer1.1.relu1,ReLU,activation,activation,655360000,0.0,14.817153930664062,3.0027713648905774e-09,1.1641532182693481e-10,0.516913493347168,FP8_E5M2,Marginal,0.02145393305579441,0.388191382104336,0.0,0.0,
inference,layer1.1.relu1,ReLU,activation,activation,655360000,0.0,14.817153930664062,3.0027713648905774e-09,1.1641532182693481e-10,0.516913493347168,INT16,Sufficient,0.00042171908822760456,1.0,,,0.0002379097267528309
inference,layer1.1.relu1,ReLU,activation,activation,655360000,0.0,14.817153930664062,3.0027713648905774e-09,1.1641532182693481e-10,0.516913493347168,INT8,Marginal,0.05081663977153395,1.0,,,0.06138258280716543
inference,layer1.1.relu2,ReLU,activation,input,655360000,0.0,18.375253677368164,9.441834869505783e-09,5.820766091346741e-11,0.30739684295654296,FP16,Sufficient,0.00012054757721366529,0.0004796082121302903,0.0,0.0,
inference,layer1.1.relu2,ReLU,activation,input,655360000,0.0,18.375253677368164,9.441834869505783e-09,5.820766091346741e-11,0.30739684295654296,FP8_E4M3,Sufficient,0.016398591231366395,1.0,0.0,0.0006549265026924757,
inference,layer1.1.relu2,ReLU,activation,input,655360000,0.0,18.375253677368164,9.441834869505783e-09,5.820766091346741e-11,0.30739684295654296,FP8_E5M2,Marginal,0.03059538756438862,0.30279898218829515,0.0,0.0,
inference,layer1.1.relu2,ReLU,activation,input,655360000,0.0,18.375253677368164,9.441834869505783e-09,5.820766091346741e-11,0.30739684295654296,INT16,Sufficient,0.0005063176887185483,1.0,,,0.0004006804416391176
inference,layer1.1.relu2,ReLU,activation,input,655360000,0.0,18.375253677368164,9.441834869505783e-09,5.820766091346741e-11,0.30739684295654296,INT8,Marginal,0.06193247267454542,1.0,,,0.10337870890699973
inference,layer1.1.relu2,ReLU,activation,activation,655360000,0.0,18.375253677368164,9.441834869505783e-09,5.820766091346741e-11,0.30739684295654296,FP16,Sufficient,0.00012054757721366529,0.0004796082121302903,0.0,0.0,
inference,layer1.1.relu2,ReLU,activation,activation,655360000,0.0,18.375253677368164,9.441834869505783e-09,5.820766091346741e-11,0.30739684295654296,FP8_E4M3,Sufficient,0.016398591231366395,1.0,0.0,0.0006549265026924757,
inference,layer1.1.relu2,ReLU,activation,activation,655360000,0.0,18.375253677368164,9.441834869505783e-09,5.820766091346741e-11,0.30739684295654296,FP8_E5M2,Marginal,0.03059538756438862,0.30279898218829515,0.0,0.0,
inference,layer1.1.relu2,ReLU,activation,activation,655360000,0.0,18.375253677368164,9.441834869505783e-09,5.820766091346741e-11,0.30739684295654296,INT16,Sufficient,0.0005063176887185483,1.0,,,0.0004006804416391176
inference,layer1.1.relu2,ReLU,activation,activation,655360000,0.0,18.375253677368164,9.441834869505783e-09,5.820766091346741e-11,0.30739684295654296,INT8,Marginal,0.06193247267454542,1.0,,,0.10337870890699973
inference,layer2.0.relu1,ReLU,activation,input,327680000,0.0,19.789413452148438,2.8243185568044282e-11,1.1641532182693481e-10,0.5170714630126954,FP16,Sufficient,8.522746596297333e-05,0.0010191495202534053,0.0,0.0,
inference,layer2.0.relu1,ReLU,activation,input,327680000,0.0,19.789413452148438,2.8243185568044282e-11,1.1641532182693481e-10,0.5170714630126954,FP8_E4M3,Sufficient,0.012354899858177138,1.0,0.0,0.0015491066818134876,
inference,layer2.0.relu1,ReLU,activation,input,327680000,0.0,19.789413452148438,2.8243185568044282e-11,1.1641532182693481e-10,0.5170714630126954,FP8_E5M2,Marginal,0.02144064200308702,0.18124294560191745,0.0,0.0,
inference,layer2.0.relu1,ReLU,activation,input,327680000,0.0,19.789413452148438,2.8243185568044282e-11,1.1641532182693481e-10,0.5170714630126954,INT16,Sufficient,0.0004042297847985065,1.0,,,0.00025516715139822755
inference,layer2.0.relu1,ReLU,activation,input,327680000,0.0,19.789413452148438,2.8243185568044282e-11,1.1641532182693481e-10,0.5170714630126954,INT8,Marginal,0.05012126510880233,1.0,,,0.0658351342509112
inference,layer2.0.relu1,ReLU,activation,activation,327680000,0.0,19.789413452148438,2.8243185568044282e-11,1.1641532182693481e-10,0.5170714630126954,FP16,Sufficient,8.522746596297333e-05,0.0010191495202534053,0.0,0.0,
inference,layer2.0.relu1,ReLU,activation,activation,327680000,0.0,19.789413452148438,2.8243185568044282e-11,1.1641532182693481e-10,0.5170714630126954,FP8_E4M3,Sufficient,0.012354899858177138,1.0,0.0,0.0015491066818134876,
inference,layer2.0.relu1,ReLU,activation,activation,327680000,0.0,19.789413452148438,2.8243185568044282e-11,1.1641532182693481e-10,0.5170714630126954,FP8_E5M2,Marginal,0.02144064200308702,0.18124294560191745,0.0,0.0,
inference,layer2.0.relu1,ReLU,activation,activation,327680000,0.0,19.789413452148438,2.8243185568044282e-11,1.1641532182693481e-10,0.5170714630126954,INT16,Sufficient,0.0004042297847985065,1.0,,,0.00025516715139822755
inference,layer2.0.relu1,ReLU,activation,activation,327680000,0.0,19.789413452148438,2.8243185568044282e-11,1.1641532182693481e-10,0.5170714630126954,INT8,Marginal,0.05012126510880233,1.0,,,0.0658351342509112
inference,layer2.0.relu2,ReLU,activation,input,327680000,0.0,29.704498291015625,2.9802322387695312e-08,1.862645149230957e-09,0.5154871398925781,FP16,Sufficient,8.451965171330995e-05,0.0004828255444118872,0.0,0.0,
inference,layer2.0.relu2,ReLU,activation,input,327680000,0.0,29.704498291015625,2.9802322387695312e-08,1.862645149230957e-09,0.5154871398925781,FP8_E4M3,Sufficient,0.011527430513622304,1.0,0.0,0.0008382229673093043,
inference,layer2.0.relu2,ReLU,activation,input,327680000,0.0,29.704498291015625,2.9802322387695312e-08,1.862645149230957e-09,0.5154871398925781,FP8_E5M2,Marginal,0.02143388718561815,0.11110602481898628,0.0,0.0,
inference,layer2.0.relu2,ReLU,activation,input,327680000,0.0,29.704498291015625,2.9802322387695312e-08,1.862645149230957e-09,0.5154871398925781,INT16,Sufficient,0.0002717087698030091,1.0,,,0.00028521157411193524
inference,layer2.0.relu2,ReLU,activation,input,327680000,0.0,29.704498291015625,2.9802322387695312e-08,1.862645149230957e-09,0.5154871398925781,INT8,Marginal,0.037432843094699436,1.0,,,0.07358683188130537
inference,layer2.0.relu2,ReLU,activation,activation,327680000,0.0,29.704498291015625,2.9802322387695312e-08,1.862645149230957e-09,0.5154871398925781,FP16,Sufficient,8.451965171330995e-05,0.0004828255444118872,0.0,0.0,
inference,layer2.0.relu2,ReLU,activation,activation,327680000,0.0,29.704498291015625,2.9802322387695312e-08,1.862645149230957e-09,0.5154871398925781,FP8_E4M3,Sufficient,0.011527430513622304,1.0,0.0,0.0008382229673093043,
inference,layer2.0.relu2,ReLU,activation,activation,327680000,0.0,29.704498291015625,2.9802322387695312e-08,1.862645149230957e-09,0.5154871398925781,FP8_E5M2,Marginal,0.02143388718561815,0.11110602481898628,0.0,0.0,
inference,layer2.0.relu2,ReLU,activation,activation,327680000,0.0,29.704498291015625,2.9802322387695312e-08,1.862645149230957e-09,0.5154871398925781,INT16,Sufficient,0.0002717087698030091,1.0,,,0.00028521157411193524
inference,layer2.0.relu2,ReLU,activation,activation,327680000,0.0,29.704498291015625,2.9802322387695312e-08,1.862645149230957e-09,0.5154871398925781,INT8,Marginal,0.037432843094699436,1.0,,,0.07358683188130537
inference,layer2.1.relu1,ReLU,activation,input,327680000,0.0,31.710521697998047,2.3767201540181304e-09,4.656612873077393e-10,0.5337880950927735,FP16,Sufficient,8.190956440471771e-05,0.00048661522448579245,0.0,0.0,
inference,layer2.1.relu1,ReLU,activation,input,327680000,0.0,31.710521697998047,2.3767201540181304e-09,4.656612873077393e-10,0.5337880950927735,FP8_E4M3,Sufficient,0.011396531387328244,1.0,0.0,0.0006452306699645124,
inference,layer2.1.relu1,ReLU,activation,input,327680000,0.0,31.710521697998047,2.3767201540181304e-09,4.656612873077393e-10,0.5337880950927735,FP8_E5M2,Marginal,0.020719699353424794,0.11770840726370757,0.0,0.0,
inference,layer2.1.relu1,ReLU,activation,input,327680000,0.0,31.710521697998047,2.3767201540181304e-09,4.656612873077393e-10,0.5337880950927735,INT16,Sufficient,0.0003645604068069206,1.0,,,0.00029271663328506
inference,layer2.1.relu1,ReLU,activation,input,327680000,0.0,31.710521697998047,2.3767201540181304e-09,4.656612873077393e-10,0.5337880950927735,INT8,Marginal,0.05142178572773318,1.0,,,0.0755231962429257
inference,layer2.1.relu1,ReLU,activation,activation,327680000,0.0,31.710521697998047,2.3767201540181304e-09,4.656612873077393e-10,0.5337880950927735,FP16,Sufficient,8.190956440471771e-05,0.00048661522448579245,0.0,0.0,
inference,layer2.1.relu1,ReLU,activation,activation,327680000,0.0,31.710521697998047,2.3767201540181304e-09,4.656612873077393e-10,0.5337880950927735,FP8_E4M3,Sufficient,0.011396531387328244,1.0,0.0,0.0006452306699645124,
inference,layer2.1.relu1,ReLU,activation,activation,327680000,0.0,31.710521697998047,2.3767201540181304e-09,4.656612873077393e-10,0.5337880950927735,FP8_E5M2,Marginal,0.020719699353424794,0.11770840726370757,0.0,0.0,
inference,layer2.1.relu1,ReLU,activation,activation,327680000,0.0,31.710521697998047,2.3767201540181304e-09,4.656612873077393e-10,0.5337880950927735,INT16,Sufficient,0.0003645604068069206,1.0,,,0.00029271663328506
inference,layer2.1.relu1,ReLU,activation,activation,327680000,0.0,31.710521697998047,2.3767201540181304e-09,4.656612873077393e-10,0.5337880950927735,INT8,Marginal,0.05142178572773318,1.0,,,0.0755231962429257
inference,layer2.1.relu2,ReLU,activation,input,327680000,0.0,54.8195686340332,3.1905350583727454e-10,6.984919309616089e-10,0.3740030426025391,FP16,Sufficient,0.00011008607135472417,0.00048096415613446415,0.0,0.0,
inference,layer2.1.relu2,ReLU,activation,input,327680000,0.0,54.8195686340332,3.1905350583727454e-10,6.984919309616089e-10,0.3740030426025391,FP8_E4M3,Sufficient,0.015058355690722024,1.0,0.0,0.0009652509652509653,
inference,layer2.1.relu2,ReLU,activation,input,327680000,0.0,54.8195686340332,3.1905350583727454e-10,6.984919309616089e-10,0.3740030426025391,FP8_E5M2,Marginal,0.027810572141976558,0.11111016921135015,0.0,0.0,
inference,layer2.1.relu2,ReLU,activation,input,327680000,0.0,54.8195686340332,3.1905350583727454e-10,6.984919309616089e-10,0.3740030426025391,INT16,Sufficient,0.0007012693083209389,1.0,,,0.0005259747129300546
inference,layer2.1.relu2,ReLU,activation,input,327680000,0.0,54.8195686340332,3.1905350583727454e-10,6.984919309616089e-10,0.3740030426025391,INT8,Marginal,0.07567903856721005,1.0,,,0.1357056174691268
inference,layer2.1.relu2,ReLU,activation,activation,327680000,0.0,54.8195686340332,3.1905350583727454e-10,6.984919309616089e-10,0.3740030426025391,FP16,Sufficient,0.00011008607135472417,0.00048096415613446415,0.0,0.0,
inference,layer2.1.relu2,ReLU,activation,activation,327680000,0.0,54.8195686340332,3.1905350583727454e-10,6.984919309616089e-10,0.3740030426025391,FP8_E4M3,Sufficient,0.015058355690722024,1.0,0.0,0.0009652509652509653,
inference,layer2.1.relu2,ReLU,activation,activation,327680000,0.0,54.8195686340332,3.1905350583727454e-10,6.984919309616089e-10,0.3740030426025391,FP8_E5M2,Marginal,0.027810572141976558,0.11111016921135015,0.0,0.0,
inference,layer2.1.relu2,ReLU,activation,activation,327680000,0.0,54.8195686340332,3.1905350583727454e-10,6.984919309616089e-10,0.3740030426025391,INT16,Sufficient,0.0007012693083209389,1.0,,,0.0005259747129300546
inference,layer2.1.relu2,ReLU,activation,activation,327680000,0.0,54.8195686340332,3.1905350583727454e-10,6.984919309616089e-10,0.3740030426025391,INT8,Marginal,0.07567903856721005,1.0,,,0.1357056174691268
inference,layer3.0.relu1,ReLU,activation,input,163840000,0.0,42.07086181640625,1.4983822183012308e-08,2.3283064365386963e-10,0.5097129089355469,FP16,Sufficient,8.328391034979068e-05,0.000847924557308188,0.0,0.0,
inference,layer3.0.relu1,ReLU,activation,input,163840000,0.0,42.07086181640625,1.4983822183012308e-08,2.3283064365386963e-10,0.5097129089355469,FP8_E4M3,Sufficient,0.011834755873581666,1.0,0.0,0.0009399477806788512,
inference,layer3.0.relu1,ReLU,activation,input,163840000,0.0,42.07086181640625,1.4983822183012308e-08,2.3283064365386963e-10,0.5097129089355469,FP8_E5M2,Marginal,0.021645640212547404,0.11106147017953498,0.0,0.0,
inference,layer3.0.relu1,ReLU,activation,input,163840000,0.0,42.07086181640625,1.4983822183012308e-08,2.3283064365386963e-10,0.5097129089355469,INT16,Sufficient,0.00034943440976971976,1.0,,,0.00022825908227228363
inference,layer3.0.relu1,ReLU,activation,input,163840000,0.0,42.07086181640625,1.4983822183012308e-08,2.3283064365386963e-10,0.5097129089355469,INT8,Marginal,0.04287141634370267,1.0,,,0.058892640541857624
inference,layer3.0.relu1,ReLU,activation,activation,163840000,0.0,42.07086181640625,1.4983822183012308e-08,2.3283064365386963e-10,0.5097129089355469,FP16,Sufficient,8.328391034979068e-05,0.000847924557308188,0.0,0.0,
inference,layer3.0.relu1,ReLU,activation,activation,163840000,0.0,42.07086181640625,1.4983822183012308e-08,2.3283064365386963e-10,0.5097129089355469,FP8_E4M3,Sufficient,0.011834755873581666,1.0,0.0,0.0009399477806788512,
inference,layer3.0.relu1,ReLU,activation,activation,163840000,0.0,42.07086181640625,1.4983822183012308e-08,2.3283064365386963e-10,0.5097129089355469,FP8_E5M2,Marginal,0.021645640212547404,0.11106147017953498,0.0,0.0,
inference,layer3.0.relu1,ReLU,activation,activation,163840000,0.0,42.07086181640625,1.4983822183012308e-08,2.3283064365386963e-10,0.5097129089355469,INT16,Sufficient,0.00034943440976971976,1.0,,,0.00022825908227228363
inference,layer3.0.relu1,ReLU,activation,activation,163840000,0.0,42.07086181640625,1.4983822183012308e-08,2.3283064365386963e-10,0.5097129089355469,INT8,Marginal,0.04287141634370267,1.0,,,0.058892640541857624
inference,layer3.0.relu2,ReLU,activation,input,163840000,0.0,71.61852264404297,2.2351741790771484e-08,1.862645149230957e-09,0.5242430419921875,FP16,Sufficient,8.350479641846456e-05,0.0019801980198019802,0.0,0.0,
inference,layer3.0.relu2,ReLU,activation,input,163840000,0.0,71.61852264404297,2.2351741790771484e-08,1.862645149230957e-09,0.5242430419921875,FP8_E4M3,Sufficient,0.011802955997729837,1.0,0.0,0.001475081656305974,
inference,layer3.0.relu2,ReLU,activation,input,163840000,0.0,71.61852264404297,2.2351741790771484e-08,1.862645149230957e-09,0.5242430419921875,FP8_E5M2,Marginal,0.021436561177371336,0.11105106819526041,0.0,0.0,
inference,layer3.0.relu2,ReLU,activation,input,163840000,0.0,71.61852264404297,2.2351741790771484e-08,1.862645149230957e-09,0.5242430419921875,INT16,Sufficient,0.0005757627652279754,1.0,,,0.00038528765445189654
inference,layer3.0.relu2,ReLU,activation,input,163840000,0.0,71.61852264404297,2.2351741790771484e-08,1.862645149230957e-09,0.5242430419921875,INT8,Marginal,0.044495918964563536,1.0,,,0.09940724860964797
inference,layer3.0.relu2,ReLU,activation,activation,163840000,0.0,71.61852264404297,2.2351741790771484e-08,1.862645149230957e-09,0.5242430419921875,FP16,Sufficient,8.350479641846456e-05,0.0019801980198019802,0.0,0.0,
inference,layer3.0.relu2,ReLU,activation,activation,163840000,0.0,71.61852264404297,2.2351741790771484e-08,1.862645149230957e-09,0.5242430419921875,FP8_E4M3,Sufficient,0.011802955997729837,1.0,0.0,0.001475081656305974,
inference,layer3.0.relu2,ReLU,activation,activation,163840000,0.0,71.61852264404297,2.2351741790771484e-08,1.862645149230957e-09,0.5242430419921875,FP8_E5M2,Marginal,0.021436561177371336,0.11105106819526041,0.0,0.0,
inference,layer3.0.relu2,ReLU,activation,activation,163840000,0.0,71.61852264404297,2.2351741790771484e-08,1.862645149230957e-09,0.5242430419921875,INT16,Sufficient,0.0005757627652279754,1.0,,,0.00038528765445189654
inference,layer3.0.relu2,ReLU,activation,activation,163840000,0.0,71.61852264404297,2.2351741790771484e-08,1.862645149230957e-09,0.5242430419921875,INT8,Marginal,0.044495918964563536,1.0,,,0.09940724860964797
inference,layer3.1.relu1,ReLU,activation,input,163840000,0.0,54.72195053100586,4.0816296120738116e-08,2.3283064365386963e-10,0.5200201599121094,FP16,Sufficient,8.401047592551938e-05,0.0004800642402849484,0.0,0.0,
inference,layer3.1.relu1,ReLU,activation,input,163840000,0.0,54.72195053100586,4.0816296120738116e-08,2.3283064365386963e-10,0.5200201599121094,FP8_E4M3,Sufficient,0.012067286199792823,1.0,0.0,0.0010447137484329294,
inference,layer3.1.relu1,ReLU,activation,input,163840000,0.0,54.72195053100586,4.0816296120738116e-08,2.3283064365386963e-10,0.5200201599121094,FP8_E5M2,Marginal,0.02175454356129013,0.11103330331468984,0.0,0.0,
inference,layer3.1.relu1,ReLU,activation,input,163840000,0.0,54.72195053100586,4.0816296120738116e-08,2.3283064365386963e-10,0.5200201599121094,INT16,Sufficient,0.0007145287076351203,1.0,,,0.0005704017853603723
inference,layer3.1.relu1,ReLU,activation,input,163840000,0.0,54.72195053100586,4.0816296120738116e-08,2.3283064365386963e-10,0.5200201599121094,INT8,Marginal,0.09083664860670754,1.0,,,0.1471681519756167
inference,layer3.1.relu1,ReLU,activation,activation,163840000,0.0,54.72195053100586,4.0816296120738116e-08,2.3283064365386963e-10,0.5200201599121094,FP16,Sufficient,8.401047592551938e-05,0.0004800642402849484,0.0,0.0,
inference,layer3.1.relu1,ReLU,activation,activation,163840000,0.0,54.72195053100586,4.0816296120738116e-08,2.3283064365386963e-10,0.5200201599121094,FP8_E4M3,Sufficient,0.012067286199792823,1.0,0.0,0.0010447137484329294,
inference,layer3.1.relu1,ReLU,activation,activation,163840000,0.0,54.72195053100586,4.0816296120738116e-08,2.3283064365386963e-10,0.5200201599121094,FP8_E5M2,Marginal,0.02175454356129013,0.11103330331468984,0.0,0.0,
inference,layer3.1.relu1,ReLU,activation,activation,163840000,0.0,54.72195053100586,4.0816296120738116e-08,2.3283064365386963e-10,0.5200201599121094,INT16,Sufficient,0.0007145287076351203,1.0,,,0.0005704017853603723
inference,layer3.1.relu1,ReLU,activation,activation,163840000,0.0,54.72195053100586,4.0816296120738116e-08,2.3283064365386963e-10,0.5200201599121094,INT8,Marginal,0.09083664860670754,1.0,,,0.1471681519756167
inference,layer3.1.relu2,ReLU,activation,input,163840000,0.0,115.48590850830078,1.4901161193847656e-08,1.1641532182693481e-10,0.377115185546875,FP16,Sufficient,0.00010927756764554914,0.0004862592229009186,0.0,0.0,
inference,layer3.1.relu2,ReLU,activation,input,163840000,0.0,115.48590850830078,1.4901161193847656e-08,1.1641532182693481e-10,0.377115185546875,FP8_E4M3,Sufficient,0.015200330698622255,1.0,0.0,0.0010410827260350765,
inference,layer3.1.relu2,ReLU,activation,input,163840000,0.0,115.48590850830078,1.4901161193847656e-08,1.1641532182693481e-10,0.377115185546875,FP8_E5M2,Marginal,0.028059505069747234,0.11106142807826476,0.0,0.0,
inference,layer3.1.relu2,ReLU,activation,input,163840000,0.0,115.48590850830078,1.4901161193847656e-08,1.1641532182693481e-10,0.377115185546875,INT16,Sufficient,0.0009427382347118115,1.0,,,0.00075297644225141
inference,layer3.1.relu2,ReLU,activation,input,163840000,0.0,115.48590850830078,1.4901161193847656e-08,1.1641532182693481e-10,0.377115185546875,INT8,Not sufficient,0.10970346069021888,1.0,,,0.19427385104922798
inference,layer3.1.relu2,ReLU,activation,activation,163840000,0.0,115.48590850830078,1.4901161193847656e-08,1.1641532182693481e-10,0.377115185546875,FP16,Sufficient,0.00010927756764554914,0.0004862592229009186,0.0,0.0,
inference,layer3.1.relu2,ReLU,activation,activation,163840000,0.0,115.48590850830078,1.4901161193847656e-08,1.1641532182693481e-10,0.377115185546875,FP8_E4M3,Sufficient,0.015200330698622255,1.0,0.0,0.0010410827260350765,
inference,layer3.1.relu2,ReLU,activation,activation,163840000,0.0,115.48590850830078,1.4901161193847656e-08,1.1641532182693481e-10,0.377115185546875,FP8_E5M2,Marginal,0.028059505069747234,0.11106142807826476,0.0,0.0,
inference,layer3.1.relu2,ReLU,activation,activation,163840000,0.0,115.48590850830078,1.4901161193847656e-08,1.1641532182693481e-10,0.377115185546875,INT16,Sufficient,0.0009427382347118115,1.0,,,0.00075297644225141
inference,layer3.1.relu2,ReLU,activation,activation,163840000,0.0,115.48590850830078,1.4901161193847656e-08,1.1641532182693481e-10,0.377115185546875,INT8,Not sufficient,0.10970346069021888,1.0,,,0.19427385104922798
inference,layer4.0.relu1,ReLU,activation,input,81920000,0.0,72.78877258300781,2.8384157246819086e-08,4.656612873077393e-10,0.5042335327148437,FP16,Sufficient,8.707942113563763e-05,0.000481963312404568,0.0,0.0,
inference,layer4.0.relu1,ReLU,activation,input,81920000,0.0,72.78877258300781,2.8384157246819086e-08,4.656612873077393e-10,0.5042335327148437,FP8_E4M3,Sufficient,0.012547229089235746,1.0,0.0,0.0017297517297517298,
inference,layer4.0.relu1,ReLU,activation,input,81920000,0.0,72.78877258300781,2.8384157246819086e-08,4.656612873077393e-10,0.5042335327148437,FP8_E5M2,Marginal,0.02224842094948554,0.11109133155147757,0.0,0.0,
inference,layer4.0.relu1,ReLU,activation,input,81920000,0.0,72.78877258300781,2.8384157246819086e-08,4.656612873077393e-10,0.5042335327148437,INT16,Sufficient,0.001964659614306572,1.0,,,0.001258673257385658
inference,layer4.0.relu1,ReLU,activation,input,81920000,0.0,72.78877258300781,2.8384157246819086e-08,4.656612873077393e-10,0.5042335327148437,INT8,Not sufficient,0.1756793556817947,1.0,,,0.32474761121855006
inference,layer4.0.relu1,ReLU,activation,activation,81920000,0.0,72.78877258300781,2.8384157246819086e-08,4.656612873077393e-10,0.5042335327148437,FP16,Sufficient,8.707942113563763e-05,0.000481963312404568,0.0,0.0,
inference,layer4.0.relu1,ReLU,activation,activation,81920000,0.0,72.78877258300781,2.8384157246819086e-08,4.656612873077393e-10,0.5042335327148437,FP8_E4M3,Sufficient,0.012547229089235746,1.0,0.0,0.0017297517297517298,
inference,layer4.0.relu1,ReLU,activation,activation,81920000,0.0,72.78877258300781,2.8384157246819086e-08,4.656612873077393e-10,0.5042335327148437,FP8_E5M2,Marginal,0.02224842094948554,0.11109133155147757,0.0,0.0,
inference,layer4.0.relu1,ReLU,activation,activation,81920000,0.0,72.78877258300781,2.8384157246819086e-08,4.656612873077393e-10,0.5042335327148437,INT16,Sufficient,0.001964659614306572,1.0,,,0.001258673257385658
inference,layer4.0.relu1,ReLU,activation,activation,81920000,0.0,72.78877258300781,2.8384157246819086e-08,4.656612873077393e-10,0.5042335327148437,INT8,Not sufficient,0.1756793556817947,1.0,,,0.32474761121855006
inference,layer4.0.relu2,ReLU,activation,input,81920000,0.0,69.61309051513672,5.960464477539063e-08,9.313225746154785e-10,0.5262186279296875,FP16,Sufficient,8.269251562703025e-05,0.00048238082786367597,0.0,0.0,
inference,layer4.0.relu2,ReLU,activation,input,81920000,0.0,69.61309051513672,5.960464477539063e-08,9.313225746154785e-10,0.5262186279296875,FP8_E4M3,Sufficient,0.011880274063981684,1.0,0.0,0.001488253428298076,
inference,layer4.0.relu2,ReLU,activation,input,81920000,0.0,69.61309051513672,5.960464477539063e-08,9.313225746154785e-10,0.5262186279296875,FP8_E5M2,Marginal,0.02096763939750137,0.11108709199783108,0.0,0.0,
inference,layer4.0.relu2,ReLU,activation,input,81920000,0.0,69.61309051513672,5.960464477539063e-08,9.313225746154785e-10,0.5262186279296875,INT16,Sufficient,0.001239022190806744,1.0,,,0.0007814625110137844
inference,layer4.0.relu2,ReLU,activation,input,81920000,0.0,69.61309051513672,5.960464477539063e-08,9.313225746154785e-10,0.5262186279296875,INT8,Not sufficient,0.11657335585624358,1.0,,,0.2016234810896746
inference,layer4.0.relu2,ReLU,activation,activation,81920000,0.0,69.61309051513672,5.960464477539063e-08,9.313225746154785e-10,0.5262186279296875,FP16,Sufficient,8.269251562703025e-05,0.00048238082786367597,0.0,0.0,
inference,layer4.0.relu2,ReLU,activation,activation,81920000,0.0,69.61309051513672,5.960464477539063e-08,9.313225746154785e-10,0.5262186279296875,FP8_E4M3,Sufficient,0.011880274063981684,1.0,0.0,0.001488253428298076,
inference,layer4.0.relu2,ReLU,activation,activation,81920000,0.0,69.61309051513672,5.960464477539063e-08,9.313225746154785e-10,0.5262186279296875,FP8_E5M2,Marginal,0.02096763939750137,0.11108709199783108,0.0,0.0,
inference,layer4.0.relu2,ReLU,activation,activation,81920000,0.0,69.61309051513672,5.960464477539063e-08,9.313225746154785e-10,0.5262186279296875,INT16,Sufficient,0.001239022190806744,1.0,,,0.0007814625110137844
inference,layer4.0.relu2,ReLU,activation,activation,81920000,0.0,69.61309051513672,5.960464477539063e-08,9.313225746154785e-10,0.5262186279296875,INT8,Not sufficient,0.11657335585624358,1.0,,,0.2016234810896746
inference,layer4.1.relu1,ReLU,activation,input,81920000,0.0,86.99668884277344,3.311284757501198e-08,2.3283064365386963e-10,0.5222142822265625,FP16,Sufficient,8.415134374529453e-05,0.00047983395164259246,0.0,0.0,
inference,layer4.1.relu1,ReLU,activation,input,81920000,0.0,86.99668884277344,3.311284757501198e-08,2.3283064365386963e-10,0.5222142822265625,FP8_E4M3,Sufficient,0.012474070727907934,1.0,0.0,0.001977312935789364,
inference,layer4.1.relu1,ReLU,activation,input,81920000,0.0,86.99668884277344,3.311284757501198e-08,2.3283064365386963e-10,0.5222142822265625,FP8_E5M2,Marginal,0.021408190548792838,0.11103829623359983,0.0,0.0,
inference,layer4.1.relu1,ReLU,activation,input,81920000,0.0,86.99668884277344,3.311284757501198e-08,2.3283064365386963e-10,0.5222142822265625,INT16,Sufficient,0.0011090290782406857,1.0,,,0.000615438368808915
inference,layer4.1.relu1,ReLU,activation,input,81920000,0.0,86.99668884277344,3.311284757501198e-08,2.3283064365386963e-10,0.5222142822265625,INT8,Marginal,0.09929508037072046,1.0,,,0.15878794512410802
inference,layer4.1.relu1,ReLU,activation,activation,81920000,0.0,86.99668884277344,3.311284757501198e-08,2.3283064365386963e-10,0.5222142822265625,FP16,Sufficient,8.415134374529453e-05,0.00047983395164259246,0.0,0.0,
inference,layer4.1.relu1,ReLU,activation,activation,81920000,0.0,86.99668884277344,3.311284757501198e-08,2.3283064365386963e-10,0.5222142822265625,FP8_E4M3,Sufficient,0.012474070727907934,1.0,0.0,0.001977312935789364,
inference,layer4.1.relu1,ReLU,activation,activation,81920000,0.0,86.99668884277344,3.311284757501198e-08,2.3283064365386963e-10,0.5222142822265625,FP8_E5M2,Marginal,0.021408190548792838,0.11103829623359983,0.0,0.0,
inference,layer4.1.relu1,ReLU,activation,activation,81920000,0.0,86.99668884277344,3.311284757501198e-08,2.3283064365386963e-10,0.5222142822265625,INT16,Sufficient,0.0011090290782406857,1.0,,,0.000615438368808915
inference,layer4.1.relu1,ReLU,activation,activation,81920000,0.0,86.99668884277344,3.311284757501198e-08,2.3283064365386963e-10,0.5222142822265625,INT8,Marginal,0.09929508037072046,1.0,,,0.15878794512410802
inference,layer4.1.relu2,ReLU,activation,input,81920000,0.0,80.28102111816406,1.9685231222865696e-10,2.3283064365386963e-10,0.42460537109375,FP16,Sufficient,0.00010004049950549363,0.0004830574999839772,0.0,0.0,
inference,layer4.1.relu2,ReLU,activation,input,81920000,0.0,80.28102111816406,1.9685231222865696e-10,2.3283064365386963e-10,0.42460537109375,FP8_E4M3,Sufficient,0.014093846858233587,1.0,0.0,0.0012306610407876231,
inference,layer4.1.relu2,ReLU,activation,input,81920000,0.0,80.28102111816406,1.9685231222865696e-10,2.3283064365386963e-10,0.42460537109375,FP8_E5M2,Marginal,0.025423712351031292,0.13301997903767815,0.0,0.0,
inference,layer4.1.relu2,ReLU,activation,input,81920000,0.0,80.28102111816406,1.9685231222865696e-10,2.3283064365386963e-10,0.42460537109375,INT16,Sufficient,0.0003844174575962866,1.0,,,0.00020072232211851623
inference,layer4.1.relu2,ReLU,activation,input,81920000,0.0,80.28102111816406,1.9685231222865696e-10,2.3283064365386963e-10,0.42460537109375,INT8,Marginal,0.04680619350841959,1.0,,,0.05178793959730253
inference,layer4.1.relu2,ReLU,activation,activation,81920000,0.0,80.28102111816406,1.9685231222865696e-10,2.3283064365386963e-10,0.42460537109375,FP16,Sufficient,0.00010004049950549363,0.0004830574999839772,0.0,0.0,
inference,layer4.1.relu2,ReLU,activation,activation,81920000,0.0,80.28102111816406,1.9685231222865696e-10,2.3283064365386963e-10,0.42460537109375,FP8_E4M3,Sufficient,0.014093846858233587,1.0,0.0,0.0012306610407876231,
inference,layer4.1.relu2,ReLU,activation,activation,81920000,0.0,80.28102111816406,1.9685231222865696e-10,2.3283064365386963e-10,0.42460537109375,FP8_E5M2,Marginal,0.025423712351031292,0.13301997903767815,0.0,0.0,
inference,layer4.1.relu2,ReLU,activation,activation,81920000,0.0,80.28102111816406,1.9685231222865696e-10,2.3283064365386963e-10,0.42460537109375,INT16,Sufficient,0.0003844174575962866,1.0,,,0.00020072232211851623
inference,layer4.1.relu2,ReLU,activation,activation,81920000,0.0,80.28102111816406,1.9685231222865696e-10,2.3283064365386963e-10,0.42460537109375,INT8,Marginal,0.04680619350841959,1.0,,,0.05178793959730253
inference,avgpool,AdaptiveAvgPool2d,pooling,input,81920000,0.0,80.28102111816406,1.9685231222865696e-10,2.3283064365386963e-10,0.42460537109375,FP16,Sufficient,0.00010004049950549363,0.0004830574999839772,0.0,0.0,
inference,avgpool,AdaptiveAvgPool2d,pooling,input,81920000,0.0,80.28102111816406,1.9685231222865696e-10,2.3283064365386963e-10,0.42460537109375,FP8_E4M3,Sufficient,0.014093846858233587,1.0,0.0,0.0012306610407876231,
inference,avgpool,AdaptiveAvgPool2d,pooling,input,81920000,0.0,80.28102111816406,1.9685231222865696e-10,2.3283064365386963e-10,0.42460537109375,FP8_E5M2,Marginal,0.025423712351031292,0.13301997903767815,0.0,0.0,
inference,avgpool,AdaptiveAvgPool2d,pooling,input,81920000,0.0,80.28102111816406,1.9685231222865696e-10,2.3283064365386963e-10,0.42460537109375,INT16,Sufficient,0.0003844174575962866,1.0,,,0.00020072232211851623
inference,avgpool,AdaptiveAvgPool2d,pooling,input,81920000,0.0,80.28102111816406,1.9685231222865696e-10,2.3283064365386963e-10,0.42460537109375,INT8,Marginal,0.04680619350841959,1.0,,,0.05178793959730253
inference,avgpool,AdaptiveAvgPool2d,pooling,activation,5120000,0.0,19.242938995361328,1.2293457984924316e-07,5.820766091346741e-11,0.0233431640625,FP16,Sufficient,0.00017169564869220708,0.005759382321543346,0.0,0.0,
inference,avgpool,AdaptiveAvgPool2d,pooling,activation,5120000,0.0,19.242938995361328,1.2293457984924316e-07,5.820766091346741e-11,0.0233431640625,FP8_E4M3,Marginal,0.026207333437051512,1.0,0.0,0.0020520186733699276,
inference,avgpool,AdaptiveAvgPool2d,pooling,activation,5120000,0.0,19.242938995361328,1.2293457984924316e-07,5.820766091346741e-11,0.0233431640625,FP8_E5M2,Marginal,0.043875092158581847,1.0,0.0,5.130046683424819e-05,
inference,avgpool,AdaptiveAvgPool2d,pooling,activation,5120000,0.0,19.242938995361328,1.2293457984924316e-07,5.820766091346741e-11,0.0233431640625,INT16,Sufficient,0.0008690040753977019,1.0,,,0.00014780780439370718
inference,avgpool,AdaptiveAvgPool2d,pooling,activation,5120000,0.0,19.242938995361328,1.2293457984924316e-07,5.820766091346741e-11,0.0233431640625,INT8,Marginal,0.09683151241693197,1.0,,,0.03813557737455593
inference,output,,,logit,100000,-11.92719841003418,24.716121673583984,7.787207141518593e-05,7.450580596923828e-09,0.0,FP16,Sufficient,0.000174641154122888,0.00048390698912787616,0.0,0.0,
inference,output,,,logit,100000,-11.92719841003418,24.716121673583984,7.787207141518593e-05,7.450580596923828e-09,0.0,FP8_E4M3,Marginal,0.023074626436558682,1.0,0.0,0.00035,
inference,output,,,logit,100000,-11.92719841003418,24.716121673583984,7.787207141518593e-05,7.450580596923828e-09,0.0,FP8_E5M2,Marginal,0.04441913395269419,0.11110663710146905,0.0,0.0,
inference,output,,,logit,100000,-11.92719841003418,24.716121673583984,7.787207141518593e-05,7.450580596923828e-09,0.0,INT16,Sufficient,0.0005071243510932638,1.0,,,0.0007468728917007476
inference,output,,,logit,100000,-11.92719841003418,24.716121673583984,7.787207141518593e-05,7.450580596923828e-09,0.0,INT8,Marginal,0.05326885881913789,1.0,,,0.19269908694770393
