stage,layer,layer_type,layer_category,tensor_type,count,min,max,min_abs_nonzero,empirical_min_spacing,frac_zero,format,verdict,mean_rel_error,max_rel_error,frac_overflow,frac_underflow_of_nonzero,scale
middle,conv1,Conv2d,conv,weight,1728,-0.4358125627040863,0.4903276860713959,3.4674528137657035e-07,1.4901161193847656e-08,0.0,FP16,Sufficient,0.0001912544220387737,0.03138496141193269,0.0,0.0,
middle,conv1,Conv2d,conv,weight,1728,-0.4358125627040863,0.4903276860713959,3.4674528137657035e-07,1.4901161193847656e-08,0.0,FP8_E4M3,Marginal,0.032810720960937144,1.0,0.0,0.005208333333333333,
middle,conv1,Conv2d,conv,weight,1728,-0.4358125627040863,0.4903276860713959,3.4674528137657035e-07,1.4901161193847656e-08,0.0,FP8_E5M2,Marginal,0.045626374244200234,1.0,0.0,0.0005787037037037037,
middle,conv1,Conv2d,conv,weight,1728,-0.4358125627040863,0.4903276860713959,3.4674528137657035e-07,1.4901161193847656e-08,0.0,INT16,Sufficient,0.0008151116536343773,1.0,,,1.4964070133713672e-05
middle,conv1,Conv2d,conv,weight,1728,-0.4358125627040863,0.4903276860713959,3.4674528137657035e-07,1.4901161193847656e-08,0.0,INT8,Marginal,0.032427384880912756,1.0,,,0.0038608479218220147
middle,conv1,Conv2d,conv,input,1966080,-1.9894737005233765,2.12648868560791,0.0006281130481511354,5.5283308029174805e-06,0.0,FP16,Sufficient,0.00016919338474510244,0.0004725976472912634,0.0,0.0,
middle,conv1,Conv2d,conv,input,1966080,-1.9894737005233765,2.12648868560791,0.0006281130481511354,5.5283308029174805e-06,0.0,FP8_E4M3,Marginal,0.024562829884855576,1.0,0.0,0.00205,
middle,conv1,Conv2d,conv,input,1966080,-1.9894737005233765,2.12648868560791,0.0006281130481511354,5.5283308029174805e-06,0.0,FP8_E5M2,Marginal,0.040048038028275224,0.11003156559107093,0.0,0.0,
middle,conv1,Conv2d,conv,input,1966080,-1.9894737005233765,2.12648868560791,0.0006281130481511354,5.5283308029174805e-06,0.0,INT16,Sufficient,0.00012117721464234044,0.03320994991828842,,,6.489726510232582e-05
middle,conv1,Conv2d,conv,input,1966080,-1.9894737005233765,2.12648868560791,0.0006281130481511354,5.5283308029174805e-06,0.0,INT8,Sufficient,0.017405684969387897,1.0,,,0.016744005398487482
middle,conv1,Conv2d,conv,activation,41943040,-6.404200553894043,6.3768134117126465,4.609305648273221e-08,2.3283064365386963e-10,0.0,FP16,Sufficient,0.0001754619440670504,0.0004847309743092584,0.0,0.0,
middle,conv1,Conv2d,conv,activation,41943040,-6.404200553894043,6.3768134117126465,4.609305648273221e-08,2.3283064365386963e-10,0.0,FP8_E4M3,Marginal,0.025420227636810424,1.0,0.0,0.0016,
middle,conv1,Conv2d,conv,activation,41943040,-6.404200553894043,6.3768134117126465,4.609305648273221e-08,2.3283064365386963e-10,0.0,FP8_E5M2,Marginal,0.04463712110687696,0.15361116377395467,0.0,0.0,
middle,conv1,Conv2d,conv,activation,41943040,-6.404200553894043,6.3768134117126465,4.609305648273221e-08,2.3283064365386963e-10,0.0,INT16,Sufficient,0.0007838868406560359,1.0,,,0.00019524098679577496
middle,conv1,Conv2d,conv,activation,41943040,-6.404200553894043,6.3768134117126465,4.609305648273221e-08,2.3283064365386963e-10,0.0,INT8,Marginal,0.09154302210569742,1.0,,,0.050373711923914634
middle,conv1,Conv2d,conv,weight_gradient,8640,-0.025779154151678085,0.052603889256715775,9.052964742295444e-07,5.820766091346741e-11,0.0,FP16,Sufficient,0.0001908626035135842,0.02976468062741963,0.0,0.0,
middle,conv1,Conv2d,conv,weight_gradient,8640,-0.025779154151678085,0.052603889256715775,9.052964742295444e-07,5.820766091346741e-11,0.0,FP8_E4M3,Not sufficient,0.2712067698645161,1.0,0.0,0.15069444444444444,
middle,conv1,Conv2d,conv,weight_gradient,8640,-0.025779154151678085,0.052603889256715775,9.052964742295444e-07,5.820766091346741e-11,0.0,FP8_E5M2,Marginal,0.0468489613262501,1.0,0.0,0.001388888888888889,
middle,conv1,Conv2d,conv,weight_gradient,8640,-0.025779154151678085,0.052603889256715775,9.052964742295444e-07,5.820766091346741e-11,0.0,INT16,Sufficient,0.0006659041774279922,0.7733331990734436,,,1.6053922927553873e-06
middle,conv1,Conv2d,conv,weight_gradient,8640,-0.025779154151678085,0.052603889256715775,9.052964742295444e-07,5.820766091346741e-11,0.0,INT8,Marginal,0.07966854396110805,1.0,,,0.00041420385241508484
middle,conv1,Conv2d,conv,weight_update,8640,-0.004074648022651672,0.0029676631093025208,4.470348358154297e-08,4.656612873077393e-10,0.0,FP16,Sufficient,0.00035021718507125736,0.3333333333333333,0.0,0.0,
middle,conv1,Conv2d,conv,weight_update,8640,-0.004074648022651672,0.0029676631093025208,4.470348358154297e-08,4.656612873077393e-10,0.0,FP8_E4M3,Not sufficient,0.9383397459631159,1.0,0.0,0.8671296296296296,
middle,conv1,Conv2d,conv,weight_update,8640,-0.004074648022651672,0.0029676631093025208,4.470348358154297e-08,4.656612873077393e-10,0.0,FP8_E5M2,Not sufficient,0.06516423797561985,1.0,0.0,0.010300925925925925,
middle,conv1,Conv2d,conv,weight_update,8640,-0.004074648022651672,0.0029676631093025208,4.470348358154297e-08,4.656612873077393e-10,0.0,INT16,Sufficient,0.0005084584260862361,1.0,,,1.243521842906483e-07
middle,conv1,Conv2d,conv,weight_update,8640,-0.004074648022651672,0.0029676631093025208,4.470348358154297e-08,4.656612873077393e-10,0.0,INT8,Marginal,0.07128845093676041,1.0,,,3.2083842698044664e-05
middle,bn1,BatchNorm2d,batchnorm,weight,64,0.5865126252174377,0.9383016228675842,0.5865126252174377,0.00034373998641967773,0.0,FP16,Sufficient,0.0001662350596914577,0.000361053005138062,0.0,0.0,
middle,bn1,BatchNorm2d,batchnorm,weight,64,0.5865126252174377,0.9383016228675842,0.5865126252174377,0.00034373998641967773,0.0,FP8_E4M3,Marginal,0.021716305252070568,0.05097493655272185,0.0,0.0,
middle,bn1,BatchNorm2d,batchnorm,weight,64,0.5865126252174377,0.9383016228675842,0.5865126252174377,0.00034373998641967773,0.0,FP8_E5M2,Marginal,0.04221811999238604,0.0891495123285558,0.0,0.0,
middle,bn1,BatchNorm2d,batchnorm,weight,64,0.5865126252174377,0.9383016228675842,0.5865126252174377,0.00034373998641967773,0.0,INT16,Sufficient,8.876972832152293e-06,2.3731288289592435e-05,,,2.8635566968827914e-05
middle,bn1,BatchNorm2d,batchnorm,weight,64,0.5865126252174377,0.9383016228675842,0.5865126252174377,0.00034373998641967773,0.0,INT8,Sufficient,0.0026076186543054314,0.005763374863131327,,,0.007388201754862868
middle,bn1,BatchNorm2d,batchnorm,bias,64,-0.22403207421302795,0.2739717662334442,0.0022002533078193665,0.00019533932209014893,0.0,FP16,Sufficient,0.0001820558825265447,0.0004090481358084589,0.0,0.0,
middle,bn1,BatchNorm2d,batchnorm,bias,64,-0.22403207421302795,0.2739717662334442,0.0022002533078193665,0.00019533932209014893,0.0,FP8_E4M3,Marginal,0.027616302593737995,0.24115555813330003,0.0,0.0,
middle,bn1,BatchNorm2d,batchnorm,bias,64,-0.22403207421302795,0.2739717662334442,0.0022002533078193665,0.00019533932209014893,0.0,FP8_E5M2,Marginal,0.045888995982954664,0.11066395446607181,0.0,0.0,
middle,bn1,BatchNorm2d,batchnorm,bias,64,-0.22403207421302795,0.2739717662334442,0.0022002533078193665,0.00019533932209014893,0.0,INT16,Sufficient,6.90192126830321e-05,0.0010973733913584966,,,8.361209943951055e-06
middle,bn1,BatchNorm2d,batchnorm,bias,64,-0.22403207421302795,0.2739717662334442,0.0022002533078193665,0.00019533932209014893,0.0,INT8,Sufficient,0.013364545522356532,0.3145618536169092,,,0.0021572580018381434
middle,bn1,BatchNorm2d,batchnorm,input,41943040,-6.404200553894043,6.3768134117126465,4.609305648273221e-08,2.3283064365386963e-10,0.0,FP16,Sufficient,0.0001754619440670504,0.0004847309743092584,0.0,0.0,
middle,bn1,BatchNorm2d,batchnorm,input,41943040,-6.404200553894043,6.3768134117126465,4.609305648273221e-08,2.3283064365386963e-10,0.0,FP8_E4M3,Marginal,0.025420227636810424,1.0,0.0,0.0016,
middle,bn1,BatchNorm2d,batchnorm,input,41943040,-6.404200553894043,6.3768134117126465,4.609305648273221e-08,2.3283064365386963e-10,0.0,FP8_E5M2,Marginal,0.04463712110687696,0.15361116377395467,0.0,0.0,
middle,bn1,BatchNorm2d,batchnorm,input,41943040,-6.404200553894043,6.3768134117126465,4.609305648273221e-08,2.3283064365386963e-10,0.0,INT16,Sufficient,0.0007838868406560359,1.0,,,0.00019524098679577496
middle,bn1,BatchNorm2d,batchnorm,input,41943040,-6.404200553894043,6.3768134117126465,4.609305648273221e-08,2.3283064365386963e-10,0.0,INT8,Marginal,0.09154302210569742,1.0,,,0.050373711923914634
middle,bn1,BatchNorm2d,batchnorm,activation,41943040,-7.749634265899658,8.506637573242188,2.2716166725444964e-08,4.0745362639427185e-10,0.0,FP16,Sufficient,0.00017684943246505278,0.0013346851426923228,0.0,0.0,
middle,bn1,BatchNorm2d,batchnorm,activation,41943040,-7.749634265899658,8.506637573242188,2.2716166725444964e-08,4.0745362639427185e-10,0.0,FP8_E4M3,Marginal,0.025119333686926357,1.0,0.0,0.0013,
middle,bn1,BatchNorm2d,batchnorm,activation,41943040,-7.749634265899658,8.506637573242188,2.2716166725444964e-08,4.0745362639427185e-10,0.0,FP8_E5M2,Marginal,0.04498872238400174,0.23455592633691388,0.0,0.0,
middle,bn1,BatchNorm2d,batchnorm,activation,41943040,-7.749634265899658,8.506637573242188,2.2716166725444964e-08,4.0745362639427185e-10,0.0,INT16,Sufficient,0.0005865600104555628,1.0,,,0.00016643290342612142
middle,bn1,BatchNorm2d,batchnorm,activation,41943040,-7.749634265899658,8.506637573242188,2.2716166725444964e-08,4.0745362639427185e-10,0.0,INT8,Marginal,0.07526968757231657,1.0,,,0.0429409995792419
middle,bn1,BatchNorm2d,batchnorm,weight_gradient,320,-0.03228165954351425,0.04620674252510071,5.44093745702412e-06,1.2663804227486253e-07,0.0,FP16,Sufficient,0.00019934290746948967,0.0031087992826927904,0.0,0.0,
middle,bn1,BatchNorm2d,batchnorm,weight_gradient,320,-0.03228165954351425,0.04620674252510071,5.44093745702412e-06,1.2663804227486253e-07,0.0,FP8_E4M3,Not sufficient,0.29833905489089496,1.0,0.0,0.153125,
middle,bn1,BatchNorm2d,batchnorm,weight_gradient,320,-0.03228165954351425,0.04620674252510071,5.44093745702412e-06,1.2663804227486253e-07,0.0,FP8_E5M2,Marginal,0.04890749256327326,1.0,0.0,0.003125,
middle,bn1,BatchNorm2d,batchnorm,weight_gradient,320,-0.03228165954351425,0.04620674252510071,5.44093745702412e-06,1.2663804227486253e-07,0.0,INT16,Sufficient,0.000470557031719155,0.036704369969748074,,,1.4101609096072483e-06
middle,bn1,BatchNorm2d,batchnorm,weight_gradient,320,-0.03228165954351425,0.04620674252510071,5.44093745702412e-06,1.2663804227486253e-07,0.0,INT8,Marginal,0.08729290893038323,1.0,,,0.0003638326183078796
middle,bn1,BatchNorm2d,batchnorm,weight_update,320,-0.003762543201446533,0.002100348472595215,1.1920928955078125e-07,5.960464477539063e-08,0.0,FP16,Sufficient,0.00011472727373533281,0.0004880429477794046,0.0,0.0,
middle,bn1,BatchNorm2d,batchnorm,weight_update,320,-0.003762543201446533,0.002100348472595215,1.1920928955078125e-07,5.960464477539063e-08,0.0,FP8_E4M3,Not sufficient,0.9658489666807594,1.0,0.0,0.940625,
middle,bn1,BatchNorm2d,batchnorm,weight_update,320,-0.003762543201446533,0.002100348472595215,1.1920928955078125e-07,5.960464477539063e-08,0.0,FP8_E5M2,Not sufficient,0.07320865373274887,1.0,0.0,0.01875,
middle,bn1,BatchNorm2d,batchnorm,weight_update,320,-0.003762543201446533,0.002100348472595215,1.1920928955078125e-07,5.960464477539063e-08,0.0,INT16,Sufficient,0.0005738872223191493,0.03675954466383861,,,1.1482721034719484e-07
middle,bn1,BatchNorm2d,batchnorm,weight_update,320,-0.003762543201446533,0.002100348472595215,1.1920928955078125e-07,5.960464477539063e-08,0.0,INT8,Marginal,0.09029412146831065,1.0,,,2.9626324420838843e-05
middle,layer1.0.conv1,Conv2d,conv,weight,36864,-0.13154108822345734,0.16697607934474945,1.9414103462622734e-06,6.984919309616089e-10,0.0,FP16,Sufficient,0.00017705726317679852,0.0032980553272986654,0.0,0.0,
middle,layer1.0.conv1,Conv2d,conv,weight,36864,-0.13154108822345734,0.16697607934474945,1.9414103462622734e-06,6.984919309616089e-10,0.0,FP8_E4M3,Not sufficient,0.0718824438374427,1.0,0.0,0.02335,
middle,layer1.0.conv1,Conv2d,conv,weight,36864,-0.13154108822345734,0.16697607934474945,1.9414103462622734e-06,6.984919309616089e-10,0.0,FP8_E5M2,Marginal,0.04519561552599654,1.0,0.0,5e-05,
middle,layer1.0.conv1,Conv2d,conv,weight,36864,-0.13154108822345734,0.16697607934474945,1.9414103462622734e-06,6.984919309616089e-10,0.0,INT16,Sufficient,0.00025530574723042976,0.1410040619187794,,,5.095861059747595e-06
middle,layer1.0.conv1,Conv2d,conv,weight,36864,-0.13154108822345734,0.16697607934474945,1.9414103462622734e-06,6.984919309616089e-10,0.0,INT8,Marginal,0.04946790461006257,1.0,,,0.0013147722783051138
middle,layer1.0.conv1,Conv2d,conv,input,41943040,0.0,8.506637573242188,4.9228312093418936e-08,4.656612873077393e-10,0.4890033006668091,FP16,Sufficient,9.01586890011272e-05,0.0013346851426923228,0.0,0.0,
middle,layer1.0.conv1,Conv2d,conv,input,41943040,0.0,8.506637573242188,4.9228312093418936e-08,4.656612873077393e-10,0.4890033006668091,FP8_E4M3,Sufficient,0.012845220357672923,1.0,0.0,0.0013717421124828531,
middle,layer1.0.conv1,Conv2d,conv,input,41943040,0.0,8.506637573242188,4.9228312093418936e-08,4.656612873077393e-10,0.4890033006668091,FP8_E5M2,Marginal,0.022921284134894603,0.23455592633691388,0.0,0.0,
middle,layer1.0.conv1,Conv2d,conv,input,41943040,0.0,8.506637573242188,4.9228312093418936e-08,4.656612873077393e-10,0.4890033006668091,INT16,Sufficient,0.00032480367228399684,1.0,,,0.0001419466961495014
middle,layer1.0.conv1,Conv2d,conv,input,41943040,0.0,8.506637573242188,4.9228312093418936e-08,4.656612873077393e-10,0.4890033006668091,INT8,Marginal,0.03364218578877266,1.0,,,0.03662336529709223
middle,layer1.0.conv1,Conv2d,conv,activation,41943040,-12.365941047668457,12.948594093322754,2.7939677238464355e-08,1.3969838619232178e-09,0.0,FP16,Sufficient,0.00017645546763756957,0.0006583278472679394,0.0,0.0,
middle,layer1.0.conv1,Conv2d,conv,activation,41943040,-12.365941047668457,12.948594093322754,2.7939677238464355e-08,1.3969838619232178e-09,0.0,FP8_E4M3,Marginal,0.02427496091616421,1.0,0.0,0.00105,
middle,layer1.0.conv1,Conv2d,conv,activation,41943040,-12.365941047668457,12.948594093322754,2.7939677238464355e-08,1.3969838619232178e-09,0.0,FP8_E5M2,Marginal,0.044435866357969735,0.11109264947671862,0.0,0.0,
middle,layer1.0.conv1,Conv2d,conv,activation,41943040,-12.365941047668457,12.948594093322754,2.7939677238464355e-08,1.3969838619232178e-09,0.0,INT16,Sufficient,0.0007709534554374037,1.0,,,0.00038404680387644976
middle,layer1.0.conv1,Conv2d,conv,activation,41943040,-12.365941047668457,12.948594093322754,2.7939677238464355e-08,1.3969838619232178e-09,0.0,INT8,Marginal,0.08894706914943941,1.0,,,0.09908709939070574
middle,layer1.0.conv1,Conv2d,conv,weight_gradient,184320,-0.011265939101576805,0.020478948950767517,1.333683030679822e-08,3.637978807091713e-12,0.0,FP16,Sufficient,0.00027904033842189254,1.0,0.0,5e-05,
middle,layer1.0.conv1,Conv2d,conv,weight_gradient,184320,-0.011265939101576805,0.020478948950767517,1.333683030679822e-08,3.637978807091713e-12,0.0,FP8_E4M3,Not sufficient,0.6902845982525623,1.0,0.0,0.53365,
middle,layer1.0.conv1,Conv2d,conv,weight_gradient,184320,-0.011265939101576805,0.020478948950767517,1.333683030679822e-08,3.637978807091713e-12,0.0,FP8_E5M2,Marginal,0.05277479000320526,1.0,0.0,0.00435,
middle,layer1.0.conv1,Conv2d,conv,weight_gradient,184320,-0.011265939101576805,0.020478948950767517,1.333683030679822e-08,3.637978807091713e-12,0.0,INT16,Sufficient,0.0008280706387538494,1.0,,,5.12129812909718e-07
middle,layer1.0.conv1,Conv2d,conv,weight_gradient,184320,-0.011265939101576805,0.020478948950767517,1.333683030679822e-08,3.637978807091713e-12,0.0,INT8,Not sufficient,0.10504839363340732,1.0,,,0.00013213352424891914
middle,layer1.0.conv1,Conv2d,conv,weight_update,184320,-0.0009947437793016434,0.0008229762315750122,1.862645149230957e-09,1.8189894035458565e-12,1.0850694444444445e-05,FP16,Sufficient,0.0013983829524202044,1.0,0.0,0.00045,
middle,layer1.0.conv1,Conv2d,conv,weight_update,184320,-0.0009947437793016434,0.0008229762315750122,1.862645149230957e-09,1.8189894035458565e-12,1.0850694444444445e-05,FP8_E4M3,Not sufficient,1.0,1.0,0.0,1.0,
middle,layer1.0.conv1,Conv2d,conv,weight_update,184320,-0.0009947437793016434,0.0008229762315750122,1.862645149230957e-09,1.8189894035458565e-12,1.0850694444444445e-05,FP8_E5M2,Not sufficient,0.14652146263351257,1.0,0.0,0.0604,
middle,layer1.0.conv1,Conv2d,conv,weight_update,184320,-0.0009947437793016434,0.0008229762315750122,1.862645149230957e-09,1.8189894035458565e-12,1.0850694444444445e-05,INT16,Sufficient,0.0005594602087849532,1.0,,,2.6387420839381058e-08
middle,layer1.0.conv1,Conv2d,conv,weight_update,184320,-0.0009947437793016434,0.0008229762315750122,1.862645149230957e-09,1.8189894035458565e-12,1.0850694444444445e-05,INT8,Marginal,0.07392247951902954,1.0,,,6.808162351527552e-06
middle,layer1.0.bn1,BatchNorm2d,batchnorm,weight,64,0.6311695575714111,0.9468178153038025,0.6311695575714111,3.039836883544922e-06,0.0,FP16,Sufficient,0.00015730913593586517,0.0003443206531191712,0.0,0.0,
middle,layer1.0.bn1,BatchNorm2d,batchnorm,weight,64,0.6311695575714111,0.9468178153038025,0.6311695575714111,3.039836883544922e-06,0.0,FP8_E4M3,Marginal,0.021300066006095554,0.04208053979439797,0.0,0.0,
middle,layer1.0.bn1,BatchNorm2d,batchnorm,weight,64,0.6311695575714111,0.9468178153038025,0.6311695575714111,3.039836883544922e-06,0.0,FP8_E5M2,Marginal,0.04142835544710934,0.08930172353791191,0.0,0.0,
middle,layer1.0.bn1,BatchNorm2d,batchnorm,weight,64,0.6311695575714111,0.9468178153038025,0.6311695575714111,3.039836883544922e-06,0.0,INT16,Sufficient,8.942363047502028e-06,1.9427445511302856e-05,,,2.8895468468392056e-05
middle,layer1.0.bn1,BatchNorm2d,batchnorm,weight,64,0.6311695575714111,0.9468178153038025,0.6311695575714111,3.039836883544922e-06,0.0,INT8,Sufficient,0.0024175315887794953,0.005196753596094796,,,0.007455258388218917
middle,layer1.0.bn1,BatchNorm2d,batchnorm,bias,64,-0.17325043678283691,0.2281624674797058,0.0006660472135990858,0.00012804847210645676,0.0,FP16,Sufficient,0.00017631339148801355,0.00043149368939068416,0.0,0.0,
middle,layer1.0.bn1,BatchNorm2d,batchnorm,bias,64,-0.17325043678283691,0.2281624674797058,0.0006660472135990858,0.00012804847210645676,0.0,FP8_E4M3,Not sufficient,0.05496837220346835,1.0,0.0,0.03125,
middle,layer1.0.bn1,BatchNorm2d,batchnorm,bias,64,-0.17325043678283691,0.2281624674797058,0.0006660472135990858,0.00012804847210645676,0.0,FP8_E5M2,Marginal,0.0490325807032124,0.11002122490459379,0.0,0.0,
middle,layer1.0.bn1,BatchNorm2d,batchnorm,bias,64,-0.17325043678283691,0.2281624674797058,0.0006660472135990858,0.00012804847210645676,0.0,INT16,Sufficient,0.00011482328213372918,0.0036302460738387335,,,6.963178425846303e-06
middle,layer1.0.bn1,BatchNorm2d,batchnorm,bias,64,-0.17325043678283691,0.2281624674797058,0.0006660472135990858,0.00012804847210645676,0.0,INT8,Marginal,0.04458326610192248,1.0,,,0.0017965548620449277
middle,layer1.0.bn1,BatchNorm2d,batchnorm,input,41943040,-12.365941047668457,12.948594093322754,2.7939677238464355e-08,1.3969838619232178e-09,0.0,FP16,Sufficient,0.00017645546763756957,0.0006583278472679394,0.0,0.0,
middle,layer1.0.bn1,BatchNorm2d,batchnorm,input,41943040,-12.365941047668457,12.948594093322754,2.7939677238464355e-08,1.3969838619232178e-09,0.0,FP8_E4M3,Marginal,0.02427496091616421,1.0,0.0,0.00105,
middle,layer1.0.bn1,BatchNorm2d,batchnorm,input,41943040,-12.365941047668457,12.948594093322754,2.7939677238464355e-08,1.3969838619232178e-09,0.0,FP8_E5M2,Marginal,0.044435866357969735,0.11109264947671862,0.0,0.0,
middle,layer1.0.bn1,BatchNorm2d,batchnorm,input,41943040,-12.365941047668457,12.948594093322754,2.7939677238464355e-08,1.3969838619232178e-09,0.0,INT16,Sufficient,0.0007709534554374037,1.0,,,0.00038404680387644976
middle,layer1.0.bn1,BatchNorm2d,batchnorm,input,41943040,-12.365941047668457,12.948594093322754,2.7939677238464355e-08,1.3969838619232178e-09,0.0,INT8,Marginal,0.08894706914943941,1.0,,,0.09908709939070574
middle,layer1.0.bn1,BatchNorm2d,batchnorm,activation,41943040,-10.269454956054688,7.205312252044678,1.6965671534308058e-08,4.656612873077393e-10,0.0,FP16,Sufficient,0.00017761306655160024,0.0005544805935841913,0.0,0.0,
middle,layer1.0.bn1,BatchNorm2d,batchnorm,activation,41943040,-10.269454956054688,7.205312252044678,1.6965671534308058e-08,4.656612873077393e-10,0.0,FP8_E4M3,Marginal,0.02480327728487029,1.0,0.0,0.00105,
middle,layer1.0.bn1,BatchNorm2d,batchnorm,activation,41943040,-10.269454956054688,7.205312252044678,1.6965671534308058e-08,4.656612873077393e-10,0.0,FP8_E5M2,Marginal,0.04505671805898208,0.11110658996543019,0.0,0.0,
middle,layer1.0.bn1,BatchNorm2d,batchnorm,activation,41943040,-10.269454956054688,7.205312252044678,1.6965671534308058e-08,4.656612873077393e-10,0.0,INT16,Sufficient,0.0008670451252962767,1.0,,,0.00023583540434905301
middle,layer1.0.bn1,BatchNorm2d,batchnorm,activation,41943040,-10.269454956054688,7.205312252044678,1.6965671534308058e-08,4.656612873077393e-10,0.0,INT8,Marginal,0.09707523363741492,1.0,,,0.06084739129374346
middle,layer1.0.bn1,BatchNorm2d,batchnorm,weight_gradient,320,-0.01757672056555748,0.02228306233882904,6.672317340417067e-06,1.6880221664905548e-07,0.0,FP16,Sufficient,0.00017942583464642712,0.0005099988884027971,0.0,0.0,
middle,layer1.0.bn1,BatchNorm2d,batchnorm,weight_gradient,320,-0.01757672056555748,0.02228306233882904,6.672317340417067e-06,1.6880221664905548e-07,0.0,FP8_E4M3,Not sufficient,0.414648990545219,1.0,0.0,0.259375,
middle,layer1.0.bn1,BatchNorm2d,batchnorm,weight_gradient,320,-0.01757672056555748,0.02228306233882904,6.672317340417067e-06,1.6880221664905548e-07,0.0,FP8_E5M2,Marginal,0.047360924263862306,1.0,0.0,0.003125,
middle,layer1.0.bn1,BatchNorm2d,batchnorm,weight_gradient,320,-0.01757672056555748,0.02228306233882904,6.672317340417067e-06,1.6880221664905548e-07,0.0,INT16,Sufficient,0.00022933736082397007,0.01920489456108913,,,6.800458491417903e-07
middle,layer1.0.bn1,BatchNorm2d,batchnorm,weight_gradient,320,-0.01757672056555748,0.02228306233882904,6.672317340417067e-06,1.6880221664905548e-07,0.0,INT8,Marginal,0.05328997242728696,1.0,,,0.0001754571837703074
middle,layer1.0.bn1,BatchNorm2d,batchnorm,weight_update,320,-0.0008887052536010742,0.0008762478828430176,2.8014183044433594e-06,5.960464477539063e-08,0.0,FP16,Sufficient,0.00013136314119983677,0.0004861448711716091,0.0,0.0,
middle,layer1.0.bn1,BatchNorm2d,batchnorm,weight_update,320,-0.0008887052536010742,0.0008762478828430176,2.8014183044433594e-06,5.960464477539063e-08,0.0,FP8_E4M3,Not sufficient,1.0,1.0,0.0,1.0,
middle,layer1.0.bn1,BatchNorm2d,batchnorm,weight_update,320,-0.0008887052536010742,0.0008762478828430176,2.8014183044433594e-06,5.960464477539063e-08,0.0,FP8_E5M2,Not sufficient,0.07558984125560507,1.0,0.0,0.015625,
middle,layer1.0.bn1,BatchNorm2d,batchnorm,weight_update,320,-0.0008887052536010742,0.0008762478828430176,2.8014183044433594e-06,5.960464477539063e-08,0.0,INT16,Sufficient,8.28187292041214e-05,0.002804456221847558,,,2.712195970339287e-08
middle,layer1.0.bn1,BatchNorm2d,batchnorm,weight_update,320,-0.0008887052536010742,0.0008762478828430176,2.8014183044433594e-06,5.960464477539063e-08,0.0,INT8,Marginal,0.024041926236198812,1.0,,,6.9976791622131825e-06
middle,layer1.0.conv2,Conv2d,conv,weight,36864,-0.13670775294303894,0.1558486670255661,6.663472618129163e-07,2.3283064365386963e-10,0.0,FP16,Sufficient,0.00017728414631867594,0.005766928931376194,0.0,0.0,
middle,layer1.0.conv2,Conv2d,conv,weight,36864,-0.13670775294303894,0.1558486670255661,6.663472618129163e-07,2.3283064365386963e-10,0.0,FP8_E4M3,Not sufficient,0.07528925197440542,1.0,0.0,0.02555,
middle,layer1.0.conv2,Conv2d,conv,weight,36864,-0.13670775294303894,0.1558486670255661,6.663472618129163e-07,2.3283064365386963e-10,0.0,FP8_E5M2,Marginal,0.04542966567706832,1.0,0.0,0.00025,
middle,layer1.0.conv2,Conv2d,conv,weight,36864,-0.13670775294303894,0.1558486670255661,6.663472618129163e-07,2.3283064365386963e-10,0.0,INT16,Sufficient,0.0004170382957188254,1.0,,,4.75626902144127e-06
middle,layer1.0.conv2,Conv2d,conv,weight,36864,-0.13670775294303894,0.1558486670255661,6.663472618129163e-07,2.3283064365386963e-10,0.0,INT8,Marginal,0.04847439777275867,1.0,,,0.0012271548584690244
middle,layer1.0.conv2,Conv2d,conv,input,41943040,0.0,7.205312252044678,1.6965671534308058e-08,6.402842700481415e-10,0.4692319393157959,FP16,Sufficient,9.374418043672999e-05,0.00048227483918577874,0.0,0.0,
middle,layer1.0.conv2,Conv2d,conv,input,41943040,0.0,7.205312252044678,1.6965671534308058e-08,6.402842700481415e-10,0.4692319393157959,FP8_E4M3,Sufficient,0.013201096964491324,1.0,0.0,0.0011342155009451795,
middle,layer1.0.conv2,Conv2d,conv,input,41943040,0.0,7.205312252044678,1.6965671534308058e-08,6.402842700481415e-10,0.4692319393157959,FP8_E5M2,Marginal,0.023902227734943368,0.11110027936027303,0.0,0.0,
middle,layer1.0.conv2,Conv2d,conv,input,41943040,0.0,7.205312252044678,1.6965671534308058e-08,6.402842700481415e-10,0.4692319393157959,INT16,Sufficient,0.0003258511884800362,1.0,,,0.00017968902590219003
middle,layer1.0.conv2,Conv2d,conv,input,41943040,0.0,7.205312252044678,1.6965671534308058e-08,6.402842700481415e-10,0.4692319393157959,INT8,Marginal,0.041987229256547465,1.0,,,0.04636118355698473
middle,layer1.0.conv2,Conv2d,conv,activation,41943040,-9.499752044677734,7.711751461029053,3.725290298461914e-09,9.313225746154785e-10,0.0,FP16,Sufficient,0.00017623250511783148,0.0004851851869486613,0.0,0.0,
middle,layer1.0.conv2,Conv2d,conv,activation,41943040,-9.499752044677734,7.711751461029053,3.725290298461914e-09,9.313225746154785e-10,0.0,FP8_E4M3,Marginal,0.024362552648249807,1.0,0.0,0.00075,
middle,layer1.0.conv2,Conv2d,conv,activation,41943040,-9.499752044677734,7.711751461029053,3.725290298461914e-09,9.313225746154785e-10,0.0,FP8_E5M2,Marginal,0.04493481951596724,0.1110994552139636,0.0,0.0,
middle,layer1.0.conv2,Conv2d,conv,activation,41943040,-9.499752044677734,7.711751461029053,3.725290298461914e-09,9.313225746154785e-10,0.0,INT16,Sufficient,0.0005978705998100671,1.0,,,0.00022785205278179194
middle,layer1.0.conv2,Conv2d,conv,activation,41943040,-9.499752044677734,7.711751461029053,3.725290298461914e-09,9.313225746154785e-10,0.0,INT8,Marginal,0.07829894704969959,1.0,,,0.058787623728354145
middle,layer1.0.conv2,Conv2d,conv,weight_gradient,184320,-0.01076444797217846,0.010348315350711346,3.230525180697441e-09,7.275957614183426e-12,0.0,FP16,Sufficient,0.0002615841970095202,0.6234641300039635,0.0,0.0,
middle,layer1.0.conv2,Conv2d,conv,weight_gradient,184320,-0.01076444797217846,0.010348315350711346,3.230525180697441e-09,7.275957614183426e-12,0.0,FP8_E4M3,Not sufficient,0.6861838043184468,1.0,0.0,0.52605,
middle,layer1.0.conv2,Conv2d,conv,weight_gradient,184320,-0.01076444797217846,0.010348315350711346,3.230525180697441e-09,7.275957614183426e-12,0.0,FP8_E5M2,Marginal,0.05252423271581838,1.0,0.0,0.00425,
middle,layer1.0.conv2,Conv2d,conv,weight_gradient,184320,-0.01076444797217846,0.010348315350711346,3.230525180697441e-09,7.275957614183426e-12,0.0,INT16,Sufficient,0.00045978474773205366,1.0,,,2.910292803991971e-07
middle,layer1.0.conv2,Conv2d,conv,weight_gradient,184320,-0.01076444797217846,0.010348315350711346,3.230525180697441e-09,7.275957614183426e-12,0.0,INT8,Marginal,0.06454443224429365,1.0,,,7.508784591212986e-05
middle,layer1.0.conv2,Conv2d,conv,weight_update,184320,-0.0007400298491120338,0.000753108412027359,9.313225746154785e-10,7.275957614183426e-12,0.0,FP16,Sufficient,0.0009416558287501829,1.0,0.0,0.0001,
middle,layer1.0.conv2,Conv2d,conv,weight_update,184320,-0.0007400298491120338,0.000753108412027359,9.313225746154785e-10,7.275957614183426e-12,0.0,FP8_E4M3,Not sufficient,1.0,1.0,0.0,1.0,
middle,layer1.0.conv2,Conv2d,conv,weight_update,184320,-0.0007400298491120338,0.000753108412027359,9.313225746154785e-10,7.275957614183426e-12,0.0,FP8_E5M2,Not sufficient,0.14002676526392815,1.0,0.0,0.0556,
middle,layer1.0.conv2,Conv2d,conv,weight_update,184320,-0.0007400298491120338,0.000753108412027359,9.313225746154785e-10,7.275957614183426e-12,0.0,INT16,Sufficient,0.00029286824987093053,0.3966665068078074,,,1.8210458657992355e-08
middle,layer1.0.conv2,Conv2d,conv,weight_update,184320,-0.0007400298491120338,0.000753108412027359,9.313225746154785e-10,7.275957614183426e-12,0.0,INT8,Marginal,0.05020498629060959,1.0,,,4.69844172320028e-06
middle,layer1.0.bn2,BatchNorm2d,batchnorm,weight,64,0.6275172829627991,0.9571962356567383,0.6275172829627991,0.0002244710922241211,0.0,FP16,Sufficient,0.0001474017862707618,0.00035203508596248675,0.0,0.0,
middle,layer1.0.bn2,BatchNorm2d,batchnorm,weight,64,0.6275172829627991,0.9571962356567383,0.6275172829627991,0.0002244710922241211,0.0,FP8_E4M3,Sufficient,0.018122081153407493,0.039297453212925014,0.0,0.0,
middle,layer1.0.bn2,BatchNorm2d,batchnorm,weight,64,0.6275172829627991,0.9571962356567383,0.6275172829627991,0.0002244710922241211,0.0,FP8_E5M2,Marginal,0.03812304421764898,0.08436389414404069,0.0,0.0,
middle,layer1.0.bn2,BatchNorm2d,batchnorm,weight,64,0.6275172829627991,0.9571962356567383,0.6275172829627991,0.0002244710922241211,0.0,INT16,Sufficient,8.770910462565855e-06,1.8730684659716015e-05,,,2.921220238827901e-05
middle,layer1.0.bn2,BatchNorm2d,batchnorm,weight,64,0.6275172829627991,0.9571962356567383,0.6275172829627991,0.0002244710922241211,0.0,INT8,Sufficient,0.0022488065830027835,0.00499996502079868,,,0.007536978233517624
middle,layer1.0.bn2,BatchNorm2d,batchnorm,bias,64,-0.12547099590301514,0.06787765771150589,0.001098891720175743,3.0945055186748505e-05,0.0,FP16,Sufficient,0.00017464297263939462,0.0003922605836888594,0.0,0.0,
middle,layer1.0.bn2,BatchNorm2d,batchnorm,bias,64,-0.12547099590301514,0.06787765771150589,0.001098891720175743,3.0945055186748505e-05,0.0,FP8_E4M3,Marginal,0.049733608802625624,0.7773589191186566,0.0,0.0,
middle,layer1.0.bn2,BatchNorm2d,batchnorm,bias,64,-0.12547099590301514,0.06787765771150589,0.001098891720175743,3.0945055186748505e-05,0.0,FP8_E5M2,Marginal,0.04868028697105595,0.11084932444916037,0.0,0.0,
middle,layer1.0.bn2,BatchNorm2d,batchnorm,bias,64,-0.12547099590301514,0.06787765771150589,0.001098891720175743,3.0945055186748505e-05,0.0,INT16,Sufficient,6.401129478575191e-05,0.0007258883053419963,,,3.829187777428972e-06
middle,layer1.0.bn2,BatchNorm2d,batchnorm,bias,64,-0.12547099590301514,0.06787765771150589,0.001098891720175743,3.0945055186748505e-05,0.0,INT8,Sufficient,0.018962377482862548,0.18994118054144873,,,0.0009879605976615365
middle,layer1.0.bn2,BatchNorm2d,batchnorm,input,41943040,-9.499752044677734,7.711751461029053,3.725290298461914e-09,9.313225746154785e-10,0.0,FP16,Sufficient,0.00017623250511783148,0.0004851851869486613,0.0,0.0,
middle,layer1.0.bn2,BatchNorm2d,batchnorm,input,41943040,-9.499752044677734,7.711751461029053,3.725290298461914e-09,9.313225746154785e-10,0.0,FP8_E4M3,Marginal,0.024362552648249807,1.0,0.0,0.00075,
middle,layer1.0.bn2,BatchNorm2d,batchnorm,input,41943040,-9.499752044677734,7.711751461029053,3.725290298461914e-09,9.313225746154785e-10,0.0,FP8_E5M2,Marginal,0.04493481951596724,0.1110994552139636,0.0,0.0,
middle,layer1.0.bn2,BatchNorm2d,batchnorm,input,41943040,-9.499752044677734,7.711751461029053,3.725290298461914e-09,9.313225746154785e-10,0.0,INT16,Sufficient,0.0005978705998100671,1.0,,,0.00022785205278179194
middle,layer1.0.bn2,BatchNorm2d,batchnorm,input,41943040,-9.499752044677734,7.711751461029053,3.725290298461914e-09,9.313225746154785e-10,0.0,INT8,Marginal,0.07829894704969959,1.0,,,0.058787623728354145
middle,layer1.0.bn2,BatchNorm2d,batchnorm,activation,41943040,-8.022066116333008,7.876349925994873,7.421066428037193e-09,1.1641532182693481e-10,0.0,FP16,Sufficient,0.00017495761983103714,0.0004816306726743381,0.0,0.0,
middle,layer1.0.bn2,BatchNorm2d,batchnorm,activation,41943040,-8.022066116333008,7.876349925994873,7.421066428037193e-09,1.1641532182693481e-10,0.0,FP8_E4M3,Marginal,0.024964171420501148,1.0,0.0,0.00105,
middle,layer1.0.bn2,BatchNorm2d,batchnorm,activation,41943040,-8.022066116333008,7.876349925994873,7.421066428037193e-09,1.1641532182693481e-10,0.0,FP8_E5M2,Marginal,0.04467635643278496,0.11110498879120963,0.0,0.0,
middle,layer1.0.bn2,BatchNorm2d,batchnorm,activation,41943040,-8.022066116333008,7.876349925994873,7.421066428037193e-09,1.1641532182693481e-10,0.0,INT16,Sufficient,0.0006278640074531427,1.0,,,0.00018950350084408714
middle,layer1.0.bn2,BatchNorm2d,batchnorm,activation,41943040,-8.022066116333008,7.876349925994873,7.421066428037193e-09,1.1641532182693481e-10,0.0,INT8,Marginal,0.07753020534950196,1.0,,,0.048893395371324436
middle,layer1.0.bn2,BatchNorm2d,batchnorm,weight_gradient,320,-0.010533900931477547,0.01183514017611742,1.231480564456433e-05,1.5087425708770752e-07,0.0,FP16,Sufficient,0.00018751481241899678,0.0018965645594121005,0.0,0.0,
middle,layer1.0.bn2,BatchNorm2d,batchnorm,weight_gradient,320,-0.010533900931477547,0.01183514017611742,1.231480564456433e-05,1.5087425708770752e-07,0.0,FP8_E4M3,Not sufficient,0.39474111406554596,1.0,0.0,0.228125,
middle,layer1.0.bn2,BatchNorm2d,batchnorm,weight_gradient,320,-0.010533900931477547,0.01183514017611742,1.231480564456433e-05,1.5087425708770752e-07,0.0,FP8_E5M2,Marginal,0.04428149285090238,0.24338813080355143,0.0,0.0,
middle,layer1.0.bn2,BatchNorm2d,batchnorm,weight_gradient,320,-0.010533900931477547,0.01183514017611742,1.231480564456433e-05,1.5087425708770752e-07,0.0,INT16,Sufficient,0.00016066972023656101,0.0056568374191701305,,,3.6119083761459455e-07
middle,layer1.0.bn2,BatchNorm2d,batchnorm,weight_gradient,320,-0.010533900931477547,0.01183514017611742,1.231480564456433e-05,1.5087425708770752e-07,0.0,INT8,Marginal,0.036708325588389365,1.0,,,9.319008012690882e-05
middle,layer1.0.bn2,BatchNorm2d,batchnorm,weight_update,320,-0.0011953115463256836,0.0006816983222961426,2.562999725341797e-06,5.960464477539063e-08,0.003125,FP16,Sufficient,0.00011839397286349808,0.00048007681228996637,0.0,0.0,
middle,layer1.0.bn2,BatchNorm2d,batchnorm,weight_update,320,-0.0011953115463256836,0.0006816983222961426,2.562999725341797e-06,5.960464477539063e-08,0.003125,FP8_E4M3,Not sufficient,0.9931567845451823,1.0,0.0,0.9843260188087775,
middle,layer1.0.bn2,BatchNorm2d,batchnorm,weight_update,320,-0.0011953115463256836,0.0006816983222961426,2.562999725341797e-06,5.960464477539063e-08,0.003125,FP8_E5M2,Not sufficient,0.08245671927066808,1.0,0.0,0.01567398119122257,
middle,layer1.0.bn2,BatchNorm2d,batchnorm,weight_update,320,-0.0011953115463256836,0.0006816983222961426,2.562999725341797e-06,5.960464477539063e-08,0.003125,INT16,Sufficient,0.0001387053742513022,0.004173794117996853,,,3.6479126753309234e-08
middle,layer1.0.bn2,BatchNorm2d,batchnorm,weight_update,320,-0.0011953115463256836,0.0006816983222961426,2.562999725341797e-06,5.960464477539063e-08,0.003125,INT8,Marginal,0.036887329071640544,1.0,,,9.411901939572311e-06
middle,layer1.1.conv1,Conv2d,conv,weight,36864,-0.15168032050132751,0.13069355487823486,2.467740614520153e-06,1.1641532182693481e-10,0.0,FP16,Sufficient,0.00017798543690825642,0.0038660102692176603,0.0,0.0,
middle,layer1.1.conv1,Conv2d,conv,weight,36864,-0.15168032050132751,0.13069355487823486,2.467740614520153e-06,1.1641532182693481e-10,0.0,FP8_E4M3,Not sufficient,0.08057762482155131,1.0,0.0,0.028,
middle,layer1.1.conv1,Conv2d,conv,weight,36864,-0.15168032050132751,0.13069355487823486,2.467740614520153e-06,1.1641532182693481e-10,0.0,FP8_E5M2,Marginal,0.0449246023703599,1.0,0.0,0.0001,
middle,layer1.1.conv1,Conv2d,conv,weight,36864,-0.15168032050132751,0.13069355487823486,2.467740614520153e-06,1.1641532182693481e-10,0.0,INT16,Sufficient,0.00025115009651441664,0.2818930747626913,,,3.98857249300317e-06
middle,layer1.1.conv1,Conv2d,conv,weight,36864,-0.15168032050132751,0.13069355487823486,2.467740614520153e-06,1.1641532182693481e-10,0.0,INT8,Marginal,0.0447011785086288,1.0,,,0.0010290831092774398
middle,layer1.1.conv1,Conv2d,conv,input,41943040,0.0,11.02932357788086,3.1015247259347234e-08,5.529727786779404e-10,0.38400700092315676,FP16,Sufficient,0.00010808881177058555,0.000482611231494883,0.0,0.0,
middle,layer1.1.conv1,Conv2d,conv,input,41943040,0.0,11.02932357788086,3.1015247259347234e-08,5.529727786779404e-10,0.38400700092315676,FP8_E4M3,Sufficient,0.014746227158732373,1.0,0.0,0.00048764629388816646,
middle,layer1.1.conv1,Conv2d,conv,input,41943040,0.0,11.02932357788086,3.1015247259347234e-08,5.529727786779404e-10,0.38400700092315676,FP8_E5M2,Marginal,0.027329799791045866,0.11105083274561926,0.0,0.0,
middle,layer1.1.conv1,Conv2d,conv,input,41943040,0.0,11.02932357788086,3.1015247259347234e-08,5.529727786779404e-10,0.38400700092315676,INT16,Sufficient,0.0002858131513185557,0.9050986619663075,,,0.00019355818106744178
middle,layer1.1.conv1,Conv2d,conv,input,41943040,0.0,11.02932357788086,3.1015247259347234e-08,5.529727786779404e-10,0.38400700092315676,INT8,Marginal,0.037299603182798305,1.0,,,0.04993953479556587
middle,layer1.1.conv1,Conv2d,conv,activation,41943040,-14.375655174255371,12.930492401123047,1.601874828338623e-07,1.3969838619232178e-09,0.0,FP16,Sufficient,0.0001761717329234682,0.00048495741845985786,0.0,0.0,
middle,layer1.1.conv1,Conv2d,conv,activation,41943040,-14.375655174255371,12.930492401123047,1.601874828338623e-07,1.3969838619232178e-09,0.0,FP8_E4M3,Marginal,0.023204487668864918,1.0,0.0,0.0002,
middle,layer1.1.conv1,Conv2d,conv,activation,41943040,-14.375655174255371,12.930492401123047,1.601874828338623e-07,1.3969838619232178e-09,0.0,FP8_E5M2,Marginal,0.04510582665227485,0.11110934505036929,0.0,0.0,
middle,layer1.1.conv1,Conv2d,conv,activation,41943040,-14.375655174255371,12.930492401123047,1.601874828338623e-07,1.3969838619232178e-09,0.0,INT16,Sufficient,0.0002867004068554539,0.21153204661192146,,,0.00029293742168083197
middle,layer1.1.conv1,Conv2d,conv,activation,41943040,-14.375655174255371,12.930492401123047,1.601874828338623e-07,1.3969838619232178e-09,0.0,INT8,Marginal,0.05183994988624767,1.0,,,0.07558016138752614
middle,layer1.1.conv1,Conv2d,conv,weight_gradient,184320,-0.015737108886241913,0.011074789799749851,1.4524630387313664e-09,3.637978807091713e-12,0.0,FP16,Sufficient,0.0002722418389957368,1.0,0.0,5e-05,
middle,layer1.1.conv1,Conv2d,conv,weight_gradient,184320,-0.015737108886241913,0.011074789799749851,1.4524630387313664e-09,3.637978807091713e-12,0.0,FP8_E4M3,Not sufficient,0.7398785241207911,1.0,0.0,0.59105,
middle,layer1.1.conv1,Conv2d,conv,weight_gradient,184320,-0.015737108886241913,0.011074789799749851,1.4524630387313664e-09,3.637978807091713e-12,0.0,FP8_E5M2,Marginal,0.05372196668730394,1.0,0.0,0.0046,
middle,layer1.1.conv1,Conv2d,conv,weight_gradient,184320,-0.015737108886241913,0.011074789799749851,1.4524630387313664e-09,3.637978807091713e-12,0.0,INT16,Sufficient,0.0006650592768019084,1.0,,,3.989297950853888e-07
middle,layer1.1.conv1,Conv2d,conv,weight_gradient,184320,-0.015737108886241913,0.011074789799749851,1.4524630387313664e-09,3.637978807091713e-12,0.0,INT8,Marginal,0.09621243334454775,1.0,,,0.00010292702831151917
middle,layer1.1.conv1,Conv2d,conv,weight_update,184320,-0.0010376647114753723,0.0010589472949504852,9.313225746154785e-10,7.275957614183426e-12,1.6276041666666666e-05,FP16,Sufficient,0.0012905391877107502,1.0,0.0,0.000200010000500025,
middle,layer1.1.conv1,Conv2d,conv,weight_update,184320,-0.0010376647114753723,0.0010589472949504852,9.313225746154785e-10,7.275957614183426e-12,1.6276041666666666e-05,FP8_E4M3,Not sufficient,0.9999251435231982,1.0,0.0,0.9997999899994999,
middle,layer1.1.conv1,Conv2d,conv,weight_update,184320,-0.0010376647114753723,0.0010589472949504852,9.313225746154785e-10,7.275957614183426e-12,1.6276041666666666e-05,FP8_E5M2,Not sufficient,0.1590459174240692,1.0,0.0,0.06820341017050853,
middle,layer1.1.conv1,Conv2d,conv,weight_update,184320,-0.0010376647114753723,0.0010589472949504852,9.313225746154785e-10,7.275957614183426e-12,1.6276041666666666e-05,INT16,Sufficient,0.0006673619980765435,1.0,,,3.231749305552798e-08
middle,layer1.1.conv1,Conv2d,conv,weight_update,184320,-0.0010376647114753723,0.0010589472949504852,9.313225746154785e-10,7.275957614183426e-12,1.6276041666666666e-05,INT8,Marginal,0.09470947717644287,1.0,,,8.338167676775475e-06
middle,layer1.1.bn1,BatchNorm2d,batchnorm,weight,64,0.6806784272193909,0.8767932057380676,0.6806784272193909,0.00013834238052368164,0.0,FP16,Sufficient,0.00016080804731605057,0.00032496277174926983,0.0,0.0,
middle,layer1.1.bn1,BatchNorm2d,batchnorm,weight,64,0.6806784272193909,0.8767932057380676,0.6806784272193909,0.00013834238052368164,0.0,FP8_E4M3,Marginal,0.02012957131355929,0.043267853163106114,0.0,0.0,
middle,layer1.1.bn1,BatchNorm2d,batchnorm,weight,64,0.6806784272193909,0.8767932057380676,0.6806784272193909,0.00013834238052368164,0.0,FP8_E5M2,Marginal,0.04024505711909679,0.0847977108770869,0.0,0.0,
middle,layer1.1.bn1,BatchNorm2d,batchnorm,weight,64,0.6806784272193909,0.8767932057380676,0.6806784272193909,0.00013834238052368164,0.0,INT16,Sufficient,9.38843344813698e-06,1.8221242307956686e-05,,,2.6758421757807173e-05
middle,layer1.1.bn1,BatchNorm2d,batchnorm,weight,64,0.6806784272193909,0.8767932057380676,0.6806784272193909,0.00013834238052368164,0.0,INT8,Sufficient,0.0018850117516059286,0.004421754657651662,,,0.006903883509748564
middle,layer1.1.bn1,BatchNorm2d,batchnorm,bias,64,-0.14421826601028442,0.07947929948568344,0.0002598568971734494,1.5151221305131912e-05,0.0,FP16,Sufficient,0.0001906162769822556,0.00046431519092287064,0.0,0.0,
middle,layer1.1.bn1,BatchNorm2d,batchnorm,bias,64,-0.14421826601028442,0.07947929948568344,0.0002598568971734494,1.5151221305131912e-05,0.0,FP8_E4M3,Not sufficient,0.06205791846260029,1.0,0.0,0.03125,
middle,layer1.1.bn1,BatchNorm2d,batchnorm,bias,64,-0.14421826601028442,0.07947929948568344,0.0002598568971734494,1.5151221305131912e-05,0.0,FP8_E5M2,Marginal,0.045500117066838895,0.1098924128072402,0.0,0.0,
middle,layer1.1.bn1,BatchNorm2d,batchnorm,bias,64,-0.14421826601028442,0.07947929948568344,0.0002598568971734494,1.5151221305131912e-05,0.0,INT16,Sufficient,7.804619203325465e-05,0.0014642283029128568,,,4.401326517846749e-06
middle,layer1.1.bn1,BatchNorm2d,batchnorm,bias,64,-0.14421826601028442,0.07947929948568344,0.0002598568971734494,1.5151221305131912e-05,0.0,INT8,Marginal,0.03541896951519864,1.0,,,0.001135576897718775
middle,layer1.1.bn1,BatchNorm2d,batchnorm,input,41943040,-14.375655174255371,12.930492401123047,1.601874828338623e-07,1.3969838619232178e-09,0.0,FP16,Sufficient,0.0001761717329234682,0.00048495741845985786,0.0,0.0,
middle,layer1.1.bn1,BatchNorm2d,batchnorm,input,41943040,-14.375655174255371,12.930492401123047,1.601874828338623e-07,1.3969838619232178e-09,0.0,FP8_E4M3,Marginal,0.023204487668864918,1.0,0.0,0.0002,
middle,layer1.1.bn1,BatchNorm2d,batchnorm,input,41943040,-14.375655174255371,12.930492401123047,1.601874828338623e-07,1.3969838619232178e-09,0.0,FP8_E5M2,Marginal,0.04510582665227485,0.11110934505036929,0.0,0.0,
middle,layer1.1.bn1,BatchNorm2d,batchnorm,input,41943040,-14.375655174255371,12.930492401123047,1.601874828338623e-07,1.3969838619232178e-09,0.0,INT16,Sufficient,0.0002867004068554539,0.21153204661192146,,,0.00029293742168083197
middle,layer1.1.bn1,BatchNorm2d,batchnorm,input,41943040,-14.375655174255371,12.930492401123047,1.601874828338623e-07,1.3969838619232178e-09,0.0,INT8,Marginal,0.05183994988624767,1.0,,,0.07558016138752614
middle,layer1.1.bn1,BatchNorm2d,batchnorm,activation,41943040,-8.478728294372559,6.476907253265381,1.7036580146623237e-08,2.9103830456733704e-10,0.0,FP16,Sufficient,0.00017618721167527633,0.000557815033301334,0.0,0.0,
middle,layer1.1.bn1,BatchNorm2d,batchnorm,activation,41943040,-8.478728294372559,6.476907253265381,1.7036580146623237e-08,2.9103830456733704e-10,0.0,FP8_E4M3,Marginal,0.02539795106980179,1.0,0.0,0.0014,
middle,layer1.1.bn1,BatchNorm2d,batchnorm,activation,41943040,-8.478728294372559,6.476907253265381,1.7036580146623237e-08,2.9103830456733704e-10,0.0,FP8_E5M2,Marginal,0.045043675190618304,0.11110630739229806,0.0,0.0,
middle,layer1.1.bn1,BatchNorm2d,batchnorm,activation,41943040,-8.478728294372559,6.476907253265381,1.7036580146623237e-08,2.9103830456733704e-10,0.0,INT16,Sufficient,0.0005685254970979935,1.0,,,0.0001605596585142335
middle,layer1.1.bn1,BatchNorm2d,batchnorm,activation,41943040,-8.478728294372559,6.476907253265381,1.7036580146623237e-08,2.9103830456733704e-10,0.0,INT8,Marginal,0.07231748345151746,1.0,,,0.04142565614595188
middle,layer1.1.bn1,BatchNorm2d,batchnorm,weight_gradient,320,-0.006583009846508503,0.008814270608127117,1.0480824812475475e-06,2.5687768356874585e-08,0.0,FP16,Sufficient,0.0002639424030591607,0.023663332946814043,0.0,0.0,
middle,layer1.1.bn1,BatchNorm2d,batchnorm,weight_gradient,320,-0.006583009846508503,0.008814270608127117,1.0480824812475475e-06,2.5687768356874585e-08,0.0,FP8_E4M3,Not sufficient,0.5522987759487383,1.0,0.0,0.4,
middle,layer1.1.bn1,BatchNorm2d,batchnorm,weight_gradient,320,-0.006583009846508503,0.008814270608127117,1.0480824812475475e-06,2.5687768356874585e-08,0.0,FP8_E5M2,Marginal,0.050138450939892,1.0,0.0,0.003125,
middle,layer1.1.bn1,BatchNorm2d,batchnorm,weight_gradient,320,-0.006583009846508503,0.008814270608127117,1.0480824812475475e-06,2.5687768356874585e-08,0.0,INT16,Sufficient,0.00022661951892102367,0.02663065509095553,,,2.6899840107813096e-07
middle,layer1.1.bn1,BatchNorm2d,batchnorm,weight_gradient,320,-0.006583009846508503,0.008814270608127117,1.0480824812475475e-06,2.5687768356874585e-08,0.0,INT8,Marginal,0.04112137177999685,1.0,,,6.940370557580407e-05
middle,layer1.1.bn1,BatchNorm2d,batchnorm,weight_update,320,-0.000838935375213623,0.0003235936164855957,7.748603820800781e-07,5.960464477539063e-08,0.0,FP16,Sufficient,0.00010377200337358515,0.0004870920603994155,0.0,0.0,
middle,layer1.1.bn1,BatchNorm2d,batchnorm,weight_update,320,-0.000838935375213623,0.0003235936164855957,7.748603820800781e-07,5.960464477539063e-08,0.0,FP8_E4M3,Not sufficient,1.0,1.0,0.0,1.0,
middle,layer1.1.bn1,BatchNorm2d,batchnorm,weight_update,320,-0.000838935375213623,0.0003235936164855957,7.748603820800781e-07,5.960464477539063e-08,0.0,FP8_E5M2,Not sufficient,0.09567852229405542,1.0,0.0,0.03125,
middle,layer1.1.bn1,BatchNorm2d,batchnorm,weight_update,320,-0.000838935375213623,0.0003235936164855957,7.748603820800781e-07,5.960464477539063e-08,0.0,INT16,Sufficient,0.00015506185875565652,0.008735336443091221,,,2.5603057198206215e-08
middle,layer1.1.bn1,BatchNorm2d,batchnorm,weight_update,320,-0.000838935375213623,0.0003235936164855957,7.748603820800781e-07,5.960464477539063e-08,0.0,INT8,Marginal,0.0410127237351279,1.0,,,6.60579035601278e-06
middle,layer1.1.conv2,Conv2d,conv,weight,36864,-0.11784717440605164,0.12530262768268585,1.7927391127159353e-07,2.3283064365386963e-10,0.0,FP16,Sufficient,0.0001779106134129256,0.013850995106988577,0.0,0.0,
middle,layer1.1.conv2,Conv2d,conv,weight,36864,-0.11784717440605164,0.12530262768268585,1.7927391127159353e-07,2.3283064365386963e-10,0.0,FP8_E4M3,Not sufficient,0.08089706177929226,1.0,0.0,0.0284,
middle,layer1.1.conv2,Conv2d,conv,weight,36864,-0.11784717440605164,0.12530262768268585,1.7927391127159353e-07,2.3283064365386963e-10,0.0,FP8_E5M2,Marginal,0.04540273291191787,1.0,0.0,5e-05,
middle,layer1.1.conv2,Conv2d,conv,weight,36864,-0.11784717440605164,0.12530262768268585,1.7927391127159353e-07,2.3283064365386963e-10,0.0,INT16,Sufficient,0.0002551394013255657,1.0,,,3.386490681597292e-06
middle,layer1.1.conv2,Conv2d,conv,weight,36864,-0.11784717440605164,0.12530262768268585,1.7927391127159353e-07,2.3283064365386963e-10,0.0,INT8,Marginal,0.040849911449618685,1.0,,,0.0008737412611330588
middle,layer1.1.conv2,Conv2d,conv,input,41943040,0.0,6.476907253265381,1.7036580146623237e-08,2.9103830456733704e-10,0.5129064321517944,FP16,Sufficient,8.611614754553615e-05,0.0004862617685030444,0.0,0.0,
middle,layer1.1.conv2,Conv2d,conv,input,41943040,0.0,6.476907253265381,1.7036580146623237e-08,2.9103830456733704e-10,0.5129064321517944,FP8_E4M3,Sufficient,0.012385419088526344,1.0,0.0,0.0013249082755809212,
middle,layer1.1.conv2,Conv2d,conv,input,41943040,0.0,6.476907253265381,1.7036580146623237e-08,2.9103830456733704e-10,0.5129064321517944,FP8_E5M2,Marginal,0.02214670240967305,0.11103311490155734,0.0,0.0,
middle,layer1.1.conv2,Conv2d,conv,input,41943040,0.0,6.476907253265381,1.7036580146623237e-08,2.9103830456733704e-10,0.5129064321517944,INT16,Sufficient,0.00023222197677458018,0.24938735844638815,,,0.00015536126471396735
middle,layer1.1.conv2,Conv2d,conv,input,41943040,0.0,6.476907253265381,1.7036580146623237e-08,2.9103830456733704e-10,0.5129064321517944,INT8,Marginal,0.036102594138360415,1.0,,,0.04008442961324857
middle,layer1.1.conv2,Conv2d,conv,activation,41943040,-13.45098876953125,10.261483192443848,7.450580596923828e-08,4.656612873077393e-10,0.0,FP16,Sufficient,0.00017617850620578395,0.0008857395925597874,0.0,0.0,
middle,layer1.1.conv2,Conv2d,conv,activation,41943040,-13.45098876953125,10.261483192443848,7.450580596923828e-08,4.656612873077393e-10,0.0,FP8_E4M3,Marginal,0.02475533706764026,1.0,0.0,0.0011,
middle,layer1.1.conv2,Conv2d,conv,activation,41943040,-13.45098876953125,10.261483192443848,7.450580596923828e-08,4.656612873077393e-10,0.0,FP8_E5M2,Marginal,0.045040265449668215,0.11110150362156437,0.0,0.0,
middle,layer1.1.conv2,Conv2d,conv,activation,41943040,-13.45098876953125,10.261483192443848,7.450580596923828e-08,4.656612873077393e-10,0.0,INT16,Sufficient,0.0006795775209722265,1.0,,,0.0002524998494564248
middle,layer1.1.conv2,Conv2d,conv,activation,41943040,-13.45098876953125,10.261483192443848,7.450580596923828e-08,4.656612873077393e-10,0.0,INT8,Marginal,0.09509583032794522,1.0,,,0.0651469493475486
middle,layer1.1.conv2,Conv2d,conv,weight_gradient,184320,-0.009121009148657322,0.00889677181839943,1.8865193851524964e-09,7.275957614183426e-12,0.0,FP16,Sufficient,0.00027620081490927715,0.18390057085049497,0.0,0.0,
middle,layer1.1.conv2,Conv2d,conv,weight_gradient,184320,-0.009121009148657322,0.00889677181839943,1.8865193851524964e-09,7.275957614183426e-12,0.0,FP8_E4M3,Not sufficient,0.7559662143290957,1.0,0.0,0.60545,
middle,layer1.1.conv2,Conv2d,conv,weight_gradient,184320,-0.009121009148657322,0.00889677181839943,1.8865193851524964e-09,7.275957614183426e-12,0.0,FP8_E5M2,Marginal,0.05440742857008636,1.0,0.0,0.00575,
middle,layer1.1.conv2,Conv2d,conv,weight_gradient,184320,-0.009121009148657322,0.00889677181839943,1.8865193851524964e-09,7.275957614183426e-12,0.0,INT16,Sufficient,0.0006329622983908008,1.0,,,2.7151621504560777e-07
middle,layer1.1.conv2,Conv2d,conv,weight_gradient,184320,-0.009121009148657322,0.00889677181839943,1.8865193851524964e-09,7.275957614183426e-12,0.0,INT8,Marginal,0.06922141306627015,1.0,,,7.005332140471991e-05
middle,layer1.1.conv2,Conv2d,conv,weight_update,184320,-0.0006196126341819763,0.0006350800395011902,9.313225746154785e-10,7.275957614183426e-12,5.4253472222222224e-06,FP16,Sufficient,0.0017401488352643227,1.0,0.0,0.00035,
middle,layer1.1.conv2,Conv2d,conv,weight_update,184320,-0.0006196126341819763,0.0006350800395011902,9.313225746154785e-10,7.275957614183426e-12,5.4253472222222224e-06,FP8_E4M3,Not sufficient,1.0,1.0,0.0,1.0,
middle,layer1.1.conv2,Conv2d,conv,weight_update,184320,-0.0006196126341819763,0.0006350800395011902,9.313225746154785e-10,7.275957614183426e-12,5.4253472222222224e-06,FP8_E5M2,Not sufficient,0.1670516040822881,1.0,0.0,0.07155,
middle,layer1.1.conv2,Conv2d,conv,weight_update,184320,-0.0006196126341819763,0.0006350800395011902,9.313225746154785e-10,7.275957614183426e-12,5.4253472222222224e-06,INT16,Sufficient,0.0005450794299610373,1.0,,,1.653568674153243e-08
middle,layer1.1.conv2,Conv2d,conv,weight_update,184320,-0.0006196126341819763,0.0006350800395011902,9.313225746154785e-10,7.275957614183426e-12,5.4253472222222224e-06,INT8,Marginal,0.059036947501654405,1.0,,,4.266337381573174e-06
middle,layer1.1.bn2,BatchNorm2d,batchnorm,weight,64,0.6027784943580627,0.9474334120750427,0.6027784943580627,1.8298625946044922e-05,0.0,FP16,Sufficient,0.0001645975682000502,0.0003972136702019046,0.0,0.0,
middle,layer1.1.bn2,BatchNorm2d,batchnorm,weight,64,0.6027784943580627,0.9474334120750427,0.6027784943580627,1.8298625946044922e-05,0.0,FP8_E4M3,Sufficient,0.019964002930524666,0.042925516462267145,0.0,0.0,
middle,layer1.1.bn2,BatchNorm2d,batchnorm,weight,64,0.6027784943580627,0.9474334120750427,0.6027784943580627,1.8298625946044922e-05,0.0,FP8_E5M2,Marginal,0.0325925518203862,0.08460196471996524,0.0,0.0,
middle,layer1.1.bn2,BatchNorm2d,batchnorm,weight,64,0.6027784943580627,0.9474334120750427,0.6027784943580627,1.8298625946044922e-05,0.0,INT16,Sufficient,8.400542337475157e-06,1.8393170543852788e-05,,,2.8914255564288544e-05
middle,layer1.1.bn2,BatchNorm2d,batchnorm,weight,64,0.6027784943580627,0.9474334120750427,0.6027784943580627,1.8298625946044922e-05,0.0,INT8,Sufficient,0.0022873350129310067,0.005223797485834833,,,0.0074601056068901005
middle,layer1.1.bn2,BatchNorm2d,batchnorm,bias,64,-0.2243044674396515,0.03155950829386711,0.0007819473394192755,1.0300427675247192e-05,0.0,FP16,Sufficient,0.00017136698551847325,0.0004044788678944038,0.0,0.0,
middle,layer1.1.bn2,BatchNorm2d,batchnorm,bias,64,-0.2243044674396515,0.03155950829386711,0.0007819473394192755,1.0300427675247192e-05,0.0,FP8_E4M3,Not sufficient,0.05631437035561301,1.0,0.0,0.015625,
middle,layer1.1.bn2,BatchNorm2d,batchnorm,bias,64,-0.2243044674396515,0.03155950829386711,0.0007819473394192755,1.0300427675247192e-05,0.0,FP8_E5M2,Marginal,0.044933790988434065,0.11042806467316651,0.0,0.0,
middle,layer1.1.bn2,BatchNorm2d,batchnorm,bias,64,-0.2243044674396515,0.03155950829386711,0.0007819473394192755,1.0300427675247192e-05,0.0,INT16,Sufficient,0.00015099629381170438,0.0020044901015606265,,,6.845438015065508e-06
middle,layer1.1.bn2,BatchNorm2d,batchnorm,bias,64,-0.2243044674396515,0.03155950829386711,0.0007819473394192755,1.0300427675247192e-05,0.0,INT8,Marginal,0.04329579224618922,1.0,,,0.0017661769089736337
middle,layer1.1.bn2,BatchNorm2d,batchnorm,input,41943040,-13.45098876953125,10.261483192443848,7.450580596923828e-08,4.656612873077393e-10,0.0,FP16,Sufficient,0.00017617850620578395,0.0008857395925597874,0.0,0.0,
middle,layer1.1.bn2,BatchNorm2d,batchnorm,input,41943040,-13.45098876953125,10.261483192443848,7.450580596923828e-08,4.656612873077393e-10,0.0,FP8_E4M3,Marginal,0.02475533706764026,1.0,0.0,0.0011,
middle,layer1.1.bn2,BatchNorm2d,batchnorm,input,41943040,-13.45098876953125,10.261483192443848,7.450580596923828e-08,4.656612873077393e-10,0.0,FP8_E5M2,Marginal,0.045040265449668215,0.11110150362156437,0.0,0.0,
middle,layer1.1.bn2,BatchNorm2d,batchnorm,input,41943040,-13.45098876953125,10.261483192443848,7.450580596923828e-08,4.656612873077393e-10,0.0,INT16,Sufficient,0.0006795775209722265,1.0,,,0.0002524998494564248
middle,layer1.1.bn2,BatchNorm2d,batchnorm,input,41943040,-13.45098876953125,10.261483192443848,7.450580596923828e-08,4.656612873077393e-10,0.0,INT8,Marginal,0.09509583032794522,1.0,,,0.0651469493475486
middle,layer1.1.bn2,BatchNorm2d,batchnorm,activation,41943040,-9.02625560760498,8.024162292480469,4.1346083889948204e-08,2.3283064365386963e-10,0.0,FP16,Sufficient,0.00017652234062743444,0.0005361019411627657,0.0,0.0,
middle,layer1.1.bn2,BatchNorm2d,batchnorm,activation,41943040,-9.02625560760498,8.024162292480469,4.1346083889948204e-08,2.3283064365386963e-10,0.0,FP8_E4M3,Marginal,0.024679795532518124,1.0,0.0,0.0008,
middle,layer1.1.bn2,BatchNorm2d,batchnorm,activation,41943040,-9.02625560760498,8.024162292480469,4.1346083889948204e-08,2.3283064365386963e-10,0.0,FP8_E5M2,Marginal,0.044776413521141104,0.16426019134971667,0.0,0.0,
middle,layer1.1.bn2,BatchNorm2d,batchnorm,activation,41943040,-9.02625560760498,8.024162292480469,4.1346083889948204e-08,2.3283064365386963e-10,0.0,INT16,Sufficient,0.0004732828984103928,1.0,,,0.00014476886429930604
middle,layer1.1.bn2,BatchNorm2d,batchnorm,activation,41943040,-9.02625560760498,8.024162292480469,4.1346083889948204e-08,2.3283064365386963e-10,0.0,INT8,Marginal,0.06441705652118546,1.0,,,0.03735150690153828
middle,layer1.1.bn2,BatchNorm2d,batchnorm,weight_gradient,320,-0.012446191161870956,0.008699359372258186,7.812030844434048e-08,5.7101715356111526e-08,0.0,FP16,Sufficient,0.0009669178546738499,0.23701472815026045,0.0,0.0,
middle,layer1.1.bn2,BatchNorm2d,batchnorm,weight_gradient,320,-0.012446191161870956,0.008699359372258186,7.812030844434048e-08,5.7101715356111526e-08,0.0,FP8_E4M3,Not sufficient,0.45566435025181723,1.0,0.0,0.29375,
middle,layer1.1.bn2,BatchNorm2d,batchnorm,weight_gradient,320,-0.012446191161870956,0.008699359372258186,7.812030844434048e-08,5.7101715356111526e-08,0.0,FP8_E5M2,Marginal,0.0581563707330572,1.0,0.0,0.00625,
middle,layer1.1.bn2,BatchNorm2d,batchnorm,weight_gradient,320,-0.012446191161870956,0.008699359372258186,7.812030844434048e-08,5.7101715356111526e-08,0.0,INT16,Sufficient,0.0035802150082714012,1.0,,,3.798392029136313e-07
middle,layer1.1.bn2,BatchNorm2d,batchnorm,weight_gradient,320,-0.012446191161870956,0.008699359372258186,7.812030844434048e-08,5.7101715356111526e-08,0.0,INT8,Marginal,0.06195316632606755,1.0,,,9.800150521158234e-05
middle,layer1.1.bn2,BatchNorm2d,batchnorm,weight_update,320,-0.0007713437080383301,0.0004953145980834961,7.152557373046875e-07,5.960464477539063e-08,0.0,FP16,Sufficient,0.00012837063122098314,0.0004861448711716091,0.0,0.0,
middle,layer1.1.bn2,BatchNorm2d,batchnorm,weight_update,320,-0.0007713437080383301,0.0004953145980834961,7.152557373046875e-07,5.960464477539063e-08,0.0,FP8_E4M3,Not sufficient,1.0,1.0,0.0,1.0,
middle,layer1.1.bn2,BatchNorm2d,batchnorm,weight_update,320,-0.0007713437080383301,0.0004953145980834961,7.152557373046875e-07,5.960464477539063e-08,0.0,FP8_E5M2,Not sufficient,0.0932423780163341,1.0,0.0,0.03125,
middle,layer1.1.bn2,BatchNorm2d,batchnorm,weight_update,320,-0.0007713437080383301,0.0004953145980834961,7.152557373046875e-07,5.960464477539063e-08,0.0,INT16,Sufficient,0.0001351776757689314,0.01264992217780092,,,2.3540260263018587e-08
middle,layer1.1.bn2,BatchNorm2d,batchnorm,weight_update,320,-0.0007713437080383301,0.0004953145980834961,7.152557373046875e-07,5.960464477539063e-08,0.0,INT8,Marginal,0.034852279879253836,1.0,,,6.073572504238819e-06
middle,layer2.0.conv1,Conv2d,conv,weight,73728,-0.08885306119918823,0.11743497103452682,1.4260270972954459e-06,1.7462298274040222e-10,0.0,FP16,Sufficient,0.00017752426579267815,0.004215103436381502,0.0,0.0,
middle,layer2.0.conv1,Conv2d,conv,weight,73728,-0.08885306119918823,0.11743497103452682,1.4260270972954459e-06,1.7462298274040222e-10,0.0,FP8_E4M3,Not sufficient,0.08161531260708478,1.0,0.0,0.02875,
middle,layer2.0.conv1,Conv2d,conv,weight,73728,-0.08885306119918823,0.11743497103452682,1.4260270972954459e-06,1.7462298274040222e-10,0.0,FP8_E5M2,Marginal,0.04523203760952522,1.0,0.0,0.0002,
middle,layer2.0.conv1,Conv2d,conv,weight,73728,-0.08885306119918823,0.11743497103452682,1.4260270972954459e-06,1.7462298274040222e-10,0.0,INT16,Sufficient,0.0002654067957383276,1.0,,,3.1436450019304622e-06
middle,layer2.0.conv1,Conv2d,conv,weight,73728,-0.08885306119918823,0.11743497103452682,1.4260270972954459e-06,1.7462298274040222e-10,0.0,INT8,Marginal,0.0381241473154652,1.0,,,0.0008110851636083107
middle,layer2.0.conv1,Conv2d,conv,input,41943040,0.0,18.607738494873047,1.1920928955078125e-07,4.656612873077393e-10,0.3500948667526245,FP16,Sufficient,0.00011368773615141836,0.0005361019411627657,0.0,0.0,
middle,layer2.0.conv1,Conv2d,conv,input,41943040,0.0,18.607738494873047,1.1920928955078125e-07,4.656612873077393e-10,0.3500948667526245,FP8_E4M3,Sufficient,0.015303942332749815,1.0,0.0,0.0004626773596545342,
middle,layer2.0.conv1,Conv2d,conv,input,41943040,0.0,18.607738494873047,1.1920928955078125e-07,4.656612873077393e-10,0.3500948667526245,FP8_E5M2,Marginal,0.029197607158389646,0.16426019134971667,0.0,0.0,
middle,layer2.0.conv1,Conv2d,conv,input,41943040,0.0,18.607738494873047,1.1920928955078125e-07,4.656612873077393e-10,0.3500948667526245,INT16,Sufficient,0.00028448051843162146,1.0,,,0.00025636245308896787
middle,layer2.0.conv1,Conv2d,conv,input,41943040,0.0,18.607738494873047,1.1920928955078125e-07,4.656612873077393e-10,0.3500948667526245,INT8,Marginal,0.040679867035957516,1.0,,,0.06614353149894654
middle,layer2.0.conv1,Conv2d,conv,activation,20971520,-13.998641967773438,15.497112274169922,7.043698246889107e-08,1.862645149230957e-09,0.0,FP16,Sufficient,0.0001761138031421987,0.00048413575844243566,0.0,0.0,
middle,layer2.0.conv1,Conv2d,conv,activation,20971520,-13.998641967773438,15.497112274169922,7.043698246889107e-08,1.862645149230957e-09,0.0,FP8_E4M3,Marginal,0.02355434402509138,1.0,0.0,0.0005,
middle,layer2.0.conv1,Conv2d,conv,activation,20971520,-13.998641967773438,15.497112274169922,7.043698246889107e-08,1.862645149230957e-09,0.0,FP8_E5M2,Marginal,0.044922548204507064,0.11109816012937607,0.0,0.0,
middle,layer2.0.conv1,Conv2d,conv,activation,20971520,-13.998641967773438,15.497112274169922,7.043698246889107e-08,1.862645149230957e-09,0.0,INT16,Sufficient,0.0003295571415359726,0.8069983914626504,,,0.00028925683895880265
middle,layer2.0.conv1,Conv2d,conv,activation,20971520,-13.998641967773438,15.497112274169922,7.043698246889107e-08,1.862645149230957e-09,0.0,INT8,Marginal,0.0528998424403531,1.0,,,0.07463054206427627
middle,layer2.0.conv1,Conv2d,conv,weight_gradient,368640,-0.007899662479758263,0.008566983975470066,4.988578439224511e-10,1.8189894035458565e-12,0.0,FP16,Sufficient,0.0002595723265831812,0.18104568629411177,0.0,0.0,
middle,layer2.0.conv1,Conv2d,conv,weight_gradient,368640,-0.007899662479758263,0.008566983975470066,4.988578439224511e-10,1.8189894035458565e-12,0.0,FP8_E4M3,Not sufficient,0.8091846923882333,1.0,0.0,0.6784,
middle,layer2.0.conv1,Conv2d,conv,weight_gradient,368640,-0.007899662479758263,0.008566983975470066,4.988578439224511e-10,1.8189894035458565e-12,0.0,FP8_E5M2,Marginal,0.05591251553009526,1.0,0.0,0.0062,
middle,layer2.0.conv1,Conv2d,conv,weight_gradient,368640,-0.007899662479758263,0.008566983975470066,4.988578439224511e-10,1.8189894035458565e-12,0.0,INT16,Sufficient,0.0005817749985791128,1.0,,,2.275370524117103e-07
middle,layer2.0.conv1,Conv2d,conv,weight_gradient,368640,-0.007899662479758263,0.008566983975470066,4.988578439224511e-10,1.8189894035458565e-12,0.0,INT8,Marginal,0.06980824100998476,1.0,,,5.870635115255521e-05
middle,layer2.0.conv1,Conv2d,conv,weight_update,368640,-0.0006646346300840378,0.0006342018023133278,4.656612873077393e-10,3.637978807091713e-12,8.138020833333333e-06,FP16,Sufficient,0.001611156223609403,1.0,0.0,0.0003,
middle,layer2.0.conv1,Conv2d,conv,weight_update,368640,-0.0006646346300840378,0.0006342018023133278,4.656612873077393e-10,3.637978807091713e-12,8.138020833333333e-06,FP8_E4M3,Not sufficient,1.0,1.0,0.0,1.0,
middle,layer2.0.conv1,Conv2d,conv,weight_update,368640,-0.0006646346300840378,0.0006342018023133278,4.656612873077393e-10,3.637978807091713e-12,8.138020833333333e-06,FP8_E5M2,Not sufficient,0.19083115533943237,1.0,0.0,0.08985,
middle,layer2.0.conv1,Conv2d,conv,weight_update,368640,-0.0006646346300840378,0.0006342018023133278,4.656612873077393e-10,3.637978807091713e-12,8.138020833333333e-06,INT16,Sufficient,0.0004912499475265207,1.0,,,1.829805703974732e-08
middle,layer2.0.conv1,Conv2d,conv,weight_update,368640,-0.0006646346300840378,0.0006342018023133278,4.656612873077393e-10,3.637978807091713e-12,8.138020833333333e-06,INT8,Marginal,0.07377734445947305,1.0,,,4.721042795444098e-06
middle,layer2.0.bn1,BatchNorm2d,batchnorm,weight,128,0.7036869525909424,0.872954785823822,0.7036869525909424,1.3709068298339844e-06,0.0,FP16,Sufficient,0.00015976138083559848,0.0003317681783444224,0.0,0.0,
middle,layer2.0.bn1,BatchNorm2d,batchnorm,weight,128,0.7036869525909424,0.872954785823822,0.7036869525909424,1.3709068298339844e-06,0.0,FP8_E4M3,Sufficient,0.015700744241157596,0.04092804144747504,0.0,0.0,
middle,layer2.0.bn1,BatchNorm2d,batchnorm,weight,128,0.7036869525909424,0.872954785823822,0.7036869525909424,1.3709068298339844e-06,0.0,FP8_E5M2,Marginal,0.021283710801736945,0.07351089769690503,0.0,0.0,
middle,layer2.0.bn1,BatchNorm2d,batchnorm,weight,128,0.7036869525909424,0.872954785823822,0.7036869525909424,1.3709068298339844e-06,0.0,INT16,Sufficient,9.567868764203384e-06,1.7835269299424358e-05,,,2.6641278903281412e-05
middle,layer2.0.bn1,BatchNorm2d,batchnorm,weight,128,0.7036869525909424,0.872954785823822,0.7036869525909424,1.3709068298339844e-06,0.0,INT8,Sufficient,0.002106754608869078,0.004482179476364868,,,0.006873659730896237
middle,layer2.0.bn1,BatchNorm2d,batchnorm,bias,128,-0.09908130019903183,0.025021927431225777,0.000711228174623102,2.4102628231048584e-06,0.0,FP16,Sufficient,0.00019106265881507577,0.0004635978793510737,0.0,0.0,
middle,layer2.0.bn1,BatchNorm2d,batchnorm,bias,128,-0.09908130019903183,0.025021927431225777,0.000711228174623102,2.4102628231048584e-06,0.0,FP8_E4M3,Not sufficient,0.052090268228912474,1.0,0.0,0.015625,
middle,layer2.0.bn1,BatchNorm2d,batchnorm,bias,128,-0.09908130019903183,0.025021927431225777,0.000711228174623102,2.4102628231048584e-06,0.0,FP8_E5M2,Marginal,0.047016845123706325,0.11102915820732545,0.0,0.0,
middle,layer2.0.bn1,BatchNorm2d,batchnorm,bias,128,-0.09908130019903183,0.025021927431225777,0.000711228174623102,2.4102628231048584e-06,0.0,INT16,Sufficient,6.732003984206746e-05,0.0015057002440358718,,,3.0238135990182752e-06
middle,layer2.0.bn1,BatchNorm2d,batchnorm,bias,128,-0.09908130019903183,0.025021927431225777,0.000711228174623102,2.4102628231048584e-06,0.0,INT8,Sufficient,0.014165517329675449,0.14720674411017576,,,0.0007801677181026129
middle,layer2.0.bn1,BatchNorm2d,batchnorm,input,20971520,-13.998641967773438,15.497112274169922,7.043698246889107e-08,1.862645149230957e-09,0.0,FP16,Sufficient,0.0001761138031421987,0.00048413575844243566,0.0,0.0,
middle,layer2.0.bn1,BatchNorm2d,batchnorm,input,20971520,-13.998641967773438,15.497112274169922,7.043698246889107e-08,1.862645149230957e-09,0.0,FP8_E4M3,Marginal,0.02355434402509138,1.0,0.0,0.0005,
middle,layer2.0.bn1,BatchNorm2d,batchnorm,input,20971520,-13.998641967773438,15.497112274169922,7.043698246889107e-08,1.862645149230957e-09,0.0,FP8_E5M2,Marginal,0.044922548204507064,0.11109816012937607,0.0,0.0,
middle,layer2.0.bn1,BatchNorm2d,batchnorm,input,20971520,-13.998641967773438,15.497112274169922,7.043698246889107e-08,1.862645149230957e-09,0.0,INT16,Sufficient,0.0003295571415359726,0.8069983914626504,,,0.00028925683895880265
middle,layer2.0.bn1,BatchNorm2d,batchnorm,input,20971520,-13.998641967773438,15.497112274169922,7.043698246889107e-08,1.862645149230957e-09,0.0,INT8,Marginal,0.0528998424403531,1.0,,,0.07463054206427627
middle,layer2.0.bn1,BatchNorm2d,batchnorm,activation,20971520,-6.386523723602295,9.70328140258789,3.080905841557069e-08,6.984919309616089e-10,0.0,FP16,Sufficient,0.00017620541076975133,0.00048447457578744955,0.0,0.0,
middle,layer2.0.bn1,BatchNorm2d,batchnorm,activation,20971520,-6.386523723602295,9.70328140258789,3.080905841557069e-08,6.984919309616089e-10,0.0,FP8_E4M3,Marginal,0.025061083390196234,1.0,0.0,0.0012,
middle,layer2.0.bn1,BatchNorm2d,batchnorm,activation,20971520,-6.386523723602295,9.70328140258789,3.080905841557069e-08,6.984919309616089e-10,0.0,FP8_E5M2,Marginal,0.044736146697373795,0.11697248363027561,0.0,0.0,
middle,layer2.0.bn1,BatchNorm2d,batchnorm,activation,20971520,-6.386523723602295,9.70328140258789,3.080905841557069e-08,6.984919309616089e-10,0.0,INT16,Sufficient,0.0004283092253620849,1.0,,,0.00014101588358960437
middle,layer2.0.bn1,BatchNorm2d,batchnorm,activation,20971520,-6.386523723602295,9.70328140258789,3.080905841557069e-08,6.984919309616089e-10,0.0,INT8,Marginal,0.06186404303161869,1.0,,,0.03638320832740603
middle,layer2.0.bn1,BatchNorm2d,batchnorm,weight_gradient,640,-0.010567056015133858,0.006582954898476601,4.717278898169752e-06,2.310844138264656e-08,0.0,FP16,Sufficient,0.00020706308462796805,0.0034175309445047364,0.0,0.0,
middle,layer2.0.bn1,BatchNorm2d,batchnorm,weight_gradient,640,-0.010567056015133858,0.006582954898476601,4.717278898169752e-06,2.310844138264656e-08,0.0,FP8_E4M3,Not sufficient,0.649497361479343,1.0,0.0,0.48125,
middle,layer2.0.bn1,BatchNorm2d,batchnorm,weight_gradient,640,-0.010567056015133858,0.006582954898476601,4.717278898169752e-06,2.310844138264656e-08,0.0,FP8_E5M2,Marginal,0.05331405226016139,1.0,0.0,0.003125,
middle,layer2.0.bn1,BatchNorm2d,batchnorm,weight_gradient,640,-0.010567056015133858,0.006582954898476601,4.717278898169752e-06,2.310844138264656e-08,0.0,INT16,Sufficient,0.00035188396374606493,0.025456007878964994,,,3.2249079913125576e-07
middle,layer2.0.bn1,BatchNorm2d,batchnorm,weight_gradient,640,-0.010567056015133858,0.006582954898476601,4.717278898169752e-06,2.310844138264656e-08,0.0,INT8,Marginal,0.062109808868727155,1.0,,,8.320516547349495e-05
middle,layer2.0.bn1,BatchNorm2d,batchnorm,weight_update,640,-0.0005564689636230469,0.00041228532791137695,5.960464477539062e-07,5.960464477539063e-08,0.0,FP16,Sufficient,0.00010698036462531758,0.0004861448711716091,0.0,0.0,
middle,layer2.0.bn1,BatchNorm2d,batchnorm,weight_update,640,-0.0005564689636230469,0.00041228532791137695,5.960464477539062e-07,5.960464477539063e-08,0.0,FP8_E4M3,Not sufficient,1.0,1.0,0.0,1.0,
middle,layer2.0.bn1,BatchNorm2d,batchnorm,weight_update,640,-0.0005564689636230469,0.00041228532791137695,5.960464477539062e-07,5.960464477539063e-08,0.0,FP8_E5M2,Not sufficient,0.0857992257532356,1.0,0.0,0.0265625,
middle,layer2.0.bn1,BatchNorm2d,batchnorm,weight_update,640,-0.0005564689636230469,0.00041228532791137695,5.960464477539062e-07,5.960464477539063e-08,0.0,INT16,Sufficient,8.606309293858724e-05,0.004006644315491687,,,1.6982603339428293e-08
middle,layer2.0.bn1,BatchNorm2d,batchnorm,weight_update,640,-0.0005564689636230469,0.00041228532791137695,5.960464477539062e-07,5.960464477539063e-08,0.0,INT8,Marginal,0.025610721820824252,1.0,,,4.381645382858637e-06
middle,layer2.0.conv2,Conv2d,conv,weight,147456,-0.09402798116207123,0.08426477015018463,6.814814668132385e-08,4.3655745685100555e-11,0.0,FP16,Sufficient,0.00017869401093872445,0.005898991718106999,0.0,0.0,
middle,layer2.0.conv2,Conv2d,conv,weight,147456,-0.09402798116207123,0.08426477015018463,6.814814668132385e-08,4.3655745685100555e-11,0.0,FP8_E4M3,Not sufficient,0.10205694920610446,1.0,0.0,0.03975,
middle,layer2.0.conv2,Conv2d,conv,weight,147456,-0.09402798116207123,0.08426477015018463,6.814814668132385e-08,4.3655745685100555e-11,0.0,FP8_E5M2,Marginal,0.04518935312955945,1.0,0.0,0.0002,
middle,layer2.0.conv2,Conv2d,conv,weight,147456,-0.09402798116207123,0.08426477015018463,6.814814668132385e-08,4.3655745685100555e-11,0.0,INT16,Sufficient,0.00024401871033750969,0.3200784215984882,,,2.4173292441535018e-06
middle,layer2.0.conv2,Conv2d,conv,weight,147456,-0.09402798116207123,0.08426477015018463,6.814814668132385e-08,4.3655745685100555e-11,0.0,INT8,Marginal,0.040466706849484765,1.0,,,0.0006236899790801402
middle,layer2.0.conv2,Conv2d,conv,input,20971520,0.0,9.70328140258789,3.080905841557069e-08,6.984919309616089e-10,0.5232535362243652,FP16,Sufficient,8.202539926774097e-05,0.00048152462006569176,0.0,0.0,
middle,layer2.0.conv2,Conv2d,conv,input,20971520,0.0,9.70328140258789,3.080905841557069e-08,6.984919309616089e-10,0.5232535362243652,FP8_E4M3,Sufficient,0.01197084382385142,1.0,0.0,0.001589825119236884,
middle,layer2.0.conv2,Conv2d,conv,input,20971520,0.0,9.70328140258789,3.080905841557069e-08,6.984919309616089e-10,0.5232535362243652,FP8_E5M2,Marginal,0.020984621509570093,0.11697248363027561,0.0,0.0,
middle,layer2.0.conv2,Conv2d,conv,input,20971520,0.0,9.70328140258789,3.080905841557069e-08,6.984919309616089e-10,0.5232535362243652,INT16,Sufficient,0.00023221185422118285,1.0,,,0.00014101588358960437
middle,layer2.0.conv2,Conv2d,conv,input,20971520,0.0,9.70328140258789,3.080905841557069e-08,6.984919309616089e-10,0.5232535362243652,INT8,Marginal,0.03029546576359611,1.0,,,0.03638320832740603
middle,layer2.0.conv2,Conv2d,conv,activation,20971520,-15.8297119140625,18.6082706451416,1.0058283805847168e-07,4.656612873077393e-10,0.0,FP16,Sufficient,0.0001759675535355801,0.0004850771999117437,0.0,0.0,
middle,layer2.0.conv2,Conv2d,conv,activation,20971520,-15.8297119140625,18.6082706451416,1.0058283805847168e-07,4.656612873077393e-10,0.0,FP8_E4M3,Marginal,0.02390798939690374,1.0,0.0,0.00065,
middle,layer2.0.conv2,Conv2d,conv,activation,20971520,-15.8297119140625,18.6082706451416,1.0058283805847168e-07,4.656612873077393e-10,0.0,FP8_E5M2,Marginal,0.04458022634423775,0.1110976417290123,0.0,0.0,
middle,layer2.0.conv2,Conv2d,conv,activation,20971520,-15.8297119140625,18.6082706451416,1.0058283805847168e-07,4.656612873077393e-10,0.0,INT16,Sufficient,0.000746143038410867,1.0,,,0.000346519150528614
middle,layer2.0.conv2,Conv2d,conv,activation,20971520,-15.8297119140625,18.6082706451416,1.0058283805847168e-07,4.656612873077393e-10,0.0,INT8,Not sufficient,0.10288124106562677,1.0,,,0.08940466933363066
middle,layer2.0.conv2,Conv2d,conv,weight_gradient,737280,-0.006542464718222618,0.006386720109730959,2.837623469531536e-10,1.8189894035458565e-12,0.0,FP16,Sufficient,0.00034237392788317745,1.0,0.0,0.0001,
middle,layer2.0.conv2,Conv2d,conv,weight_gradient,737280,-0.006542464718222618,0.006386720109730959,2.837623469531536e-10,1.8189894035458565e-12,0.0,FP8_E4M3,Not sufficient,0.8464422012804629,1.0,0.0,0.7198,
middle,layer2.0.conv2,Conv2d,conv,weight_gradient,737280,-0.006542464718222618,0.006386720109730959,2.837623469531536e-10,1.8189894035458565e-12,0.0,FP8_E5M2,Marginal,0.05602430190631411,1.0,0.0,0.006,
middle,layer2.0.conv2,Conv2d,conv,weight_gradient,737280,-0.006542464718222618,0.006386720109730959,2.837623469531536e-10,1.8189894035458565e-12,0.0,INT16,Sufficient,0.00041644618047353087,1.0,,,1.7181632433600626e-07
middle,layer2.0.conv2,Conv2d,conv,weight_gradient,737280,-0.006542464718222618,0.006386720109730959,2.837623469531536e-10,1.8189894035458565e-12,0.0,INT8,Marginal,0.0580830159765392,1.0,,,4.432996456313321e-05
middle,layer2.0.conv2,Conv2d,conv,weight_update,737280,-0.0006051813252270222,0.000477030873298645,2.3283064365386963e-10,3.183231456205249e-12,1.220703125e-05,FP16,Sufficient,0.0015426433933710471,1.0,0.0,0.00035,
middle,layer2.0.conv2,Conv2d,conv,weight_update,737280,-0.0006051813252270222,0.000477030873298645,2.3283064365386963e-10,3.183231456205249e-12,1.220703125e-05,FP8_E4M3,Not sufficient,1.0,1.0,0.0,1.0,
middle,layer2.0.conv2,Conv2d,conv,weight_update,737280,-0.0006051813252270222,0.000477030873298645,2.3283064365386963e-10,3.183231456205249e-12,1.220703125e-05,FP8_E5M2,Not sufficient,0.18859556305809844,1.0,0.0,0.0852,
middle,layer2.0.conv2,Conv2d,conv,weight_update,737280,-0.0006051813252270222,0.000477030873298645,2.3283064365386963e-10,3.183231456205249e-12,1.220703125e-05,INT16,Sufficient,0.00036902778234733293,1.0,,,1.3393371916197077e-08
middle,layer2.0.conv2,Conv2d,conv,weight_update,737280,-0.0006051813252270222,0.000477030873298645,2.3283064365386963e-10,3.183231456205249e-12,1.220703125e-05,INT8,Marginal,0.056780328647431134,1.0,,,3.4555954140002335e-06
middle,layer2.0.bn2,BatchNorm2d,batchnorm,weight,128,0.6905224323272705,0.8454470634460449,0.6905224323272705,6.079673767089844e-06,0.0,FP16,Sufficient,0.00018179766490318094,0.00032311998260865847,0.0,0.0,
middle,layer2.0.bn2,BatchNorm2d,batchnorm,weight,128,0.6905224323272705,0.8454470634460449,0.6905224323272705,6.079673767089844e-06,0.0,FP8_E4M3,Sufficient,0.01593276873327835,0.04099984535388187,0.0,0.0,
middle,layer2.0.bn2,BatchNorm2d,batchnorm,weight,128,0.6905224323272705,0.8454470634460449,0.6905224323272705,6.079673767089844e-06,0.0,FP8_E5M2,Marginal,0.023924684765322377,0.08613415710807831,0.0,0.0,
middle,layer2.0.bn2,BatchNorm2d,batchnorm,weight,128,0.6905224323272705,0.8454470634460449,0.6905224323272705,6.079673767089844e-06,0.0,INT16,Sufficient,9.477350995952034e-06,1.6904812292906745e-05,,,2.580178421723212e-05
middle,layer2.0.bn2,BatchNorm2d,batchnorm,weight,128,0.6905224323272705,0.8454470634460449,0.6905224323272705,6.079673767089844e-06,0.0,INT8,Sufficient,0.0022932071639856187,0.004605095948630613,,,0.006657063491701141
middle,layer2.0.bn2,BatchNorm2d,batchnorm,bias,128,-0.07920825481414795,0.019537879154086113,0.0004601474211085588,1.0617077350616455e-06,0.0,FP16,Sufficient,0.0001894710700393868,0.0004627287559151887,0.0,0.0,
middle,layer2.0.bn2,BatchNorm2d,batchnorm,bias,128,-0.07920825481414795,0.019537879154086113,0.0004601474211085588,1.0617077350616455e-06,0.0,FP8_E4M3,Marginal,0.04558779375832818,1.0,0.0,0.0078125,
middle,layer2.0.bn2,BatchNorm2d,batchnorm,bias,128,-0.07920825481414795,0.019537879154086113,0.0004601474211085588,1.0617077350616455e-06,0.0,FP8_E5M2,Marginal,0.04734164388159502,0.11056354817394115,0.0,0.0,
middle,layer2.0.bn2,BatchNorm2d,batchnorm,bias,128,-0.07920825481414795,0.019537879154086113,0.0004601474211085588,1.0617077350616455e-06,0.0,INT16,Sufficient,6.126291582122384e-05,0.00186250057246206,,,2.4173178751227743e-06
middle,layer2.0.bn2,BatchNorm2d,batchnorm,bias,128,-0.07920825481414795,0.019537879154086113,0.0004601474211085588,1.0617077350616455e-06,0.0,INT8,Sufficient,0.015133058906771024,0.3554070221194421,,,0.0006236870457806925
middle,layer2.0.bn2,BatchNorm2d,batchnorm,input,20971520,-15.8297119140625,18.6082706451416,1.0058283805847168e-07,4.656612873077393e-10,0.0,FP16,Sufficient,0.0001759675535355801,0.0004850771999117437,0.0,0.0,
middle,layer2.0.bn2,BatchNorm2d,batchnorm,input,20971520,-15.8297119140625,18.6082706451416,1.0058283805847168e-07,4.656612873077393e-10,0.0,FP8_E4M3,Marginal,0.02390798939690374,1.0,0.0,0.00065,
middle,layer2.0.bn2,BatchNorm2d,batchnorm,input,20971520,-15.8297119140625,18.6082706451416,1.0058283805847168e-07,4.656612873077393e-10,0.0,FP8_E5M2,Marginal,0.04458022634423775,0.1110976417290123,0.0,0.0,
middle,layer2.0.bn2,BatchNorm2d,batchnorm,input,20971520,-15.8297119140625,18.6082706451416,1.0058283805847168e-07,4.656612873077393e-10,0.0,INT16,Sufficient,0.000746143038410867,1.0,,,0.000346519150528614
middle,layer2.0.bn2,BatchNorm2d,batchnorm,input,20971520,-15.8297119140625,18.6082706451416,1.0058283805847168e-07,4.656612873077393e-10,0.0,INT8,Not sufficient,0.10288124106562677,1.0,,,0.08940466933363066
middle,layer2.0.bn2,BatchNorm2d,batchnorm,activation,20971520,-12.154149055480957,14.253759384155273,1.5989350288236892e-08,2.3283064365386963e-10,0.0,FP16,Sufficient,0.00017583652382022828,0.000905902792232807,0.0,0.0,
middle,layer2.0.bn2,BatchNorm2d,batchnorm,activation,20971520,-12.154149055480957,14.253759384155273,1.5989350288236892e-08,2.3283064365386963e-10,0.0,FP8_E4M3,Marginal,0.025159958828118303,1.0,0.0,0.00115,
middle,layer2.0.bn2,BatchNorm2d,batchnorm,activation,20971520,-12.154149055480957,14.253759384155273,1.5989350288236892e-08,2.3283064365386963e-10,0.0,FP8_E5M2,Marginal,0.044974477049171444,0.2296542734864827,0.0,0.0,
middle,layer2.0.bn2,BatchNorm2d,batchnorm,activation,20971520,-12.154149055480957,14.253759384155273,1.5989350288236892e-08,2.3283064365386963e-10,0.0,INT16,Sufficient,0.0007688997149044022,1.0,,,0.0002632649281669093
middle,layer2.0.bn2,BatchNorm2d,batchnorm,activation,20971520,-12.154149055480957,14.253759384155273,1.5989350288236892e-08,2.3283064365386963e-10,0.0,INT8,Not sufficient,0.10230462054378982,1.0,,,0.0679244244192529
middle,layer2.0.bn2,BatchNorm2d,batchnorm,weight_gradient,640,-0.009099791757762432,0.008516057394444942,1.2837760550610255e-05,5.587935447692871e-08,0.0,FP16,Sufficient,0.00017342449403605302,0.0017730447465145363,0.0,0.0,
middle,layer2.0.bn2,BatchNorm2d,batchnorm,weight_gradient,640,-0.009099791757762432,0.008516057394444942,1.2837760550610255e-05,5.587935447692871e-08,0.0,FP8_E4M3,Not sufficient,0.5075695530829819,1.0,0.0,0.334375,
middle,layer2.0.bn2,BatchNorm2d,batchnorm,weight_gradient,640,-0.009099791757762432,0.008516057394444942,1.2837760550610255e-05,5.587935447692871e-08,0.0,FP8_E5M2,Marginal,0.04681027441912518,0.25478398465409297,0.0,0.0,
middle,layer2.0.bn2,BatchNorm2d,batchnorm,weight_gradient,640,-0.009099791757762432,0.008516057394444942,1.2837760550610255e-05,5.587935447692871e-08,0.0,INT16,Sufficient,0.00013210919324245293,0.004907773818780124,,,2.7771208098887395e-07
middle,layer2.0.bn2,BatchNorm2d,batchnorm,weight_gradient,640,-0.009099791757762432,0.008516057394444942,1.2837760550610255e-05,5.587935447692871e-08,0.0,INT8,Marginal,0.03759341293406593,1.0,,,7.16519036044286e-05
middle,layer2.0.bn2,BatchNorm2d,batchnorm,weight_update,640,-0.0009589195251464844,0.00043576955795288086,2.384185791015625e-07,5.960464477539063e-08,0.0,FP16,Sufficient,0.00010017389848805521,0.00048520135856380397,0.0,0.0,
middle,layer2.0.bn2,BatchNorm2d,batchnorm,weight_update,640,-0.0009589195251464844,0.00043576955795288086,2.384185791015625e-07,5.960464477539063e-08,0.0,FP8_E4M3,Not sufficient,1.0,1.0,0.0,1.0,
middle,layer2.0.bn2,BatchNorm2d,batchnorm,weight_update,640,-0.0009589195251464844,0.00043576955795288086,2.384185791015625e-07,5.960464477539063e-08,0.0,FP8_E5M2,Not sufficient,0.1036308315289367,1.0,0.0,0.0328125,
middle,layer2.0.bn2,BatchNorm2d,batchnorm,weight_update,640,-0.0009589195251464844,0.00043576955795288086,2.384185791015625e-07,5.960464477539063e-08,0.0,INT16,Sufficient,0.0002682140289398589,0.01803643910031442,,,2.926479461490171e-08
middle,layer2.0.bn2,BatchNorm2d,batchnorm,weight_update,640,-0.0009589195251464844,0.00043576955795288086,2.384185791015625e-07,5.960464477539063e-08,0.0,INT8,Marginal,0.050573053022770174,1.0,,,7.550547442098302e-06
middle,layer2.0.shortcut.0,Conv2d,conv,weight,8192,-0.21489766240119934,0.2669527232646942,9.976024557545315e-06,7.450580596923828e-09,0.0,FP16,Sufficient,0.0001761013530742955,0.0022101870266953727,0.0,0.0,
middle,layer2.0.shortcut.0,Conv2d,conv,weight,8192,-0.21489766240119934,0.2669527232646942,9.976024557545315e-06,7.450580596923828e-09,0.0,FP8_E4M3,Marginal,0.04261475117133139,1.0,0.0,0.0091552734375,
middle,layer2.0.shortcut.0,Conv2d,conv,weight,8192,-0.21489766240119934,0.2669527232646942,9.976024557545315e-06,7.450580596923828e-09,0.0,FP8_E5M2,Marginal,0.04507857247183593,0.5295460606057844,0.0,0.0,
middle,layer2.0.shortcut.0,Conv2d,conv,weight,8192,-0.21489766240119934,0.2669527232646942,9.976024557545315e-06,7.450580596923828e-09,0.0,INT16,Sufficient,0.00020830950211740928,0.18975184376727136,,,8.146999214596826e-06
middle,layer2.0.shortcut.0,Conv2d,conv,weight,8192,-0.21489766240119934,0.2669527232646942,9.976024557545315e-06,7.450580596923828e-09,0.0,INT8,Marginal,0.034636165378155476,1.0,,,0.002101989946966096
middle,layer2.0.shortcut.0,Conv2d,conv,input,41943040,0.0,18.607738494873047,1.1920928955078125e-07,4.656612873077393e-10,0.3500948667526245,FP16,Sufficient,0.00011368773615141836,0.0005361019411627657,0.0,0.0,
middle,layer2.0.shortcut.0,Conv2d,conv,input,41943040,0.0,18.607738494873047,1.1920928955078125e-07,4.656612873077393e-10,0.3500948667526245,FP8_E4M3,Sufficient,0.015303942332749815,1.0,0.0,0.0004626773596545342,
middle,layer2.0.shortcut.0,Conv2d,conv,input,41943040,0.0,18.607738494873047,1.1920928955078125e-07,4.656612873077393e-10,0.3500948667526245,FP8_E5M2,Marginal,0.029197607158389646,0.16426019134971667,0.0,0.0,
middle,layer2.0.shortcut.0,Conv2d,conv,input,41943040,0.0,18.607738494873047,1.1920928955078125e-07,4.656612873077393e-10,0.3500948667526245,INT16,Sufficient,0.00028448051843162146,1.0,,,0.00025636245308896787
middle,layer2.0.shortcut.0,Conv2d,conv,input,41943040,0.0,18.607738494873047,1.1920928955078125e-07,4.656612873077393e-10,0.3500948667526245,INT8,Marginal,0.040679867035957516,1.0,,,0.06614353149894654
middle,layer2.0.shortcut.0,Conv2d,conv,activation,20971520,-6.535402297973633,7.393951892852783,2.2539904165341795e-08,4.656612873077393e-10,0.0,FP16,Sufficient,0.00017574727180813836,0.0017192688687684798,0.0,0.0,
middle,layer2.0.shortcut.0,Conv2d,conv,activation,20971520,-6.535402297973633,7.393951892852783,2.2539904165341795e-08,4.656612873077393e-10,0.0,FP8_E4M3,Marginal,0.025397062068522713,1.0,0.0,0.00135,
middle,layer2.0.shortcut.0,Conv2d,conv,activation,20971520,-6.535402297973633,7.393951892852783,2.2539904165341795e-08,4.656612873077393e-10,0.0,FP8_E5M2,Marginal,0.04506864971385587,0.4277124463997763,0.0,0.0,
middle,layer2.0.shortcut.0,Conv2d,conv,activation,20971520,-6.535402297973633,7.393951892852783,2.2539904165341795e-08,4.656612873077393e-10,0.0,INT16,Sufficient,0.0005520716112197664,1.0,,,0.00013496464877073739
middle,layer2.0.shortcut.0,Conv2d,conv,activation,20971520,-6.535402297973633,7.393951892852783,2.2539904165341795e-08,4.656612873077393e-10,0.0,INT8,Marginal,0.06461668519227401,1.0,,,0.034821942096620095
middle,layer2.0.shortcut.0,Conv2d,conv,weight_gradient,40960,-0.0187595933675766,0.017487822100520134,1.393618731526658e-08,2.9103830456733704e-11,0.0,FP16,Sufficient,0.0002880103581867592,1.0,0.0,5e-05,
middle,layer2.0.shortcut.0,Conv2d,conv,weight_gradient,40960,-0.0187595933675766,0.017487822100520134,1.393618731526658e-08,2.9103830456733704e-11,0.0,FP8_E4M3,Not sufficient,0.5214702295365441,1.0,0.0,0.3539,
middle,layer2.0.shortcut.0,Conv2d,conv,weight_gradient,40960,-0.0187595933675766,0.017487822100520134,1.393618731526658e-08,2.9103830456733704e-11,0.0,FP8_E5M2,Marginal,0.0501800204679066,1.0,0.0,0.00345,
middle,layer2.0.shortcut.0,Conv2d,conv,weight_gradient,40960,-0.0187595933675766,0.017487822100520134,1.393618731526658e-08,2.9103830456733704e-11,0.0,INT16,Sufficient,0.0006932082452642618,1.0,,,5.725148279542406e-07
middle,layer2.0.shortcut.0,Conv2d,conv,weight_gradient,40960,-0.0187595933675766,0.017487822100520134,1.393618731526658e-08,2.9103830456733704e-11,0.0,INT8,Marginal,0.07781834889662412,1.0,,,0.00014771333360296535
middle,layer2.0.shortcut.0,Conv2d,conv,weight_update,40960,-0.0014676079154014587,0.0014199912548065186,9.313225746154785e-09,1.4551915228366852e-11,0.0,FP16,Sufficient,0.0006707224544479086,1.0,0.0,5e-05,
middle,layer2.0.shortcut.0,Conv2d,conv,weight_update,40960,-0.0014676079154014587,0.0014199912548065186,9.313225746154785e-09,1.4551915228366852e-11,0.0,FP8_E4M3,Not sufficient,0.9996139735724046,1.0,0.0,0.9985,
middle,layer2.0.shortcut.0,Conv2d,conv,weight_update,40960,-0.0014676079154014587,0.0014199912548065186,9.313225746154785e-09,1.4551915228366852e-11,0.0,FP8_E5M2,Not sufficient,0.10866312170130439,1.0,0.0,0.0361,
middle,layer2.0.shortcut.0,Conv2d,conv,weight_update,40960,-0.0014676079154014587,0.0014199912548065186,9.313225746154785e-09,1.4551915228366852e-11,0.0,INT16,Sufficient,0.00047073018469355796,0.9900102745648569,,,4.448019581805595e-08
middle,layer2.0.shortcut.0,Conv2d,conv,weight_update,40960,-0.0014676079154014587,0.0014199912548065186,9.313225746154785e-09,1.4551915228366852e-11,0.0,INT8,Marginal,0.07501299733137738,1.0,,,1.1476240758820781e-05
middle,layer2.0.shortcut.1,BatchNorm2d,batchnorm,weight,128,0.7117610573768616,0.8179192543029785,0.7117610573768616,2.205371856689453e-06,0.0,FP16,Sufficient,0.00016434686271910075,0.00032578744945999403,0.0,0.0,
middle,layer2.0.shortcut.1,BatchNorm2d,batchnorm,weight,128,0.7117610573768616,0.8179192543029785,0.7117610573768616,2.205371856689453e-06,0.0,FP8_E4M3,Sufficient,0.01788412805049068,0.042028759631773625,0.0,0.0,
middle,layer2.0.shortcut.1,BatchNorm2d,batchnorm,weight,128,0.7117610573768616,0.8179192543029785,0.7117610573768616,2.205371856689453e-06,0.0,FP8_E5M2,Marginal,0.02554690331080245,0.07672313445846274,0.0,0.0,
middle,layer2.0.shortcut.1,BatchNorm2d,batchnorm,weight,128,0.7117610573768616,0.8179192543029785,0.7117610573768616,2.205371856689453e-06,0.0,INT16,Sufficient,8.214562603447278e-06,1.6437416741241917e-05,,,2.4961676513046006e-05
middle,layer2.0.shortcut.1,BatchNorm2d,batchnorm,weight,128,0.7117610573768616,0.8179192543029785,0.7117610573768616,2.205371856689453e-06,0.0,INT8,Sufficient,0.0020096920387835046,0.004374012134905563,,,0.006440309088999831
middle,layer2.0.shortcut.1,BatchNorm2d,batchnorm,bias,128,-0.07920825481414795,0.019537879154086113,0.0004601474211085588,1.0617077350616455e-06,0.0,FP16,Sufficient,0.0001894710700393868,0.0004627287559151887,0.0,0.0,
middle,layer2.0.shortcut.1,BatchNorm2d,batchnorm,bias,128,-0.07920825481414795,0.019537879154086113,0.0004601474211085588,1.0617077350616455e-06,0.0,FP8_E4M3,Marginal,0.04558779375832818,1.0,0.0,0.0078125,
middle,layer2.0.shortcut.1,BatchNorm2d,batchnorm,bias,128,-0.07920825481414795,0.019537879154086113,0.0004601474211085588,1.0617077350616455e-06,0.0,FP8_E5M2,Marginal,0.04734164388159502,0.11056354817394115,0.0,0.0,
middle,layer2.0.shortcut.1,BatchNorm2d,batchnorm,bias,128,-0.07920825481414795,0.019537879154086113,0.0004601474211085588,1.0617077350616455e-06,0.0,INT16,Sufficient,6.126291582122384e-05,0.00186250057246206,,,2.4173178751227743e-06
middle,layer2.0.shortcut.1,BatchNorm2d,batchnorm,bias,128,-0.07920825481414795,0.019537879154086113,0.0004601474211085588,1.0617077350616455e-06,0.0,INT8,Sufficient,0.015133058906771024,0.3554070221194421,,,0.0006236870457806925
middle,layer2.0.shortcut.1,BatchNorm2d,batchnorm,input,20971520,-6.535402297973633,7.393951892852783,2.2539904165341795e-08,4.656612873077393e-10,0.0,FP16,Sufficient,0.00017574727180813836,0.0017192688687684798,0.0,0.0,
middle,layer2.0.shortcut.1,BatchNorm2d,batchnorm,input,20971520,-6.535402297973633,7.393951892852783,2.2539904165341795e-08,4.656612873077393e-10,0.0,FP8_E4M3,Marginal,0.025397062068522713,1.0,0.0,0.00135,
middle,layer2.0.shortcut.1,BatchNorm2d,batchnorm,input,20971520,-6.535402297973633,7.393951892852783,2.2539904165341795e-08,4.656612873077393e-10,0.0,FP8_E5M2,Marginal,0.04506864971385587,0.4277124463997763,0.0,0.0,
middle,layer2.0.shortcut.1,BatchNorm2d,batchnorm,input,20971520,-6.535402297973633,7.393951892852783,2.2539904165341795e-08,4.656612873077393e-10,0.0,INT16,Sufficient,0.0005520716112197664,1.0,,,0.00013496464877073739
middle,layer2.0.shortcut.1,BatchNorm2d,batchnorm,input,20971520,-6.535402297973633,7.393951892852783,2.2539904165341795e-08,4.656612873077393e-10,0.0,INT8,Marginal,0.06461668519227401,1.0,,,0.034821942096620095
middle,layer2.0.shortcut.1,BatchNorm2d,batchnorm,activation,20971520,-6.9910101890563965,7.587252616882324,1.6851076090063088e-09,2.3283064365386963e-10,0.0,FP16,Sufficient,0.00017633535590028072,0.0008035015417040757,0.0,0.0,
middle,layer2.0.shortcut.1,BatchNorm2d,batchnorm,activation,20971520,-6.9910101890563965,7.587252616882324,1.6851076090063088e-09,2.3283064365386963e-10,0.0,FP8_E4M3,Marginal,0.024918569898333884,1.0,0.0,0.0011,
middle,layer2.0.shortcut.1,BatchNorm2d,batchnorm,activation,20971520,-6.9910101890563965,7.587252616882324,1.6851076090063088e-09,2.3283064365386963e-10,0.0,FP8_E5M2,Marginal,0.04518053312022698,0.11430824864722186,0.0,0.0,
middle,layer2.0.shortcut.1,BatchNorm2d,batchnorm,activation,20971520,-6.9910101890563965,7.587252616882324,1.6851076090063088e-09,2.3283064365386963e-10,0.0,INT16,Sufficient,0.0004646192649592706,1.0,,,0.00015284099981084634
middle,layer2.0.shortcut.1,BatchNorm2d,batchnorm,activation,20971520,-6.9910101890563965,7.587252616882324,1.6851076090063088e-09,2.3283064365386963e-10,0.0,INT8,Marginal,0.06406348915230677,1.0,,,0.03943418142363781
middle,layer2.0.shortcut.1,BatchNorm2d,batchnorm,weight_gradient,640,-0.010673041455447674,0.011948146857321262,8.687413810548605e-08,3.754394128918648e-08,0.0,FP16,Sufficient,0.0007286148641595271,0.3138965625993747,0.0,0.0,
middle,layer2.0.shortcut.1,BatchNorm2d,batchnorm,weight_gradient,640,-0.010673041455447674,0.011948146857321262,8.687413810548605e-08,3.754394128918648e-08,0.0,FP8_E4M3,Not sufficient,0.4846940288141351,1.0,0.0,0.3140625,
middle,layer2.0.shortcut.1,BatchNorm2d,batchnorm,weight_gradient,640,-0.010673041455447674,0.011948146857321262,8.687413810548605e-08,3.754394128918648e-08,0.0,FP8_E5M2,Marginal,0.05482560363716611,1.0,0.0,0.0078125,
middle,layer2.0.shortcut.1,BatchNorm2d,batchnorm,weight_gradient,640,-0.010673041455447674,0.011948146857321262,8.687413810548605e-08,3.754394128918648e-08,0.0,INT16,Sufficient,0.0021966350626375667,1.0,,,3.64639633085765e-07
middle,layer2.0.shortcut.1,BatchNorm2d,batchnorm,weight_gradient,640,-0.010673041455447674,0.011948146857321262,8.687413810548605e-08,3.754394128918648e-08,0.0,INT8,Marginal,0.05053539872684951,1.0,,,9.407989651434065e-05
middle,layer2.0.shortcut.1,BatchNorm2d,batchnorm,weight_update,640,-0.0010513663291931152,0.000828862190246582,8.940696716308594e-07,5.960464477539063e-08,0.0015625,FP16,Sufficient,0.00010571746829282953,0.00048567265662943174,0.0,0.0,
middle,layer2.0.shortcut.1,BatchNorm2d,batchnorm,weight_update,640,-0.0010513663291931152,0.000828862190246582,8.940696716308594e-07,5.960464477539063e-08,0.0015625,FP8_E4M3,Not sufficient,0.998215158880889,1.0,0.0,0.9984350547730829,
middle,layer2.0.shortcut.1,BatchNorm2d,batchnorm,weight_update,640,-0.0010513663291931152,0.000828862190246582,8.940696716308594e-07,5.960464477539063e-08,0.0015625,FP8_E5M2,Not sufficient,0.08052707212066332,1.0,0.0,0.017214397496087636,
middle,layer2.0.shortcut.1,BatchNorm2d,batchnorm,weight_update,640,-0.0010513663291931152,0.000828862190246582,8.940696716308594e-07,5.960464477539063e-08,0.0015625,INT16,Sufficient,0.00013159858910805652,0.004856512141280452,,,3.208613328022447e-08
middle,layer2.0.shortcut.1,BatchNorm2d,batchnorm,weight_update,640,-0.0010513663291931152,0.000828862190246582,8.940696716308594e-07,5.960464477539063e-08,0.0015625,INT8,Marginal,0.03245377499724594,1.0,,,8.278475033016655e-06
middle,layer2.1.conv1,Conv2d,conv,weight,147456,-0.07896482199430466,0.08344069123268127,1.1995850002222141e-07,5.820766091346741e-11,0.0,FP16,Sufficient,0.00017933330443890258,0.014246114469352141,0.0,0.0,
middle,layer2.1.conv1,Conv2d,conv,weight,147456,-0.07896482199430466,0.08344069123268127,1.1995850002222141e-07,5.820766091346741e-11,0.0,FP8_E4M3,Not sufficient,0.1039573992619012,1.0,0.0,0.03945,
middle,layer2.1.conv1,Conv2d,conv,weight,147456,-0.07896482199430466,0.08344069123268127,1.1995850002222141e-07,5.820766091346741e-11,0.0,FP8_E5M2,Marginal,0.04528079011018329,1.0,0.0,0.00035,
middle,layer2.1.conv1,Conv2d,conv,weight,147456,-0.07896482199430466,0.08344069123268127,1.1995850002222141e-07,5.820766091346741e-11,0.0,INT16,Sufficient,0.00028350947981416994,1.0,,,2.235815165029562e-06
middle,layer2.1.conv1,Conv2d,conv,weight,147456,-0.07896482199430466,0.08344069123268127,1.1995850002222141e-07,5.820766091346741e-11,0.0,INT8,Marginal,0.03729981887148334,1.0,,,0.0005768579174214461
middle,layer2.1.conv1,Conv2d,conv,input,20971520,0.0,14.639087677001953,9.685754776000977e-08,3.725290298461914e-09,0.5352363109588623,FP16,Sufficient,8.180970527177364e-05,0.00048520135856380397,0.0,0.0,
middle,layer2.1.conv1,Conv2d,conv,input,20971520,0.0,14.639087677001953,9.685754776000977e-08,3.725290298461914e-09,0.5352363109588623,FP8_E4M3,Sufficient,0.011344660962774986,1.0,0.0,0.0010789814415192059,
middle,layer2.1.conv1,Conv2d,conv,input,20971520,0.0,14.639087677001953,9.685754776000977e-08,3.725290298461914e-09,0.5352363109588623,FP8_E5M2,Marginal,0.020745075581439204,0.11108878750723089,0.0,0.0,
middle,layer2.1.conv1,Conv2d,conv,input,20971520,0.0,14.639087677001953,9.685754776000977e-08,3.725290298461914e-09,0.5352363109588623,INT16,Sufficient,0.000231054987012186,1.0,,,0.00019362261891456005
middle,layer2.1.conv1,Conv2d,conv,input,20971520,0.0,14.639087677001953,9.685754776000977e-08,3.725290298461914e-09,0.5352363109588623,INT8,Marginal,0.025836887477892298,1.0,,,0.049956160267506995
middle,layer2.1.conv1,Conv2d,conv,activation,20971520,-11.463000297546387,16.719924926757812,1.4528632164001465e-07,9.313225746154785e-10,0.0,FP16,Sufficient,0.00017581991146236055,0.00048566433982233533,0.0,0.0,
middle,layer2.1.conv1,Conv2d,conv,activation,20971520,-11.463000297546387,16.719924926757812,1.4528632164001465e-07,9.313225746154785e-10,0.0,FP8_E4M3,Marginal,0.023643770484626056,1.0,0.0,0.0005,
middle,layer2.1.conv1,Conv2d,conv,activation,20971520,-11.463000297546387,16.719924926757812,1.4528632164001465e-07,9.313225746154785e-10,0.0,FP8_E5M2,Marginal,0.04499617450333948,0.11108944782062118,0.0,0.0,
middle,layer2.1.conv1,Conv2d,conv,activation,20971520,-11.463000297546387,16.719924926757812,1.4528632164001465e-07,9.313225746154785e-10,0.0,INT16,Sufficient,0.0003015352708419247,1.0,,,0.00020238270266112015
middle,layer2.1.conv1,Conv2d,conv,activation,20971520,-11.463000297546387,16.719924926757812,1.4528632164001465e-07,9.313225746154785e-10,0.0,INT8,Marginal,0.045507470264810945,1.0,,,0.05221633085115688
middle,layer2.1.conv1,Conv2d,conv,weight_gradient,737280,-0.007694822270423174,0.0064825816079974174,2.473825588822365e-10,1.8189894035458565e-12,0.0,FP16,Sufficient,0.00029219488599806,1.0,0.0,5e-05,
middle,layer2.1.conv1,Conv2d,conv,weight_gradient,737280,-0.007694822270423174,0.0064825816079974174,2.473825588822365e-10,1.8189894035458565e-12,0.0,FP8_E4M3,Not sufficient,0.8417549486917576,1.0,0.0,0.7212,
middle,layer2.1.conv1,Conv2d,conv,weight_gradient,737280,-0.007694822270423174,0.0064825816079974174,2.473825588822365e-10,1.8189894035458565e-12,0.0,FP8_E5M2,Marginal,0.05735818638535136,1.0,0.0,0.0073,
middle,layer2.1.conv1,Conv2d,conv,weight_gradient,737280,-0.007694822270423174,0.0064825816079974174,2.473825588822365e-10,1.8189894035458565e-12,0.0,INT16,Sufficient,0.0004624860536078325,1.0,,,1.9242230882471334e-07
middle,layer2.1.conv1,Conv2d,conv,weight_gradient,737280,-0.007694822270423174,0.0064825816079974174,2.473825588822365e-10,1.8189894035458565e-12,0.0,INT8,Marginal,0.06658908383757067,1.0,,,4.9646470813066e-05
middle,layer2.1.conv1,Conv2d,conv,weight_update,737280,-0.0006188750267028809,0.0006949156522750854,6.984919309616089e-10,9.094947017729282e-13,2.7126736111111112e-06,FP16,Sufficient,0.0019351653597931048,1.0,0.0,0.0005,
middle,layer2.1.conv1,Conv2d,conv,weight_update,737280,-0.0006188750267028809,0.0006949156522750854,6.984919309616089e-10,9.094947017729282e-13,2.7126736111111112e-06,FP8_E4M3,Not sufficient,1.0,1.0,0.0,1.0,
middle,layer2.1.conv1,Conv2d,conv,weight_update,737280,-0.0006188750267028809,0.0006949156522750854,6.984919309616089e-10,9.094947017729282e-13,2.7126736111111112e-06,FP8_E5M2,Not sufficient,0.19675069498449171,1.0,0.0,0.0899,
middle,layer2.1.conv1,Conv2d,conv,weight_update,737280,-0.0006188750267028809,0.0006949156522750854,6.984919309616089e-10,9.094947017729282e-13,2.7126736111111112e-06,INT16,Sufficient,0.0005503419978588247,1.0,,,1.5578869115510655e-08
middle,layer2.1.conv1,Conv2d,conv,weight_update,737280,-0.0006188750267028809,0.0006949156522750854,6.984919309616089e-10,9.094947017729282e-13,2.7126736111111112e-06,INT8,Marginal,0.06732036880180099,1.0,,,4.019470900062501e-06
middle,layer2.1.bn1,BatchNorm2d,batchnorm,weight,128,0.7013667821884155,0.8625158071517944,0.7013667821884155,8.344650268554688e-07,0.0,FP16,Sufficient,0.00015609035024540755,0.00032299739029260216,0.0,0.0,
middle,layer2.1.bn1,BatchNorm2d,batchnorm,weight,128,0.7013667821884155,0.8625158071517944,0.7013667821884155,8.344650268554688e-07,0.0,FP8_E4M3,Sufficient,0.016159191100380357,0.0398391118073467,0.0,0.0,
middle,layer2.1.bn1,BatchNorm2d,batchnorm,weight,128,0.7013667821884155,0.8625158071517944,0.7013667821884155,8.344650268554688e-07,0.0,FP8_E5M2,Marginal,0.020303548971102217,0.07566966006349062,0.0,0.0,
middle,layer2.1.bn1,BatchNorm2d,batchnorm,weight,128,0.7013667821884155,0.8625158071517944,0.7013667821884155,8.344650268554688e-07,0.0,INT16,Sufficient,7.881176568907244e-06,1.7507540924047616e-05,,,2.6322696833759406e-05
middle,layer2.1.bn1,BatchNorm2d,batchnorm,weight,128,0.7013667821884155,0.8625158071517944,0.7013667821884155,8.344650268554688e-07,0.0,INT8,Sufficient,0.002202094299029917,0.0045621019946869715,,,0.0067914630484393265
middle,layer2.1.bn1,BatchNorm2d,batchnorm,bias,128,-0.09900123625993729,0.003936836961656809,0.00020661337475758046,2.0265579223632812e-06,0.0,FP16,Sufficient,0.00016911814344600952,0.0004444622810202115,0.0,0.0,
middle,layer2.1.bn1,BatchNorm2d,batchnorm,bias,128,-0.09900123625993729,0.003936836961656809,0.00020661337475758046,2.0265579223632812e-06,0.0,FP8_E4M3,Not sufficient,0.060327662310645846,1.0,0.0,0.03125,
middle,layer2.1.bn1,BatchNorm2d,batchnorm,bias,128,-0.09900123625993729,0.003936836961656809,0.00020661337475758046,2.0265579223632812e-06,0.0,FP8_E5M2,Marginal,0.04484171740918681,0.1031729638861912,0.0,0.0,
middle,layer2.1.bn1,BatchNorm2d,batchnorm,bias,128,-0.09900123625993729,0.003936836961656809,0.00020661337475758046,2.0265579223632812e-06,0.0,INT16,Sufficient,0.0001397066047361209,0.005615335441895251,,,3.021370166934333e-06
middle,layer2.1.bn1,BatchNorm2d,batchnorm,bias,128,-0.09900123625993729,0.003936836961656809,0.00020661337475758046,2.0265579223632812e-06,0.0,INT8,Marginal,0.03181634010551464,1.0,,,0.0007795372933853329
middle,layer2.1.bn1,BatchNorm2d,batchnorm,input,20971520,-11.463000297546387,16.719924926757812,1.4528632164001465e-07,9.313225746154785e-10,0.0,FP16,Sufficient,0.00017581991146236055,0.00048566433982233533,0.0,0.0,
middle,layer2.1.bn1,BatchNorm2d,batchnorm,input,20971520,-11.463000297546387,16.719924926757812,1.4528632164001465e-07,9.313225746154785e-10,0.0,FP8_E4M3,Marginal,0.023643770484626056,1.0,0.0,0.0005,
middle,layer2.1.bn1,BatchNorm2d,batchnorm,input,20971520,-11.463000297546387,16.719924926757812,1.4528632164001465e-07,9.313225746154785e-10,0.0,FP8_E5M2,Marginal,0.04499617450333948,0.11108944782062118,0.0,0.0,
middle,layer2.1.bn1,BatchNorm2d,batchnorm,input,20971520,-11.463000297546387,16.719924926757812,1.4528632164001465e-07,9.313225746154785e-10,0.0,INT16,Sufficient,0.0003015352708419247,1.0,,,0.00020238270266112015
middle,layer2.1.bn1,BatchNorm2d,batchnorm,input,20971520,-11.463000297546387,16.719924926757812,1.4528632164001465e-07,9.313225746154785e-10,0.0,INT8,Marginal,0.045507470264810945,1.0,,,0.05221633085115688
middle,layer2.1.bn1,BatchNorm2d,batchnorm,activation,20971520,-6.97392463684082,11.124149322509766,4.7993818697023016e-08,2.3283064365386963e-10,0.0,FP16,Sufficient,0.0001762025112219554,0.0018414145642466238,0.0,0.0,
middle,layer2.1.bn1,BatchNorm2d,batchnorm,activation,20971520,-6.97392463684082,11.124149322509766,4.7993818697023016e-08,2.3283064365386963e-10,0.0,FP8_E4M3,Marginal,0.024931632012910983,1.0,0.0,0.0009,
middle,layer2.1.bn1,BatchNorm2d,batchnorm,activation,20971520,-6.97392463684082,11.124149322509766,4.7993818697023016e-08,2.3283064365386963e-10,0.0,FP8_E5M2,Marginal,0.044709924681627364,0.11826307991695485,0.0,0.0,
middle,layer2.1.bn1,BatchNorm2d,batchnorm,activation,20971520,-6.97392463684082,11.124149322509766,4.7993818697023016e-08,2.3283064365386963e-10,0.0,INT16,Sufficient,0.0003865490759294692,1.0,,,0.00011654317362626399
middle,layer2.1.bn1,BatchNorm2d,batchnorm,activation,20971520,-6.97392463684082,11.124149322509766,4.7993818697023016e-08,2.3283064365386963e-10,0.0,INT8,Marginal,0.05010220859275971,1.0,,,0.03006905645836057
middle,layer2.1.bn1,BatchNorm2d,batchnorm,weight_gradient,640,-0.015646228566765785,0.012891839258372784,2.121140369126806e-06,2.9802322387695312e-08,0.0,FP16,Sufficient,0.0002124145965911439,0.011610190040084152,0.0,0.0,
middle,layer2.1.bn1,BatchNorm2d,batchnorm,weight_gradient,640,-0.015646228566765785,0.012891839258372784,2.121140369126806e-06,2.9802322387695312e-08,0.0,FP8_E4M3,Not sufficient,0.5686546200250779,1.0,0.0,0.4,
middle,layer2.1.bn1,BatchNorm2d,batchnorm,weight_gradient,640,-0.015646228566765785,0.012891839258372784,2.121140369126806e-06,2.9802322387695312e-08,0.0,FP8_E5M2,Marginal,0.05161101570829442,1.0,0.0,0.0046875,
middle,layer2.1.bn1,BatchNorm2d,batchnorm,weight_gradient,640,-0.015646228566765785,0.012891839258372784,2.121140369126806e-06,2.9802322387695312e-08,0.0,INT16,Sufficient,0.0006955195607177171,0.09954177153296405,,,4.774995747784596e-07
middle,layer2.1.bn1,BatchNorm2d,batchnorm,weight_gradient,640,-0.015646228566765785,0.012891839258372784,2.121140369126806e-06,2.9802322387695312e-08,0.0,INT8,Marginal,0.0792743562352846,1.0,,,0.00012319865013201407
middle,layer2.1.bn1,BatchNorm2d,batchnorm,weight_update,640,-0.0007875561714172363,0.0003756284713745117,1.1920928955078125e-07,5.960464477539063e-08,0.0,FP16,Sufficient,0.00010906895362361763,0.00048756704046806434,0.0,0.0,
middle,layer2.1.bn1,BatchNorm2d,batchnorm,weight_update,640,-0.0007875561714172363,0.0003756284713745117,1.1920928955078125e-07,5.960464477539063e-08,0.0,FP8_E4M3,Not sufficient,1.0,1.0,0.0,1.0,
middle,layer2.1.bn1,BatchNorm2d,batchnorm,weight_update,640,-0.0007875561714172363,0.0003756284713745117,1.1920928955078125e-07,5.960464477539063e-08,0.0,FP8_E5M2,Not sufficient,0.08589812820513462,1.0,0.0,0.0265625,
middle,layer2.1.bn1,BatchNorm2d,batchnorm,weight_update,640,-0.0007875561714172363,0.0003756284713745117,1.1920928955078125e-07,5.960464477539063e-08,0.0,INT16,Sufficient,0.00011761461767987838,0.008102664265877246,,,2.4035040480276994e-08
middle,layer2.1.bn1,BatchNorm2d,batchnorm,weight_update,640,-0.0007875561714172363,0.0003756284713745117,1.1920928955078125e-07,5.960464477539063e-08,0.0,INT8,Marginal,0.03155534687854809,1.0,,,6.2012296961987116e-06
middle,layer2.1.conv2,Conv2d,conv,weight,147456,-0.06746957451105118,0.08617090433835983,5.052666907090497e-08,5.820766091346741e-11,0.0,FP16,Sufficient,0.00017734742983221855,0.0025796431114039164,0.0,0.0,
middle,layer2.1.conv2,Conv2d,conv,weight,147456,-0.06746957451105118,0.08617090433835983,5.052666907090497e-08,5.820766091346741e-11,0.0,FP8_E4M3,Not sufficient,0.10646370890974477,1.0,0.0,0.0416,
middle,layer2.1.conv2,Conv2d,conv,weight,147456,-0.06746957451105118,0.08617090433835983,5.052666907090497e-08,5.820766091346741e-11,0.0,FP8_E5M2,Marginal,0.045354996024185586,1.0,0.0,0.0002,
middle,layer2.1.conv2,Conv2d,conv,weight,147456,-0.06746957451105118,0.08617090433835983,5.052666907090497e-08,5.820766091346741e-11,0.0,INT16,Sufficient,0.0002438818275203256,1.0,,,2.059070849057014e-06
middle,layer2.1.conv2,Conv2d,conv,weight,147456,-0.06746957451105118,0.08617090433835983,5.052666907090497e-08,5.820766091346741e-11,0.0,INT8,Marginal,0.036211265257253364,1.0,,,0.0005312564922130014
middle,layer2.1.conv2,Conv2d,conv,input,20971520,0.0,11.124149322509766,8.502984627511978e-08,2.3283064365386963e-10,0.5276267051696777,FP16,Sufficient,8.282943267179175e-05,0.0018414145642466238,0.0,0.0,
middle,layer2.1.conv2,Conv2d,conv,input,20971520,0.0,11.124149322509766,8.502984627511978e-08,2.3283064365386963e-10,0.5276267051696777,FP8_E4M3,Sufficient,0.011681069793689063,1.0,0.0,0.0007477833564790087,
middle,layer2.1.conv2,Conv2d,conv,input,20971520,0.0,11.124149322509766,8.502984627511978e-08,2.3283064365386963e-10,0.5276267051696777,FP8_E5M2,Marginal,0.02085250446157534,0.11826307991695485,0.0,0.0,
middle,layer2.1.conv2,Conv2d,conv,input,20971520,0.0,11.124149322509766,8.502984627511978e-08,2.3283064365386963e-10,0.5276267051696777,INT16,Sufficient,0.00022182887257952047,1.0,,,0.00011654317362626399
middle,layer2.1.conv2,Conv2d,conv,input,20971520,0.0,11.124149322509766,8.502984627511978e-08,2.3283064365386963e-10,0.5276267051696777,INT8,Marginal,0.023515916180694842,1.0,,,0.03006905645836057
middle,layer2.1.conv2,Conv2d,conv,activation,20971520,-12.181231498718262,16.37505340576172,3.213062882423401e-08,9.313225746154785e-10,0.0,FP16,Sufficient,0.00017594572034206686,0.00048685317865130955,0.0,0.0,
middle,layer2.1.conv2,Conv2d,conv,activation,20971520,-12.181231498718262,16.37505340576172,3.213062882423401e-08,9.313225746154785e-10,0.0,FP8_E4M3,Marginal,0.024520541921860102,1.0,0.0,0.00115,
middle,layer2.1.conv2,Conv2d,conv,activation,20971520,-12.181231498718262,16.37505340576172,3.213062882423401e-08,9.313225746154785e-10,0.0,FP8_E5M2,Marginal,0.04480607560373413,0.12959345482959117,0.0,0.0,
middle,layer2.1.conv2,Conv2d,conv,activation,20971520,-12.181231498718262,16.37505340576172,3.213062882423401e-08,9.313225746154785e-10,0.0,INT16,Sufficient,0.0007632249991477024,1.0,,,0.0003074525269720739
middle,layer2.1.conv2,Conv2d,conv,activation,20971520,-12.181231498718262,16.37505340576172,3.213062882423401e-08,9.313225746154785e-10,0.0,INT8,Marginal,0.09009960103337743,1.0,,,0.07932517284483422
middle,layer2.1.conv2,Conv2d,conv,weight_gradient,737280,-0.007079904433339834,0.005888667423278093,5.948095349594951e-10,1.8189894035458565e-12,0.0,FP16,Sufficient,0.0002892069730191369,0.32385261797026504,0.0,0.0,
middle,layer2.1.conv2,Conv2d,conv,weight_gradient,737280,-0.007079904433339834,0.005888667423278093,5.948095349594951e-10,1.8189894035458565e-12,0.0,FP8_E4M3,Not sufficient,0.8779753776823319,1.0,0.0,0.766,
middle,layer2.1.conv2,Conv2d,conv,weight_gradient,737280,-0.007079904433339834,0.005888667423278093,5.948095349594951e-10,1.8189894035458565e-12,0.0,FP8_E5M2,Marginal,0.058220006972111216,1.0,0.0,0.0084,
middle,layer2.1.conv2,Conv2d,conv,weight_gradient,737280,-0.007079904433339834,0.005888667423278093,5.948095349594951e-10,1.8189894035458565e-12,0.0,INT16,Sufficient,0.00042897347514502806,0.6961195665882411,,,1.5273090507322975e-07
middle,layer2.1.conv2,Conv2d,conv,weight_gradient,737280,-0.007079904433339834,0.005888667423278093,5.948095349594951e-10,1.8189894035458565e-12,0.0,INT8,Marginal,0.05698076928781898,1.0,,,3.9405776114445036e-05
middle,layer2.1.conv2,Conv2d,conv,weight_update,737280,-0.0004717994015663862,0.0004444066435098648,4.656612873077393e-10,4.547473508864641e-13,1.0850694444444445e-05,FP16,Sufficient,0.0018653263156326084,1.0,0.0,0.00045,
middle,layer2.1.conv2,Conv2d,conv,weight_update,737280,-0.0004717994015663862,0.0004444066435098648,4.656612873077393e-10,4.547473508864641e-13,1.0850694444444445e-05,FP8_E4M3,Not sufficient,1.0,1.0,0.0,1.0,
middle,layer2.1.conv2,Conv2d,conv,weight_update,737280,-0.0004717994015663862,0.0004444066435098648,4.656612873077393e-10,4.547473508864641e-13,1.0850694444444445e-05,FP8_E5M2,Not sufficient,0.203036036322191,1.0,0.0,0.09415,
middle,layer2.1.conv2,Conv2d,conv,weight_update,737280,-0.0004717994015663862,0.0004444066435098648,4.656612873077393e-10,4.547473508864641e-13,1.0850694444444445e-05,INT16,Sufficient,0.0004241533590918957,1.0,,,1.2211134833426887e-08
middle,layer2.1.conv2,Conv2d,conv,weight_update,737280,-0.0004717994015663862,0.0004444066435098648,4.656612873077393e-10,4.547473508864641e-13,1.0850694444444445e-05,INT8,Marginal,0.05570986937961832,1.0,,,3.1505689376921164e-06
middle,layer2.1.bn2,BatchNorm2d,batchnorm,weight,128,0.6978052854537964,0.829908549785614,0.6978052854537964,1.1324882507324219e-06,0.0,FP16,Sufficient,0.0001544202657567658,0.00032536157694562645,0.0,0.0,
middle,layer2.1.bn2,BatchNorm2d,batchnorm,weight,128,0.6978052854537964,0.829908549785614,0.6978052854537964,1.1324882507324219e-06,0.0,FP8_E4M3,Sufficient,0.016573141494215855,0.03965456423742264,0.0,0.0,
middle,layer2.1.bn2,BatchNorm2d,batchnorm,weight,128,0.6978052854537964,0.829908549785614,0.6978052854537964,1.1324882507324219e-06,0.0,FP8_E5M2,Marginal,0.020487387001680672,0.07479839381305399,0.0,0.0,
middle,layer2.1.bn2,BatchNorm2d,batchnorm,weight,128,0.6978052854537964,0.829908549785614,0.6978052854537964,1.1324882507324219e-06,0.0,INT16,Sufficient,7.570853142492136e-06,1.699219752699203e-05,,,2.532757194084335e-05
middle,layer2.1.bn2,BatchNorm2d,batchnorm,weight,128,0.6978052854537964,0.829908549785614,0.6978052854537964,1.1324882507324219e-06,0.0,INT8,Sufficient,0.002110589526834763,0.00427388842818047,,,0.006534712990437906
middle,layer2.1.bn2,BatchNorm2d,batchnorm,bias,128,-0.054936088621616364,0.017781207337975502,8.855304258759134e-06,9.918585419654846e-07,0.0,FP16,Sufficient,0.00019227334044020887,0.0029121317597373187,0.0,0.0,
middle,layer2.1.bn2,BatchNorm2d,batchnorm,bias,128,-0.054936088621616364,0.017781207337975502,8.855304258759134e-06,9.918585419654846e-07,0.0,FP8_E4M3,Not sufficient,0.08809677025040305,1.0,0.0,0.03125,
middle,layer2.1.bn2,BatchNorm2d,batchnorm,bias,128,-0.054936088621616364,0.017781207337975502,8.855304258759134e-06,9.918585419654846e-07,0.0,FP8_E5M2,Marginal,0.0521564162911335,0.7231241995335084,0.0,0.0,
middle,layer2.1.bn2,BatchNorm2d,batchnorm,bias,128,-0.054936088621616364,0.017781207337975502,8.855304258759134e-06,9.918585419654846e-07,0.0,INT16,Sufficient,0.0004779646418904419,0.05335407334273072,,,1.6765675411730205e-06
middle,layer2.1.bn2,BatchNorm2d,batchnorm,bias,128,-0.054936088621616364,0.017781207337975502,8.855304258759134e-06,9.918585419654846e-07,0.0,INT8,Marginal,0.023958570491654542,1.0,,,0.00043256762694186113
middle,layer2.1.bn2,BatchNorm2d,batchnorm,input,20971520,-12.181231498718262,16.37505340576172,3.213062882423401e-08,9.313225746154785e-10,0.0,FP16,Sufficient,0.00017594572034206686,0.00048685317865130955,0.0,0.0,
middle,layer2.1.bn2,BatchNorm2d,batchnorm,input,20971520,-12.181231498718262,16.37505340576172,3.213062882423401e-08,9.313225746154785e-10,0.0,FP8_E4M3,Marginal,0.024520541921860102,1.0,0.0,0.00115,
middle,layer2.1.bn2,BatchNorm2d,batchnorm,input,20971520,-12.181231498718262,16.37505340576172,3.213062882423401e-08,9.313225746154785e-10,0.0,FP8_E5M2,Marginal,0.04480607560373413,0.12959345482959117,0.0,0.0,
middle,layer2.1.bn2,BatchNorm2d,batchnorm,input,20971520,-12.181231498718262,16.37505340576172,3.213062882423401e-08,9.313225746154785e-10,0.0,INT16,Sufficient,0.0007632249991477024,1.0,,,0.0003074525269720739
middle,layer2.1.bn2,BatchNorm2d,batchnorm,input,20971520,-12.181231498718262,16.37505340576172,3.213062882423401e-08,9.313225746154785e-10,0.0,INT8,Marginal,0.09009960103337743,1.0,,,0.07932517284483422
middle,layer2.1.bn2,BatchNorm2d,batchnorm,activation,20971520,-11.128891944885254,16.033823013305664,7.136364388315997e-08,2.3283064365386963e-10,0.0,FP16,Sufficient,0.00017609156693853558,0.00048378469214346913,0.0,0.0,
middle,layer2.1.bn2,BatchNorm2d,batchnorm,activation,20971520,-11.128891944885254,16.033823013305664,7.136364388315997e-08,2.3283064365386963e-10,0.0,FP8_E4M3,Marginal,0.024726725067343806,1.0,0.0,0.00085,
middle,layer2.1.bn2,BatchNorm2d,batchnorm,activation,20971520,-11.128891944885254,16.033823013305664,7.136364388315997e-08,2.3283064365386963e-10,0.0,FP8_E5M2,Marginal,0.044903422161963705,0.12326427541136506,0.0,0.0,
middle,layer2.1.bn2,BatchNorm2d,batchnorm,activation,20971520,-11.128891944885254,16.033823013305664,7.136364388315997e-08,2.3283064365386963e-10,0.0,INT16,Sufficient,0.0007365038236749851,1.0,,,0.0002414442765489723
middle,layer2.1.bn2,BatchNorm2d,batchnorm,activation,20971520,-11.128891944885254,16.033823013305664,7.136364388315997e-08,2.3283064365386963e-10,0.0,INT8,Marginal,0.09224081951427116,1.0,,,0.062294524485670674
middle,layer2.1.bn2,BatchNorm2d,batchnorm,weight_gradient,640,-0.009878264740109444,0.009025423787534237,1.1219276530027855e-06,6.868503987789154e-09,0.0,FP16,Sufficient,0.00021970568796679293,0.009412904389486634,0.0,0.0,
middle,layer2.1.bn2,BatchNorm2d,batchnorm,weight_gradient,640,-0.009878264740109444,0.009025423787534237,1.1219276530027855e-06,6.868503987789154e-09,0.0,FP8_E4M3,Not sufficient,0.5950361069850867,1.0,0.0,0.415625,
middle,layer2.1.bn2,BatchNorm2d,batchnorm,weight_gradient,640,-0.009878264740109444,0.009025423787534237,1.1219276530027855e-06,6.868503987789154e-09,0.0,FP8_E5M2,Marginal,0.04917950879563461,1.0,0.0,0.003125,
middle,layer2.1.bn2,BatchNorm2d,batchnorm,weight_gradient,640,-0.009878264740109444,0.009025423787534237,1.1219276530027855e-06,6.868503987789154e-09,0.0,INT16,Sufficient,0.00035863988147856343,0.07482836445137704,,,3.01469916077439e-07
middle,layer2.1.bn2,BatchNorm2d,batchnorm,weight_gradient,640,-0.009878264740109444,0.009025423787534237,1.1219276530027855e-06,6.868503987789154e-09,0.0,INT8,Marginal,0.05004655181112729,1.0,,,7.778161212684602e-05
middle,layer2.1.bn2,BatchNorm2d,batchnorm,weight_update,640,-0.0007226467132568359,0.0005590319633483887,8.344650268554688e-07,5.960464477539063e-08,0.0,FP16,Sufficient,0.00010970517470200526,0.00048661800486618007,0.0,0.0,
middle,layer2.1.bn2,BatchNorm2d,batchnorm,weight_update,640,-0.0007226467132568359,0.0005590319633483887,8.344650268554688e-07,5.960464477539063e-08,0.0,FP8_E4M3,Not sufficient,1.0,1.0,0.0,1.0,
middle,layer2.1.bn2,BatchNorm2d,batchnorm,weight_update,640,-0.0007226467132568359,0.0005590319633483887,8.344650268554688e-07,5.960464477539063e-08,0.0,FP8_E5M2,Not sufficient,0.09946347671228403,1.0,0.0,0.034375,
middle,layer2.1.bn2,BatchNorm2d,batchnorm,weight_update,640,-0.0007226467132568359,0.0005590319633483887,8.344650268554688e-07,5.960464477539063e-08,0.0,INT16,Sufficient,0.0001490796702451383,0.007239668636805992,,,2.2054100566326972e-08
middle,layer2.1.bn2,BatchNorm2d,batchnorm,weight_update,640,-0.0007226467132568359,0.0005590319633483887,8.344650268554688e-07,5.960464477539063e-08,0.0,INT8,Marginal,0.03947112550509495,1.0,,,5.690131600447527e-06
middle,layer3.0.conv1,Conv2d,conv,weight,294912,-0.05790342763066292,0.07055649161338806,1.9250556704264454e-07,2.9103830456733704e-11,0.0,FP16,Sufficient,0.0001874586293778114,0.055627799320817295,0.0,0.0,
middle,layer3.0.conv1,Conv2d,conv,weight,294912,-0.05790342763066292,0.07055649161338806,1.9250556704264454e-07,2.9103830456733704e-11,0.0,FP8_E4M3,Not sufficient,0.11002092660987678,1.0,0.0,0.0419,
middle,layer3.0.conv1,Conv2d,conv,weight,294912,-0.05790342763066292,0.07055649161338806,1.9250556704264454e-07,2.9103830456733704e-11,0.0,FP8_E5M2,Marginal,0.04576675734154494,1.0,0.0,0.0005,
middle,layer3.0.conv1,Conv2d,conv,weight,294912,-0.05790342763066292,0.07055649161338806,1.9250556704264454e-07,2.9103830456733704e-11,0.0,INT16,Sufficient,0.00046028788259827255,1.0,,,1.9242248220243194e-06
middle,layer3.0.conv1,Conv2d,conv,weight,294912,-0.05790342763066292,0.07055649161338806,1.9250556704264454e-07,2.9103830456733704e-11,0.0,INT8,Marginal,0.034924242798572,1.0,,,0.0004964651554588258
middle,layer3.0.conv1,Conv2d,conv,input,20971520,0.0,22.73111343383789,2.384185791015625e-07,9.313225746154785e-10,0.40004453659057615,FP16,Sufficient,0.00010599720157976115,0.0004782190228923837,0.0,0.0,
middle,layer3.0.conv1,Conv2d,conv,input,20971520,0.0,22.73111343383789,2.384185791015625e-07,9.313225746154785e-10,0.40004453659057615,FP8_E4M3,Sufficient,0.014528056502395283,1.0,0.0,0.0007519425181719442,
middle,layer3.0.conv1,Conv2d,conv,input,20971520,0.0,22.73111343383789,2.384185791015625e-07,9.313225746154785e-10,0.40004453659057615,FP8_E5M2,Marginal,0.026641265813917157,0.11109792430765396,0.0,0.0,
middle,layer3.0.conv1,Conv2d,conv,input,20971520,0.0,22.73111343383789,2.384185791015625e-07,9.313225746154785e-10,0.40004453659057615,INT16,Sufficient,0.0005289558894886494,1.0,,,0.0003518681903526759
middle,layer3.0.conv1,Conv2d,conv,input,20971520,0.0,22.73111343383789,2.384185791015625e-07,9.313225746154785e-10,0.40004453659057615,INT8,Marginal,0.05076107493063881,1.0,,,0.09078476372666246
middle,layer3.0.conv1,Conv2d,conv,activation,10485760,-17.37908172607422,31.141067504882812,1.1175870895385742e-08,4.656612873077393e-10,0.0,FP16,Sufficient,0.000175216090172091,0.001347103726986978,0.0,0.0,
middle,layer3.0.conv1,Conv2d,conv,activation,10485760,-17.37908172607422,31.141067504882812,1.1175870895385742e-08,4.656612873077393e-10,0.0,FP8_E4M3,Marginal,0.023501613410475027,1.0,0.0,0.0005,
middle,layer3.0.conv1,Conv2d,conv,activation,10485760,-17.37908172607422,31.141067504882812,1.1175870895385742e-08,4.656612873077393e-10,0.0,FP8_E5M2,Marginal,0.04494870714381527,0.19481030076666012,0.0,0.0,
middle,layer3.0.conv1,Conv2d,conv,activation,10485760,-17.37908172607422,31.141067504882812,1.1175870895385742e-08,4.656612873077393e-10,0.0,INT16,Sufficient,0.000955354422946999,1.0,,,0.0006271226909536283
middle,layer3.0.conv1,Conv2d,conv,activation,10485760,-17.37908172607422,31.141067504882812,1.1175870895385742e-08,4.656612873077393e-10,0.0,INT8,Not sufficient,0.11162880994817984,1.0,,,0.1618025922399806
middle,layer3.0.conv1,Conv2d,conv,weight_gradient,1474560,-0.005076281726360321,0.00553786288946867,2.1827872842550278e-10,1.8189894035458565e-12,0.0,FP16,Sufficient,0.00038936454136259224,1.0,0.0,0.0001,
middle,layer3.0.conv1,Conv2d,conv,weight_gradient,1474560,-0.005076281726360321,0.00553786288946867,2.1827872842550278e-10,1.8189894035458565e-12,0.0,FP8_E4M3,Not sufficient,0.9274164029509436,1.0,0.0,0.8478,
middle,layer3.0.conv1,Conv2d,conv,weight_gradient,1474560,-0.005076281726360321,0.00553786288946867,2.1827872842550278e-10,1.8189894035458565e-12,0.0,FP8_E5M2,Marginal,0.0594212811756217,1.0,0.0,0.00835,
middle,layer3.0.conv1,Conv2d,conv,weight_gradient,1474560,-0.005076281726360321,0.00553786288946867,2.1827872842550278e-10,1.8189894035458565e-12,0.0,INT16,Sufficient,0.0004375775611542895,1.0,,,1.2279302120539805e-07
middle,layer3.0.conv1,Conv2d,conv,weight_gradient,1474560,-0.005076281726360321,0.00553786288946867,2.1827872842550278e-10,1.8189894035458565e-12,0.0,INT8,Marginal,0.05416371816467388,1.0,,,3.168156634517542e-05
middle,layer3.0.conv1,Conv2d,conv,weight_update,1474560,-0.00041421689093112946,0.00043581239879131317,2.3283064365386963e-10,1.3642420526593924e-12,6.781684027777777e-06,FP16,Sufficient,0.0021468830199932987,1.0,0.0,0.0004,
middle,layer3.0.conv1,Conv2d,conv,weight_update,1474560,-0.00041421689093112946,0.00043581239879131317,2.3283064365386963e-10,1.3642420526593924e-12,6.781684027777777e-06,FP8_E4M3,Not sufficient,1.0,1.0,0.0,1.0,
middle,layer3.0.conv1,Conv2d,conv,weight_update,1474560,-0.00041421689093112946,0.00043581239879131317,2.3283064365386963e-10,1.3642420526593924e-12,6.781684027777777e-06,FP8_E5M2,Not sufficient,0.24227884999910243,1.0,0.0,0.122,
middle,layer3.0.conv1,Conv2d,conv,weight_update,1474560,-0.00041421689093112946,0.00043581239879131317,2.3283064365386963e-10,1.3642420526593924e-12,6.781684027777777e-06,INT16,Sufficient,0.0003680377827529723,1.0,,,9.832364111746744e-09
middle,layer3.0.conv1,Conv2d,conv,weight_update,1474560,-0.00041421689093112946,0.00043581239879131317,2.3283064365386963e-10,1.3642420526593924e-12,6.781684027777777e-06,INT8,Marginal,0.058391237493144434,1.0,,,2.536827361020516e-06
middle,layer3.0.bn1,BatchNorm2d,batchnorm,weight,256,0.7307524085044861,0.7978362441062927,0.7307524085044861,1.1324882507324219e-06,0.0,FP16,Sufficient,0.00016668707212534527,0.0003234937841149819,0.0,0.0,
middle,layer3.0.bn1,BatchNorm2d,batchnorm,weight,256,0.7307524085044861,0.7978362441062927,0.7307524085044861,1.1324882507324219e-06,0.0,FP8_E4M3,Sufficient,0.016242225418044626,0.039837763349453,0.0,0.0,
middle,layer3.0.bn1,BatchNorm2d,batchnorm,weight,256,0.7307524085044861,0.7978362441062927,0.7307524085044861,1.1324882507324219e-06,0.0,FP8_E5M2,Sufficient,0.01737479723029567,0.05995747179908723,0.0,0.0,
middle,layer3.0.bn1,BatchNorm2d,batchnorm,weight,256,0.7307524085044861,0.7978362441062927,0.7307524085044861,1.1324882507324219e-06,0.0,INT16,Sufficient,7.589265607640209e-06,1.593459471626985e-05,,,2.4348772976051904e-05
middle,layer3.0.bn1,BatchNorm2d,batchnorm,weight,256,0.7307524085044861,0.7978362441062927,0.7307524085044861,1.1324882507324219e-06,0.0,INT8,Sufficient,0.002046143273843631,0.004188553522657544,,,0.00628217515044325
middle,layer3.0.bn1,BatchNorm2d,batchnorm,bias,256,-0.05212998017668724,0.010465351864695549,8.972111390903592e-05,1.0561197996139526e-06,0.0,FP16,Sufficient,0.00017605286857382712,0.0004511400392856109,0.0,0.0,
middle,layer3.0.bn1,BatchNorm2d,batchnorm,bias,256,-0.05212998017668724,0.010465351864695549,8.972111390903592e-05,1.0561197996139526e-06,0.0,FP8_E4M3,Not sufficient,0.06397287775704674,1.0,0.0,0.01953125,
middle,layer3.0.bn1,BatchNorm2d,batchnorm,bias,256,-0.05212998017668724,0.010465351864695549,8.972111390903592e-05,1.0561197996139526e-06,0.0,FP8_E5M2,Marginal,0.04712436125930284,0.11006576173310575,0.0,0.0,
middle,layer3.0.bn1,BatchNorm2d,batchnorm,bias,256,-0.05212998017668724,0.010465351864695549,8.972111390903592e-05,1.0561197996139526e-06,0.0,INT16,Sufficient,7.966642815309e-05,0.007011431504855099,,,1.5909292940057753e-06
middle,layer3.0.bn1,BatchNorm2d,batchnorm,bias,256,-0.05212998017668724,0.010465351864695549,8.972111390903592e-05,1.0561197996139526e-06,0.0,INT8,Sufficient,0.01774965515622309,1.0,,,0.00041047228485580506
middle,layer3.0.bn1,BatchNorm2d,batchnorm,input,10485760,-17.37908172607422,31.141067504882812,1.1175870895385742e-08,4.656612873077393e-10,0.0,FP16,Sufficient,0.000175216090172091,0.001347103726986978,0.0,0.0,
middle,layer3.0.bn1,BatchNorm2d,batchnorm,input,10485760,-17.37908172607422,31.141067504882812,1.1175870895385742e-08,4.656612873077393e-10,0.0,FP8_E4M3,Marginal,0.023501613410475027,1.0,0.0,0.0005,
middle,layer3.0.bn1,BatchNorm2d,batchnorm,input,10485760,-17.37908172607422,31.141067504882812,1.1175870895385742e-08,4.656612873077393e-10,0.0,FP8_E5M2,Marginal,0.04494870714381527,0.19481030076666012,0.0,0.0,
middle,layer3.0.bn1,BatchNorm2d,batchnorm,input,10485760,-17.37908172607422,31.141067504882812,1.1175870895385742e-08,4.656612873077393e-10,0.0,INT16,Sufficient,0.000955354422946999,1.0,,,0.0006271226909536283
middle,layer3.0.bn1,BatchNorm2d,batchnorm,input,10485760,-17.37908172607422,31.141067504882812,1.1175870895385742e-08,4.656612873077393e-10,0.0,INT8,Not sufficient,0.11162880994817984,1.0,,,0.1618025922399806
middle,layer3.0.bn1,BatchNorm2d,batchnorm,activation,10485760,-10.088410377502441,18.760799407958984,7.866267992540088e-08,3.4924596548080444e-10,0.0,FP16,Sufficient,0.00017592615139559262,0.0004845935520636015,0.0,0.0,
middle,layer3.0.bn1,BatchNorm2d,batchnorm,activation,10485760,-10.088410377502441,18.760799407958984,7.866267992540088e-08,3.4924596548080444e-10,0.0,FP8_E4M3,Marginal,0.024620262832104556,1.0,0.0,0.00115,
middle,layer3.0.bn1,BatchNorm2d,batchnorm,activation,10485760,-10.088410377502441,18.760799407958984,7.866267992540088e-08,3.4924596548080444e-10,0.0,FP8_E5M2,Marginal,0.04470843710420701,0.11109283786461573,0.0,0.0,
middle,layer3.0.bn1,BatchNorm2d,batchnorm,activation,10485760,-10.088410377502441,18.760799407958984,7.866267992540088e-08,3.4924596548080444e-10,0.0,INT16,Sufficient,0.0009470491085773881,1.0,,,0.00035781119927519734
middle,layer3.0.bn1,BatchNorm2d,batchnorm,activation,10485760,-10.088410377502441,18.760799407958984,7.866267992540088e-08,3.4924596548080444e-10,0.0,INT8,Not sufficient,0.12214996915572687,1.0,,,0.09231810682401882
middle,layer3.0.bn1,BatchNorm2d,batchnorm,weight_gradient,1280,-0.006790471728891134,0.006331411190330982,3.018847337443731e-06,5.820766091346741e-10,0.0,FP16,Sufficient,0.00019440773383837834,0.006952834560678513,0.0,0.0,
middle,layer3.0.bn1,BatchNorm2d,batchnorm,weight_gradient,1280,-0.006790471728891134,0.006331411190330982,3.018847337443731e-06,5.820766091346741e-10,0.0,FP8_E4M3,Not sufficient,0.7310528692701261,1.0,0.0,0.57578125,
middle,layer3.0.bn1,BatchNorm2d,batchnorm,weight_gradient,1280,-0.006790471728891134,0.006331411190330982,3.018847337443731e-06,5.820766091346741e-10,0.0,FP8_E5M2,Marginal,0.05015370828355923,1.0,0.0,0.003125,
middle,layer3.0.bn1,BatchNorm2d,batchnorm,weight_gradient,1280,-0.006790471728891134,0.006331411190330982,3.018847337443731e-06,5.820766091346741e-10,0.0,INT16,Sufficient,0.00022071419811766643,0.02970630495745213,,,2.0723507580465512e-07
middle,layer3.0.bn1,BatchNorm2d,batchnorm,weight_gradient,1280,-0.006790471728891134,0.006331411190330982,3.018847337443731e-06,5.820766091346741e-10,0.0,INT8,Marginal,0.04533855657453427,1.0,,,5.3468281329851454e-05
middle,layer3.0.bn1,BatchNorm2d,batchnorm,weight_update,1280,-0.0005328059196472168,0.0001933574676513672,1.7881393432617188e-07,5.960464477539063e-08,0.0,FP16,Sufficient,9.960516613872594e-05,0.0004880429477794046,0.0,0.0,
middle,layer3.0.bn1,BatchNorm2d,batchnorm,weight_update,1280,-0.0005328059196472168,0.0001933574676513672,1.7881393432617188e-07,5.960464477539063e-08,0.0,FP8_E4M3,Not sufficient,1.0,1.0,0.0,1.0,
middle,layer3.0.bn1,BatchNorm2d,batchnorm,weight_update,1280,-0.0005328059196472168,0.0001933574676513672,1.7881393432617188e-07,5.960464477539063e-08,0.0,FP8_E5M2,Not sufficient,0.09812684833011176,1.0,0.0,0.03203125,
middle,layer3.0.bn1,BatchNorm2d,batchnorm,weight_update,1280,-0.0005328059196472168,0.0001933574676513672,1.7881393432617188e-07,5.960464477539063e-08,0.0,INT16,Sufficient,9.103663245241378e-05,0.007279838298851397,,,1.6260442507620986e-08
middle,layer3.0.bn1,BatchNorm2d,batchnorm,weight_update,1280,-0.0005328059196472168,0.0001933574676513672,1.7881393432617188e-07,5.960464477539063e-08,0.0,INT8,Marginal,0.02709090350170964,1.0,,,4.195322201946589e-06
middle,layer3.0.conv2,Conv2d,conv,weight,589824,-0.05999353155493736,0.05926716700196266,3.494533729053728e-08,1.8189894035458565e-12,0.0,FP16,Sufficient,0.00021326456228923724,0.7056537265568401,0.0,0.0,
middle,layer3.0.conv2,Conv2d,conv,weight,589824,-0.05999353155493736,0.05926716700196266,3.494533729053728e-08,1.8189894035458565e-12,0.0,FP8_E4M3,Not sufficient,0.13855224642357733,1.0,0.0,0.05775,
middle,layer3.0.conv2,Conv2d,conv,weight,589824,-0.05999353155493736,0.05926716700196266,3.494533729053728e-08,1.8189894035458565e-12,0.0,FP8_E5M2,Marginal,0.04515907525069906,1.0,0.0,0.00025,
middle,layer3.0.conv2,Conv2d,conv,weight,589824,-0.05999353155493736,0.05926716700196266,3.494533729053728e-08,1.8189894035458565e-12,0.0,INT16,Sufficient,0.0002712162589164362,1.0,,,1.6782631184157116e-06
middle,layer3.0.conv2,Conv2d,conv,weight,589824,-0.05999353155493736,0.05926716700196266,3.494533729053728e-08,1.8189894035458565e-12,0.0,INT8,Marginal,0.04038416713993852,1.0,,,0.00043300509922147737
middle,layer3.0.conv2,Conv2d,conv,input,10485760,0.0,18.760799407958984,7.866267992540088e-08,3.4924596548080444e-10,0.5306021690368652,FP16,Sufficient,8.224603528553965e-05,0.0004845935520636015,0.0,0.0,
middle,layer3.0.conv2,Conv2d,conv,input,10485760,0.0,18.760799407958984,7.866267992540088e-08,3.4924596548080444e-10,0.5306021690368652,FP8_E4M3,Sufficient,0.011679830332965359,1.0,0.0,0.0016090967603518559,
middle,layer3.0.conv2,Conv2d,conv,input,10485760,0.0,18.760799407958984,7.866267992540088e-08,3.4924596548080444e-10,0.5306021690368652,FP8_E5M2,Marginal,0.020905430047855753,0.1110773214561401,0.0,0.0,
middle,layer3.0.conv2,Conv2d,conv,input,10485760,0.0,18.760799407958984,7.866267992540088e-08,3.4924596548080444e-10,0.5306021690368652,INT16,Sufficient,0.00047523771804189606,1.0,,,0.00035781119927519734
middle,layer3.0.conv2,Conv2d,conv,input,10485760,0.0,18.760799407958984,7.866267992540088e-08,3.4924596548080444e-10,0.5306021690368652,INT8,Marginal,0.05845654892181624,1.0,,,0.09231810682401882
middle,layer3.0.conv2,Conv2d,conv,activation,10485760,-13.40881633758545,19.184688568115234,5.21540641784668e-08,9.313225746154785e-10,0.0,FP16,Sufficient,0.00017631599915590094,0.0004870920603994155,0.0,0.0,
middle,layer3.0.conv2,Conv2d,conv,activation,10485760,-13.40881633758545,19.184688568115234,5.21540641784668e-08,9.313225746154785e-10,0.0,FP8_E4M3,Marginal,0.024566611557988866,1.0,0.0,0.00085,
middle,layer3.0.conv2,Conv2d,conv,activation,10485760,-13.40881633758545,19.184688568115234,5.21540641784668e-08,9.313225746154785e-10,0.0,FP8_E5M2,Marginal,0.04491244052661873,0.13024282560706402,0.0,0.0,
middle,layer3.0.conv2,Conv2d,conv,activation,10485760,-13.40881633758545,19.184688568115234,5.21540641784668e-08,9.313225746154785e-10,0.0,INT16,Sufficient,0.0008712598408888152,1.0,,,0.0003620666875049622
middle,layer3.0.conv2,Conv2d,conv,activation,10485760,-13.40881633758545,19.184688568115234,5.21540641784668e-08,9.313225746154785e-10,0.0,INT8,Not sufficient,0.11269561203721833,1.0,,,0.09341605629507951
middle,layer3.0.conv2,Conv2d,conv,weight_gradient,2949120,-0.004723291844129562,0.00549412751570344,1.3096723705530167e-10,1.8189894035458565e-12,0.0,FP16,Sufficient,0.0003707165276074649,1.0,0.0,5e-05,
middle,layer3.0.conv2,Conv2d,conv,weight_gradient,2949120,-0.004723291844129562,0.00549412751570344,1.3096723705530167e-10,1.8189894035458565e-12,0.0,FP8_E4M3,Not sufficient,0.9548659589171451,1.0,0.0,0.89675,
middle,layer3.0.conv2,Conv2d,conv,weight_gradient,2949120,-0.004723291844129562,0.00549412751570344,1.3096723705530167e-10,1.8189894035458565e-12,0.0,FP8_E5M2,Not sufficient,0.06527891216094496,1.0,0.0,0.01225,
middle,layer3.0.conv2,Conv2d,conv,weight_gradient,2949120,-0.004723291844129562,0.00549412751570344,1.3096723705530167e-10,1.8189894035458565e-12,0.0,INT16,Sufficient,0.0006262533383617401,1.0,,,1.4656971467368227e-07
middle,layer3.0.conv2,Conv2d,conv,weight_gradient,2949120,-0.004723291844129562,0.00549412751570344,1.3096723705530167e-10,1.8189894035458565e-12,0.0,INT8,Marginal,0.07851337273282957,1.0,,,3.781614047805155e-05
middle,layer3.0.conv2,Conv2d,conv,weight_update,2949120,-0.0003452254459261894,0.00030656158924102783,5.820766091346741e-11,9.094947017729282e-13,1.0172526041666666e-05,FP16,Sufficient,0.002802324837817313,1.0,0.0,0.0006,
middle,layer3.0.conv2,Conv2d,conv,weight_update,2949120,-0.0003452254459261894,0.00030656158924102783,5.820766091346741e-11,9.094947017729282e-13,1.0172526041666666e-05,FP8_E4M3,Not sufficient,1.0,1.0,0.0,1.0,
middle,layer3.0.conv2,Conv2d,conv,weight_update,2949120,-0.0003452254459261894,0.00030656158924102783,5.820766091346741e-11,9.094947017729282e-13,1.0172526041666666e-05,FP8_E5M2,Not sufficient,0.27943250353738197,1.0,0.0,0.1468,
middle,layer3.0.conv2,Conv2d,conv,weight_update,2949120,-0.0003452254459261894,0.00030656158924102783,5.820766091346741e-11,9.094947017729282e-13,1.0172526041666666e-05,INT16,Sufficient,0.0005722634364418545,1.0,,,8.376389191636496e-09
middle,layer3.0.conv2,Conv2d,conv,weight_update,2949120,-0.0003452254459261894,0.00030656158924102783,5.820766091346741e-11,9.094947017729282e-13,1.0172526041666666e-05,INT8,Marginal,0.06045059340135449,1.0,,,2.1611743672626226e-06
middle,layer3.0.bn2,BatchNorm2d,batchnorm,weight,256,0.7296403050422668,0.8294751644134521,0.7296403050422668,1.4901161193847656e-06,0.0,FP16,Sufficient,0.00014956901061521861,0.0003202243308027705,0.0,0.0,
middle,layer3.0.bn2,BatchNorm2d,batchnorm,weight,256,0.7296403050422668,0.8294751644134521,0.7296403050422668,1.4901161193847656e-06,0.0,FP8_E4M3,Sufficient,0.019530976742859668,0.039943826276473714,0.0,0.0,
middle,layer3.0.bn2,BatchNorm2d,batchnorm,weight,256,0.7296403050422668,0.8294751644134521,0.7296403050422668,1.4901161193847656e-06,0.0,FP8_E5M2,Marginal,0.024488791054270598,0.07672805481196691,0.0,0.0,
middle,layer3.0.bn2,BatchNorm2d,batchnorm,weight,256,0.7296403050422668,0.8294751644134521,0.7296403050422668,1.4901161193847656e-06,0.0,INT16,Sufficient,8.827478035579288e-06,1.6822042748575505e-05,,,2.5314345665256267e-05
middle,layer3.0.bn2,BatchNorm2d,batchnorm,weight,256,0.7296403050422668,0.8294751644134521,0.7296403050422668,1.4901161193847656e-06,0.0,INT8,Sufficient,0.0021106476442481776,0.004308138138776752,,,0.0065313005071925365
middle,layer3.0.bn2,BatchNorm2d,batchnorm,bias,256,-0.05195978283882141,0.018288537859916687,0.00018183302017860115,2.60770320892334e-07,0.0,FP16,Sufficient,0.00017466598592589971,0.00043422528997564863,0.0,0.0,
middle,layer3.0.bn2,BatchNorm2d,batchnorm,bias,256,-0.05195978283882141,0.018288537859916687,0.00018183302017860115,2.60770320892334e-07,0.0,FP8_E4M3,Not sufficient,0.08780412595365013,1.0,0.0,0.03125,
middle,layer3.0.bn2,BatchNorm2d,batchnorm,bias,256,-0.05195978283882141,0.018288537859916687,0.00018183302017860115,2.60770320892334e-07,0.0,FP8_E5M2,Marginal,0.043358952055067235,0.10719593519070424,0.0,0.0,
middle,layer3.0.bn2,BatchNorm2d,batchnorm,bias,256,-0.05195978283882141,0.018288537859916687,0.00018183302017860115,2.60770320892334e-07,0.0,INT16,Sufficient,7.775786827979903e-05,0.002895619226223914,,,1.5857351249373276e-06
middle,layer3.0.bn2,BatchNorm2d,batchnorm,bias,256,-0.05195978283882141,0.018288537859916687,0.00018183302017860115,2.60770320892334e-07,0.0,INT8,Marginal,0.020290654526165415,1.0,,,0.00040913214833717646
middle,layer3.0.bn2,BatchNorm2d,batchnorm,input,10485760,-13.40881633758545,19.184688568115234,5.21540641784668e-08,9.313225746154785e-10,0.0,FP16,Sufficient,0.00017631599915590094,0.0004870920603994155,0.0,0.0,
middle,layer3.0.bn2,BatchNorm2d,batchnorm,input,10485760,-13.40881633758545,19.184688568115234,5.21540641784668e-08,9.313225746154785e-10,0.0,FP8_E4M3,Marginal,0.024566611557988866,1.0,0.0,0.00085,
middle,layer3.0.bn2,BatchNorm2d,batchnorm,input,10485760,-13.40881633758545,19.184688568115234,5.21540641784668e-08,9.313225746154785e-10,0.0,FP8_E5M2,Marginal,0.04491244052661873,0.13024282560706402,0.0,0.0,
middle,layer3.0.bn2,BatchNorm2d,batchnorm,input,10485760,-13.40881633758545,19.184688568115234,5.21540641784668e-08,9.313225746154785e-10,0.0,INT16,Sufficient,0.0008712598408888152,1.0,,,0.0003620666875049622
middle,layer3.0.bn2,BatchNorm2d,batchnorm,input,10485760,-13.40881633758545,19.184688568115234,5.21540641784668e-08,9.313225746154785e-10,0.0,INT8,Not sufficient,0.11269561203721833,1.0,,,0.09341605629507951
middle,layer3.0.bn2,BatchNorm2d,batchnorm,activation,10485760,-11.095636367797852,17.418249130249023,9.021642881634762e-07,1.1641532182693481e-10,0.0,FP16,Sufficient,0.0001758755614512697,0.0007359596713670968,0.0,0.0,
middle,layer3.0.bn2,BatchNorm2d,batchnorm,activation,10485760,-11.095636367797852,17.418249130249023,9.021642881634762e-07,1.1641532182693481e-10,0.0,FP8_E4M3,Marginal,0.0248655608711138,1.0,0.0,0.00115,
middle,layer3.0.bn2,BatchNorm2d,batchnorm,activation,10485760,-11.095636367797852,17.418249130249023,9.021642881634762e-07,1.1641532182693481e-10,0.0,FP8_E5M2,Marginal,0.044889581991596476,0.3239710887641859,0.0,0.0,
middle,layer3.0.bn2,BatchNorm2d,batchnorm,activation,10485760,-11.095636367797852,17.418249130249023,9.021642881634762e-07,1.1641532182693481e-10,0.0,INT16,Sufficient,0.0006613881669883317,1.0,,,0.00023591522403998424
middle,layer3.0.bn2,BatchNorm2d,batchnorm,activation,10485760,-11.095636367797852,17.418249130249023,9.021642881634762e-07,1.1641532182693481e-10,0.0,INT8,Marginal,0.09216375720722926,1.0,,,0.06086798540250523
middle,layer3.0.bn2,BatchNorm2d,batchnorm,weight_gradient,1280,-0.00891262199729681,0.008712297305464745,1.1666199561943813e-08,6.4319465309381485e-09,0.0,FP16,Sufficient,0.001049748941260705,1.0,0.0,0.00078125,
middle,layer3.0.bn2,BatchNorm2d,batchnorm,weight_gradient,1280,-0.00891262199729681,0.008712297305464745,1.1666199561943813e-08,6.4319465309381485e-09,0.0,FP8_E4M3,Not sufficient,0.6685864565006034,1.0,0.0,0.50859375,
middle,layer3.0.bn2,BatchNorm2d,batchnorm,weight_gradient,1280,-0.00891262199729681,0.008712297305464745,1.1666199561943813e-08,6.4319465309381485e-09,0.0,FP8_E5M2,Marginal,0.055973849648716434,1.0,0.0,0.00703125,
middle,layer3.0.bn2,BatchNorm2d,batchnorm,weight_gradient,1280,-0.00891262199729681,0.008712297305464745,1.1666199561943813e-08,6.4319465309381485e-09,0.0,INT16,Sufficient,0.0013055019225444407,1.0,,,2.7199993888048375e-07
middle,layer3.0.bn2,BatchNorm2d,batchnorm,weight_gradient,1280,-0.00891262199729681,0.008712297305464745,1.1666199561943813e-08,6.4319465309381485e-09,0.0,INT8,Marginal,0.06619044798655935,1.0,,,7.0178125962967e-05
middle,layer3.0.bn2,BatchNorm2d,batchnorm,weight_update,1280,-0.0007782578468322754,0.0003018379211425781,1.7881393432617188e-07,5.960464477539063e-08,0.0,FP16,Sufficient,9.885811360710527e-05,0.0004861448711716091,0.0,0.0,
middle,layer3.0.bn2,BatchNorm2d,batchnorm,weight_update,1280,-0.0007782578468322754,0.0003018379211425781,1.7881393432617188e-07,5.960464477539063e-08,0.0,FP8_E4M3,Not sufficient,1.0,1.0,0.0,1.0,
middle,layer3.0.bn2,BatchNorm2d,batchnorm,weight_update,1280,-0.0007782578468322754,0.0003018379211425781,1.7881393432617188e-07,5.960464477539063e-08,0.0,FP8_E5M2,Not sufficient,0.09403410419615585,1.0,0.0,0.02734375,
middle,layer3.0.bn2,BatchNorm2d,batchnorm,weight_update,1280,-0.0007782578468322754,0.0003018379211425781,1.7881393432617188e-07,5.960464477539063e-08,0.0,INT16,Sufficient,0.00018108729924379,0.06261380860825423,,,2.3751269473319968e-08
middle,layer3.0.bn2,BatchNorm2d,batchnorm,weight_update,1280,-0.0007782578468322754,0.0003018379211425781,1.7881393432617188e-07,5.960464477539063e-08,0.0,INT8,Marginal,0.03658362311095235,1.0,,,6.12801454198642e-06
middle,layer3.0.shortcut.0,Conv2d,conv,weight,32768,-0.11500272899866104,0.11789311468601227,3.33056027557177e-06,9.313225746154785e-10,0.0,FP16,Sufficient,0.0001780452371567632,0.0038374122490288107,0.0,0.0,
middle,layer3.0.shortcut.0,Conv2d,conv,weight,32768,-0.11500272899866104,0.11789311468601227,3.33056027557177e-06,9.313225746154785e-10,0.0,FP8_E4M3,Not sufficient,0.05253328338693216,1.0,0.0,0.0151,
middle,layer3.0.shortcut.0,Conv2d,conv,weight,32768,-0.11500272899866104,0.11789311468601227,3.33056027557177e-06,9.313225746154785e-10,0.0,FP8_E5M2,Marginal,0.04548083390338934,1.0,0.0,0.0002,
middle,layer3.0.shortcut.0,Conv2d,conv,weight,32768,-0.11500272899866104,0.11789311468601227,3.33056027557177e-06,9.313225746154785e-10,0.0,INT16,Sufficient,0.0001406679267355984,0.2998465652317477,,,3.597922137699889e-06
middle,layer3.0.shortcut.0,Conv2d,conv,weight,32768,-0.11500272899866104,0.11789311468601227,3.33056027557177e-06,9.313225746154785e-10,0.0,INT8,Marginal,0.024168930445566526,1.0,,,0.0009282922416221439
middle,layer3.0.shortcut.0,Conv2d,conv,input,20971520,0.0,22.73111343383789,2.384185791015625e-07,9.313225746154785e-10,0.40004453659057615,FP16,Sufficient,0.00010599720157976115,0.0004782190228923837,0.0,0.0,
middle,layer3.0.shortcut.0,Conv2d,conv,input,20971520,0.0,22.73111343383789,2.384185791015625e-07,9.313225746154785e-10,0.40004453659057615,FP8_E4M3,Sufficient,0.014528056502395283,1.0,0.0,0.0007519425181719442,
middle,layer3.0.shortcut.0,Conv2d,conv,input,20971520,0.0,22.73111343383789,2.384185791015625e-07,9.313225746154785e-10,0.40004453659057615,FP8_E5M2,Marginal,0.026641265813917157,0.11109792430765396,0.0,0.0,
middle,layer3.0.shortcut.0,Conv2d,conv,input,20971520,0.0,22.73111343383789,2.384185791015625e-07,9.313225746154785e-10,0.40004453659057615,INT16,Sufficient,0.0005289558894886494,1.0,,,0.0003518681903526759
middle,layer3.0.shortcut.0,Conv2d,conv,input,20971520,0.0,22.73111343383789,2.384185791015625e-07,9.313225746154785e-10,0.40004453659057615,INT8,Marginal,0.05076107493063881,1.0,,,0.09078476372666246
middle,layer3.0.shortcut.0,Conv2d,conv,activation,10485760,-6.659402847290039,8.161918640136719,5.480302434079931e-08,1.4551915228366852e-10,0.0,FP16,Sufficient,0.00017638127972809654,0.0009836927914162045,0.0,0.0,
middle,layer3.0.shortcut.0,Conv2d,conv,activation,10485760,-6.659402847290039,8.161918640136719,5.480302434079931e-08,1.4551915228366852e-10,0.0,FP8_E4M3,Marginal,0.024239686061676063,1.0,0.0,0.0007,
middle,layer3.0.shortcut.0,Conv2d,conv,activation,10485760,-6.659402847290039,8.161918640136719,5.480302434079931e-08,1.4551915228366852e-10,0.0,FP8_E5M2,Marginal,0.044806455977212827,0.9672936511184419,0.0,0.0,
middle,layer3.0.shortcut.0,Conv2d,conv,activation,10485760,-6.659402847290039,8.161918640136719,5.480302434079931e-08,1.4551915228366852e-10,0.0,INT16,Sufficient,0.0002845776918842461,1.0,,,0.00010594889595724897
middle,layer3.0.shortcut.0,Conv2d,conv,activation,10485760,-6.659402847290039,8.161918640136719,5.480302434079931e-08,1.4551915228366852e-10,0.0,INT8,Marginal,0.04564260982636167,1.0,,,0.027335649400245486
middle,layer3.0.shortcut.0,Conv2d,conv,weight_gradient,163840,-0.009649219922721386,0.010712720453739166,2.2910171537660062e-09,1.8189894035458565e-12,0.0,FP16,Sufficient,0.00022743459822303943,0.0818234641593154,0.0,0.0,
middle,layer3.0.shortcut.0,Conv2d,conv,weight_gradient,163840,-0.009649219922721386,0.010712720453739166,2.2910171537660062e-09,1.8189894035458565e-12,0.0,FP8_E4M3,Not sufficient,0.7234727155139239,1.0,0.0,0.57165,
middle,layer3.0.shortcut.0,Conv2d,conv,weight_gradient,163840,-0.009649219922721386,0.010712720453739166,2.2910171537660062e-09,1.8189894035458565e-12,0.0,FP8_E5M2,Marginal,0.053968599183106994,1.0,0.0,0.00565,
middle,layer3.0.shortcut.0,Conv2d,conv,weight_gradient,163840,-0.009649219922721386,0.010712720453739166,2.2910171537660062e-09,1.8189894035458565e-12,0.0,INT16,Sufficient,0.0004658002479720572,1.0,,,2.9447980964755353e-07
middle,layer3.0.shortcut.0,Conv2d,conv,weight_gradient,163840,-0.009649219922721386,0.010712720453739166,2.2910171537660062e-09,1.8189894035458565e-12,0.0,INT8,Marginal,0.07240537239531447,1.0,,,7.597810962772745e-05
middle,layer3.0.shortcut.0,Conv2d,conv,weight_update,163840,-0.0008438602089881897,0.0006926278583705425,1.862645149230957e-09,3.637978807091713e-12,1.220703125e-05,FP16,Sufficient,0.001346359481747635,1.0,0.0,0.00035,
middle,layer3.0.shortcut.0,Conv2d,conv,weight_update,163840,-0.0008438602089881897,0.0006926278583705425,1.862645149230957e-09,3.637978807091713e-12,1.220703125e-05,FP8_E4M3,Not sufficient,1.0,1.0,0.0,1.0,
middle,layer3.0.shortcut.0,Conv2d,conv,weight_update,163840,-0.0008438602089881897,0.0006926278583705425,1.862645149230957e-09,3.637978807091713e-12,1.220703125e-05,FP8_E5M2,Not sufficient,0.14688452016720843,1.0,0.0,0.0589,
middle,layer3.0.shortcut.0,Conv2d,conv,weight_update,163840,-0.0008438602089881897,0.0006926278583705425,1.862645149230957e-09,3.637978807091713e-12,1.220703125e-05,INT16,Sufficient,0.0005044657613841571,1.0,,,2.0571280522411547e-08
middle,layer3.0.shortcut.0,Conv2d,conv,weight_update,163840,-0.0008438602089881897,0.0006926278583705425,1.862645149230957e-09,3.637978807091713e-12,1.220703125e-05,INT8,Marginal,0.05961595055309715,1.0,,,5.307552353368969e-06
middle,layer3.0.shortcut.1,BatchNorm2d,batchnorm,weight,256,0.7330058217048645,0.7877229452133179,0.7330058217048645,4.172325134277344e-07,0.0,FP16,Sufficient,0.00016456683477699915,0.00032900680006377425,0.0,0.0,
middle,layer3.0.shortcut.1,BatchNorm2d,batchnorm,weight,256,0.7330058217048645,0.7877229452133179,0.7330058217048645,4.172325134277344e-07,0.0,FP8_E4M3,Sufficient,0.012097620903944891,0.03736036444538357,0.0,0.0,
middle,layer3.0.shortcut.1,BatchNorm2d,batchnorm,weight,256,0.7330058217048645,0.7877229452133179,0.7330058217048645,4.172325134277344e-07,0.0,FP8_E5M2,Sufficient,0.01221022650399168,0.0478885951495324,0.0,0.0,
middle,layer3.0.shortcut.1,BatchNorm2d,batchnorm,weight,256,0.7330058217048645,0.7877229452133179,0.7330058217048645,4.172325134277344e-07,0.0,INT16,Sufficient,7.668359260446355e-06,1.6112343182601112e-05,,,2.404013016795306e-05
middle,layer3.0.shortcut.1,BatchNorm2d,batchnorm,weight,256,0.7330058217048645,0.7877229452133179,0.7330058217048645,4.172325134277344e-07,0.0,INT8,Sufficient,0.002080198719458793,0.0041417612665376104,,,0.0062025428756954165
middle,layer3.0.shortcut.1,BatchNorm2d,batchnorm,bias,256,-0.05195978283882141,0.018288537859916687,0.00018183302017860115,2.60770320892334e-07,0.0,FP16,Sufficient,0.00017466598592589971,0.00043422528997564863,0.0,0.0,
middle,layer3.0.shortcut.1,BatchNorm2d,batchnorm,bias,256,-0.05195978283882141,0.018288537859916687,0.00018183302017860115,2.60770320892334e-07,0.0,FP8_E4M3,Not sufficient,0.08780412595365013,1.0,0.0,0.03125,
middle,layer3.0.shortcut.1,BatchNorm2d,batchnorm,bias,256,-0.05195978283882141,0.018288537859916687,0.00018183302017860115,2.60770320892334e-07,0.0,FP8_E5M2,Marginal,0.043358952055067235,0.10719593519070424,0.0,0.0,
middle,layer3.0.shortcut.1,BatchNorm2d,batchnorm,bias,256,-0.05195978283882141,0.018288537859916687,0.00018183302017860115,2.60770320892334e-07,0.0,INT16,Sufficient,7.775786827979903e-05,0.002895619226223914,,,1.5857351249373276e-06
middle,layer3.0.shortcut.1,BatchNorm2d,batchnorm,bias,256,-0.05195978283882141,0.018288537859916687,0.00018183302017860115,2.60770320892334e-07,0.0,INT8,Marginal,0.020290654526165415,1.0,,,0.00040913214833717646
middle,layer3.0.shortcut.1,BatchNorm2d,batchnorm,input,10485760,-6.659402847290039,8.161918640136719,5.480302434079931e-08,1.4551915228366852e-10,0.0,FP16,Sufficient,0.00017638127972809654,0.0009836927914162045,0.0,0.0,
middle,layer3.0.shortcut.1,BatchNorm2d,batchnorm,input,10485760,-6.659402847290039,8.161918640136719,5.480302434079931e-08,1.4551915228366852e-10,0.0,FP8_E4M3,Marginal,0.024239686061676063,1.0,0.0,0.0007,
middle,layer3.0.shortcut.1,BatchNorm2d,batchnorm,input,10485760,-6.659402847290039,8.161918640136719,5.480302434079931e-08,1.4551915228366852e-10,0.0,FP8_E5M2,Marginal,0.044806455977212827,0.9672936511184419,0.0,0.0,
middle,layer3.0.shortcut.1,BatchNorm2d,batchnorm,input,10485760,-6.659402847290039,8.161918640136719,5.480302434079931e-08,1.4551915228366852e-10,0.0,INT16,Sufficient,0.0002845776918842461,1.0,,,0.00010594889595724897
middle,layer3.0.shortcut.1,BatchNorm2d,batchnorm,input,10485760,-6.659402847290039,8.161918640136719,5.480302434079931e-08,1.4551915228366852e-10,0.0,INT8,Marginal,0.04564260982636167,1.0,,,0.027335649400245486
middle,layer3.0.shortcut.1,BatchNorm2d,batchnorm,activation,10485760,-8.583013534545898,10.51485824584961,6.253666384736789e-08,4.656612873077393e-10,0.0,FP16,Sufficient,0.00017745523003553646,0.0004831885564271008,0.0,0.0,
middle,layer3.0.shortcut.1,BatchNorm2d,batchnorm,activation,10485760,-8.583013534545898,10.51485824584961,6.253666384736789e-08,4.656612873077393e-10,0.0,FP8_E4M3,Marginal,0.02436942966863273,1.0,0.0,0.00065,
middle,layer3.0.shortcut.1,BatchNorm2d,batchnorm,activation,10485760,-8.583013534545898,10.51485824584961,6.253666384736789e-08,4.656612873077393e-10,0.0,FP8_E5M2,Marginal,0.045123073346553466,0.11109969068421297,0.0,0.0,
middle,layer3.0.shortcut.1,BatchNorm2d,batchnorm,activation,10485760,-8.583013534545898,10.51485824584961,6.253666384736789e-08,4.656612873077393e-10,0.0,INT16,Sufficient,0.0004341720574123472,1.0,,,0.00016958586125588197
middle,layer3.0.shortcut.1,BatchNorm2d,batchnorm,activation,10485760,-8.583013534545898,10.51485824584961,6.253666384736789e-08,4.656612873077393e-10,0.0,INT8,Marginal,0.06633990884241288,1.0,,,0.04375448752575972
middle,layer3.0.shortcut.1,BatchNorm2d,batchnorm,weight_gradient,1280,-0.006298392079770565,0.005203621461987495,1.3849639799445868e-06,1.9354047253727913e-09,0.0,FP16,Sufficient,0.0002170164918654742,0.01014983083615273,0.0,0.0,
middle,layer3.0.shortcut.1,BatchNorm2d,batchnorm,weight_gradient,1280,-0.006298392079770565,0.005203621461987495,1.3849639799445868e-06,1.9354047253727913e-09,0.0,FP8_E4M3,Not sufficient,0.7473025004578788,1.0,0.0,0.6078125,
middle,layer3.0.shortcut.1,BatchNorm2d,batchnorm,weight_gradient,1280,-0.006298392079770565,0.005203621461987495,1.3849639799445868e-06,1.9354047253727913e-09,0.0,FP8_E5M2,Marginal,0.056608993615197514,1.0,0.0,0.00625,
middle,layer3.0.shortcut.1,BatchNorm2d,batchnorm,weight_gradient,1280,-0.006298392079770565,0.005203621461987495,1.3849639799445868e-06,1.9354047253727913e-09,0.0,INT16,Sufficient,0.00028827251350108227,0.028478149558806145,,,1.9221753837002364e-07
middle,layer3.0.shortcut.1,BatchNorm2d,batchnorm,weight_gradient,1280,-0.006298392079770565,0.005203621461987495,1.3849639799445868e-06,1.9354047253727913e-09,0.0,INT8,Marginal,0.059323218493099183,1.0,,,4.9593638423390275e-05
middle,layer3.0.shortcut.1,BatchNorm2d,batchnorm,weight_update,1280,-0.00047022104263305664,0.0001723170280456543,1.1920928955078125e-07,5.960464477539063e-08,0.0,FP16,Sufficient,9.975493434334047e-05,0.0004880429477794046,0.0,0.0,
middle,layer3.0.shortcut.1,BatchNorm2d,batchnorm,weight_update,1280,-0.00047022104263305664,0.0001723170280456543,1.1920928955078125e-07,5.960464477539063e-08,0.0,FP8_E4M3,Not sufficient,1.0,1.0,0.0,1.0,
middle,layer3.0.shortcut.1,BatchNorm2d,batchnorm,weight_update,1280,-0.00047022104263305664,0.0001723170280456543,1.1920928955078125e-07,5.960464477539063e-08,0.0,FP8_E5M2,Not sufficient,0.07949162603893797,1.0,0.0,0.02109375,
middle,layer3.0.shortcut.1,BatchNorm2d,batchnorm,weight_update,1280,-0.00047022104263305664,0.0001723170280456543,1.1920928955078125e-07,5.960464477539063e-08,0.0,INT16,Sufficient,0.00010347590016087709,0.03695791497543255,,,1.435044534541022e-08
middle,layer3.0.shortcut.1,BatchNorm2d,batchnorm,weight_update,1280,-0.00047022104263305664,0.0001723170280456543,1.1920928955078125e-07,5.960464477539063e-08,0.0,INT8,Sufficient,0.018912057206871464,1.0,,,3.7025278947484776e-06
middle,layer3.1.conv1,Conv2d,conv,weight,589824,-0.0472649447619915,0.06638170033693314,2.951440647436243e-09,7.275957614183426e-12,0.0,FP16,Sufficient,0.00018214665514536984,0.012280727432715981,0.0,0.0,
middle,layer3.1.conv1,Conv2d,conv,weight,589824,-0.0472649447619915,0.06638170033693314,2.951440647436243e-09,7.275957614183426e-12,0.0,FP8_E4M3,Not sufficient,0.14709247368034262,1.0,0.0,0.0616,
middle,layer3.1.conv1,Conv2d,conv,weight,589824,-0.0472649447619915,0.06638170033693314,2.951440647436243e-09,7.275957614183426e-12,0.0,FP8_E5M2,Marginal,0.04600334728597719,1.0,0.0,0.0006,
middle,layer3.1.conv1,Conv2d,conv,weight,589824,-0.0472649447619915,0.06638170033693314,2.951440647436243e-09,7.275957614183426e-12,0.0,INT16,Sufficient,0.0002662021143580827,1.0,,,1.2285182467457808e-06
middle,layer3.1.conv1,Conv2d,conv,weight,589824,-0.0472649447619915,0.06638170033693314,2.951440647436243e-09,7.275957614183426e-12,0.0,INT8,Marginal,0.03345892238185379,1.0,,,0.0003169673810324331
middle,layer3.1.conv1,Conv2d,conv,input,10485760,0.0,20.801618576049805,8.940696716308594e-08,3.725290298461914e-09,0.5305642127990723,FP16,Sufficient,8.418306852804744e-05,0.0004818571048712281,0.0,0.0,
middle,layer3.1.conv1,Conv2d,conv,input,10485760,0.0,20.801618576049805,8.940696716308594e-08,3.725290298461914e-09,0.5305642127990723,FP8_E4M3,Sufficient,0.011686476009425932,1.0,0.0,0.0008435259384226065,
middle,layer3.1.conv1,Conv2d,conv,input,10485760,0.0,20.801618576049805,8.940696716308594e-08,3.725290298461914e-09,0.5305642127990723,FP8_E5M2,Marginal,0.021253974020992814,0.11110790863767134,0.0,0.0,
middle,layer3.1.conv1,Conv2d,conv,input,10485760,0.0,20.801618576049805,8.940696716308594e-08,3.725290298461914e-09,0.5305642127990723,INT16,Sufficient,0.00022416145118739337,0.679358099157268,,,0.00023079990965913956
middle,layer3.1.conv1,Conv2d,conv,input,10485760,0.0,20.801618576049805,8.940696716308594e-08,3.725290298461914e-09,0.5305642127990723,INT8,Marginal,0.03111953148951608,1.0,,,0.0595481940141813
middle,layer3.1.conv1,Conv2d,conv,activation,10485760,-15.204580307006836,21.031457901000977,4.209578037261963e-07,1.862645149230957e-09,0.0,FP16,Sufficient,0.00017647460503103437,0.0004844805828783754,0.0,0.0,
middle,layer3.1.conv1,Conv2d,conv,activation,10485760,-15.204580307006836,21.031457901000977,4.209578037261963e-07,1.862645149230957e-09,0.0,FP8_E4M3,Marginal,0.02374660504807693,1.0,0.0,0.00055,
middle,layer3.1.conv1,Conv2d,conv,activation,10485760,-15.204580307006836,21.031457901000977,4.209578037261963e-07,1.862645149230957e-09,0.0,FP8_E5M2,Marginal,0.04512192492799416,0.11107936792871602,0.0,0.0,
middle,layer3.1.conv1,Conv2d,conv,activation,10485760,-15.204580307006836,21.031457901000977,4.209578037261963e-07,1.862645149230957e-09,0.0,INT16,Sufficient,0.0007390967595877904,1.0,,,0.00038616097064007627
middle,layer3.1.conv1,Conv2d,conv,activation,10485760,-15.204580307006836,21.031457901000977,4.209578037261963e-07,1.862645149230957e-09,0.0,INT8,Marginal,0.09019675380778612,1.0,,,0.09963257106270378
middle,layer3.1.conv1,Conv2d,conv,weight_gradient,2949120,-0.006181896198540926,0.005330047570168972,1.6370904631912708e-11,9.094947017729282e-13,0.0,FP16,Sufficient,0.0006277208041297529,1.0,0.0,0.0002,
middle,layer3.1.conv1,Conv2d,conv,weight_gradient,2949120,-0.006181896198540926,0.005330047570168972,1.6370904631912708e-11,9.094947017729282e-13,0.0,FP8_E4M3,Not sufficient,0.9687508250334881,1.0,0.0,0.9272,
middle,layer3.1.conv1,Conv2d,conv,weight_gradient,2949120,-0.006181896198540926,0.005330047570168972,1.6370904631912708e-11,9.094947017729282e-13,0.0,FP8_E5M2,Not sufficient,0.0683826321684506,1.0,0.0,0.0145,
middle,layer3.1.conv1,Conv2d,conv,weight_gradient,2949120,-0.006181896198540926,0.005330047570168972,1.6370904631912708e-11,9.094947017729282e-13,0.0,INT16,Sufficient,0.0009245593559596742,1.0,,,1.3355936540269282e-07
middle,layer3.1.conv1,Conv2d,conv,weight_gradient,2949120,-0.006181896198540926,0.005330047570168972,1.6370904631912708e-11,9.094947017729282e-13,0.0,INT8,Marginal,0.08356590857582687,1.0,,,3.445936792244123e-05
middle,layer3.1.conv1,Conv2d,conv,weight_update,2949120,-0.0003407411277294159,0.0003595985472202301,1.1641532182693481e-10,6.821210263296962e-13,1.0172526041666666e-05,FP16,Sufficient,0.0028352173668921322,1.0,0.0,0.00065,
middle,layer3.1.conv1,Conv2d,conv,weight_update,2949120,-0.0003407411277294159,0.0003595985472202301,1.1641532182693481e-10,6.821210263296962e-13,1.0172526041666666e-05,FP8_E4M3,Not sufficient,1.0,1.0,0.0,1.0,
middle,layer3.1.conv1,Conv2d,conv,weight_update,2949120,-0.0003407411277294159,0.0003595985472202301,1.1641532182693481e-10,6.821210263296962e-13,1.0172526041666666e-05,FP8_E5M2,Not sufficient,0.30930760965122556,1.0,0.0,0.1704,
middle,layer3.1.conv1,Conv2d,conv,weight_update,2949120,-0.0003407411277294159,0.0003595985472202301,1.1641532182693481e-10,6.821210263296962e-13,1.0172526041666666e-05,INT16,Sufficient,0.00044715029573596154,1.0,,,7.110646578173221e-09
middle,layer3.1.conv1,Conv2d,conv,weight_update,2949120,-0.0003407411277294159,0.0003595985472202301,1.1641532182693481e-10,6.821210263296962e-13,1.0172526041666666e-05,INT8,Marginal,0.057941256152297095,1.0,,,1.8346028065118264e-06
middle,layer3.1.bn1,BatchNorm2d,batchnorm,weight,256,0.7414092421531677,0.7899922728538513,0.7414092421531677,2.980232238769531e-07,0.0,FP16,Sufficient,0.0001565098306082748,0.00032383245421632707,0.0,0.0,
middle,layer3.1.bn1,BatchNorm2d,batchnorm,weight,256,0.7414092421531677,0.7899922728538513,0.7414092421531677,2.980232238769531e-07,0.0,FP8_E4M3,Sufficient,0.015157768020993969,0.03911826527813542,0.0,0.0,
middle,layer3.1.bn1,BatchNorm2d,batchnorm,weight,256,0.7414092421531677,0.7899922728538513,0.7414092421531677,2.980232238769531e-07,0.0,FP8_E5M2,Sufficient,0.015619406012590804,0.05062362535443419,0.0,0.0,
middle,layer3.1.bn1,BatchNorm2d,batchnorm,weight,256,0.7414092421531677,0.7899922728538513,0.7414092421531677,2.980232238769531e-07,0.0,INT16,Sufficient,7.844508108392219e-06,1.583367391608994e-05,,,2.4109386665054822e-05
middle,layer3.1.bn1,BatchNorm2d,batchnorm,weight,256,0.7414092421531677,0.7899922728538513,0.7414092421531677,2.980232238769531e-07,0.0,INT8,Sufficient,0.002055006988253745,0.004141851645463673,,,0.0062204115972744195
middle,layer3.1.bn1,BatchNorm2d,batchnorm,bias,256,-0.05333152413368225,0.004536365158855915,0.0001446321257390082,2.812594175338745e-07,0.0,FP16,Sufficient,0.00018052855337612796,0.0004499689307166886,0.0,0.0,
middle,layer3.1.bn1,BatchNorm2d,batchnorm,bias,256,-0.05333152413368225,0.004536365158855915,0.0001446321257390082,2.812594175338745e-07,0.0,FP8_E4M3,Not sufficient,0.06734464079600345,1.0,0.0,0.015625,
middle,layer3.1.bn1,BatchNorm2d,batchnorm,bias,256,-0.05333152413368225,0.004536365158855915,0.0001446321257390082,2.812594175338745e-07,0.0,FP8_E5M2,Marginal,0.043062806961527075,0.11065066010425031,0.0,0.0,
middle,layer3.1.bn1,BatchNorm2d,batchnorm,bias,256,-0.05333152413368225,0.004536365158855915,0.0001446321257390082,2.812594175338745e-07,0.0,INT16,Sufficient,6.283181535367567e-05,0.0019683755125135725,,,1.6275986246431546e-06
middle,layer3.1.bn1,BatchNorm2d,batchnorm,bias,256,-0.05333152413368225,0.004536365158855915,0.0001446321257390082,2.812594175338745e-07,0.0,INT8,Marginal,0.020529259781722854,1.0,,,0.00041993326089513584
middle,layer3.1.bn1,BatchNorm2d,batchnorm,input,10485760,-15.204580307006836,21.031457901000977,4.209578037261963e-07,1.862645149230957e-09,0.0,FP16,Sufficient,0.00017647460503103437,0.0004844805828783754,0.0,0.0,
middle,layer3.1.bn1,BatchNorm2d,batchnorm,input,10485760,-15.204580307006836,21.031457901000977,4.209578037261963e-07,1.862645149230957e-09,0.0,FP8_E4M3,Marginal,0.02374660504807693,1.0,0.0,0.00055,
middle,layer3.1.bn1,BatchNorm2d,batchnorm,input,10485760,-15.204580307006836,21.031457901000977,4.209578037261963e-07,1.862645149230957e-09,0.0,FP8_E5M2,Marginal,0.04512192492799416,0.11107936792871602,0.0,0.0,
middle,layer3.1.bn1,BatchNorm2d,batchnorm,input,10485760,-15.204580307006836,21.031457901000977,4.209578037261963e-07,1.862645149230957e-09,0.0,INT16,Sufficient,0.0007390967595877904,1.0,,,0.00038616097064007627
middle,layer3.1.bn1,BatchNorm2d,batchnorm,input,10485760,-15.204580307006836,21.031457901000977,4.209578037261963e-07,1.862645149230957e-09,0.0,INT8,Marginal,0.09019675380778612,1.0,,,0.09963257106270378
middle,layer3.1.bn1,BatchNorm2d,batchnorm,activation,10485760,-12.664253234863281,14.964802742004395,2.1033432062722568e-07,4.656612873077393e-10,0.0,FP16,Sufficient,0.0001752871952015222,0.0004850694574511794,0.0,0.0,
middle,layer3.1.bn1,BatchNorm2d,batchnorm,activation,10485760,-12.664253234863281,14.964802742004395,2.1033432062722568e-07,4.656612873077393e-10,0.0,FP8_E4M3,Marginal,0.024404527839907014,1.0,0.0,0.0006,
middle,layer3.1.bn1,BatchNorm2d,batchnorm,activation,10485760,-12.664253234863281,14.964802742004395,2.1033432062722568e-07,4.656612873077393e-10,0.0,FP8_E5M2,Marginal,0.045181638720112924,0.11108768182874426,0.0,0.0,
middle,layer3.1.bn1,BatchNorm2d,batchnorm,activation,10485760,-12.664253234863281,14.964802742004395,2.1033432062722568e-07,4.656612873077393e-10,0.0,INT16,Sufficient,0.0007008539182950635,0.955474391803685,,,0.00029299973488348783
middle,layer3.1.bn1,BatchNorm2d,batchnorm,activation,10485760,-12.664253234863281,14.964802742004395,2.1033432062722568e-07,4.656612873077393e-10,0.0,INT8,Not sufficient,0.10992565823096641,1.0,,,0.07559623868446651
middle,layer3.1.bn1,BatchNorm2d,batchnorm,weight_gradient,1280,-0.003780847415328026,0.008257572539150715,5.933681563874416e-07,1.4551915228366852e-09,0.0,FP16,Sufficient,0.00024979261671420166,0.010515256595350337,0.0,0.0,
middle,layer3.1.bn1,BatchNorm2d,batchnorm,weight_gradient,1280,-0.003780847415328026,0.008257572539150715,5.933681563874416e-07,1.4551915228366852e-09,0.0,FP8_E4M3,Not sufficient,0.8328087940837834,1.0,0.0,0.7234375,
middle,layer3.1.bn1,BatchNorm2d,batchnorm,weight_gradient,1280,-0.003780847415328026,0.008257572539150715,5.933681563874416e-07,1.4551915228366852e-09,0.0,FP8_E5M2,Not sufficient,0.0662773699219158,1.0,0.0,0.01484375,
middle,layer3.1.bn1,BatchNorm2d,batchnorm,weight_gradient,1280,-0.003780847415328026,0.008257572539150715,5.933681563874416e-07,1.4551915228366852e-09,0.0,INT16,Sufficient,0.0007788173429569382,0.15058196813562952,,,2.520088057848053e-07
middle,layer3.1.bn1,BatchNorm2d,batchnorm,weight_gradient,1280,-0.003780847415328026,0.008257572539150715,5.933681563874416e-07,1.4551915228366852e-09,0.0,INT8,Marginal,0.09771361861669078,1.0,,,6.502025621378516e-05
middle,layer3.1.bn1,BatchNorm2d,batchnorm,weight_update,1280,-0.0005644559860229492,0.0001500844955444336,1.1920928955078125e-07,5.960464477539063e-08,0.0,FP16,Sufficient,0.00011117754150075398,0.0004880429477794046,0.0,0.0,
middle,layer3.1.bn1,BatchNorm2d,batchnorm,weight_update,1280,-0.0005644559860229492,0.0001500844955444336,1.1920928955078125e-07,5.960464477539063e-08,0.0,FP8_E4M3,Not sufficient,1.0,1.0,0.0,1.0,
middle,layer3.1.bn1,BatchNorm2d,batchnorm,weight_update,1280,-0.0005644559860229492,0.0001500844955444336,1.1920928955078125e-07,5.960464477539063e-08,0.0,FP8_E5M2,Not sufficient,0.06585376828977489,1.0,0.0,0.01171875,
middle,layer3.1.bn1,BatchNorm2d,batchnorm,weight_update,1280,-0.0005644559860229492,0.0001500844955444336,1.1920928955078125e-07,5.960464477539063e-08,0.0,INT16,Sufficient,9.339492338184059e-05,0.017365031891842443,,,1.7226355358224715e-08
middle,layer3.1.bn1,BatchNorm2d,batchnorm,weight_update,1280,-0.0005644559860229492,0.0001500844955444336,1.1920928955078125e-07,5.960464477539063e-08,0.0,INT8,Sufficient,0.019957271701666994,1.0,,,4.444535323015348e-06
middle,layer3.1.conv2,Conv2d,conv,weight,589824,-0.04703126847743988,0.05132231116294861,1.1470533856083875e-08,1.4551915228366852e-11,0.0,FP16,Sufficient,0.0001807462230184503,0.0116927522183332,0.0,0.0,
middle,layer3.1.conv2,Conv2d,conv,weight,589824,-0.04703126847743988,0.05132231116294861,1.1470533856083875e-08,1.4551915228366852e-11,0.0,FP8_E4M3,Not sufficient,0.14241109664179186,1.0,0.0,0.0577,
middle,layer3.1.conv2,Conv2d,conv,weight,589824,-0.04703126847743988,0.05132231116294861,1.1470533856083875e-08,1.4551915228366852e-11,0.0,FP8_E5M2,Marginal,0.04585653571509885,1.0,0.0,0.0003,
middle,layer3.1.conv2,Conv2d,conv,weight,589824,-0.04703126847743988,0.05132231116294861,1.1470533856083875e-08,1.4551915228366852e-11,0.0,INT16,Sufficient,0.00020770317184288335,0.2586522787293147,,,1.4124616603555614e-06
middle,layer3.1.conv2,Conv2d,conv,weight,589824,-0.04703126847743988,0.05132231116294861,1.1470533856083875e-08,1.4551915228366852e-11,0.0,INT8,Marginal,0.03546872802925055,1.0,,,0.000364426230117092
middle,layer3.1.conv2,Conv2d,conv,input,10485760,0.0,14.964802742004395,5.184845690564543e-07,4.656612873077393e-10,0.5113509178161622,FP16,Sufficient,8.555395733221719e-05,0.00048496087705589616,0.0,0.0,
middle,layer3.1.conv2,Conv2d,conv,input,10485760,0.0,14.964802742004395,5.184845690564543e-07,4.656612873077393e-10,0.5113509178161622,FP8_E4M3,Sufficient,0.011981380068311441,1.0,0.0,0.0007165523595045552,
middle,layer3.1.conv2,Conv2d,conv,input,10485760,0.0,14.964802742004395,5.184845690564543e-07,4.656612873077393e-10,0.5113509178161622,FP8_E5M2,Marginal,0.022061198148875836,0.11108768182874426,0.0,0.0,
middle,layer3.1.conv2,Conv2d,conv,input,10485760,0.0,14.964802742004395,5.184845690564543e-07,4.656612873077393e-10,0.5113509178161622,INT16,Sufficient,0.0003447729431268527,0.3296967741078678,,,0.00029299973488348783
middle,layer3.1.conv2,Conv2d,conv,input,10485760,0.0,14.964802742004395,5.184845690564543e-07,4.656612873077393e-10,0.5113509178161622,INT8,Marginal,0.054733369678321354,1.0,,,0.07559623868446651
middle,layer3.1.conv2,Conv2d,conv,activation,10485760,-25.755672454833984,28.260066986083984,1.4901161193847656e-07,4.656612873077393e-10,0.0,FP16,Sufficient,0.0001769034021027785,0.002073828287017835,0.0,0.0,
middle,layer3.1.conv2,Conv2d,conv,activation,10485760,-25.755672454833984,28.260066986083984,1.4901161193847656e-07,4.656612873077393e-10,0.0,FP8_E4M3,Marginal,0.02482428603424032,1.0,0.0,0.00105,
middle,layer3.1.conv2,Conv2d,conv,activation,10485760,-25.755672454833984,28.260066986083984,1.4901161193847656e-07,4.656612873077393e-10,0.0,FP8_E5M2,Marginal,0.04471741431687161,0.6988801327250104,0.0,0.0,
middle,layer3.1.conv2,Conv2d,conv,activation,10485760,-25.755672454833984,28.260066986083984,1.4901161193847656e-07,4.656612873077393e-10,0.0,INT16,Sufficient,0.0013715266948125635,1.0,,,0.0005205062855500401
middle,layer3.1.conv2,Conv2d,conv,activation,10485760,-25.755672454833984,28.260066986083984,1.4901161193847656e-07,4.656612873077393e-10,0.0,INT8,Not sufficient,0.16469318888388235,1.0,,,0.1342947201465997
middle,layer3.1.conv2,Conv2d,conv,weight_gradient,2949120,-0.004512915387749672,0.005155435297638178,2.546585164964199e-11,4.547473508864641e-13,0.0,FP16,Sufficient,0.00038753050241931326,0.3005464480874317,0.0,0.0,
middle,layer3.1.conv2,Conv2d,conv,weight_gradient,2949120,-0.004512915387749672,0.005155435297638178,2.546585164964199e-11,4.547473508864641e-13,0.0,FP8_E4M3,Not sufficient,0.9772206551470183,1.0,0.0,0.94315,
middle,layer3.1.conv2,Conv2d,conv,weight_gradient,2949120,-0.004512915387749672,0.005155435297638178,2.546585164964199e-11,4.547473508864641e-13,0.0,FP8_E5M2,Not sufficient,0.07022496851803813,1.0,0.0,0.0149,
middle,layer3.1.conv2,Conv2d,conv,weight_gradient,2949120,-0.004512915387749672,0.005155435297638178,2.546585164964199e-11,4.547473508864641e-13,0.0,INT16,Sufficient,0.0006922515371066204,0.8501129691152596,,,1.37534546996544e-07
middle,layer3.1.conv2,Conv2d,conv,weight_gradient,2949120,-0.004512915387749672,0.005155435297638178,2.546585164964199e-11,4.547473508864641e-13,0.0,INT8,Marginal,0.09043373139141588,1.0,,,3.54849960742973e-05
middle,layer3.1.conv2,Conv2d,conv,weight_update,2949120,-0.0002961098216474056,0.00028611323796212673,5.820766091346741e-11,1.8189894035458565e-12,9.1552734375e-06,FP16,Sufficient,0.0032658374917526787,1.0,0.0,0.00065,
middle,layer3.1.conv2,Conv2d,conv,weight_update,2949120,-0.0002961098216474056,0.00028611323796212673,5.820766091346741e-11,1.8189894035458565e-12,9.1552734375e-06,FP8_E4M3,Not sufficient,1.0,1.0,0.0,1.0,
middle,layer3.1.conv2,Conv2d,conv,weight_update,2949120,-0.0002961098216474056,0.00028611323796212673,5.820766091346741e-11,1.8189894035458565e-12,9.1552734375e-06,FP8_E5M2,Not sufficient,0.3294938648561262,1.0,0.0,0.1825,
middle,layer3.1.conv2,Conv2d,conv,weight_update,2949120,-0.0002961098216474056,0.00028611323796212673,5.820766091346741e-11,1.8189894035458565e-12,9.1552734375e-06,INT16,Sufficient,0.0004434449835794151,1.0,,,6.6160084737989066e-09
middle,layer3.1.conv2,Conv2d,conv,weight_update,2949120,-0.0002961098216474056,0.00028611323796212673,5.820766091346741e-11,1.8189894035458565e-12,9.1552734375e-06,INT8,Marginal,0.06010973792652328,1.0,,,1.7069822807950298e-06
middle,layer3.1.bn2,BatchNorm2d,batchnorm,weight,256,0.7273168563842773,0.7819233536720276,0.7273168563842773,3.5762786865234375e-07,0.0,FP16,Sufficient,0.0001544140235795938,0.0003233016835776691,0.0,0.0,
middle,layer3.1.bn2,BatchNorm2d,batchnorm,weight,256,0.7273168563842773,0.7819233536720276,0.7273168563842773,3.5762786865234375e-07,0.0,FP8_E4M3,Sufficient,0.01278591870728899,0.039104403499882645,0.0,0.0,
middle,layer3.1.bn2,BatchNorm2d,batchnorm,weight,256,0.7273168563842773,0.7819233536720276,0.7273168563842773,3.5762786865234375e-07,0.0,FP8_E5M2,Sufficient,0.01279264644542088,0.04082670446164679,0.0,0.0,
middle,layer3.1.bn2,BatchNorm2d,batchnorm,weight,256,0.7273168563842773,0.7819233536720276,0.7273168563842773,3.5762786865234375e-07,0.0,INT16,Sufficient,8.067100025007817e-06,1.5692831843045016e-05,,,2.386313527854328e-05
middle,layer3.1.bn2,BatchNorm2d,batchnorm,weight,256,0.7273168563842773,0.7819233536720276,0.7273168563842773,3.5762786865234375e-07,0.0,INT8,Sufficient,0.0021862531973997953,0.004036503309468451,,,0.006156876800567147
middle,layer3.1.bn2,BatchNorm2d,batchnorm,bias,256,-0.04177297651767731,0.01712789572775364,3.954619387513958e-05,4.889443516731262e-08,0.0,FP16,Sufficient,0.00018321890295540147,0.0007159826592918828,0.0,0.0,
middle,layer3.1.bn2,BatchNorm2d,batchnorm,bias,256,-0.04177297651767731,0.01712789572775364,3.954619387513958e-05,4.889443516731262e-08,0.0,FP8_E4M3,Not sufficient,0.09060869907630525,1.0,0.0,0.0234375,
middle,layer3.1.bn2,BatchNorm2d,batchnorm,bias,256,-0.04177297651767731,0.01712789572775364,3.954619387513958e-05,4.889443516731262e-08,0.0,FP8_E5M2,Marginal,0.046956151278856106,0.15754166714579765,0.0,0.0,
middle,layer3.1.bn2,BatchNorm2d,batchnorm,bias,256,-0.04177297651767731,0.01712789572775364,3.954619387513958e-05,4.889443516731262e-08,0.0,INT16,Sufficient,5.063990966817899e-05,0.000654310871626285,,,1.274848979695343e-06
middle,layer3.1.bn2,BatchNorm2d,batchnorm,bias,256,-0.04177297651767731,0.01712789572775364,3.954619387513958e-05,4.889443516731262e-08,0.0,INT8,Sufficient,0.01853431896126048,1.0,,,0.000328921074942341
middle,layer3.1.bn2,BatchNorm2d,batchnorm,input,10485760,-25.755672454833984,28.260066986083984,1.4901161193847656e-07,4.656612873077393e-10,0.0,FP16,Sufficient,0.0001769034021027785,0.002073828287017835,0.0,0.0,
middle,layer3.1.bn2,BatchNorm2d,batchnorm,input,10485760,-25.755672454833984,28.260066986083984,1.4901161193847656e-07,4.656612873077393e-10,0.0,FP8_E4M3,Marginal,0.02482428603424032,1.0,0.0,0.00105,
middle,layer3.1.bn2,BatchNorm2d,batchnorm,input,10485760,-25.755672454833984,28.260066986083984,1.4901161193847656e-07,4.656612873077393e-10,0.0,FP8_E5M2,Marginal,0.04471741431687161,0.6988801327250104,0.0,0.0,
middle,layer3.1.bn2,BatchNorm2d,batchnorm,input,10485760,-25.755672454833984,28.260066986083984,1.4901161193847656e-07,4.656612873077393e-10,0.0,INT16,Sufficient,0.0013715266948125635,1.0,,,0.0005205062855500401
middle,layer3.1.bn2,BatchNorm2d,batchnorm,input,10485760,-25.755672454833984,28.260066986083984,1.4901161193847656e-07,4.656612873077393e-10,0.0,INT8,Not sufficient,0.16469318888388235,1.0,,,0.1342947201465997
middle,layer3.1.bn2,BatchNorm2d,batchnorm,activation,10485760,-16.15092658996582,18.649194717407227,9.192650196609975e-09,2.3283064365386963e-10,0.0,FP16,Sufficient,0.0001769956909269733,0.0008491978372418338,0.0,0.0,
middle,layer3.1.bn2,BatchNorm2d,batchnorm,activation,10485760,-16.15092658996582,18.649194717407227,9.192650196609975e-09,2.3283064365386963e-10,0.0,FP8_E4M3,Marginal,0.025642301435930437,1.0,0.0,0.0015,
middle,layer3.1.bn2,BatchNorm2d,batchnorm,activation,10485760,-16.15092658996582,18.649194717407227,9.192650196609975e-09,2.3283064365386963e-10,0.0,FP8_E5M2,Marginal,0.04500717680131288,0.11110180992094848,0.0,0.0,
middle,layer3.1.bn2,BatchNorm2d,batchnorm,activation,10485760,-16.15092658996582,18.649194717407227,9.192650196609975e-09,2.3283064365386963e-10,0.0,INT16,Sufficient,0.0015507426598828436,1.0,,,0.0004119875375252493
middle,layer3.1.bn2,BatchNorm2d,batchnorm,activation,10485760,-16.15092658996582,18.649194717407227,9.192650196609975e-09,2.3283064365386963e-10,0.0,INT8,Not sufficient,0.17495149449751893,1.0,,,0.10629602867787279
middle,layer3.1.bn2,BatchNorm2d,batchnorm,weight_gradient,1280,-0.004232731647789478,0.004561958834528923,7.826184287296201e-07,1.57160684466362e-09,0.0,FP16,Sufficient,0.00021805122682468857,0.009912936323433034,0.0,0.0,
middle,layer3.1.bn2,BatchNorm2d,batchnorm,weight_gradient,1280,-0.004232731647789478,0.004561958834528923,7.826184287296201e-07,1.57160684466362e-09,0.0,FP8_E4M3,Not sufficient,0.8499732565364948,1.0,0.0,0.73125,
middle,layer3.1.bn2,BatchNorm2d,batchnorm,weight_gradient,1280,-0.004232731647789478,0.004561958834528923,7.826184287296201e-07,1.57160684466362e-09,0.0,FP8_E5M2,Marginal,0.05650187774765042,1.0,0.0,0.00703125,
middle,layer3.1.bn2,BatchNorm2d,batchnorm,weight_gradient,1280,-0.004232731647789478,0.004561958834528923,7.826184287296201e-07,1.57160684466362e-09,0.0,INT16,Sufficient,0.00028566853384851166,0.06737213546076123,,,1.3922418392068003e-07
middle,layer3.1.bn2,BatchNorm2d,batchnorm,weight_gradient,1280,-0.004232731647789478,0.004561958834528923,7.826184287296201e-07,1.57160684466362e-09,0.0,INT8,Marginal,0.050110291693950405,1.0,,,3.592093570495215e-05
middle,layer3.1.bn2,BatchNorm2d,batchnorm,weight_update,1280,-0.0005409121513366699,0.0001424551010131836,1.7881393432617188e-07,5.960464477539063e-08,0.0,FP16,Sufficient,9.804975833065613e-05,0.00048567265662943174,0.0,0.0,
middle,layer3.1.bn2,BatchNorm2d,batchnorm,weight_update,1280,-0.0005409121513366699,0.0001424551010131836,1.7881393432617188e-07,5.960464477539063e-08,0.0,FP8_E4M3,Not sufficient,1.0,1.0,0.0,1.0,
middle,layer3.1.bn2,BatchNorm2d,batchnorm,weight_update,1280,-0.0005409121513366699,0.0001424551010131836,1.7881393432617188e-07,5.960464477539063e-08,0.0,FP8_E5M2,Not sufficient,0.06947575472255829,1.0,0.0,0.01484375,
middle,layer3.1.bn2,BatchNorm2d,batchnorm,weight_update,1280,-0.0005409121513366699,0.0001424551010131836,1.7881393432617188e-07,5.960464477539063e-08,0.0,INT16,Sufficient,7.431391249767989e-05,0.015503402813806577,,,1.650783261625019e-08
middle,layer3.1.bn2,BatchNorm2d,batchnorm,weight_update,1280,-0.0005409121513366699,0.0001424551010131836,1.7881393432617188e-07,5.960464477539063e-08,0.0,INT8,Sufficient,0.018565140656044057,1.0,,,4.2591507979265346e-06
middle,layer4.0.conv1,Conv2d,conv,weight,1179648,-0.040189895778894424,0.0474102683365345,2.0715171800134158e-08,7.275957614183426e-12,0.0,FP16,Sufficient,0.0002348981442932545,1.0,0.0,5e-05,
middle,layer4.0.conv1,Conv2d,conv,weight,1179648,-0.040189895778894424,0.0474102683365345,2.0715171800134158e-08,7.275957614183426e-12,0.0,FP8_E4M3,Not sufficient,0.14609969780134804,1.0,0.0,0.0627,
middle,layer4.0.conv1,Conv2d,conv,weight,1179648,-0.040189895778894424,0.0474102683365345,2.0715171800134158e-08,7.275957614183426e-12,0.0,FP8_E5M2,Marginal,0.045554076819529755,1.0,0.0,0.0006,
middle,layer4.0.conv1,Conv2d,conv,weight,1179648,-0.040189895778894424,0.0474102683365345,2.0715171800134158e-08,7.275957614183426e-12,0.0,INT16,Sufficient,0.00037814528127409443,1.0,,,1.0723878025270073e-06
middle,layer4.0.conv1,Conv2d,conv,weight,1179648,-0.040189895778894424,0.0474102683365345,2.0715171800134158e-08,7.275957614183426e-12,0.0,INT8,Marginal,0.030194000520328588,1.0,,,0.000276684497050413
middle,layer4.0.conv1,Conv2d,conv,input,10485760,0.0,30.083343505859375,1.4901161193847656e-07,4.656612873077393e-10,0.39097204208374026,FP16,Sufficient,0.00010797139456347843,0.0008491978372418338,0.0,0.0,
middle,layer4.0.conv1,Conv2d,conv,input,10485760,0.0,30.083343505859375,1.4901161193847656e-07,4.656612873077393e-10,0.39097204208374026,FP8_E4M3,Sufficient,0.014705770833830968,1.0,0.0,0.0005721759032205329,
middle,layer4.0.conv1,Conv2d,conv,input,10485760,0.0,30.083343505859375,1.4901161193847656e-07,4.656612873077393e-10,0.39097204208374026,FP8_E5M2,Marginal,0.027583116669841787,0.11108869331243391,0.0,0.0,
middle,layer4.0.conv1,Conv2d,conv,input,10485760,0.0,30.083343505859375,1.4901161193847656e-07,4.656612873077393e-10,0.39097204208374026,INT16,Sufficient,0.0008126715880106207,1.0,,,0.0006216843578527105
middle,layer4.0.conv1,Conv2d,conv,input,10485760,0.0,30.083343505859375,1.4901161193847656e-07,4.656612873077393e-10,0.39097204208374026,INT8,Marginal,0.09344243082484809,1.0,,,0.16039945947842335
middle,layer4.0.conv1,Conv2d,conv,activation,5242880,-33.16179656982422,38.07313537597656,2.9802322387695312e-08,9.313225746154785e-10,0.0,FP16,Sufficient,0.0001757525149643754,0.0009665571235260004,0.0,0.0,
middle,layer4.0.conv1,Conv2d,conv,activation,5242880,-33.16179656982422,38.07313537597656,2.9802322387695312e-08,9.313225746154785e-10,0.0,FP8_E4M3,Marginal,0.023878897960340647,1.0,0.0,0.00055,
middle,layer4.0.conv1,Conv2d,conv,activation,5242880,-33.16179656982422,38.07313537597656,2.9802322387695312e-08,9.313225746154785e-10,0.0,FP8_E5M2,Marginal,0.04500538901253561,0.20819640440750048,0.0,0.0,
middle,layer4.0.conv1,Conv2d,conv,activation,5242880,-33.16179656982422,38.07313537597656,2.9802322387695312e-08,9.313225746154785e-10,0.0,INT16,Sufficient,0.0014782596922099393,1.0,,,0.0008599264459403051
middle,layer4.0.conv1,Conv2d,conv,activation,5242880,-33.16179656982422,38.07313537597656,2.9802322387695312e-08,9.313225746154785e-10,0.0,INT8,Not sufficient,0.17542017090261341,1.0,,,0.2218677941269762
middle,layer4.0.conv1,Conv2d,conv,weight_gradient,5898240,-0.004479250404983759,0.003504462307319045,2.9103830456733704e-11,4.547473508864641e-13,0.0,FP16,Sufficient,0.0005978307122923506,1.0,0.0,5e-05,
middle,layer4.0.conv1,Conv2d,conv,weight_gradient,5898240,-0.004479250404983759,0.003504462307319045,2.9103830456733704e-11,4.547473508864641e-13,0.0,FP8_E4M3,Not sufficient,0.9932329718381058,1.0,0.0,0.97965,
middle,layer4.0.conv1,Conv2d,conv,weight_gradient,5898240,-0.004479250404983759,0.003504462307319045,2.9103830456733704e-11,4.547473508864641e-13,0.0,FP8_E5M2,Not sufficient,0.08144319125878084,1.0,0.0,0.0204,
middle,layer4.0.conv1,Conv2d,conv,weight_gradient,5898240,-0.004479250404983759,0.003504462307319045,2.9103830456733704e-11,4.547473508864641e-13,0.0,INT16,Sufficient,0.0006328414078855506,1.0,,,7.61320037019152e-08
middle,layer4.0.conv1,Conv2d,conv,weight_gradient,5898240,-0.004479250404983759,0.003504462307319045,2.9103830456733704e-11,4.547473508864641e-13,0.0,INT8,Marginal,0.07427812504351733,1.0,,,1.96426564196902e-05
middle,layer4.0.conv1,Conv2d,conv,weight_update,5898240,-0.00026198476552963257,0.00027948408387601376,8.731149137020111e-11,9.094947017729282e-13,1.220703125e-05,FP16,Sufficient,0.0044801513648775665,1.0,0.0,0.00105,
middle,layer4.0.conv1,Conv2d,conv,weight_update,5898240,-0.00026198476552963257,0.00027948408387601376,8.731149137020111e-11,9.094947017729282e-13,1.220703125e-05,FP8_E4M3,Not sufficient,1.0,1.0,0.0,1.0,
middle,layer4.0.conv1,Conv2d,conv,weight_update,5898240,-0.00026198476552963257,0.00027948408387601376,8.731149137020111e-11,9.094947017729282e-13,1.220703125e-05,FP8_E5M2,Not sufficient,0.43572856700441726,1.0,0.0,0.2779,
middle,layer4.0.conv1,Conv2d,conv,weight_update,5898240,-0.00026198476552963257,0.00027948408387601376,8.731149137020111e-11,9.094947017729282e-13,1.220703125e-05,INT16,Sufficient,0.0005798750165772787,1.0,,,5.168077142928326e-09
middle,layer4.0.conv1,Conv2d,conv,weight_update,5898240,-0.00026198476552963257,0.00027948408387601376,8.731149137020111e-11,9.094947017729282e-13,1.220703125e-05,INT8,Marginal,0.06823907566767773,1.0,,,1.3334045963963186e-06
middle,layer4.0.bn1,BatchNorm2d,batchnorm,weight,512,0.7435682415962219,0.7984285354614258,0.7435682415962219,1.1920928955078125e-07,0.0,FP16,Sufficient,0.00015688175055118597,0.0003252560616877437,0.0,0.0,
middle,layer4.0.bn1,BatchNorm2d,batchnorm,weight,512,0.7435682415962219,0.7984285354614258,0.7435682415962219,1.1920928955078125e-07,0.0,FP8_E4M3,Sufficient,0.014550303429971014,0.0399712882038098,0.0,0.0,
middle,layer4.0.bn1,BatchNorm2d,batchnorm,weight,512,0.7435682415962219,0.7984285354614258,0.7435682415962219,1.1920928955078125e-07,0.0,FP8_E5M2,Sufficient,0.014779920701755574,0.0606548154412318,0.0,0.0,
middle,layer4.0.bn1,BatchNorm2d,batchnorm,weight,512,0.7435682415962219,0.7984285354614258,0.7435682415962219,1.1920928955078125e-07,0.0,INT16,Sufficient,7.957751814026302e-06,1.60316864538054e-05,,,2.436684882538608e-05
middle,layer4.0.bn1,BatchNorm2d,batchnorm,weight,512,0.7435682415962219,0.7984285354614258,0.7435682415962219,1.1920928955078125e-07,0.0,INT8,Sufficient,0.001976214247453584,0.004110104750383865,,,0.00628683886190099
middle,layer4.0.bn1,BatchNorm2d,batchnorm,bias,512,-0.04287390410900116,0.010140646249055862,3.848383857985027e-05,1.7532147467136383e-07,0.0,FP16,Sufficient,0.00017452511010449966,0.0005394977688879285,0.0,0.0,
middle,layer4.0.bn1,BatchNorm2d,batchnorm,bias,512,-0.04287390410900116,0.010140646249055862,3.848383857985027e-05,1.7532147467136383e-07,0.0,FP8_E4M3,Not sufficient,0.20009250072248003,1.0,0.0,0.095703125,
middle,layer4.0.bn1,BatchNorm2d,batchnorm,bias,512,-0.04287390410900116,0.010140646249055862,3.848383857985027e-05,1.7532147467136383e-07,0.0,FP8_E5M2,Marginal,0.04436837497657742,0.18949587350852312,0.0,0.0,
middle,layer4.0.bn1,BatchNorm2d,batchnorm,bias,512,-0.04287390410900116,0.010140646249055862,3.848383857985027e-05,1.7532147467136383e-07,0.0,INT16,Sufficient,0.00018412994991726697,0.014002157369237838,,,1.308447648823547e-06
middle,layer4.0.bn1,BatchNorm2d,batchnorm,bias,512,-0.04287390410900116,0.010140646249055862,3.848383857985027e-05,1.7532147467136383e-07,0.0,INT8,Marginal,0.04751352063805847,1.0,,,0.0003375897961338674
middle,layer4.0.bn1,BatchNorm2d,batchnorm,input,5242880,-33.16179656982422,38.07313537597656,2.9802322387695312e-08,9.313225746154785e-10,0.0,FP16,Sufficient,0.0001757525149643754,0.0009665571235260004,0.0,0.0,
middle,layer4.0.bn1,BatchNorm2d,batchnorm,input,5242880,-33.16179656982422,38.07313537597656,2.9802322387695312e-08,9.313225746154785e-10,0.0,FP8_E4M3,Marginal,0.023878897960340647,1.0,0.0,0.00055,
middle,layer4.0.bn1,BatchNorm2d,batchnorm,input,5242880,-33.16179656982422,38.07313537597656,2.9802322387695312e-08,9.313225746154785e-10,0.0,FP8_E5M2,Marginal,0.04500538901253561,0.20819640440750048,0.0,0.0,
middle,layer4.0.bn1,BatchNorm2d,batchnorm,input,5242880,-33.16179656982422,38.07313537597656,2.9802322387695312e-08,9.313225746154785e-10,0.0,INT16,Sufficient,0.0014782596922099393,1.0,,,0.0008599264459403051
middle,layer4.0.bn1,BatchNorm2d,batchnorm,input,5242880,-33.16179656982422,38.07313537597656,2.9802322387695312e-08,9.313225746154785e-10,0.0,INT8,Not sufficient,0.17542017090261341,1.0,,,0.2218677941269762
middle,layer4.0.bn1,BatchNorm2d,batchnorm,activation,5242880,-15.362574577331543,16.505046844482422,5.614811016130261e-07,2.3283064365386963e-10,0.0,FP16,Sufficient,0.00017550008822227729,0.0013505581897392,0.0,0.0,
middle,layer4.0.bn1,BatchNorm2d,batchnorm,activation,5242880,-15.362574577331543,16.505046844482422,5.614811016130261e-07,2.3283064365386963e-10,0.0,FP8_E4M3,Marginal,0.025237293051964708,1.0,0.0,0.0015,
middle,layer4.0.bn1,BatchNorm2d,batchnorm,activation,5242880,-15.362574577331543,16.505046844482422,5.614811016130261e-07,2.3283064365386963e-10,0.0,FP8_E5M2,Marginal,0.04533905489972869,0.47325139595731747,0.0,0.0,
middle,layer4.0.bn1,BatchNorm2d,batchnorm,activation,5242880,-15.362574577331543,16.505046844482422,5.614811016130261e-07,2.3283064365386963e-10,0.0,INT16,Sufficient,0.0015144140889566933,1.0,,,0.0004371253121385613
middle,layer4.0.bn1,BatchNorm2d,batchnorm,activation,5242880,-15.362574577331543,16.505046844482422,5.614811016130261e-07,2.3283064365386963e-10,0.0,INT8,Not sufficient,0.17493783007613223,1.0,,,0.11278177246334047
middle,layer4.0.bn1,BatchNorm2d,batchnorm,weight_gradient,2560,-0.004179983865469694,0.004111409652978182,2.216717120973044e-07,1.4370016288012266e-10,0.0,FP16,Sufficient,0.00034028163197274877,0.07554805638396898,0.0,0.0,
middle,layer4.0.bn1,BatchNorm2d,batchnorm,weight_gradient,2560,-0.004179983865469694,0.004111409652978182,2.216717120973044e-07,1.4370016288012266e-10,0.0,FP8_E4M3,Not sufficient,0.9488580744506031,1.0,0.0,0.903125,
middle,layer4.0.bn1,BatchNorm2d,batchnorm,weight_gradient,2560,-0.004179983865469694,0.004111409652978182,2.216717120973044e-07,1.4370016288012266e-10,0.0,FP8_E5M2,Not sufficient,0.07042493878972596,1.0,0.0,0.01484375,
middle,layer4.0.bn1,BatchNorm2d,batchnorm,weight_gradient,2560,-0.004179983865469694,0.004111409652978182,2.216717120973044e-07,1.4370016288012266e-10,0.0,INT16,Sufficient,0.0006036425876347207,0.15608979553434477,,,1.2756687720785222e-07
middle,layer4.0.bn1,BatchNorm2d,batchnorm,weight_gradient,2560,-0.004179983865469694,0.004111409652978182,2.216717120973044e-07,1.4370016288012266e-10,0.0,INT8,Marginal,0.08535491470807173,1.0,,,3.2913258783225936e-05
middle,layer4.0.bn1,BatchNorm2d,batchnorm,weight_update,2560,-0.0004032254219055176,8.046627044677734e-05,4.172325134277344e-07,5.960464477539063e-08,0.0,FP16,Sufficient,0.00011979072395359861,0.0004880429477794046,0.0,0.0,
middle,layer4.0.bn1,BatchNorm2d,batchnorm,weight_update,2560,-0.0004032254219055176,8.046627044677734e-05,4.172325134277344e-07,5.960464477539063e-08,0.0,FP8_E4M3,Not sufficient,1.0,1.0,0.0,1.0,
middle,layer4.0.bn1,BatchNorm2d,batchnorm,weight_update,2560,-0.0004032254219055176,8.046627044677734e-05,4.172325134277344e-07,5.960464477539063e-08,0.0,FP8_E5M2,Marginal,0.05396319850771688,1.0,0.0,0.003515625,
middle,layer4.0.bn1,BatchNorm2d,batchnorm,weight_update,2560,-0.0004032254219055176,8.046627044677734e-05,4.172325134277344e-07,5.960464477539063e-08,0.0,INT16,Sufficient,3.1935222747223944e-05,0.0027946235105876633,,,1.2305838859386503e-08
middle,layer4.0.bn1,BatchNorm2d,batchnorm,weight_update,2560,-0.0004032254219055176,8.046627044677734e-05,4.172325134277344e-07,5.960464477539063e-08,0.0,INT8,Sufficient,0.008433401124053736,1.0,,,3.1750033220906898e-06
middle,layer4.0.conv2,Conv2d,conv,weight,2359296,-0.04055727273225784,0.0457841120660305,2.46421327787516e-09,7.275957614183426e-12,0.0,FP16,Sufficient,0.00020191130132046355,0.25334986814483895,0.0,0.0,
middle,layer4.0.conv2,Conv2d,conv,weight,2359296,-0.04055727273225784,0.0457841120660305,2.46421327787516e-09,7.275957614183426e-12,0.0,FP8_E4M3,Not sufficient,0.18988413757958064,1.0,0.0,0.08475,
middle,layer4.0.conv2,Conv2d,conv,weight,2359296,-0.04055727273225784,0.0457841120660305,2.46421327787516e-09,7.275957614183426e-12,0.0,FP8_E5M2,Marginal,0.04653969450406828,1.0,0.0,0.00095,
middle,layer4.0.conv2,Conv2d,conv,weight,2359296,-0.04055727273225784,0.0457841120660305,2.46421327787516e-09,7.275957614183426e-12,0.0,INT16,Sufficient,0.00040363608038856773,1.0,,,9.332348455838348e-07
middle,layer4.0.conv2,Conv2d,conv,weight,2359296,-0.04055727273225784,0.0457841120660305,2.46421327787516e-09,7.275957614183426e-12,0.0,INT8,Marginal,0.03438743895830616,1.0,,,0.00024078193846650012
middle,layer4.0.conv2,Conv2d,conv,input,5242880,0.0,16.505046844482422,9.638787332733045e-07,2.3283064365386963e-10,0.5190200805664062,FP16,Sufficient,8.353195914012985e-05,0.0013505581897392,0.0,0.0,
middle,layer4.0.conv2,Conv2d,conv,input,5242880,0.0,16.505046844482422,9.638787332733045e-07,2.3283064365386963e-10,0.5190200805664062,FP8_E4M3,Sufficient,0.01218622822245473,1.0,0.0,0.0016736401673640166,
middle,layer4.0.conv2,Conv2d,conv,input,5242880,0.0,16.505046844482422,9.638787332733045e-07,2.3283064365386963e-10,0.5190200805664062,FP8_E5M2,Marginal,0.021820905221609455,0.47325139595731747,0.0,0.0,
middle,layer4.0.conv2,Conv2d,conv,input,5242880,0.0,16.505046844482422,9.638787332733045e-07,2.3283064365386963e-10,0.5190200805664062,INT16,Sufficient,0.0007338947500248608,1.0,,,0.0004371253121385613
middle,layer4.0.conv2,Conv2d,conv,input,5242880,0.0,16.505046844482422,9.638787332733045e-07,2.3283064365386963e-10,0.5190200805664062,INT8,Marginal,0.08298720161582157,1.0,,,0.11278177246334047
middle,layer4.0.conv2,Conv2d,conv,activation,5242880,-44.90013122558594,42.51265335083008,3.5762786865234375e-07,4.656612873077393e-10,0.0,FP16,Sufficient,0.00017626959020985202,0.0004828255444118872,0.0,0.0,
middle,layer4.0.conv2,Conv2d,conv,activation,5242880,-44.90013122558594,42.51265335083008,3.5762786865234375e-07,4.656612873077393e-10,0.0,FP8_E4M3,Marginal,0.02485792425770092,1.0,0.0,0.00105,
middle,layer4.0.conv2,Conv2d,conv,activation,5242880,-44.90013122558594,42.51265335083008,3.5762786865234375e-07,4.656612873077393e-10,0.0,FP8_E5M2,Marginal,0.04492579913884166,0.11108721089852519,0.0,0.0,
middle,layer4.0.conv2,Conv2d,conv,activation,5242880,-44.90013122558594,42.51265335083008,3.5762786865234375e-07,4.656612873077393e-10,0.0,INT16,Sufficient,0.0029245392194355534,1.0,,,0.0011450904629419461
middle,layer4.0.conv2,Conv2d,conv,activation,5242880,-44.90013122558594,42.51265335083008,3.5762786865234375e-07,4.656612873077393e-10,0.0,INT8,Not sufficient,0.31374605430020763,1.0,,,0.29544235589936024
middle,layer4.0.conv2,Conv2d,conv,weight_gradient,11796480,-0.004666986409574747,0.0049410792998969555,2.9103830456733704e-11,4.547473508864641e-13,0.0,FP16,Sufficient,0.0007618781078286009,1.0,0.0,0.00015,
middle,layer4.0.conv2,Conv2d,conv,weight_gradient,11796480,-0.004666986409574747,0.0049410792998969555,2.9103830456733704e-11,4.547473508864641e-13,0.0,FP8_E4M3,Not sufficient,0.9966173028046978,1.0,0.0,0.99055,
middle,layer4.0.conv2,Conv2d,conv,weight_gradient,11796480,-0.004666986409574747,0.0049410792998969555,2.9103830456733704e-11,4.547473508864641e-13,0.0,FP8_E5M2,Not sufficient,0.09846827966996091,1.0,0.0,0.0314,
middle,layer4.0.conv2,Conv2d,conv,weight_gradient,11796480,-0.004666986409574747,0.0049410792998969555,2.9103830456733704e-11,4.547473508864641e-13,0.0,INT16,Sufficient,0.0014814140447017739,1.0,,,1.262821056792089e-07
middle,layer4.0.conv2,Conv2d,conv,weight_gradient,11796480,-0.004666986409574747,0.0049410792998969555,2.9103830456733704e-11,4.547473508864641e-13,0.0,INT8,Not sufficient,0.14955807876970556,1.0,,,3.258177761252471e-05
middle,layer4.0.conv2,Conv2d,conv,weight_update,11796480,-0.00029807601822540164,0.00029553286731243134,5.820766091346741e-11,4.547473508864641e-13,1.3987223307291666e-05,FP16,Sufficient,0.006801955658288151,1.0,0.0,0.00215,
middle,layer4.0.conv2,Conv2d,conv,weight_update,11796480,-0.00029807601822540164,0.00029553286731243134,5.820766091346741e-11,4.547473508864641e-13,1.3987223307291666e-05,FP8_E4M3,Not sufficient,1.0,1.0,0.0,1.0,
middle,layer4.0.conv2,Conv2d,conv,weight_update,11796480,-0.00029807601822540164,0.00029553286731243134,5.820766091346741e-11,4.547473508864641e-13,1.3987223307291666e-05,FP8_E5M2,Not sufficient,0.5250780815970216,1.0,0.0,0.3601,
middle,layer4.0.conv2,Conv2d,conv,weight_update,11796480,-0.00029807601822540164,0.00029553286731243134,5.820766091346741e-11,4.547473508864641e-13,1.3987223307291666e-05,INT16,Sufficient,0.0010038414984179153,1.0,,,6.0149846643925254e-09
middle,layer4.0.conv2,Conv2d,conv,weight_update,11796480,-0.00029807601822540164,0.00029553286731243134,5.820766091346741e-11,4.547473508864641e-13,1.3987223307291666e-05,INT8,Not sufficient,0.10054287851270415,1.0,,,1.551913405497243e-06
middle,layer4.0.bn2,BatchNorm2d,batchnorm,weight,512,0.6713631749153137,0.7790694832801819,0.6713631749153137,5.960464477539063e-08,0.0,FP16,Sufficient,0.00016130136901929893,0.0003347420873599915,0.0,0.0,
middle,layer4.0.bn2,BatchNorm2d,batchnorm,weight,512,0.6713631749153137,0.7790694832801819,0.6713631749153137,5.960464477539063e-08,0.0,FP8_E4M3,Sufficient,0.009042900291543159,0.04229139266403624,0.0,0.0,
middle,layer4.0.bn2,BatchNorm2d,batchnorm,weight,512,0.6713631749153137,0.7790694832801819,0.6713631749153137,5.960464477539063e-08,0.0,FP8_E5M2,Sufficient,0.009628569839943936,0.09067415835570422,0.0,0.0,
middle,layer4.0.bn2,BatchNorm2d,batchnorm,weight,512,0.6713631749153137,0.7790694832801819,0.6713631749153137,5.960464477539063e-08,0.0,INT16,Sufficient,7.815930435307317e-06,1.5941108480149595e-05,,,2.3776039407946467e-05
middle,layer4.0.bn2,BatchNorm2d,batchnorm,weight,512,0.6713631749153137,0.7790694832801819,0.6713631749153137,5.960464477539063e-08,0.0,INT8,Sufficient,0.0020238294126209725,0.004182562904453257,,,0.006134405380158912
middle,layer4.0.bn2,BatchNorm2d,batchnorm,bias,512,-0.13146407902240753,-0.010028726421296597,0.010028726421296597,2.384185791015625e-07,0.0,FP16,Sufficient,0.0001821862025436644,0.0004572638423991071,0.0,0.0,
middle,layer4.0.bn2,BatchNorm2d,batchnorm,bias,512,-0.13146407902240753,-0.010028726421296597,0.010028726421296597,2.384185791015625e-07,0.0,FP8_E4M3,Marginal,0.022687663233639382,0.05857055268262818,0.0,0.0,
middle,layer4.0.bn2,BatchNorm2d,batchnorm,bias,512,-0.13146407902240753,-0.010028726421296597,0.010028726421296597,2.384185791015625e-07,0.0,FP8_E5M2,Marginal,0.044764860557286,0.11064500280845331,0.0,0.0,
middle,layer4.0.bn2,BatchNorm2d,batchnorm,bias,512,-0.13146407902240753,-0.010028726421296597,0.010028726421296597,2.384185791015625e-07,0.0,INT16,Sufficient,2.025021698044399e-05,0.00014886558244355197,,,4.012087741398588e-06
middle,layer4.0.bn2,BatchNorm2d,batchnorm,bias,512,-0.13146407902240753,-0.010028726421296597,0.010028726421296597,2.384185791015625e-07,0.0,INT8,Sufficient,0.005401201007571676,0.03218513003275365,,,0.001035150228522894
middle,layer4.0.bn2,BatchNorm2d,batchnorm,input,5242880,-44.90013122558594,42.51265335083008,3.5762786865234375e-07,4.656612873077393e-10,0.0,FP16,Sufficient,0.00017626959020985202,0.0004828255444118872,0.0,0.0,
middle,layer4.0.bn2,BatchNorm2d,batchnorm,input,5242880,-44.90013122558594,42.51265335083008,3.5762786865234375e-07,4.656612873077393e-10,0.0,FP8_E4M3,Marginal,0.02485792425770092,1.0,0.0,0.00105,
middle,layer4.0.bn2,BatchNorm2d,batchnorm,input,5242880,-44.90013122558594,42.51265335083008,3.5762786865234375e-07,4.656612873077393e-10,0.0,FP8_E5M2,Marginal,0.04492579913884166,0.11108721089852519,0.0,0.0,
middle,layer4.0.bn2,BatchNorm2d,batchnorm,input,5242880,-44.90013122558594,42.51265335083008,3.5762786865234375e-07,4.656612873077393e-10,0.0,INT16,Sufficient,0.0029245392194355534,1.0,,,0.0011450904629419461
middle,layer4.0.bn2,BatchNorm2d,batchnorm,input,5242880,-44.90013122558594,42.51265335083008,3.5762786865234375e-07,4.656612873077393e-10,0.0,INT8,Not sufficient,0.31374605430020763,1.0,,,0.29544235589936024
middle,layer4.0.bn2,BatchNorm2d,batchnorm,activation,5242880,-17.99599838256836,17.929868698120117,5.2279354179063375e-08,4.656612873077393e-10,0.0,FP16,Sufficient,0.00017711840112687592,0.00048073054050207903,0.0,0.0,
middle,layer4.0.bn2,BatchNorm2d,batchnorm,activation,5242880,-17.99599838256836,17.929868698120117,5.2279354179063375e-08,4.656612873077393e-10,0.0,FP8_E4M3,Marginal,0.026711429750448285,1.0,0.0,0.00175,
middle,layer4.0.bn2,BatchNorm2d,batchnorm,activation,5242880,-17.99599838256836,17.929868698120117,5.2279354179063375e-08,4.656612873077393e-10,0.0,FP8_E5M2,Marginal,0.04481142504052491,0.11110687257476248,0.0,0.0,
middle,layer4.0.bn2,BatchNorm2d,batchnorm,activation,5242880,-17.99599838256836,17.929868698120117,5.2279354179063375e-08,4.656612873077393e-10,0.0,INT16,Sufficient,0.0023157967262990285,1.0,,,0.0004762468854039357
middle,layer4.0.bn2,BatchNorm2d,batchnorm,activation,5242880,-17.99599838256836,17.929868698120117,5.2279354179063375e-08,4.656612873077393e-10,0.0,INT8,Not sufficient,0.25982232357937074,1.0,,,0.12287544640969103
middle,layer4.0.bn2,BatchNorm2d,batchnorm,weight_gradient,2560,-0.00983345601707697,0.007650712504982948,3.5082786098428187e-07,8.149072527885437e-10,0.0,FP16,Sufficient,0.00025583856469628435,0.04637025150981731,0.0,0.0,
middle,layer4.0.bn2,BatchNorm2d,batchnorm,weight_gradient,2560,-0.00983345601707697,0.007650712504982948,3.5082786098428187e-07,8.149072527885437e-10,0.0,FP8_E4M3,Not sufficient,0.8321831201676616,1.0,0.0,0.730859375,
middle,layer4.0.bn2,BatchNorm2d,batchnorm,weight_gradient,2560,-0.00983345601707697,0.007650712504982948,3.5082786098428187e-07,8.149072527885437e-10,0.0,FP8_E5M2,Marginal,0.05833246488071124,1.0,0.0,0.007421875,
middle,layer4.0.bn2,BatchNorm2d,batchnorm,weight_gradient,2560,-0.00983345601707697,0.007650712504982948,3.5082786098428187e-07,8.149072527885437e-10,0.0,INT16,Sufficient,0.000673753108630185,0.17074487342022177,,,3.001024206389651e-07
middle,layer4.0.bn2,BatchNorm2d,batchnorm,weight_gradient,2560,-0.00983345601707697,0.007650712504982948,3.5082786098428187e-07,8.149072527885437e-10,0.0,INT8,Not sufficient,0.10690819700742113,1.0,,,7.742878753603913e-05
middle,layer4.0.bn2,BatchNorm2d,batchnorm,weight_update,2560,-0.0006409883499145508,0.0006600618362426758,3.5762786865234375e-07,5.960464477539063e-08,0.0,FP16,Sufficient,0.0001016299624591854,0.0004880429477794046,0.0,0.0,
middle,layer4.0.bn2,BatchNorm2d,batchnorm,weight_update,2560,-0.0006409883499145508,0.0006600618362426758,3.5762786865234375e-07,5.960464477539063e-08,0.0,FP8_E4M3,Not sufficient,1.0,1.0,0.0,1.0,
middle,layer4.0.bn2,BatchNorm2d,batchnorm,weight_update,2560,-0.0006409883499145508,0.0006600618362426758,3.5762786865234375e-07,5.960464477539063e-08,0.0,FP8_E5M2,Marginal,0.06852043310323233,1.0,0.0,0.009375,
middle,layer4.0.bn2,BatchNorm2d,batchnorm,weight_update,2560,-0.0006409883499145508,0.0006600618362426758,3.5762786865234375e-07,5.960464477539063e-08,0.0,INT16,Sufficient,9.17360842692359e-05,0.013885921811578772,,,2.0144103404116208e-08
middle,layer4.0.bn2,BatchNorm2d,batchnorm,weight_update,2560,-0.0006409883499145508,0.0006600618362426758,3.5762786865234375e-07,5.960464477539063e-08,0.0,INT8,Marginal,0.020198047716440248,1.0,,,5.1973372932494155e-06
middle,layer4.0.shortcut.0,Conv2d,conv,weight,131072,-0.10466086119413376,0.13031363487243652,1.3279895938467234e-07,2.9103830456733704e-10,0.0,FP16,Sufficient,0.0001862436994612293,0.14141685837025136,0.0,0.0,
middle,layer4.0.shortcut.0,Conv2d,conv,weight,131072,-0.10466086119413376,0.13031363487243652,1.3279895938467234e-07,2.9103830456733704e-10,0.0,FP8_E4M3,Not sufficient,0.06218727192742341,1.0,0.0,0.0184,
middle,layer4.0.shortcut.0,Conv2d,conv,weight,131072,-0.10466086119413376,0.13031363487243652,1.3279895938467234e-07,2.9103830456733704e-10,0.0,FP8_E5M2,Marginal,0.04527568221895074,1.0,0.0,0.0002,
middle,layer4.0.shortcut.0,Conv2d,conv,weight,131072,-0.10466086119413376,0.13031363487243652,1.3279895938467234e-07,2.9103830456733704e-10,0.0,INT16,Sufficient,0.00024321464085217559,1.0,,,3.5082277614400132e-06
middle,layer4.0.shortcut.0,Conv2d,conv,weight,131072,-0.10466086119413376,0.13031363487243652,1.3279895938467234e-07,2.9103830456733704e-10,0.0,INT8,Marginal,0.03045925827201945,1.0,,,0.0009051503862921647
middle,layer4.0.shortcut.0,Conv2d,conv,input,10485760,0.0,30.083343505859375,1.4901161193847656e-07,4.656612873077393e-10,0.39097204208374026,FP16,Sufficient,0.00010797139456347843,0.0008491978372418338,0.0,0.0,
middle,layer4.0.shortcut.0,Conv2d,conv,input,10485760,0.0,30.083343505859375,1.4901161193847656e-07,4.656612873077393e-10,0.39097204208374026,FP8_E4M3,Sufficient,0.014705770833830968,1.0,0.0,0.0005721759032205329,
middle,layer4.0.shortcut.0,Conv2d,conv,input,10485760,0.0,30.083343505859375,1.4901161193847656e-07,4.656612873077393e-10,0.39097204208374026,FP8_E5M2,Marginal,0.027583116669841787,0.11108869331243391,0.0,0.0,
middle,layer4.0.shortcut.0,Conv2d,conv,input,10485760,0.0,30.083343505859375,1.4901161193847656e-07,4.656612873077393e-10,0.39097204208374026,INT16,Sufficient,0.0008126715880106207,1.0,,,0.0006216843578527105
middle,layer4.0.shortcut.0,Conv2d,conv,input,10485760,0.0,30.083343505859375,1.4901161193847656e-07,4.656612873077393e-10,0.39097204208374026,INT8,Marginal,0.09344243082484809,1.0,,,0.16039945947842335
middle,layer4.0.shortcut.0,Conv2d,conv,activation,5242880,-26.55693244934082,29.195098876953125,1.4069647136238927e-07,6.984919309616089e-10,0.0,FP16,Sufficient,0.00017611038501481885,0.0004849504810618394,0.0,0.0,
middle,layer4.0.shortcut.0,Conv2d,conv,activation,5242880,-26.55693244934082,29.195098876953125,1.4069647136238927e-07,6.984919309616089e-10,0.0,FP8_E4M3,Marginal,0.024531117993798653,1.0,0.0,0.0009,
middle,layer4.0.shortcut.0,Conv2d,conv,activation,5242880,-26.55693244934082,29.195098876953125,1.4069647136238927e-07,6.984919309616089e-10,0.0,FP8_E5M2,Marginal,0.04471081016431906,0.11109283786461573,0.0,0.0,
middle,layer4.0.shortcut.0,Conv2d,conv,activation,5242880,-26.55693244934082,29.195098876953125,1.4069647136238927e-07,6.984919309616089e-10,0.0,INT16,Sufficient,0.0016049612285805957,1.0,,,0.0006409684459250756
middle,layer4.0.shortcut.0,Conv2d,conv,activation,5242880,-26.55693244934082,29.195098876953125,1.4069647136238927e-07,6.984919309616089e-10,0.0,INT8,Not sufficient,0.1692877071714601,1.0,,,0.1653749060443067
middle,layer4.0.shortcut.0,Conv2d,conv,weight_gradient,655360,-0.007998796179890633,0.007611422799527645,1.8098944565281272e-10,9.663381206337363e-13,0.0,FP16,Sufficient,0.0003239250030630762,1.0,0.0,5e-05,
middle,layer4.0.shortcut.0,Conv2d,conv,weight_gradient,655360,-0.007998796179890633,0.007611422799527645,1.8098944565281272e-10,9.663381206337363e-13,0.0,FP8_E4M3,Not sufficient,0.8828563634590239,1.0,0.0,0.7884,
middle,layer4.0.shortcut.0,Conv2d,conv,weight_gradient,655360,-0.007998796179890633,0.007611422799527645,1.8098944565281272e-10,9.663381206337363e-13,0.0,FP8_E5M2,Marginal,0.06023212571414863,1.0,0.0,0.00885,
middle,layer4.0.shortcut.0,Conv2d,conv,weight_gradient,655360,-0.007998796179890633,0.007611422799527645,1.8098944565281272e-10,9.663381206337363e-13,0.0,INT16,Sufficient,0.0006093375412207322,1.0,,,2.0169022898341926e-07
middle,layer4.0.shortcut.0,Conv2d,conv,weight_gradient,655360,-0.007998796179890633,0.007611422799527645,1.8098944565281272e-10,9.663381206337363e-13,0.0,INT8,Marginal,0.08289838690622996,1.0,,,5.203766718976141e-05
middle,layer4.0.shortcut.0,Conv2d,conv,weight_update,655360,-0.0006089676171541214,0.0005573779344558716,4.656612873077393e-10,3.637978807091713e-12,1.678466796875e-05,FP16,Sufficient,0.0024040690401417653,1.0,0.0,0.0006500325016250812,
middle,layer4.0.shortcut.0,Conv2d,conv,weight_update,655360,-0.0006089676171541214,0.0005573779344558716,4.656612873077393e-10,3.637978807091713e-12,1.678466796875e-05,FP8_E4M3,Not sufficient,0.99995,1.0,0.0,1.0,
middle,layer4.0.shortcut.0,Conv2d,conv,weight_update,655360,-0.0006089676171541214,0.0005573779344558716,4.656612873077393e-10,3.637978807091713e-12,1.678466796875e-05,FP8_E5M2,Not sufficient,0.23836077721896218,1.0,0.0,0.12045602280114005,
middle,layer4.0.shortcut.0,Conv2d,conv,weight_update,655360,-0.0006089676171541214,0.0005573779344558716,4.656612873077393e-10,3.637978807091713e-12,1.678466796875e-05,INT16,Sufficient,0.0006414974726966912,1.0,,,1.5214491680696042e-08
middle,layer4.0.shortcut.0,Conv2d,conv,weight_update,655360,-0.0006089676171541214,0.0005573779344558716,4.656612873077393e-10,3.637978807091713e-12,1.678466796875e-05,INT8,Marginal,0.08150186528712097,1.0,,,3.925458652766671e-06
middle,layer4.0.shortcut.1,BatchNorm2d,batchnorm,weight,512,0.659709632396698,0.7830038070678711,0.659709632396698,5.960464477539063e-08,0.0,FP16,Sufficient,0.00016040961851962988,0.00033801630574666037,0.0,0.0,
middle,layer4.0.shortcut.1,BatchNorm2d,batchnorm,weight,512,0.659709632396698,0.7830038070678711,0.659709632396698,5.960464477539063e-08,0.0,FP8_E4M3,Sufficient,0.010814892645100738,0.04246360114515826,0.0,0.0,
middle,layer4.0.shortcut.1,BatchNorm2d,batchnorm,weight,512,0.659709632396698,0.7830038070678711,0.659709632396698,5.960464477539063e-08,0.0,FP8_E5M2,Sufficient,0.011503989173744837,0.07519875171022913,0.0,0.0,
middle,layer4.0.shortcut.1,BatchNorm2d,batchnorm,weight,512,0.659709632396698,0.7830038070678711,0.659709632396698,5.960464477539063e-08,0.0,INT16,Sufficient,8.107655345635306e-06,1.614902022913053e-05,,,2.38961091057427e-05
middle,layer4.0.shortcut.1,BatchNorm2d,batchnorm,weight,512,0.659709632396698,0.7830038070678711,0.659709632396698,5.960464477539063e-08,0.0,INT8,Sufficient,0.0020292255156290685,0.004218846756528909,,,0.006165384307621032
middle,layer4.0.shortcut.1,BatchNorm2d,batchnorm,bias,512,-0.13146407902240753,-0.010028726421296597,0.010028726421296597,2.384185791015625e-07,0.0,FP16,Sufficient,0.0001821862025436644,0.0004572638423991071,0.0,0.0,
middle,layer4.0.shortcut.1,BatchNorm2d,batchnorm,bias,512,-0.13146407902240753,-0.010028726421296597,0.010028726421296597,2.384185791015625e-07,0.0,FP8_E4M3,Marginal,0.022687663233639382,0.05857055268262818,0.0,0.0,
middle,layer4.0.shortcut.1,BatchNorm2d,batchnorm,bias,512,-0.13146407902240753,-0.010028726421296597,0.010028726421296597,2.384185791015625e-07,0.0,FP8_E5M2,Marginal,0.044764860557286,0.11064500280845331,0.0,0.0,
middle,layer4.0.shortcut.1,BatchNorm2d,batchnorm,bias,512,-0.13146407902240753,-0.010028726421296597,0.010028726421296597,2.384185791015625e-07,0.0,INT16,Sufficient,2.025021698044399e-05,0.00014886558244355197,,,4.012087741398588e-06
middle,layer4.0.shortcut.1,BatchNorm2d,batchnorm,bias,512,-0.13146407902240753,-0.010028726421296597,0.010028726421296597,2.384185791015625e-07,0.0,INT8,Sufficient,0.005401201007571676,0.03218513003275365,,,0.001035150228522894
middle,layer4.0.shortcut.1,BatchNorm2d,batchnorm,input,5242880,-26.55693244934082,29.195098876953125,1.4069647136238927e-07,6.984919309616089e-10,0.0,FP16,Sufficient,0.00017611038501481885,0.0004849504810618394,0.0,0.0,
middle,layer4.0.shortcut.1,BatchNorm2d,batchnorm,input,5242880,-26.55693244934082,29.195098876953125,1.4069647136238927e-07,6.984919309616089e-10,0.0,FP8_E4M3,Marginal,0.024531117993798653,1.0,0.0,0.0009,
middle,layer4.0.shortcut.1,BatchNorm2d,batchnorm,input,5242880,-26.55693244934082,29.195098876953125,1.4069647136238927e-07,6.984919309616089e-10,0.0,FP8_E5M2,Marginal,0.04471081016431906,0.11109283786461573,0.0,0.0,
middle,layer4.0.shortcut.1,BatchNorm2d,batchnorm,input,5242880,-26.55693244934082,29.195098876953125,1.4069647136238927e-07,6.984919309616089e-10,0.0,INT16,Sufficient,0.0016049612285805957,1.0,,,0.0006409684459250756
middle,layer4.0.shortcut.1,BatchNorm2d,batchnorm,input,5242880,-26.55693244934082,29.195098876953125,1.4069647136238927e-07,6.984919309616089e-10,0.0,INT8,Not sufficient,0.1692877071714601,1.0,,,0.1653749060443067
middle,layer4.0.shortcut.1,BatchNorm2d,batchnorm,activation,5242880,-16.388755798339844,15.912111282348633,3.7101608540979214e-07,2.3283064365386963e-10,0.0,FP16,Sufficient,0.00017709055906870894,0.00048317624467731696,0.0,0.0,
middle,layer4.0.shortcut.1,BatchNorm2d,batchnorm,activation,5242880,-16.388755798339844,15.912111282348633,3.7101608540979214e-07,2.3283064365386963e-10,0.0,FP8_E4M3,Marginal,0.025496084862350527,1.0,0.0,0.0016,
middle,layer4.0.shortcut.1,BatchNorm2d,batchnorm,activation,5242880,-16.388755798339844,15.912111282348633,3.7101608540979214e-07,2.3283064365386963e-10,0.0,FP8_E5M2,Marginal,0.04471944156705155,0.11110110350780507,0.0,0.0,
middle,layer4.0.shortcut.1,BatchNorm2d,batchnorm,activation,5242880,-16.388755798339844,15.912111282348633,3.7101608540979214e-07,2.3283064365386963e-10,0.0,INT16,Sufficient,0.0016955120433832015,1.0,,,0.00042490036984469656
middle,layer4.0.shortcut.1,BatchNorm2d,batchnorm,activation,5242880,-16.388755798339844,15.912111282348633,3.7101608540979214e-07,2.3283064365386963e-10,0.0,INT8,Not sufficient,0.19582545368055063,1.0,,,0.10962764109213521
middle,layer4.0.shortcut.1,BatchNorm2d,batchnorm,weight_gradient,2560,-0.011596260592341423,0.013507318682968616,1.5624912919065537e-07,5.820766091346741e-11,0.0,FP16,Sufficient,0.00028915458259129407,0.14441555772117556,0.0,0.0,
middle,layer4.0.shortcut.1,BatchNorm2d,batchnorm,weight_gradient,2560,-0.011596260592341423,0.013507318682968616,1.5624912919065537e-07,5.820766091346741e-11,0.0,FP8_E4M3,Not sufficient,0.7639210045523901,1.0,0.0,0.641015625,
middle,layer4.0.shortcut.1,BatchNorm2d,batchnorm,weight_gradient,2560,-0.011596260592341423,0.013507318682968616,1.5624912919065537e-07,5.820766091346741e-11,0.0,FP8_E5M2,Marginal,0.05875169606404078,1.0,0.0,0.007421875,
middle,layer4.0.shortcut.1,BatchNorm2d,batchnorm,weight_gradient,2560,-0.011596260592341423,0.013507318682968616,1.5624912919065537e-07,5.820766091346741e-11,0.0,INT16,Sufficient,0.001106055324729371,1.0,,,4.1222323322149165e-07
middle,layer4.0.shortcut.1,BatchNorm2d,batchnorm,weight_gradient,2560,-0.011596260592341423,0.013507318682968616,1.5624912919065537e-07,5.820766091346741e-11,0.0,INT8,Not sufficient,0.11778819688867836,1.0,,,0.00010635684002337494
middle,layer4.0.shortcut.1,BatchNorm2d,batchnorm,weight_update,2560,-0.0008761882781982422,0.00041168928146362305,3.5762786865234375e-07,5.960464477539063e-08,0.0,FP16,Sufficient,0.00011751864807215874,0.0004870920603994155,0.0,0.0,
middle,layer4.0.shortcut.1,BatchNorm2d,batchnorm,weight_update,2560,-0.0008761882781982422,0.00041168928146362305,3.5762786865234375e-07,5.960464477539063e-08,0.0,FP8_E4M3,Not sufficient,1.0,1.0,0.0,1.0,
middle,layer4.0.shortcut.1,BatchNorm2d,batchnorm,weight_update,2560,-0.0008761882781982422,0.00041168928146362305,3.5762786865234375e-07,5.960464477539063e-08,0.0,FP8_E5M2,Not sufficient,0.0734962418169439,1.0,0.0,0.0171875,
middle,layer4.0.shortcut.1,BatchNorm2d,batchnorm,weight_update,2560,-0.0008761882781982422,0.00041168928146362305,3.5762786865234375e-07,5.960464477539063e-08,0.0,INT16,Sufficient,0.00012286287455719078,0.02798547318948937,,,2.673996027095072e-08
middle,layer4.0.shortcut.1,BatchNorm2d,batchnorm,weight_update,2560,-0.0008761882781982422,0.00041168928146362305,3.5762786865234375e-07,5.960464477539063e-08,0.0,INT8,Marginal,0.028980953240093848,1.0,,,6.8991203007735606e-06
middle,layer4.1.conv1,Conv2d,conv,weight,2359296,-0.0386202335357666,0.06525540351867676,2.9800246714728473e-09,7.275957614183426e-12,0.0,FP16,Sufficient,0.000187774050060873,0.05962572139460536,0.0,0.0,
middle,layer4.1.conv1,Conv2d,conv,weight,2359296,-0.0386202335357666,0.06525540351867676,2.9800246714728473e-09,7.275957614183426e-12,0.0,FP8_E4M3,Not sufficient,0.18839872057518306,1.0,0.0,0.08325,
middle,layer4.1.conv1,Conv2d,conv,weight,2359296,-0.0386202335357666,0.06525540351867676,2.9800246714728473e-09,7.275957614183426e-12,0.0,FP8_E5M2,Marginal,0.046276843395034774,1.0,0.0,0.0009,
middle,layer4.1.conv1,Conv2d,conv,weight,2359296,-0.0386202335357666,0.06525540351867676,2.9800246714728473e-09,7.275957614183426e-12,0.0,INT16,Sufficient,0.0004236476771408496,1.0,,,1.419421212515367e-06
middle,layer4.1.conv1,Conv2d,conv,weight,2359296,-0.0386202335357666,0.06525540351867676,2.9800246714728473e-09,7.275957614183426e-12,0.0,INT8,Marginal,0.048891564781515934,1.0,,,0.0003662218493739451
middle,layer4.1.conv1,Conv2d,conv,input,5242880,0.0,23.962547302246094,5.438923835754395e-07,4.656612873077393e-10,0.6071924209594727,FP16,Sufficient,6.944950726853824e-05,0.001775297996449404,0.0,0.0,
middle,layer4.1.conv1,Conv2d,conv,input,5242880,0.0,23.962547302246094,5.438923835754395e-07,4.656612873077393e-10,0.6071924209594727,FP8_E4M3,Sufficient,0.010502337255729717,1.0,0.0,0.0019093686354378818,
middle,layer4.1.conv1,Conv2d,conv,input,5242880,0.0,23.962547302246094,5.438923835754395e-07,4.656612873077393e-10,0.6071924209594727,FP8_E5M2,Sufficient,0.017410735097110747,0.173193379087606,0.0,0.0,
middle,layer4.1.conv1,Conv2d,conv,input,5242880,0.0,23.962547302246094,5.438923835754395e-07,4.656612873077393e-10,0.6071924209594727,INT16,Sufficient,0.0005781346281727433,1.0,,,0.0003047675875707618
middle,layer4.1.conv1,Conv2d,conv,input,5242880,0.0,23.962547302246094,5.438923835754395e-07,4.656612873077393e-10,0.6071924209594727,INT8,Marginal,0.06110222438855319,1.0,,,0.07863243733804057
middle,layer4.1.conv1,Conv2d,conv,activation,5242880,-12.273038864135742,17.65534210205078,7.450580596923828e-08,4.656612873077393e-10,0.0,FP16,Sufficient,0.00017584437196817255,0.0008438818565400844,0.0,0.0,
middle,layer4.1.conv1,Conv2d,conv,activation,5242880,-12.273038864135742,17.65534210205078,7.450580596923828e-08,4.656612873077393e-10,0.0,FP8_E4M3,Marginal,0.0259235139717709,1.0,0.0,0.0019,
middle,layer4.1.conv1,Conv2d,conv,activation,5242880,-12.273038864135742,17.65534210205078,7.450580596923828e-08,4.656612873077393e-10,0.0,FP8_E5M2,Marginal,0.045024420167514595,0.18941249226963514,0.0,0.0,
middle,layer4.1.conv1,Conv2d,conv,activation,5242880,-12.273038864135742,17.65534210205078,7.450580596923828e-08,4.656612873077393e-10,0.0,INT16,Sufficient,0.001995440518133638,1.0,,,0.00044954368439265545
middle,layer4.1.conv1,Conv2d,conv,activation,5242880,-12.273038864135742,17.65534210205078,7.450580596923828e-08,4.656612873077393e-10,0.0,INT8,Not sufficient,0.20505233759809752,1.0,,,0.11598581028735544
middle,layer4.1.conv1,Conv2d,conv,weight_gradient,11796480,-0.0040601338259875774,0.00454080943018198,1.8189894035458565e-11,4.547473508864641e-13,0.0,FP16,Sufficient,0.00084771959461407,1.0,0.0,5e-05,
middle,layer4.1.conv1,Conv2d,conv,weight_gradient,11796480,-0.0040601338259875774,0.00454080943018198,1.8189894035458565e-11,4.547473508864641e-13,0.0,FP8_E4M3,Not sufficient,0.9974459777455084,1.0,0.0,0.99285,
middle,layer4.1.conv1,Conv2d,conv,weight_gradient,11796480,-0.0040601338259875774,0.00454080943018198,1.8189894035458565e-11,4.547473508864641e-13,0.0,FP8_E5M2,Not sufficient,0.11351880349233844,1.0,0.0,0.0398,
middle,layer4.1.conv1,Conv2d,conv,weight_gradient,11796480,-0.0040601338259875774,0.00454080943018198,1.8189894035458565e-11,4.547473508864641e-13,0.0,INT16,Sufficient,0.0012502387550480352,1.0,,,8.995759774379292e-08
middle,layer4.1.conv1,Conv2d,conv,weight_gradient,11796480,-0.0040601338259875774,0.00454080943018198,1.8189894035458565e-11,4.547473508864641e-13,0.0,INT8,Not sufficient,0.14124195035020642,1.0,,,2.320976854543986e-05
middle,layer4.1.conv1,Conv2d,conv,weight_update,11796480,-0.00027733342722058296,0.0002813029568642378,2.9103830456733704e-11,4.547473508864641e-13,1.6276041666666666e-05,FP16,Sufficient,0.008275714471605048,1.0,0.0,0.0021,
middle,layer4.1.conv1,Conv2d,conv,weight_update,11796480,-0.00027733342722058296,0.0002813029568642378,2.9103830456733704e-11,4.547473508864641e-13,1.6276041666666666e-05,FP8_E4M3,Not sufficient,1.0,1.0,0.0,1.0,
middle,layer4.1.conv1,Conv2d,conv,weight_update,11796480,-0.00027733342722058296,0.0002813029568642378,2.9103830456733704e-11,4.547473508864641e-13,1.6276041666666666e-05,FP8_E5M2,Not sufficient,0.6126912129809685,1.0,0.0,0.452,
middle,layer4.1.conv1,Conv2d,conv,weight_update,11796480,-0.00027733342722058296,0.0002813029568642378,2.9103830456733704e-11,4.547473508864641e-13,1.6276041666666666e-05,INT16,Sufficient,0.0007363128377957985,1.0,,,4.359341142131524e-09
middle,layer4.1.conv1,Conv2d,conv,weight_update,11796480,-0.00027733342722058296,0.0002813029568642378,2.9103830456733704e-11,4.547473508864641e-13,1.6276041666666666e-05,INT8,Marginal,0.09598911619072459,1.0,,,1.1247443401907373e-06
middle,layer4.1.bn1,BatchNorm2d,batchnorm,weight,512,0.7447400093078613,0.8157170414924622,0.7447400093078613,1.7881393432617188e-07,0.0,FP16,Sufficient,0.00016586310962085735,0.0003205274751336322,0.0,0.0,
middle,layer4.1.bn1,BatchNorm2d,batchnorm,weight,512,0.7447400093078613,0.8157170414924622,0.7447400093078613,1.7881393432617188e-07,0.0,FP8_E4M3,Sufficient,0.01443655938172676,0.03808537363531278,0.0,0.0,
middle,layer4.1.bn1,BatchNorm2d,batchnorm,weight,512,0.7447400093078613,0.8157170414924622,0.7447400093078613,1.7881393432617188e-07,0.0,FP8_E5M2,Sufficient,0.014730403433026885,0.07267588574473305,0.0,0.0,
middle,layer4.1.bn1,BatchNorm2d,batchnorm,weight,512,0.7447400093078613,0.8157170414924622,0.7447400093078613,1.7881393432617188e-07,0.0,INT16,Sufficient,8.195857385041401e-06,1.6427469434855575e-05,,,2.48944682605201e-05
middle,layer4.1.bn1,BatchNorm2d,batchnorm,weight,512,0.7447400093078613,0.8157170414924622,0.7447400093078613,1.7881393432617188e-07,0.0,INT8,Sufficient,0.002127738207567287,0.004239965229840511,,,0.006422968830649308
middle,layer4.1.bn1,BatchNorm2d,batchnorm,bias,512,-0.05130922794342041,0.002156366128474474,0.0002157946873921901,1.0244548320770264e-08,0.0,FP16,Sufficient,0.0001637130524339103,0.00047238680647557397,0.0,0.0,
middle,layer4.1.bn1,BatchNorm2d,batchnorm,bias,512,-0.05130922794342041,0.002156366128474474,0.0002157946873921901,1.0244548320770264e-08,0.0,FP8_E4M3,Not sufficient,0.09677606956185669,1.0,0.0,0.03125,
middle,layer4.1.bn1,BatchNorm2d,batchnorm,bias,512,-0.05130922794342041,0.002156366128474474,0.0002157946873921901,1.0244548320770264e-08,0.0,FP8_E5M2,Marginal,0.04530871749285375,0.11019775450472166,0.0,0.0,
middle,layer4.1.bn1,BatchNorm2d,batchnorm,bias,512,-0.05130922794342041,0.002156366128474474,0.0002157946873921901,1.0244548320770264e-08,0.0,INT16,Sufficient,8.188869986048498e-05,0.0022188727911722425,,,1.5658811591973757e-06
middle,layer4.1.bn1,BatchNorm2d,batchnorm,bias,512,-0.05130922794342041,0.002156366128474474,0.0002157946873921901,1.0244548320770264e-08,0.0,INT8,Marginal,0.020492266554921024,0.8721946945411765,,,0.00040400966884583
middle,layer4.1.bn1,BatchNorm2d,batchnorm,input,5242880,-12.273038864135742,17.65534210205078,7.450580596923828e-08,4.656612873077393e-10,0.0,FP16,Sufficient,0.00017584437196817255,0.0008438818565400844,0.0,0.0,
middle,layer4.1.bn1,BatchNorm2d,batchnorm,input,5242880,-12.273038864135742,17.65534210205078,7.450580596923828e-08,4.656612873077393e-10,0.0,FP8_E4M3,Marginal,0.0259235139717709,1.0,0.0,0.0019,
middle,layer4.1.bn1,BatchNorm2d,batchnorm,input,5242880,-12.273038864135742,17.65534210205078,7.450580596923828e-08,4.656612873077393e-10,0.0,FP8_E5M2,Marginal,0.045024420167514595,0.18941249226963514,0.0,0.0,
middle,layer4.1.bn1,BatchNorm2d,batchnorm,input,5242880,-12.273038864135742,17.65534210205078,7.450580596923828e-08,4.656612873077393e-10,0.0,INT16,Sufficient,0.001995440518133638,1.0,,,0.00044954368439265545
middle,layer4.1.bn1,BatchNorm2d,batchnorm,input,5242880,-12.273038864135742,17.65534210205078,7.450580596923828e-08,4.656612873077393e-10,0.0,INT8,Not sufficient,0.20505233759809752,1.0,,,0.11598581028735544
middle,layer4.1.bn1,BatchNorm2d,batchnorm,activation,5242880,-14.326449394226074,19.693992614746094,8.93833771442587e-08,1.1641532182693481e-10,0.0,FP16,Sufficient,0.00017551745614842264,0.0004817578815079555,0.0,0.0,
middle,layer4.1.bn1,BatchNorm2d,batchnorm,activation,5242880,-14.326449394226074,19.693992614746094,8.93833771442587e-08,1.1641532182693481e-10,0.0,FP8_E4M3,Marginal,0.02552646360335778,1.0,0.0,0.0016,
middle,layer4.1.bn1,BatchNorm2d,batchnorm,activation,5242880,-14.326449394226074,19.693992614746094,8.93833771442587e-08,1.1641532182693481e-10,0.0,FP8_E5M2,Marginal,0.045023719746722264,0.11108862369038,0.0,0.0,
middle,layer4.1.bn1,BatchNorm2d,batchnorm,activation,5242880,-14.326449394226074,19.693992614746094,8.93833771442587e-08,1.1641532182693481e-10,0.0,INT16,Sufficient,0.001582094509687494,1.0,,,0.00044299585031161367
middle,layer4.1.bn1,BatchNorm2d,batchnorm,activation,5242880,-14.326449394226074,19.693992614746094,8.93833771442587e-08,1.1641532182693481e-10,0.0,INT8,Not sufficient,0.18578092345505054,1.0,,,0.11429641753669799
middle,layer4.1.bn1,BatchNorm2d,batchnorm,weight_gradient,2560,-0.01187929604202509,0.00888622086495161,3.0582481258534244e-07,3.346940502524376e-10,0.0,FP16,Sufficient,0.0002877613823207804,0.02550999260798119,0.0,0.0,
middle,layer4.1.bn1,BatchNorm2d,batchnorm,weight_gradient,2560,-0.01187929604202509,0.00888622086495161,3.0582481258534244e-07,3.346940502524376e-10,0.0,FP8_E4M3,Not sufficient,0.9053900268454725,1.0,0.0,0.85,
middle,layer4.1.bn1,BatchNorm2d,batchnorm,weight_gradient,2560,-0.01187929604202509,0.00888622086495161,3.0582481258534244e-07,3.346940502524376e-10,0.0,FP8_E5M2,Marginal,0.06627951192810957,1.0,0.0,0.009765625,
middle,layer4.1.bn1,BatchNorm2d,batchnorm,weight_gradient,2560,-0.01187929604202509,0.00888622086495161,3.0582481258534244e-07,3.346940502524376e-10,0.0,INT16,Sufficient,0.001068198267389016,0.18544471837303872,,,3.625384088267186e-07
middle,layer4.1.bn1,BatchNorm2d,batchnorm,weight_gradient,2560,-0.01187929604202509,0.00888622086495161,3.0582481258534244e-07,3.346940502524376e-10,0.0,INT8,Not sufficient,0.18295661495775065,1.0,,,9.353776411043378e-05
middle,layer4.1.bn1,BatchNorm2d,batchnorm,weight_update,2560,-0.0005877017974853516,0.0002110600471496582,3.4570693969726562e-06,5.960464477539063e-08,0.0,FP16,Sufficient,0.00011032802717396337,0.0004880429477794046,0.0,0.0,
middle,layer4.1.bn1,BatchNorm2d,batchnorm,weight_update,2560,-0.0005877017974853516,0.0002110600471496582,3.4570693969726562e-06,5.960464477539063e-08,0.0,FP8_E4M3,Not sufficient,1.0,1.0,0.0,1.0,
middle,layer4.1.bn1,BatchNorm2d,batchnorm,weight_update,2560,-0.0005877017974853516,0.0002110600471496582,3.4570693969726562e-06,5.960464477539063e-08,0.0,FP8_E5M2,Marginal,0.05033074842464823,1.0,0.0,0.0015625,
middle,layer4.1.bn1,BatchNorm2d,batchnorm,weight_update,2560,-0.0005877017974853516,0.0002110600471496582,3.4570693969726562e-06,5.960464477539063e-08,0.0,INT16,Sufficient,4.192066007885936e-05,0.001312295907467842,,,1.7935782875617284e-08
middle,layer4.1.bn1,BatchNorm2d,batchnorm,weight_update,2560,-0.0005877017974853516,0.0002110600471496582,3.4570693969726562e-06,5.960464477539063e-08,0.0,INT8,Sufficient,0.010889134902576836,0.3385826771653543,,,4.627573208546075e-06
middle,layer4.1.conv2,Conv2d,conv,weight,2359296,-0.02978498674929142,0.04089963808655739,1.0602048128305341e-08,4.547473508864641e-13,0.0,FP16,Sufficient,0.0001822087582314371,0.01608222235261633,0.0,0.0,
middle,layer4.1.conv2,Conv2d,conv,weight,2359296,-0.02978498674929142,0.04089963808655739,1.0602048128305341e-08,4.547473508864641e-13,0.0,FP8_E4M3,Not sufficient,0.19313391463011653,1.0,0.0,0.0865,
middle,layer4.1.conv2,Conv2d,conv,weight,2359296,-0.02978498674929142,0.04089963808655739,1.0602048128305341e-08,4.547473508864641e-13,0.0,FP8_E5M2,Marginal,0.04620418351442748,1.0,0.0,0.00055,
middle,layer4.1.conv2,Conv2d,conv,weight,2359296,-0.02978498674929142,0.04089963808655739,1.0602048128305341e-08,4.547473508864641e-13,0.0,INT16,Sufficient,0.00017916675806009912,0.23818037903706574,,,8.182649539010105e-07
middle,layer4.1.conv2,Conv2d,conv,weight,2359296,-0.02978498674929142,0.04089963808655739,1.0602048128305341e-08,4.547473508864641e-13,0.0,INT8,Marginal,0.030886911962266773,1.0,,,0.00021111880113759379
middle,layer4.1.conv2,Conv2d,conv,input,5242880,0.0,19.693992614746094,8.93833771442587e-08,2.3283064365386963e-10,0.5371259689331055,FP16,Sufficient,8.188348970034377e-05,0.00047872110076825473,0.0,0.0,
middle,layer4.1.conv2,Conv2d,conv,input,5242880,0.0,19.693992614746094,8.93833771442587e-08,2.3283064365386963e-10,0.5371259689331055,FP8_E4M3,Sufficient,0.011972997611871074,1.0,0.0,0.0018285468430676562,
middle,layer4.1.conv2,Conv2d,conv,input,5242880,0.0,19.693992614746094,8.93833771442587e-08,2.3283064365386963e-10,0.5371259689331055,FP8_E5M2,Marginal,0.020977650914867623,0.11108862369038,0.0,0.0,
middle,layer4.1.conv2,Conv2d,conv,input,5242880,0.0,19.693992614746094,8.93833771442587e-08,2.3283064365386963e-10,0.5371259689331055,INT16,Sufficient,0.0007485828350436365,1.0,,,0.00044299585031161367
middle,layer4.1.conv2,Conv2d,conv,input,5242880,0.0,19.693992614746094,8.93833771442587e-08,2.3283064365386963e-10,0.5371259689331055,INT8,Marginal,0.08559303495646972,1.0,,,0.11429641753669799
middle,layer4.1.conv2,Conv2d,conv,activation,5242880,-51.820892333984375,41.117889404296875,2.086162567138672e-07,1.862645149230957e-09,0.0,FP16,Sufficient,0.00017554536020884166,0.00048638051398563765,0.0,0.0,
middle,layer4.1.conv2,Conv2d,conv,activation,5242880,-51.820892333984375,41.117889404296875,2.086162567138672e-07,1.862645149230957e-09,0.0,FP8_E4M3,Marginal,0.024914049186551483,1.0,0.0,0.0008,
middle,layer4.1.conv2,Conv2d,conv,activation,5242880,-51.820892333984375,41.117889404296875,2.086162567138672e-07,1.862645149230957e-09,0.0,FP8_E5M2,Marginal,0.044688125446011646,0.11831088460138332,0.0,0.0,
middle,layer4.1.conv2,Conv2d,conv,activation,5242880,-51.820892333984375,41.117889404296875,2.086162567138672e-07,1.862645149230957e-09,0.0,INT16,Sufficient,0.0030109120621851127,1.0,,,0.0011972742921523799
middle,layer4.1.conv2,Conv2d,conv,activation,5242880,-51.820892333984375,41.117889404296875,2.086162567138672e-07,1.862645149230957e-09,0.0,INT8,Not sufficient,0.34341708588404707,1.0,,,0.30890619473194514
middle,layer4.1.conv2,Conv2d,conv,weight_gradient,11796480,-0.0035633444786071777,0.0031892373226583004,3.092281986027956e-11,2.2737367544323206e-13,0.0,FP16,Sufficient,0.0009154375306907344,1.0,0.0,0.00015,
middle,layer4.1.conv2,Conv2d,conv,weight_gradient,11796480,-0.0035633444786071777,0.0031892373226583004,3.092281986027956e-11,2.2737367544323206e-13,0.0,FP8_E4M3,Not sufficient,0.9994778121120964,1.0,0.0,0.9984,
middle,layer4.1.conv2,Conv2d,conv,weight_gradient,11796480,-0.0035633444786071777,0.0031892373226583004,3.092281986027956e-11,2.2737367544323206e-13,0.0,FP8_E5M2,Not sufficient,0.1218481241075548,1.0,0.0,0.046,
middle,layer4.1.conv2,Conv2d,conv,weight_gradient,11796480,-0.0035633444786071777,0.0031892373226583004,3.092281986027956e-11,2.2737367544323206e-13,0.0,INT16,Sufficient,0.0007760016432010587,1.0,,,5.010306261265889e-08
middle,layer4.1.conv2,Conv2d,conv,weight_gradient,11796480,-0.0035633444786071777,0.0031892373226583004,3.092281986027956e-11,2.2737367544323206e-13,0.0,INT8,Marginal,0.09726687913563936,1.0,,,1.2926984666370032e-05
middle,layer4.1.conv2,Conv2d,conv,weight_update,11796480,-0.00020333961583673954,0.0001659280969761312,1.0913936421275139e-11,2.2737367544323206e-13,2.2125244140625e-05,FP16,Sufficient,0.010118625400853051,1.0,0.0,0.003,
middle,layer4.1.conv2,Conv2d,conv,weight_update,11796480,-0.00020333961583673954,0.0001659280969761312,1.0913936421275139e-11,2.2737367544323206e-13,2.2125244140625e-05,FP8_E4M3,Not sufficient,1.0,1.0,0.0,1.0,
middle,layer4.1.conv2,Conv2d,conv,weight_update,11796480,-0.00020333961583673954,0.0001659280969761312,1.0913936421275139e-11,2.2737367544323206e-13,2.2125244140625e-05,FP8_E5M2,Not sufficient,0.6817278405810255,1.0,0.0,0.5246,
middle,layer4.1.conv2,Conv2d,conv,weight_update,11796480,-0.00020333961583673954,0.0001659280969761312,1.0913936421275139e-11,2.2737367544323206e-13,2.2125244140625e-05,INT16,Sufficient,0.0008846144817671391,1.0,,,3.4403610714995274e-09
middle,layer4.1.conv2,Conv2d,conv,weight_update,11796480,-0.00020333961583673954,0.0001659280969761312,1.0913936421275139e-11,2.2737367544323206e-13,2.2125244140625e-05,INT8,Marginal,0.08981929531721548,1.0,,,8.87640245904134e-07
middle,layer4.1.bn2,BatchNorm2d,batchnorm,weight,512,0.6487614512443542,0.8188727498054504,0.6487614512443542,1.1920928955078125e-07,0.0,FP16,Sufficient,0.00016323426934249075,0.00032971507068871737,0.0,0.0,
middle,layer4.1.bn2,BatchNorm2d,batchnorm,weight,512,0.6487614512443542,0.8188727498054504,0.6487614512443542,1.1920928955078125e-07,0.0,FP8_E4M3,Marginal,0.021537309988163583,0.04340185714059455,0.0,0.0,
middle,layer4.1.bn2,BatchNorm2d,batchnorm,weight,512,0.6487614512443542,0.8188727498054504,0.6487614512443542,1.1920928955078125e-07,0.0,FP8_E5M2,Marginal,0.023679324679140943,0.08752573416927249,0.0,0.0,
middle,layer4.1.bn2,BatchNorm2d,batchnorm,weight,512,0.6487614512443542,0.8188727498054504,0.6487614512443542,1.1920928955078125e-07,0.0,INT16,Sufficient,8.596172792031287e-06,1.7864536062626577e-05,,,2.4990775774573517e-05
middle,layer4.1.bn2,BatchNorm2d,batchnorm,weight,512,0.6487614512443542,0.8188727498054504,0.6487614512443542,1.1920928955078125e-07,0.0,INT8,Sufficient,0.0022045927629176093,0.004471550439045446,,,0.006447816927601972
middle,layer4.1.bn2,BatchNorm2d,batchnorm,bias,512,-0.15788064897060394,-0.05282360315322876,0.05282360315322876,1.2665987014770508e-07,0.0,FP16,Sufficient,0.00017426553279547413,0.00046609597734929067,0.0,0.0,
middle,layer4.1.bn2,BatchNorm2d,batchnorm,bias,512,-0.15788064897060394,-0.05282360315322876,0.05282360315322876,1.2665987014770508e-07,0.0,FP8_E4M3,Marginal,0.0225501497637239,0.056113092589854606,0.0,0.0,
middle,layer4.1.bn2,BatchNorm2d,batchnorm,bias,512,-0.15788064897060394,-0.05282360315322876,0.05282360315322876,1.2665987014770508e-07,0.0,FP8_E5M2,Marginal,0.041572570879862755,0.11106401358782386,0.0,0.0,
middle,layer4.1.bn2,BatchNorm2d,batchnorm,bias,512,-0.15788064897060394,-0.05282360315322876,0.05282360315322876,1.2665987014770508e-07,0.0,INT16,Sufficient,1.3495201832108493e-05,3.9774612061766174e-05,,,4.818282081685963e-06
middle,layer4.1.bn2,BatchNorm2d,batchnorm,bias,512,-0.15788064897060394,-0.05282360315322876,0.05282360315322876,1.2665987014770508e-07,0.0,INT8,Sufficient,0.0035370693415244683,0.01156878804138812,,,0.001243154716303968
middle,layer4.1.bn2,BatchNorm2d,batchnorm,input,5242880,-51.820892333984375,41.117889404296875,2.086162567138672e-07,1.862645149230957e-09,0.0,FP16,Sufficient,0.00017554536020884166,0.00048638051398563765,0.0,0.0,
middle,layer4.1.bn2,BatchNorm2d,batchnorm,input,5242880,-51.820892333984375,41.117889404296875,2.086162567138672e-07,1.862645149230957e-09,0.0,FP8_E4M3,Marginal,0.024914049186551483,1.0,0.0,0.0008,
middle,layer4.1.bn2,BatchNorm2d,batchnorm,input,5242880,-51.820892333984375,41.117889404296875,2.086162567138672e-07,1.862645149230957e-09,0.0,FP8_E5M2,Marginal,0.044688125446011646,0.11831088460138332,0.0,0.0,
middle,layer4.1.bn2,BatchNorm2d,batchnorm,input,5242880,-51.820892333984375,41.117889404296875,2.086162567138672e-07,1.862645149230957e-09,0.0,INT16,Sufficient,0.0030109120621851127,1.0,,,0.0011972742921523799
middle,layer4.1.bn2,BatchNorm2d,batchnorm,input,5242880,-51.820892333984375,41.117889404296875,2.086162567138672e-07,1.862645149230957e-09,0.0,INT8,Not sufficient,0.34341708588404707,1.0,,,0.30890619473194514
middle,layer4.1.bn2,BatchNorm2d,batchnorm,activation,5242880,-20.328136444091797,15.584172248840332,2.5863613473120495e-09,1.7462298274040222e-10,0.0,FP16,Sufficient,0.00017473296536190186,0.0005660458862495561,0.0,0.0,
middle,layer4.1.bn2,BatchNorm2d,batchnorm,activation,5242880,-20.328136444091797,15.584172248840332,2.5863613473120495e-09,1.7462298274040222e-10,0.0,FP8_E4M3,Marginal,0.030000530253084474,1.0,0.0,0.0039,
middle,layer4.1.bn2,BatchNorm2d,batchnorm,activation,5242880,-20.328136444091797,15.584172248840332,2.5863613473120495e-09,1.7462298274040222e-10,0.0,FP8_E5M2,Marginal,0.04493553847224593,0.17950411328360702,0.0,0.0,
middle,layer4.1.bn2,BatchNorm2d,batchnorm,activation,5242880,-20.328136444091797,15.584172248840332,2.5863613473120495e-09,1.7462298274040222e-10,0.0,INT16,Sufficient,0.0035787647423094087,1.0,,,0.0004443690400428177
middle,layer4.1.bn2,BatchNorm2d,batchnorm,activation,5242880,-20.328136444091797,15.584172248840332,2.5863613473120495e-09,1.7462298274040222e-10,0.0,INT8,Not sufficient,0.3347610884309802,1.0,,,0.1146507112998662
middle,layer4.1.bn2,BatchNorm2d,batchnorm,weight_gradient,2560,-0.011018062941730022,0.014041542075574398,5.695091331858748e-08,3.2014213502407074e-10,0.0,FP16,Sufficient,0.0002872424665421251,0.05426620416205139,0.0,0.0,
middle,layer4.1.bn2,BatchNorm2d,batchnorm,weight_gradient,2560,-0.011018062941730022,0.014041542075574398,5.695091331858748e-08,3.2014213502407074e-10,0.0,FP8_E4M3,Not sufficient,0.8241411836550874,1.0,0.0,0.715625,
middle,layer4.1.bn2,BatchNorm2d,batchnorm,weight_gradient,2560,-0.011018062941730022,0.014041542075574398,5.695091331858748e-08,3.2014213502407074e-10,0.0,FP8_E5M2,Not sufficient,0.06105412175718422,1.0,0.0,0.01015625,
middle,layer4.1.bn2,BatchNorm2d,batchnorm,weight_gradient,2560,-0.011018062941730022,0.014041542075574398,5.695091331858748e-08,3.2014213502407074e-10,0.0,INT16,Sufficient,0.0013802084279033856,1.0,,,4.2852693489103057e-07
middle,layer4.1.bn2,BatchNorm2d,batchnorm,weight_gradient,2560,-0.011018062941730022,0.014041542075574398,5.695091331858748e-08,3.2014213502407074e-10,0.0,INT8,Not sufficient,0.1384696622600482,1.0,,,0.00011056332342971967
middle,layer4.1.bn2,BatchNorm2d,batchnorm,weight_update,2560,-0.0010407567024230957,0.00023651123046875,1.7881393432617188e-07,5.960464477539063e-08,0.0,FP16,Sufficient,0.00011534159167596622,0.0004880429477794046,0.0,0.0,
middle,layer4.1.bn2,BatchNorm2d,batchnorm,weight_update,2560,-0.0010407567024230957,0.00023651123046875,1.7881393432617188e-07,5.960464477539063e-08,0.0,FP8_E4M3,Not sufficient,0.9999303865436537,1.0,0.0,0.99921875,
middle,layer4.1.bn2,BatchNorm2d,batchnorm,weight_update,2560,-0.0010407567024230957,0.00023651123046875,1.7881393432617188e-07,5.960464477539063e-08,0.0,FP8_E5M2,Not sufficient,0.060386405501380136,1.0,0.0,0.01015625,
middle,layer4.1.bn2,BatchNorm2d,batchnorm,weight_update,2560,-0.0010407567024230957,0.00023651123046875,1.7881393432617188e-07,5.960464477539063e-08,0.0,INT16,Sufficient,0.00017324762865702568,0.06576738792077386,,,3.1762343285106833e-08
middle,layer4.1.bn2,BatchNorm2d,batchnorm,weight_update,2560,-0.0010407567024230957,0.00023651123046875,1.7881393432617188e-07,5.960464477539063e-08,0.0,INT8,Marginal,0.02655141404112541,1.0,,,8.194934664748785e-06
middle,fc,Linear,linear,weight,5120,-0.27988380193710327,0.2994723320007324,1.2087512914149556e-05,2.7939677238464355e-09,0.0,FP16,Sufficient,0.00017609650096198204,0.001011785910104323,0.0,0.0,
middle,fc,Linear,linear,weight,5120,-0.27988380193710327,0.2994723320007324,1.2087512914149556e-05,2.7939677238464355e-09,0.0,FP8_E4M3,Not sufficient,0.04470626642189096,1.0,0.0,0.010546875,
middle,fc,Linear,linear,weight,5120,-0.27988380193710327,0.2994723320007324,1.2087512914149556e-05,2.7939677238464355e-09,0.0,FP8_E5M2,Marginal,0.04515699063673011,0.3264252899408022,0.0,0.0,
middle,fc,Linear,linear,weight,5120,-0.27988380193710327,0.2994723320007324,1.2087512914149556e-05,2.7939677238464355e-09,0.0,INT16,Sufficient,0.0002595616600615838,0.24389332471655478,,,9.139449201963329e-06
middle,fc,Linear,linear,weight,5120,-0.27988380193710327,0.2994723320007324,1.2087512914149556e-05,2.7939677238464355e-09,0.0,INT8,Marginal,0.04046070177045395,1.0,,,0.0023580498582734836
middle,fc,Linear,linear,bias,10,-0.12841592729091644,0.06168002262711525,0.00012392585631459951,0.0030947327613830566,0.0,FP16,Sufficient,0.0001750870805365856,0.0004180307463962462,0.0,0.0,
middle,fc,Linear,linear,bias,10,-0.12841592729091644,0.06168002262711525,0.00012392585631459951,0.0030947327613830566,0.0,FP8_E4M3,Not sufficient,0.12093421529946358,1.0,0.0,0.1,
middle,fc,Linear,linear,bias,10,-0.12841592729091644,0.06168002262711525,0.00012392585631459951,0.0030947327613830566,0.0,FP8_E5M2,Marginal,0.03459828397289937,0.08119017599299845,0.0,0.0,
middle,fc,Linear,linear,bias,10,-0.12841592729091644,0.06168002262711525,0.00012392585631459951,0.0030947327613830566,0.0,INT16,Sufficient,0.0012164342176860896,0.01197611163832029,,,3.9190626938968e-06
middle,fc,Linear,linear,bias,10,-0.12841592729091644,0.06168002262711525,0.00012392585631459951,0.0030947327613830566,0.0,INT8,Not sufficient,0.10637996245840504,1.0,,,0.0010111490337867436
middle,fc,Linear,linear,input,327680,0.0,4.024848937988281,2.9802322387695312e-08,4.656612873077393e-10,0.032135009765625,FP16,Sufficient,0.00017101615902189577,0.0020249447441846556,0.0,0.0,
middle,fc,Linear,linear,input,327680,0.0,4.024848937988281,2.9802322387695312e-08,4.656612873077393e-10,0.032135009765625,FP8_E4M3,Marginal,0.029285004327047767,1.0,0.0,0.003979739507959479,
middle,fc,Linear,linear,input,327680,0.0,4.024848937988281,2.9802322387695312e-08,4.656612873077393e-10,0.032135009765625,FP8_E5M2,Marginal,0.04327931786018494,0.5298300248232858,0.0,0.0,
middle,fc,Linear,linear,input,327680,0.0,4.024848937988281,2.9802322387695312e-08,4.656612873077393e-10,0.032135009765625,INT16,Sufficient,0.0011083582149314188,1.0,,,0.0001188913132232164
middle,fc,Linear,linear,input,327680,0.0,4.024848937988281,2.9802322387695312e-08,4.656612873077393e-10,0.032135009765625,INT8,Not sufficient,0.11570904286494933,1.0,,,0.030674894963662457
middle,fc,Linear,linear,activation,6400,-7.618812561035156,17.2178955078125,0.001660998910665512,2.384185791015625e-07,0.0,FP16,Sufficient,0.00017447604074069547,0.0004860223099342984,0.0,0.0,
middle,fc,Linear,linear,activation,6400,-7.618812561035156,17.2178955078125,0.001660998910665512,2.384185791015625e-07,0.0,FP8_E4M3,Marginal,0.02265192076831366,0.27842148031330943,0.0,0.0,
middle,fc,Linear,linear,activation,6400,-7.618812561035156,17.2178955078125,0.001660998910665512,2.384185791015625e-07,0.0,FP8_E5M2,Marginal,0.045253461384119446,0.11099985873255869,0.0,0.0,
middle,fc,Linear,linear,activation,6400,-7.618812561035156,17.2178955078125,0.001660998910665512,2.384185791015625e-07,0.0,INT16,Sufficient,0.00028268712476444265,0.14044823245901555,,,0.0005254645072119053
middle,fc,Linear,linear,activation,6400,-7.618812561035156,17.2178955078125,0.001660998910665512,2.384185791015625e-07,0.0,INT8,Marginal,0.049661312710197004,1.0,,,0.1355739803764764
middle,fc,Linear,linear,weight_gradient,25600,-0.055614717304706573,0.04959844425320625,5.625770427286625e-08,5.820766091346741e-11,0.0,FP16,Sufficient,0.00019457814543521153,0.14666666666666667,0.0,0.0,
middle,fc,Linear,linear,weight_gradient,25600,-0.055614717304706573,0.04959844425320625,5.625770427286625e-08,5.820766091346741e-11,0.0,FP8_E4M3,Not sufficient,0.2895384229806778,1.0,0.0,0.15615,
middle,fc,Linear,linear,weight_gradient,25600,-0.055614717304706573,0.04959844425320625,5.625770427286625e-08,5.820766091346741e-11,0.0,FP8_E5M2,Marginal,0.04716417334624119,1.0,0.0,0.00145,
middle,fc,Linear,linear,weight_gradient,25600,-0.055614717304706573,0.04959844425320625,5.625770427286625e-08,5.820766091346741e-11,0.0,INT16,Sufficient,0.0007507489406430785,1.0,,,1.6972782770685926e-06
middle,fc,Linear,linear,weight_gradient,25600,-0.055614717304706573,0.04959844425320625,5.625770427286625e-08,5.820766091346741e-11,0.0,INT8,Marginal,0.09250499655715141,1.0,,,0.00043791115987957933
middle,fc,Linear,linear,weight_update,25600,-0.002898111939430237,0.0037384629249572754,2.9802322387695312e-08,2.9103830456733704e-11,0.0,FP16,Sufficient,0.0004696157502960566,1.0,0.0,5e-05,
middle,fc,Linear,linear,weight_update,25600,-0.002898111939430237,0.0037384629249572754,2.9802322387695312e-08,2.9103830456733704e-11,0.0,FP8_E4M3,Not sufficient,0.9722978236073031,1.0,0.0,0.93965,
middle,fc,Linear,linear,weight_update,25600,-0.002898111939430237,0.0037384629249572754,2.9802322387695312e-08,2.9103830456733704e-11,0.0,FP8_E5M2,Not sufficient,0.07885608756320579,1.0,0.0,0.01945,
middle,fc,Linear,linear,weight_update,25600,-0.002898111939430237,0.0037384629249572754,2.9802322387695312e-08,2.9103830456733704e-11,0.0,INT16,Sufficient,0.0007352867884683785,1.0,,,1.1409231620097279e-07
middle,fc,Linear,linear,weight_update,25600,-0.002898111939430237,0.0037384629249572754,2.9802322387695312e-08,2.9103830456733704e-11,0.0,INT8,Marginal,0.09687329827988383,1.0,,,2.9436715944545474e-05
middle,relu1,ReLU,activation,input,41943040,0.0,8.506637573242188,4.9228312093418936e-08,4.656612873077393e-10,0.4890033006668091,FP16,Sufficient,9.01586890011272e-05,0.0013346851426923228,0.0,0.0,
middle,relu1,ReLU,activation,input,41943040,0.0,8.506637573242188,4.9228312093418936e-08,4.656612873077393e-10,0.4890033006668091,FP8_E4M3,Sufficient,0.012845220357672923,1.0,0.0,0.0013717421124828531,
middle,relu1,ReLU,activation,input,41943040,0.0,8.506637573242188,4.9228312093418936e-08,4.656612873077393e-10,0.4890033006668091,FP8_E5M2,Marginal,0.022921284134894603,0.23455592633691388,0.0,0.0,
middle,relu1,ReLU,activation,input,41943040,0.0,8.506637573242188,4.9228312093418936e-08,4.656612873077393e-10,0.4890033006668091,INT16,Sufficient,0.00032480367228399684,1.0,,,0.0001419466961495014
middle,relu1,ReLU,activation,input,41943040,0.0,8.506637573242188,4.9228312093418936e-08,4.656612873077393e-10,0.4890033006668091,INT8,Marginal,0.03364218578877266,1.0,,,0.03662336529709223
middle,relu1,ReLU,activation,activation,41943040,0.0,8.506637573242188,4.9228312093418936e-08,4.656612873077393e-10,0.4890033006668091,FP16,Sufficient,9.01586890011272e-05,0.0013346851426923228,0.0,0.0,
middle,relu1,ReLU,activation,activation,41943040,0.0,8.506637573242188,4.9228312093418936e-08,4.656612873077393e-10,0.4890033006668091,FP8_E4M3,Sufficient,0.012845220357672923,1.0,0.0,0.0013717421124828531,
middle,relu1,ReLU,activation,activation,41943040,0.0,8.506637573242188,4.9228312093418936e-08,4.656612873077393e-10,0.4890033006668091,FP8_E5M2,Marginal,0.022921284134894603,0.23455592633691388,0.0,0.0,
middle,relu1,ReLU,activation,activation,41943040,0.0,8.506637573242188,4.9228312093418936e-08,4.656612873077393e-10,0.4890033006668091,INT16,Sufficient,0.00032480367228399684,1.0,,,0.0001419466961495014
middle,relu1,ReLU,activation,activation,41943040,0.0,8.506637573242188,4.9228312093418936e-08,4.656612873077393e-10,0.4890033006668091,INT8,Marginal,0.03364218578877266,1.0,,,0.03662336529709223
middle,layer1.0.relu1,ReLU,activation,input,41943040,0.0,7.205312252044678,1.6965671534308058e-08,6.402842700481415e-10,0.4692319393157959,FP16,Sufficient,9.374418043672999e-05,0.00048227483918577874,0.0,0.0,
middle,layer1.0.relu1,ReLU,activation,input,41943040,0.0,7.205312252044678,1.6965671534308058e-08,6.402842700481415e-10,0.4692319393157959,FP8_E4M3,Sufficient,0.013201096964491324,1.0,0.0,0.0011342155009451795,
middle,layer1.0.relu1,ReLU,activation,input,41943040,0.0,7.205312252044678,1.6965671534308058e-08,6.402842700481415e-10,0.4692319393157959,FP8_E5M2,Marginal,0.023902227734943368,0.11110027936027303,0.0,0.0,
middle,layer1.0.relu1,ReLU,activation,input,41943040,0.0,7.205312252044678,1.6965671534308058e-08,6.402842700481415e-10,0.4692319393157959,INT16,Sufficient,0.0003258511884800362,1.0,,,0.00017968902590219003
middle,layer1.0.relu1,ReLU,activation,input,41943040,0.0,7.205312252044678,1.6965671534308058e-08,6.402842700481415e-10,0.4692319393157959,INT8,Marginal,0.041987229256547465,1.0,,,0.04636118355698473
middle,layer1.0.relu1,ReLU,activation,activation,41943040,0.0,7.205312252044678,1.6965671534308058e-08,6.402842700481415e-10,0.4692319393157959,FP16,Sufficient,9.374418043672999e-05,0.00048227483918577874,0.0,0.0,
middle,layer1.0.relu1,ReLU,activation,activation,41943040,0.0,7.205312252044678,1.6965671534308058e-08,6.402842700481415e-10,0.4692319393157959,FP8_E4M3,Sufficient,0.013201096964491324,1.0,0.0,0.0011342155009451795,
middle,layer1.0.relu1,ReLU,activation,activation,41943040,0.0,7.205312252044678,1.6965671534308058e-08,6.402842700481415e-10,0.4692319393157959,FP8_E5M2,Marginal,0.023902227734943368,0.11110027936027303,0.0,0.0,
middle,layer1.0.relu1,ReLU,activation,activation,41943040,0.0,7.205312252044678,1.6965671534308058e-08,6.402842700481415e-10,0.4692319393157959,INT16,Sufficient,0.0003258511884800362,1.0,,,0.00017968902590219003
middle,layer1.0.relu1,ReLU,activation,activation,41943040,0.0,7.205312252044678,1.6965671534308058e-08,6.402842700481415e-10,0.4692319393157959,INT8,Marginal,0.041987229256547465,1.0,,,0.04636118355698473
middle,layer1.0.relu2,ReLU,activation,input,41943040,0.0,11.02932357788086,3.1015247259347234e-08,5.529727786779404e-10,0.38400700092315676,FP16,Sufficient,0.00010808881177058555,0.000482611231494883,0.0,0.0,
middle,layer1.0.relu2,ReLU,activation,input,41943040,0.0,11.02932357788086,3.1015247259347234e-08,5.529727786779404e-10,0.38400700092315676,FP8_E4M3,Sufficient,0.014746227158732373,1.0,0.0,0.00048764629388816646,
middle,layer1.0.relu2,ReLU,activation,input,41943040,0.0,11.02932357788086,3.1015247259347234e-08,5.529727786779404e-10,0.38400700092315676,FP8_E5M2,Marginal,0.027329799791045866,0.11105083274561926,0.0,0.0,
middle,layer1.0.relu2,ReLU,activation,input,41943040,0.0,11.02932357788086,3.1015247259347234e-08,5.529727786779404e-10,0.38400700092315676,INT16,Sufficient,0.0002858131513185557,0.9050986619663075,,,0.00019355818106744178
middle,layer1.0.relu2,ReLU,activation,input,41943040,0.0,11.02932357788086,3.1015247259347234e-08,5.529727786779404e-10,0.38400700092315676,INT8,Marginal,0.037299603182798305,1.0,,,0.04993953479556587
middle,layer1.0.relu2,ReLU,activation,activation,41943040,0.0,11.02932357788086,3.1015247259347234e-08,5.529727786779404e-10,0.38400700092315676,FP16,Sufficient,0.00010808881177058555,0.000482611231494883,0.0,0.0,
middle,layer1.0.relu2,ReLU,activation,activation,41943040,0.0,11.02932357788086,3.1015247259347234e-08,5.529727786779404e-10,0.38400700092315676,FP8_E4M3,Sufficient,0.014746227158732373,1.0,0.0,0.00048764629388816646,
middle,layer1.0.relu2,ReLU,activation,activation,41943040,0.0,11.02932357788086,3.1015247259347234e-08,5.529727786779404e-10,0.38400700092315676,FP8_E5M2,Marginal,0.027329799791045866,0.11105083274561926,0.0,0.0,
middle,layer1.0.relu2,ReLU,activation,activation,41943040,0.0,11.02932357788086,3.1015247259347234e-08,5.529727786779404e-10,0.38400700092315676,INT16,Sufficient,0.0002858131513185557,0.9050986619663075,,,0.00019355818106744178
middle,layer1.0.relu2,ReLU,activation,activation,41943040,0.0,11.02932357788086,3.1015247259347234e-08,5.529727786779404e-10,0.38400700092315676,INT8,Marginal,0.037299603182798305,1.0,,,0.04993953479556587
middle,layer1.1.relu1,ReLU,activation,input,41943040,0.0,6.476907253265381,1.7036580146623237e-08,2.9103830456733704e-10,0.5129064321517944,FP16,Sufficient,8.611614754553615e-05,0.0004862617685030444,0.0,0.0,
middle,layer1.1.relu1,ReLU,activation,input,41943040,0.0,6.476907253265381,1.7036580146623237e-08,2.9103830456733704e-10,0.5129064321517944,FP8_E4M3,Sufficient,0.012385419088526344,1.0,0.0,0.0013249082755809212,
middle,layer1.1.relu1,ReLU,activation,input,41943040,0.0,6.476907253265381,1.7036580146623237e-08,2.9103830456733704e-10,0.5129064321517944,FP8_E5M2,Marginal,0.02214670240967305,0.11103311490155734,0.0,0.0,
middle,layer1.1.relu1,ReLU,activation,input,41943040,0.0,6.476907253265381,1.7036580146623237e-08,2.9103830456733704e-10,0.5129064321517944,INT16,Sufficient,0.00023222197677458018,0.24938735844638815,,,0.00015536126471396735
middle,layer1.1.relu1,ReLU,activation,input,41943040,0.0,6.476907253265381,1.7036580146623237e-08,2.9103830456733704e-10,0.5129064321517944,INT8,Marginal,0.036102594138360415,1.0,,,0.04008442961324857
middle,layer1.1.relu1,ReLU,activation,activation,41943040,0.0,6.476907253265381,1.7036580146623237e-08,2.9103830456733704e-10,0.5129064321517944,FP16,Sufficient,8.611614754553615e-05,0.0004862617685030444,0.0,0.0,
middle,layer1.1.relu1,ReLU,activation,activation,41943040,0.0,6.476907253265381,1.7036580146623237e-08,2.9103830456733704e-10,0.5129064321517944,FP8_E4M3,Sufficient,0.012385419088526344,1.0,0.0,0.0013249082755809212,
middle,layer1.1.relu1,ReLU,activation,activation,41943040,0.0,6.476907253265381,1.7036580146623237e-08,2.9103830456733704e-10,0.5129064321517944,FP8_E5M2,Marginal,0.02214670240967305,0.11103311490155734,0.0,0.0,
middle,layer1.1.relu1,ReLU,activation,activation,41943040,0.0,6.476907253265381,1.7036580146623237e-08,2.9103830456733704e-10,0.5129064321517944,INT16,Sufficient,0.00023222197677458018,0.24938735844638815,,,0.00015536126471396735
middle,layer1.1.relu1,ReLU,activation,activation,41943040,0.0,6.476907253265381,1.7036580146623237e-08,2.9103830456733704e-10,0.5129064321517944,INT8,Marginal,0.036102594138360415,1.0,,,0.04008442961324857
middle,layer1.1.relu2,ReLU,activation,input,41943040,0.0,18.607738494873047,1.1920928955078125e-07,4.656612873077393e-10,0.3500948667526245,FP16,Sufficient,0.00011368773615141836,0.0005361019411627657,0.0,0.0,
middle,layer1.1.relu2,ReLU,activation,input,41943040,0.0,18.607738494873047,1.1920928955078125e-07,4.656612873077393e-10,0.3500948667526245,FP8_E4M3,Sufficient,0.015303942332749815,1.0,0.0,0.0004626773596545342,
middle,layer1.1.relu2,ReLU,activation,input,41943040,0.0,18.607738494873047,1.1920928955078125e-07,4.656612873077393e-10,0.3500948667526245,FP8_E5M2,Marginal,0.029197607158389646,0.16426019134971667,0.0,0.0,
middle,layer1.1.relu2,ReLU,activation,input,41943040,0.0,18.607738494873047,1.1920928955078125e-07,4.656612873077393e-10,0.3500948667526245,INT16,Sufficient,0.00028448051843162146,1.0,,,0.00025636245308896787
middle,layer1.1.relu2,ReLU,activation,input,41943040,0.0,18.607738494873047,1.1920928955078125e-07,4.656612873077393e-10,0.3500948667526245,INT8,Marginal,0.040679867035957516,1.0,,,0.06614353149894654
middle,layer1.1.relu2,ReLU,activation,activation,41943040,0.0,18.607738494873047,1.1920928955078125e-07,4.656612873077393e-10,0.3500948667526245,FP16,Sufficient,0.00011368773615141836,0.0005361019411627657,0.0,0.0,
middle,layer1.1.relu2,ReLU,activation,activation,41943040,0.0,18.607738494873047,1.1920928955078125e-07,4.656612873077393e-10,0.3500948667526245,FP8_E4M3,Sufficient,0.015303942332749815,1.0,0.0,0.0004626773596545342,
middle,layer1.1.relu2,ReLU,activation,activation,41943040,0.0,18.607738494873047,1.1920928955078125e-07,4.656612873077393e-10,0.3500948667526245,FP8_E5M2,Marginal,0.029197607158389646,0.16426019134971667,0.0,0.0,
middle,layer1.1.relu2,ReLU,activation,activation,41943040,0.0,18.607738494873047,1.1920928955078125e-07,4.656612873077393e-10,0.3500948667526245,INT16,Sufficient,0.00028448051843162146,1.0,,,0.00025636245308896787
middle,layer1.1.relu2,ReLU,activation,activation,41943040,0.0,18.607738494873047,1.1920928955078125e-07,4.656612873077393e-10,0.3500948667526245,INT8,Marginal,0.040679867035957516,1.0,,,0.06614353149894654
middle,layer2.0.relu1,ReLU,activation,input,20971520,0.0,9.70328140258789,3.080905841557069e-08,6.984919309616089e-10,0.5232535362243652,FP16,Sufficient,8.202539926774097e-05,0.00048152462006569176,0.0,0.0,
middle,layer2.0.relu1,ReLU,activation,input,20971520,0.0,9.70328140258789,3.080905841557069e-08,6.984919309616089e-10,0.5232535362243652,FP8_E4M3,Sufficient,0.01197084382385142,1.0,0.0,0.001589825119236884,
middle,layer2.0.relu1,ReLU,activation,input,20971520,0.0,9.70328140258789,3.080905841557069e-08,6.984919309616089e-10,0.5232535362243652,FP8_E5M2,Marginal,0.020984621509570093,0.11697248363027561,0.0,0.0,
middle,layer2.0.relu1,ReLU,activation,input,20971520,0.0,9.70328140258789,3.080905841557069e-08,6.984919309616089e-10,0.5232535362243652,INT16,Sufficient,0.00023221185422118285,1.0,,,0.00014101588358960437
middle,layer2.0.relu1,ReLU,activation,input,20971520,0.0,9.70328140258789,3.080905841557069e-08,6.984919309616089e-10,0.5232535362243652,INT8,Marginal,0.03029546576359611,1.0,,,0.03638320832740603
middle,layer2.0.relu1,ReLU,activation,activation,20971520,0.0,9.70328140258789,3.080905841557069e-08,6.984919309616089e-10,0.5232535362243652,FP16,Sufficient,8.202539926774097e-05,0.00048152462006569176,0.0,0.0,
middle,layer2.0.relu1,ReLU,activation,activation,20971520,0.0,9.70328140258789,3.080905841557069e-08,6.984919309616089e-10,0.5232535362243652,FP8_E4M3,Sufficient,0.01197084382385142,1.0,0.0,0.001589825119236884,
middle,layer2.0.relu1,ReLU,activation,activation,20971520,0.0,9.70328140258789,3.080905841557069e-08,6.984919309616089e-10,0.5232535362243652,FP8_E5M2,Marginal,0.020984621509570093,0.11697248363027561,0.0,0.0,
middle,layer2.0.relu1,ReLU,activation,activation,20971520,0.0,9.70328140258789,3.080905841557069e-08,6.984919309616089e-10,0.5232535362243652,INT16,Sufficient,0.00023221185422118285,1.0,,,0.00014101588358960437
middle,layer2.0.relu1,ReLU,activation,activation,20971520,0.0,9.70328140258789,3.080905841557069e-08,6.984919309616089e-10,0.5232535362243652,INT8,Marginal,0.03029546576359611,1.0,,,0.03638320832740603
middle,layer2.0.relu2,ReLU,activation,input,20971520,0.0,14.639087677001953,9.685754776000977e-08,3.725290298461914e-09,0.5352363109588623,FP16,Sufficient,8.180970527177364e-05,0.00048520135856380397,0.0,0.0,
middle,layer2.0.relu2,ReLU,activation,input,20971520,0.0,14.639087677001953,9.685754776000977e-08,3.725290298461914e-09,0.5352363109588623,FP8_E4M3,Sufficient,0.011344660962774986,1.0,0.0,0.0010789814415192059,
middle,layer2.0.relu2,ReLU,activation,input,20971520,0.0,14.639087677001953,9.685754776000977e-08,3.725290298461914e-09,0.5352363109588623,FP8_E5M2,Marginal,0.020745075581439204,0.11108878750723089,0.0,0.0,
middle,layer2.0.relu2,ReLU,activation,input,20971520,0.0,14.639087677001953,9.685754776000977e-08,3.725290298461914e-09,0.5352363109588623,INT16,Sufficient,0.000231054987012186,1.0,,,0.00019362261891456005
middle,layer2.0.relu2,ReLU,activation,input,20971520,0.0,14.639087677001953,9.685754776000977e-08,3.725290298461914e-09,0.5352363109588623,INT8,Marginal,0.025836887477892298,1.0,,,0.049956160267506995
middle,layer2.0.relu2,ReLU,activation,activation,20971520,0.0,14.639087677001953,9.685754776000977e-08,3.725290298461914e-09,0.5352363109588623,FP16,Sufficient,8.180970527177364e-05,0.00048520135856380397,0.0,0.0,
middle,layer2.0.relu2,ReLU,activation,activation,20971520,0.0,14.639087677001953,9.685754776000977e-08,3.725290298461914e-09,0.5352363109588623,FP8_E4M3,Sufficient,0.011344660962774986,1.0,0.0,0.0010789814415192059,
middle,layer2.0.relu2,ReLU,activation,activation,20971520,0.0,14.639087677001953,9.685754776000977e-08,3.725290298461914e-09,0.5352363109588623,FP8_E5M2,Marginal,0.020745075581439204,0.11108878750723089,0.0,0.0,
middle,layer2.0.relu2,ReLU,activation,activation,20971520,0.0,14.639087677001953,9.685754776000977e-08,3.725290298461914e-09,0.5352363109588623,INT16,Sufficient,0.000231054987012186,1.0,,,0.00019362261891456005
middle,layer2.0.relu2,ReLU,activation,activation,20971520,0.0,14.639087677001953,9.685754776000977e-08,3.725290298461914e-09,0.5352363109588623,INT8,Marginal,0.025836887477892298,1.0,,,0.049956160267506995
middle,layer2.1.relu1,ReLU,activation,input,20971520,0.0,11.124149322509766,8.502984627511978e-08,2.3283064365386963e-10,0.5276267051696777,FP16,Sufficient,8.282943267179175e-05,0.0018414145642466238,0.0,0.0,
middle,layer2.1.relu1,ReLU,activation,input,20971520,0.0,11.124149322509766,8.502984627511978e-08,2.3283064365386963e-10,0.5276267051696777,FP8_E4M3,Sufficient,0.011681069793689063,1.0,0.0,0.0007477833564790087,
middle,layer2.1.relu1,ReLU,activation,input,20971520,0.0,11.124149322509766,8.502984627511978e-08,2.3283064365386963e-10,0.5276267051696777,FP8_E5M2,Marginal,0.02085250446157534,0.11826307991695485,0.0,0.0,
middle,layer2.1.relu1,ReLU,activation,input,20971520,0.0,11.124149322509766,8.502984627511978e-08,2.3283064365386963e-10,0.5276267051696777,INT16,Sufficient,0.00022182887257952047,1.0,,,0.00011654317362626399
middle,layer2.1.relu1,ReLU,activation,input,20971520,0.0,11.124149322509766,8.502984627511978e-08,2.3283064365386963e-10,0.5276267051696777,INT8,Marginal,0.023515916180694842,1.0,,,0.03006905645836057
middle,layer2.1.relu1,ReLU,activation,activation,20971520,0.0,11.124149322509766,8.502984627511978e-08,2.3283064365386963e-10,0.5276267051696777,FP16,Sufficient,8.282943267179175e-05,0.0018414145642466238,0.0,0.0,
middle,layer2.1.relu1,ReLU,activation,activation,20971520,0.0,11.124149322509766,8.502984627511978e-08,2.3283064365386963e-10,0.5276267051696777,FP8_E4M3,Sufficient,0.011681069793689063,1.0,0.0,0.0007477833564790087,
middle,layer2.1.relu1,ReLU,activation,activation,20971520,0.0,11.124149322509766,8.502984627511978e-08,2.3283064365386963e-10,0.5276267051696777,FP8_E5M2,Marginal,0.02085250446157534,0.11826307991695485,0.0,0.0,
middle,layer2.1.relu1,ReLU,activation,activation,20971520,0.0,11.124149322509766,8.502984627511978e-08,2.3283064365386963e-10,0.5276267051696777,INT16,Sufficient,0.00022182887257952047,1.0,,,0.00011654317362626399
middle,layer2.1.relu1,ReLU,activation,activation,20971520,0.0,11.124149322509766,8.502984627511978e-08,2.3283064365386963e-10,0.5276267051696777,INT8,Marginal,0.023515916180694842,1.0,,,0.03006905645836057
middle,layer2.1.relu2,ReLU,activation,input,20971520,0.0,22.73111343383789,2.384185791015625e-07,9.313225746154785e-10,0.40004453659057615,FP16,Sufficient,0.00010599720157976115,0.0004782190228923837,0.0,0.0,
middle,layer2.1.relu2,ReLU,activation,input,20971520,0.0,22.73111343383789,2.384185791015625e-07,9.313225746154785e-10,0.40004453659057615,FP8_E4M3,Sufficient,0.014528056502395283,1.0,0.0,0.0007519425181719442,
middle,layer2.1.relu2,ReLU,activation,input,20971520,0.0,22.73111343383789,2.384185791015625e-07,9.313225746154785e-10,0.40004453659057615,FP8_E5M2,Marginal,0.026641265813917157,0.11109792430765396,0.0,0.0,
middle,layer2.1.relu2,ReLU,activation,input,20971520,0.0,22.73111343383789,2.384185791015625e-07,9.313225746154785e-10,0.40004453659057615,INT16,Sufficient,0.0005289558894886494,1.0,,,0.0003518681903526759
middle,layer2.1.relu2,ReLU,activation,input,20971520,0.0,22.73111343383789,2.384185791015625e-07,9.313225746154785e-10,0.40004453659057615,INT8,Marginal,0.05076107493063881,1.0,,,0.09078476372666246
middle,layer2.1.relu2,ReLU,activation,activation,20971520,0.0,22.73111343383789,2.384185791015625e-07,9.313225746154785e-10,0.40004453659057615,FP16,Sufficient,0.00010599720157976115,0.0004782190228923837,0.0,0.0,
middle,layer2.1.relu2,ReLU,activation,activation,20971520,0.0,22.73111343383789,2.384185791015625e-07,9.313225746154785e-10,0.40004453659057615,FP8_E4M3,Sufficient,0.014528056502395283,1.0,0.0,0.0007519425181719442,
middle,layer2.1.relu2,ReLU,activation,activation,20971520,0.0,22.73111343383789,2.384185791015625e-07,9.313225746154785e-10,0.40004453659057615,FP8_E5M2,Marginal,0.026641265813917157,0.11109792430765396,0.0,0.0,
middle,layer2.1.relu2,ReLU,activation,activation,20971520,0.0,22.73111343383789,2.384185791015625e-07,9.313225746154785e-10,0.40004453659057615,INT16,Sufficient,0.0005289558894886494,1.0,,,0.0003518681903526759
middle,layer2.1.relu2,ReLU,activation,activation,20971520,0.0,22.73111343383789,2.384185791015625e-07,9.313225746154785e-10,0.40004453659057615,INT8,Marginal,0.05076107493063881,1.0,,,0.09078476372666246
middle,layer3.0.relu1,ReLU,activation,input,10485760,0.0,18.760799407958984,7.866267992540088e-08,3.4924596548080444e-10,0.5306021690368652,FP16,Sufficient,8.224603528553965e-05,0.0004845935520636015,0.0,0.0,
middle,layer3.0.relu1,ReLU,activation,input,10485760,0.0,18.760799407958984,7.866267992540088e-08,3.4924596548080444e-10,0.5306021690368652,FP8_E4M3,Sufficient,0.011679830332965359,1.0,0.0,0.0016090967603518559,
middle,layer3.0.relu1,ReLU,activation,input,10485760,0.0,18.760799407958984,7.866267992540088e-08,3.4924596548080444e-10,0.5306021690368652,FP8_E5M2,Marginal,0.020905430047855753,0.1110773214561401,0.0,0.0,
middle,layer3.0.relu1,ReLU,activation,input,10485760,0.0,18.760799407958984,7.866267992540088e-08,3.4924596548080444e-10,0.5306021690368652,INT16,Sufficient,0.00047523771804189606,1.0,,,0.00035781119927519734
middle,layer3.0.relu1,ReLU,activation,input,10485760,0.0,18.760799407958984,7.866267992540088e-08,3.4924596548080444e-10,0.5306021690368652,INT8,Marginal,0.05845654892181624,1.0,,,0.09231810682401882
middle,layer3.0.relu1,ReLU,activation,activation,10485760,0.0,18.760799407958984,7.866267992540088e-08,3.4924596548080444e-10,0.5306021690368652,FP16,Sufficient,8.224603528553965e-05,0.0004845935520636015,0.0,0.0,
middle,layer3.0.relu1,ReLU,activation,activation,10485760,0.0,18.760799407958984,7.866267992540088e-08,3.4924596548080444e-10,0.5306021690368652,FP8_E4M3,Sufficient,0.011679830332965359,1.0,0.0,0.0016090967603518559,
middle,layer3.0.relu1,ReLU,activation,activation,10485760,0.0,18.760799407958984,7.866267992540088e-08,3.4924596548080444e-10,0.5306021690368652,FP8_E5M2,Marginal,0.020905430047855753,0.1110773214561401,0.0,0.0,
middle,layer3.0.relu1,ReLU,activation,activation,10485760,0.0,18.760799407958984,7.866267992540088e-08,3.4924596548080444e-10,0.5306021690368652,INT16,Sufficient,0.00047523771804189606,1.0,,,0.00035781119927519734
middle,layer3.0.relu1,ReLU,activation,activation,10485760,0.0,18.760799407958984,7.866267992540088e-08,3.4924596548080444e-10,0.5306021690368652,INT8,Marginal,0.05845654892181624,1.0,,,0.09231810682401882
middle,layer3.0.relu2,ReLU,activation,input,10485760,0.0,20.801618576049805,8.940696716308594e-08,3.725290298461914e-09,0.5305642127990723,FP16,Sufficient,8.418306852804744e-05,0.0004818571048712281,0.0,0.0,
middle,layer3.0.relu2,ReLU,activation,input,10485760,0.0,20.801618576049805,8.940696716308594e-08,3.725290298461914e-09,0.5305642127990723,FP8_E4M3,Sufficient,0.011686476009425932,1.0,0.0,0.0008435259384226065,
middle,layer3.0.relu2,ReLU,activation,input,10485760,0.0,20.801618576049805,8.940696716308594e-08,3.725290298461914e-09,0.5305642127990723,FP8_E5M2,Marginal,0.021253974020992814,0.11110790863767134,0.0,0.0,
middle,layer3.0.relu2,ReLU,activation,input,10485760,0.0,20.801618576049805,8.940696716308594e-08,3.725290298461914e-09,0.5305642127990723,INT16,Sufficient,0.00022416145118739337,0.679358099157268,,,0.00023079990965913956
middle,layer3.0.relu2,ReLU,activation,input,10485760,0.0,20.801618576049805,8.940696716308594e-08,3.725290298461914e-09,0.5305642127990723,INT8,Marginal,0.03111953148951608,1.0,,,0.0595481940141813
middle,layer3.0.relu2,ReLU,activation,activation,10485760,0.0,20.801618576049805,8.940696716308594e-08,3.725290298461914e-09,0.5305642127990723,FP16,Sufficient,8.418306852804744e-05,0.0004818571048712281,0.0,0.0,
middle,layer3.0.relu2,ReLU,activation,activation,10485760,0.0,20.801618576049805,8.940696716308594e-08,3.725290298461914e-09,0.5305642127990723,FP8_E4M3,Sufficient,0.011686476009425932,1.0,0.0,0.0008435259384226065,
middle,layer3.0.relu2,ReLU,activation,activation,10485760,0.0,20.801618576049805,8.940696716308594e-08,3.725290298461914e-09,0.5305642127990723,FP8_E5M2,Marginal,0.021253974020992814,0.11110790863767134,0.0,0.0,
middle,layer3.0.relu2,ReLU,activation,activation,10485760,0.0,20.801618576049805,8.940696716308594e-08,3.725290298461914e-09,0.5305642127990723,INT16,Sufficient,0.00022416145118739337,0.679358099157268,,,0.00023079990965913956
middle,layer3.0.relu2,ReLU,activation,activation,10485760,0.0,20.801618576049805,8.940696716308594e-08,3.725290298461914e-09,0.5305642127990723,INT8,Marginal,0.03111953148951608,1.0,,,0.0595481940141813
middle,layer3.1.relu1,ReLU,activation,input,10485760,0.0,14.964802742004395,5.184845690564543e-07,4.656612873077393e-10,0.5113509178161622,FP16,Sufficient,8.555395733221719e-05,0.00048496087705589616,0.0,0.0,
middle,layer3.1.relu1,ReLU,activation,input,10485760,0.0,14.964802742004395,5.184845690564543e-07,4.656612873077393e-10,0.5113509178161622,FP8_E4M3,Sufficient,0.011981380068311441,1.0,0.0,0.0007165523595045552,
middle,layer3.1.relu1,ReLU,activation,input,10485760,0.0,14.964802742004395,5.184845690564543e-07,4.656612873077393e-10,0.5113509178161622,FP8_E5M2,Marginal,0.022061198148875836,0.11108768182874426,0.0,0.0,
middle,layer3.1.relu1,ReLU,activation,input,10485760,0.0,14.964802742004395,5.184845690564543e-07,4.656612873077393e-10,0.5113509178161622,INT16,Sufficient,0.0003447729431268527,0.3296967741078678,,,0.00029299973488348783
middle,layer3.1.relu1,ReLU,activation,input,10485760,0.0,14.964802742004395,5.184845690564543e-07,4.656612873077393e-10,0.5113509178161622,INT8,Marginal,0.054733369678321354,1.0,,,0.07559623868446651
middle,layer3.1.relu1,ReLU,activation,activation,10485760,0.0,14.964802742004395,5.184845690564543e-07,4.656612873077393e-10,0.5113509178161622,FP16,Sufficient,8.555395733221719e-05,0.00048496087705589616,0.0,0.0,
middle,layer3.1.relu1,ReLU,activation,activation,10485760,0.0,14.964802742004395,5.184845690564543e-07,4.656612873077393e-10,0.5113509178161622,FP8_E4M3,Sufficient,0.011981380068311441,1.0,0.0,0.0007165523595045552,
middle,layer3.1.relu1,ReLU,activation,activation,10485760,0.0,14.964802742004395,5.184845690564543e-07,4.656612873077393e-10,0.5113509178161622,FP8_E5M2,Marginal,0.022061198148875836,0.11108768182874426,0.0,0.0,
middle,layer3.1.relu1,ReLU,activation,activation,10485760,0.0,14.964802742004395,5.184845690564543e-07,4.656612873077393e-10,0.5113509178161622,INT16,Sufficient,0.0003447729431268527,0.3296967741078678,,,0.00029299973488348783
middle,layer3.1.relu1,ReLU,activation,activation,10485760,0.0,14.964802742004395,5.184845690564543e-07,4.656612873077393e-10,0.5113509178161622,INT8,Marginal,0.054733369678321354,1.0,,,0.07559623868446651
middle,layer3.1.relu2,ReLU,activation,input,10485760,0.0,30.083343505859375,1.4901161193847656e-07,4.656612873077393e-10,0.39097204208374026,FP16,Sufficient,0.00010797139456347843,0.0008491978372418338,0.0,0.0,
middle,layer3.1.relu2,ReLU,activation,input,10485760,0.0,30.083343505859375,1.4901161193847656e-07,4.656612873077393e-10,0.39097204208374026,FP8_E4M3,Sufficient,0.014705770833830968,1.0,0.0,0.0005721759032205329,
middle,layer3.1.relu2,ReLU,activation,input,10485760,0.0,30.083343505859375,1.4901161193847656e-07,4.656612873077393e-10,0.39097204208374026,FP8_E5M2,Marginal,0.027583116669841787,0.11108869331243391,0.0,0.0,
middle,layer3.1.relu2,ReLU,activation,input,10485760,0.0,30.083343505859375,1.4901161193847656e-07,4.656612873077393e-10,0.39097204208374026,INT16,Sufficient,0.0008126715880106207,1.0,,,0.0006216843578527105
middle,layer3.1.relu2,ReLU,activation,input,10485760,0.0,30.083343505859375,1.4901161193847656e-07,4.656612873077393e-10,0.39097204208374026,INT8,Marginal,0.09344243082484809,1.0,,,0.16039945947842335
middle,layer3.1.relu2,ReLU,activation,activation,10485760,0.0,30.083343505859375,1.4901161193847656e-07,4.656612873077393e-10,0.39097204208374026,FP16,Sufficient,0.00010797139456347843,0.0008491978372418338,0.0,0.0,
middle,layer3.1.relu2,ReLU,activation,activation,10485760,0.0,30.083343505859375,1.4901161193847656e-07,4.656612873077393e-10,0.39097204208374026,FP8_E4M3,Sufficient,0.014705770833830968,1.0,0.0,0.0005721759032205329,
middle,layer3.1.relu2,ReLU,activation,activation,10485760,0.0,30.083343505859375,1.4901161193847656e-07,4.656612873077393e-10,0.39097204208374026,FP8_E5M2,Marginal,0.027583116669841787,0.11108869331243391,0.0,0.0,
middle,layer3.1.relu2,ReLU,activation,activation,10485760,0.0,30.083343505859375,1.4901161193847656e-07,4.656612873077393e-10,0.39097204208374026,INT16,Sufficient,0.0008126715880106207,1.0,,,0.0006216843578527105
middle,layer3.1.relu2,ReLU,activation,activation,10485760,0.0,30.083343505859375,1.4901161193847656e-07,4.656612873077393e-10,0.39097204208374026,INT8,Marginal,0.09344243082484809,1.0,,,0.16039945947842335
middle,layer4.0.relu1,ReLU,activation,input,5242880,0.0,16.505046844482422,9.638787332733045e-07,2.3283064365386963e-10,0.5190200805664062,FP16,Sufficient,8.353195914012985e-05,0.0013505581897392,0.0,0.0,
middle,layer4.0.relu1,ReLU,activation,input,5242880,0.0,16.505046844482422,9.638787332733045e-07,2.3283064365386963e-10,0.5190200805664062,FP8_E4M3,Sufficient,0.01218622822245473,1.0,0.0,0.0016736401673640166,
middle,layer4.0.relu1,ReLU,activation,input,5242880,0.0,16.505046844482422,9.638787332733045e-07,2.3283064365386963e-10,0.5190200805664062,FP8_E5M2,Marginal,0.021820905221609455,0.47325139595731747,0.0,0.0,
middle,layer4.0.relu1,ReLU,activation,input,5242880,0.0,16.505046844482422,9.638787332733045e-07,2.3283064365386963e-10,0.5190200805664062,INT16,Sufficient,0.0007338947500248608,1.0,,,0.0004371253121385613
middle,layer4.0.relu1,ReLU,activation,input,5242880,0.0,16.505046844482422,9.638787332733045e-07,2.3283064365386963e-10,0.5190200805664062,INT8,Marginal,0.08298720161582157,1.0,,,0.11278177246334047
middle,layer4.0.relu1,ReLU,activation,activation,5242880,0.0,16.505046844482422,9.638787332733045e-07,2.3283064365386963e-10,0.5190200805664062,FP16,Sufficient,8.353195914012985e-05,0.0013505581897392,0.0,0.0,
middle,layer4.0.relu1,ReLU,activation,activation,5242880,0.0,16.505046844482422,9.638787332733045e-07,2.3283064365386963e-10,0.5190200805664062,FP8_E4M3,Sufficient,0.01218622822245473,1.0,0.0,0.0016736401673640166,
middle,layer4.0.relu1,ReLU,activation,activation,5242880,0.0,16.505046844482422,9.638787332733045e-07,2.3283064365386963e-10,0.5190200805664062,FP8_E5M2,Marginal,0.021820905221609455,0.47325139595731747,0.0,0.0,
middle,layer4.0.relu1,ReLU,activation,activation,5242880,0.0,16.505046844482422,9.638787332733045e-07,2.3283064365386963e-10,0.5190200805664062,INT16,Sufficient,0.0007338947500248608,1.0,,,0.0004371253121385613
middle,layer4.0.relu1,ReLU,activation,activation,5242880,0.0,16.505046844482422,9.638787332733045e-07,2.3283064365386963e-10,0.5190200805664062,INT8,Marginal,0.08298720161582157,1.0,,,0.11278177246334047
middle,layer4.0.relu2,ReLU,activation,input,5242880,0.0,23.962547302246094,5.438923835754395e-07,4.656612873077393e-10,0.6071924209594727,FP16,Sufficient,6.944950726853824e-05,0.001775297996449404,0.0,0.0,
middle,layer4.0.relu2,ReLU,activation,input,5242880,0.0,23.962547302246094,5.438923835754395e-07,4.656612873077393e-10,0.6071924209594727,FP8_E4M3,Sufficient,0.010502337255729717,1.0,0.0,0.0019093686354378818,
middle,layer4.0.relu2,ReLU,activation,input,5242880,0.0,23.962547302246094,5.438923835754395e-07,4.656612873077393e-10,0.6071924209594727,FP8_E5M2,Sufficient,0.017410735097110747,0.173193379087606,0.0,0.0,
middle,layer4.0.relu2,ReLU,activation,input,5242880,0.0,23.962547302246094,5.438923835754395e-07,4.656612873077393e-10,0.6071924209594727,INT16,Sufficient,0.0005781346281727433,1.0,,,0.0003047675875707618
middle,layer4.0.relu2,ReLU,activation,input,5242880,0.0,23.962547302246094,5.438923835754395e-07,4.656612873077393e-10,0.6071924209594727,INT8,Marginal,0.06110222438855319,1.0,,,0.07863243733804057
middle,layer4.0.relu2,ReLU,activation,activation,5242880,0.0,23.962547302246094,5.438923835754395e-07,4.656612873077393e-10,0.6071924209594727,FP16,Sufficient,6.944950726853824e-05,0.001775297996449404,0.0,0.0,
middle,layer4.0.relu2,ReLU,activation,activation,5242880,0.0,23.962547302246094,5.438923835754395e-07,4.656612873077393e-10,0.6071924209594727,FP8_E4M3,Sufficient,0.010502337255729717,1.0,0.0,0.0019093686354378818,
middle,layer4.0.relu2,ReLU,activation,activation,5242880,0.0,23.962547302246094,5.438923835754395e-07,4.656612873077393e-10,0.6071924209594727,FP8_E5M2,Sufficient,0.017410735097110747,0.173193379087606,0.0,0.0,
middle,layer4.0.relu2,ReLU,activation,activation,5242880,0.0,23.962547302246094,5.438923835754395e-07,4.656612873077393e-10,0.6071924209594727,INT16,Sufficient,0.0005781346281727433,1.0,,,0.0003047675875707618
middle,layer4.0.relu2,ReLU,activation,activation,5242880,0.0,23.962547302246094,5.438923835754395e-07,4.656612873077393e-10,0.6071924209594727,INT8,Marginal,0.06110222438855319,1.0,,,0.07863243733804057
middle,layer4.1.relu1,ReLU,activation,input,5242880,0.0,19.693992614746094,8.93833771442587e-08,2.3283064365386963e-10,0.5371259689331055,FP16,Sufficient,8.188348970034377e-05,0.00047872110076825473,0.0,0.0,
middle,layer4.1.relu1,ReLU,activation,input,5242880,0.0,19.693992614746094,8.93833771442587e-08,2.3283064365386963e-10,0.5371259689331055,FP8_E4M3,Sufficient,0.011972997611871074,1.0,0.0,0.0018285468430676562,
middle,layer4.1.relu1,ReLU,activation,input,5242880,0.0,19.693992614746094,8.93833771442587e-08,2.3283064365386963e-10,0.5371259689331055,FP8_E5M2,Marginal,0.020977650914867623,0.11108862369038,0.0,0.0,
middle,layer4.1.relu1,ReLU,activation,input,5242880,0.0,19.693992614746094,8.93833771442587e-08,2.3283064365386963e-10,0.5371259689331055,INT16,Sufficient,0.0007485828350436365,1.0,,,0.00044299585031161367
middle,layer4.1.relu1,ReLU,activation,input,5242880,0.0,19.693992614746094,8.93833771442587e-08,2.3283064365386963e-10,0.5371259689331055,INT8,Marginal,0.08559303495646972,1.0,,,0.11429641753669799
middle,layer4.1.relu1,ReLU,activation,activation,5242880,0.0,19.693992614746094,8.93833771442587e-08,2.3283064365386963e-10,0.5371259689331055,FP16,Sufficient,8.188348970034377e-05,0.00047872110076825473,0.0,0.0,
middle,layer4.1.relu1,ReLU,activation,activation,5242880,0.0,19.693992614746094,8.93833771442587e-08,2.3283064365386963e-10,0.5371259689331055,FP8_E4M3,Sufficient,0.011972997611871074,1.0,0.0,0.0018285468430676562,
middle,layer4.1.relu1,ReLU,activation,activation,5242880,0.0,19.693992614746094,8.93833771442587e-08,2.3283064365386963e-10,0.5371259689331055,FP8_E5M2,Marginal,0.020977650914867623,0.11108862369038,0.0,0.0,
middle,layer4.1.relu1,ReLU,activation,activation,5242880,0.0,19.693992614746094,8.93833771442587e-08,2.3283064365386963e-10,0.5371259689331055,INT16,Sufficient,0.0007485828350436365,1.0,,,0.00044299585031161367
middle,layer4.1.relu1,ReLU,activation,activation,5242880,0.0,19.693992614746094,8.93833771442587e-08,2.3283064365386963e-10,0.5371259689331055,INT8,Marginal,0.08559303495646972,1.0,,,0.11429641753669799
middle,layer4.1.relu2,ReLU,activation,input,5242880,0.0,15.584172248840332,1.2903645085771132e-07,4.656612873077393e-10,0.435870361328125,FP16,Sufficient,9.720063720404684e-05,0.000485903448630159,0.0,0.0,
middle,layer4.1.relu2,ReLU,activation,input,5242880,0.0,15.584172248840332,1.2903645085771132e-07,4.656612873077393e-10,0.435870361328125,FP8_E4M3,Sufficient,0.01585813948271432,1.0,0.0,0.002757516456146593,
middle,layer4.1.relu2,ReLU,activation,input,5242880,0.0,15.584172248840332,1.2903645085771132e-07,4.656612873077393e-10,0.435870361328125,FP8_E5M2,Marginal,0.02520873417664544,0.17950411328360702,0.0,0.0,
middle,layer4.1.relu2,ReLU,activation,input,5242880,0.0,15.584172248840332,1.2903645085771132e-07,4.656612873077393e-10,0.435870361328125,INT16,Sufficient,0.0006414482155549607,1.0,,,0.00020439191780925056
middle,layer4.1.relu2,ReLU,activation,input,5242880,0.0,15.584172248840332,1.2903645085771132e-07,4.656612873077393e-10,0.435870361328125,INT8,Marginal,0.0798331931716953,1.0,,,0.05273472417996624
middle,layer4.1.relu2,ReLU,activation,activation,5242880,0.0,15.584172248840332,1.2903645085771132e-07,4.656612873077393e-10,0.435870361328125,FP16,Sufficient,9.720063720404684e-05,0.000485903448630159,0.0,0.0,
middle,layer4.1.relu2,ReLU,activation,activation,5242880,0.0,15.584172248840332,1.2903645085771132e-07,4.656612873077393e-10,0.435870361328125,FP8_E4M3,Sufficient,0.01585813948271432,1.0,0.0,0.002757516456146593,
middle,layer4.1.relu2,ReLU,activation,activation,5242880,0.0,15.584172248840332,1.2903645085771132e-07,4.656612873077393e-10,0.435870361328125,FP8_E5M2,Marginal,0.02520873417664544,0.17950411328360702,0.0,0.0,
middle,layer4.1.relu2,ReLU,activation,activation,5242880,0.0,15.584172248840332,1.2903645085771132e-07,4.656612873077393e-10,0.435870361328125,INT16,Sufficient,0.0006414482155549607,1.0,,,0.00020439191780925056
middle,layer4.1.relu2,ReLU,activation,activation,5242880,0.0,15.584172248840332,1.2903645085771132e-07,4.656612873077393e-10,0.435870361328125,INT8,Marginal,0.0798331931716953,1.0,,,0.05273472417996624
middle,avgpool,AdaptiveAvgPool2d,pooling,input,5242880,0.0,15.584172248840332,1.2903645085771132e-07,4.656612873077393e-10,0.435870361328125,FP16,Sufficient,9.720063720404684e-05,0.000485903448630159,0.0,0.0,
middle,avgpool,AdaptiveAvgPool2d,pooling,input,5242880,0.0,15.584172248840332,1.2903645085771132e-07,4.656612873077393e-10,0.435870361328125,FP8_E4M3,Sufficient,0.01585813948271432,1.0,0.0,0.002757516456146593,
middle,avgpool,AdaptiveAvgPool2d,pooling,input,5242880,0.0,15.584172248840332,1.2903645085771132e-07,4.656612873077393e-10,0.435870361328125,FP8_E5M2,Marginal,0.02520873417664544,0.17950411328360702,0.0,0.0,
middle,avgpool,AdaptiveAvgPool2d,pooling,input,5242880,0.0,15.584172248840332,1.2903645085771132e-07,4.656612873077393e-10,0.435870361328125,INT16,Sufficient,0.0006414482155549607,1.0,,,0.00020439191780925056
middle,avgpool,AdaptiveAvgPool2d,pooling,input,5242880,0.0,15.584172248840332,1.2903645085771132e-07,4.656612873077393e-10,0.435870361328125,INT8,Marginal,0.0798331931716953,1.0,,,0.05273472417996624
middle,avgpool,AdaptiveAvgPool2d,pooling,activation,327680,0.0,4.024848937988281,2.9802322387695312e-08,4.656612873077393e-10,0.032135009765625,FP16,Sufficient,0.00017101615902189577,0.0020249447441846556,0.0,0.0,
middle,avgpool,AdaptiveAvgPool2d,pooling,activation,327680,0.0,4.024848937988281,2.9802322387695312e-08,4.656612873077393e-10,0.032135009765625,FP8_E4M3,Marginal,0.029285004327047767,1.0,0.0,0.003979739507959479,
middle,avgpool,AdaptiveAvgPool2d,pooling,activation,327680,0.0,4.024848937988281,2.9802322387695312e-08,4.656612873077393e-10,0.032135009765625,FP8_E5M2,Marginal,0.04327931786018494,0.5298300248232858,0.0,0.0,
middle,avgpool,AdaptiveAvgPool2d,pooling,activation,327680,0.0,4.024848937988281,2.9802322387695312e-08,4.656612873077393e-10,0.032135009765625,INT16,Sufficient,0.0011083582149314188,1.0,,,0.0001188913132232164
middle,avgpool,AdaptiveAvgPool2d,pooling,activation,327680,0.0,4.024848937988281,2.9802322387695312e-08,4.656612873077393e-10,0.032135009765625,INT8,Not sufficient,0.11570904286494933,1.0,,,0.030674894963662457
