stage,layer,layer_type,layer_category,tensor_type,count,min,max,min_abs_nonzero,empirical_min_spacing,frac_zero,format,verdict,mean_rel_error,max_rel_error,frac_overflow,frac_underflow_of_nonzero,scale
begin,conv1,Conv2d,conv,weight,1728,-0.1922646015882492,0.19235776364803314,0.00010523200035095215,5.21540641784668e-08,0.0,FP16,Sufficient,0.00017626189268449052,0.00046472295655221275,0.0,0.0,
begin,conv1,Conv2d,conv,weight,1728,-0.1922646015882492,0.19235776364803314,0.00010523200035095215,5.21540641784668e-08,0.0,FP8_E4M3,Marginal,0.03279760982657994,1.0,0.0,0.004629629629629629,
begin,conv1,Conv2d,conv,weight,1728,-0.1922646015882492,0.19235776364803314,0.00010523200035095215,5.21540641784668e-08,0.0,FP8_E5M2,Marginal,0.04488996132709265,0.11085532626851596,0.0,0.0,
begin,conv1,Conv2d,conv,weight,1728,-0.1922646015882492,0.19235776364803314,0.00010523200035095215,5.21540641784668e-08,0.0,INT16,Sufficient,6.340921970672622e-05,0.015815827596616556,,,5.870472232674127e-06
begin,conv1,Conv2d,conv,weight,1728,-0.1922646015882492,0.19235776364803314,0.00010523200035095215,5.21540641784668e-08,0.0,INT8,Sufficient,0.014246067109342783,1.0,,,0.0015146280602207334
begin,conv1,Conv2d,conv,input,1966080,-1.9894737005233765,2.12648868560791,0.0006281130481511354,5.5283308029174805e-06,0.0,FP16,Sufficient,0.00016826183547711133,0.0004725976472912634,0.0,0.0,
begin,conv1,Conv2d,conv,input,1966080,-1.9894737005233765,2.12648868560791,0.0006281130481511354,5.5283308029174805e-06,0.0,FP8_E4M3,Marginal,0.025104865264066547,1.0,0.0,0.0025,
begin,conv1,Conv2d,conv,input,1966080,-1.9894737005233765,2.12648868560791,0.0006281130481511354,5.5283308029174805e-06,0.0,FP8_E5M2,Marginal,0.04004635081347225,0.11003156559107093,0.0,0.0,
begin,conv1,Conv2d,conv,input,1966080,-1.9894737005233765,2.12648868560791,0.0006281130481511354,5.5283308029174805e-06,0.0,INT16,Sufficient,0.0001365985872476165,0.03320994991828842,,,6.489726510232582e-05
begin,conv1,Conv2d,conv,input,1966080,-1.9894737005233765,2.12648868560791,0.0006281130481511354,5.5283308029174805e-06,0.0,INT8,Sufficient,0.018475841340315755,1.0,,,0.016744005398487482
begin,conv1,Conv2d,conv,activation,41943040,-3.7178733348846436,3.8417816162109375,9.95184024077389e-09,4.656612873077393e-10,0.0,FP16,Sufficient,0.00017695053919288957,0.00048459597241881885,0.0,0.0,
begin,conv1,Conv2d,conv,activation,41943040,-3.7178733348846436,3.8417816162109375,9.95184024077389e-09,4.656612873077393e-10,0.0,FP8_E4M3,Marginal,0.025553351394086703,1.0,0.0,0.0015,
begin,conv1,Conv2d,conv,activation,41943040,-3.7178733348846436,3.8417816162109375,9.95184024077389e-09,4.656612873077393e-10,0.0,FP8_E5M2,Marginal,0.04506258973633065,0.11107823756587881,0.0,0.0,
begin,conv1,Conv2d,conv,activation,41943040,-3.7178733348846436,3.8417816162109375,9.95184024077389e-09,4.656612873077393e-10,0.0,INT16,Sufficient,0.00040197568400865966,0.49139074593735704,,,9.685057172275541e-05
begin,conv1,Conv2d,conv,activation,41943040,-3.7178733348846436,3.8417816162109375,9.95184024077389e-09,4.656612873077393e-10,0.0,INT8,Marginal,0.06236775667997,1.0,,,0.024988210107397844
begin,conv1,Conv2d,conv,weight_gradient,8640,-0.16131603717803955,0.144508495926857,3.861670847982168e-06,9.313225746154785e-10,0.0,FP16,Sufficient,0.0001793431011593675,0.003791658351626422,0.0,0.0,
begin,conv1,Conv2d,conv,weight_gradient,8640,-0.16131603717803955,0.144508495926857,3.861670847982168e-06,9.313225746154785e-10,0.0,FP8_E4M3,Not sufficient,0.15899174577378408,1.0,0.0,0.07233796296296297,
begin,conv1,Conv2d,conv,weight_gradient,8640,-0.16131603717803955,0.144508495926857,3.861670847982168e-06,9.313225746154785e-10,0.0,FP8_E5M2,Marginal,0.04588076009714089,1.0,0.0,0.00034722222222222224,
begin,conv1,Conv2d,conv,weight_gradient,8640,-0.16131603717803955,0.144508495926857,3.861670847982168e-06,9.313225746154785e-10,0.0,INT16,Sufficient,0.0007471741262464408,0.2748691442256884,,,4.923125009248315e-06
begin,conv1,Conv2d,conv,weight_gradient,8640,-0.16131603717803955,0.144508495926857,3.861670847982168e-06,9.313225746154785e-10,0.0,INT8,Not sufficient,0.11199383615781305,1.0,,,0.0012702050171499177
begin,conv1,Conv2d,conv,weight_update,8640,-0.007719635963439941,0.009437814354896545,1.9371509552001953e-07,4.656612873077393e-10,0.0,FP16,Sufficient,0.00023256823492595084,0.07692307692307693,0.0,0.0,
begin,conv1,Conv2d,conv,weight_update,8640,-0.007719635963439941,0.009437814354896545,1.9371509552001953e-07,4.656612873077393e-10,0.0,FP8_E4M3,Not sufficient,0.7353565094170234,1.0,0.0,0.6002314814814815,
begin,conv1,Conv2d,conv,weight_update,8640,-0.007719635963439941,0.009437814354896545,1.9371509552001953e-07,4.656612873077393e-10,0.0,FP8_E5M2,Marginal,0.05560326695162083,1.0,0.0,0.00636574074074074,
begin,conv1,Conv2d,conv,weight_update,8640,-0.007719635963439941,0.009437814354896545,1.9371509552001953e-07,4.656612873077393e-10,0.0,INT16,Sufficient,0.0004995597505435489,0.4868641292482353,,,2.8802802682261257e-07
begin,conv1,Conv2d,conv,weight_update,8640,-0.007719635963439941,0.009437814354896545,1.9371509552001953e-07,4.656612873077393e-10,0.0,INT8,Marginal,0.08088715420299274,1.0,,,7.431349885745311e-05
begin,bn1,BatchNorm2d,batchnorm,weight,64,1.0,1.0,1.0,,0.0,FP16,Sufficient,0.0,0.0,0.0,0.0,
begin,bn1,BatchNorm2d,batchnorm,weight,64,1.0,1.0,1.0,,0.0,FP8_E4M3,Sufficient,0.0,0.0,0.0,0.0,
begin,bn1,BatchNorm2d,batchnorm,weight,64,1.0,1.0,1.0,,0.0,FP8_E5M2,Sufficient,0.0,0.0,0.0,0.0,
begin,bn1,BatchNorm2d,batchnorm,weight,64,1.0,1.0,1.0,,0.0,INT16,Sufficient,0.0,0.0,,,3.051850947599719e-05
begin,bn1,BatchNorm2d,batchnorm,weight,64,1.0,1.0,1.0,,0.0,INT8,Sufficient,0.0,0.0,,,0.007874015748031496
begin,bn1,BatchNorm2d,batchnorm,bias,64,0.0,0.0,,,1.0,FP16,Sufficient,0.0,0.0,0.0,0.0,
begin,bn1,BatchNorm2d,batchnorm,bias,64,0.0,0.0,,,1.0,FP8_E4M3,Sufficient,0.0,0.0,0.0,0.0,
begin,bn1,BatchNorm2d,batchnorm,bias,64,0.0,0.0,,,1.0,FP8_E5M2,Sufficient,0.0,0.0,0.0,0.0,
begin,bn1,BatchNorm2d,batchnorm,bias,64,0.0,0.0,,,1.0,INT16,Sufficient,0.0,0.0,,,1.0
begin,bn1,BatchNorm2d,batchnorm,bias,64,0.0,0.0,,,1.0,INT8,Sufficient,0.0,0.0,,,1.0
begin,bn1,BatchNorm2d,batchnorm,input,41943040,-3.7178733348846436,3.8417816162109375,9.95184024077389e-09,4.656612873077393e-10,0.0,FP16,Sufficient,0.00017695053919288957,0.00048459597241881885,0.0,0.0,
begin,bn1,BatchNorm2d,batchnorm,input,41943040,-3.7178733348846436,3.8417816162109375,9.95184024077389e-09,4.656612873077393e-10,0.0,FP8_E4M3,Marginal,0.025553351394086703,1.0,0.0,0.0015,
begin,bn1,BatchNorm2d,batchnorm,input,41943040,-3.7178733348846436,3.8417816162109375,9.95184024077389e-09,4.656612873077393e-10,0.0,FP8_E5M2,Marginal,0.04506258973633065,0.11107823756587881,0.0,0.0,
begin,bn1,BatchNorm2d,batchnorm,input,41943040,-3.7178733348846436,3.8417816162109375,9.95184024077389e-09,4.656612873077393e-10,0.0,INT16,Sufficient,0.00040197568400865966,0.49139074593735704,,,9.685057172275541e-05
begin,bn1,BatchNorm2d,batchnorm,input,41943040,-3.7178733348846436,3.8417816162109375,9.95184024077389e-09,4.656612873077393e-10,0.0,INT8,Marginal,0.06236775667997,1.0,,,0.024988210107397844
begin,bn1,BatchNorm2d,batchnorm,activation,41943040,-7.547884464263916,7.382938861846924,2.2503984453692283e-08,4.656612873077393e-10,0.0,FP16,Sufficient,0.00017519419876786,0.0004837597656621986,0.0,0.0,
begin,bn1,BatchNorm2d,batchnorm,activation,41943040,-7.547884464263916,7.382938861846924,2.2503984453692283e-08,4.656612873077393e-10,0.0,FP8_E4M3,Marginal,0.02412596775975203,1.0,0.0,0.00075,
begin,bn1,BatchNorm2d,batchnorm,activation,41943040,-7.547884464263916,7.382938861846924,2.2503984453692283e-08,4.656612873077393e-10,0.0,FP8_E5M2,Marginal,0.044473663364057024,0.11110392916576818,0.0,0.0,
begin,bn1,BatchNorm2d,batchnorm,activation,41943040,-7.547884464263916,7.382938861846924,2.2503984453692283e-08,4.656612873077393e-10,0.0,INT16,Sufficient,0.0003986008405593075,0.3823012044570937,,,0.0001973201114781321
begin,bn1,BatchNorm2d,batchnorm,activation,41943040,-7.547884464263916,7.382938861846924,2.2503984453692283e-08,4.656612873077393e-10,0.0,INT8,Marginal,0.06246336305325557,1.0,,,0.05091014246302327
begin,bn1,BatchNorm2d,batchnorm,weight_gradient,320,-0.029796410351991653,0.030728869140148163,1.990048258448951e-05,6.100162863731384e-08,0.0,FP16,Sufficient,0.00016572169720121014,0.0009958661417035686,0.0,0.0,
begin,bn1,BatchNorm2d,batchnorm,weight_gradient,320,-0.029796410351991653,0.030728869140148163,1.990048258448951e-05,6.100162863731384e-08,0.0,FP8_E4M3,Not sufficient,0.22055065771365445,1.0,0.0,0.115625,
begin,bn1,BatchNorm2d,batchnorm,weight_gradient,320,-0.029796410351991653,0.030728869140148163,1.990048258448951e-05,6.100162863731384e-08,0.0,FP8_E5M2,Marginal,0.048886951502697354,0.2332452744441111,0.0,0.0,
begin,bn1,BatchNorm2d,batchnorm,weight_gradient,320,-0.029796410351991653,0.030728869140148163,1.990048258448951e-05,6.100162863731384e-08,0.0,INT16,Sufficient,0.00021311289285429056,0.01527702961524808,,,9.377992840402894e-07
begin,bn1,BatchNorm2d,batchnorm,weight_gradient,320,-0.029796410351991653,0.030728869140148163,1.990048258448951e-05,6.100162863731384e-08,0.0,INT8,Marginal,0.045218273582678256,1.0,,,0.0002419595995287257
begin,bn1,BatchNorm2d,batchnorm,weight_update,320,-0.0020316243171691895,0.002379179000854492,2.3245811462402344e-06,5.960464477539063e-08,0.0,FP16,Sufficient,0.00013433078735577742,0.000482392667631452,0.0,0.0,
begin,bn1,BatchNorm2d,batchnorm,weight_update,320,-0.0020316243171691895,0.002379179000854492,2.3245811462402344e-06,5.960464477539063e-08,0.0,FP8_E4M3,Not sufficient,0.9359945008758036,1.0,0.0,0.859375,
begin,bn1,BatchNorm2d,batchnorm,weight_update,320,-0.0020316243171691895,0.002379179000854492,2.3245811462402344e-06,5.960464477539063e-08,0.0,FP8_E5M2,Marginal,0.06061112762410152,1.0,0.0,0.009375,
begin,bn1,BatchNorm2d,batchnorm,weight_update,320,-0.0020316243171691895,0.002379179000854492,2.3245811462402344e-06,5.960464477539063e-08,0.0,INT16,Sufficient,0.00012472219635812666,0.010231330301828065,,,7.260899688267135e-08
begin,bn1,BatchNorm2d,batchnorm,weight_update,320,-0.0020316243171691895,0.002379179000854492,2.3245811462402344e-06,5.960464477539063e-08,0.0,INT8,Marginal,0.03557160775060792,1.0,,,1.873369292011411e-05
begin,layer1.0.conv1,Conv2d,conv,weight,36864,-0.041665639728307724,0.041662562638521194,2.1792948246002197e-06,3.725290298461914e-09,0.0,FP16,Sufficient,0.00018095543783826006,0.0013767783386874712,0.0,0.0,
begin,layer1.0.conv1,Conv2d,conv,weight,36864,-0.041665639728307724,0.041662562638521194,2.1792948246002197e-06,3.725290298461914e-09,0.0,FP8_E4M3,Not sufficient,0.0707112433528968,1.0,0.0,0.02235,
begin,layer1.0.conv1,Conv2d,conv,weight,36864,-0.041665639728307724,0.041662562638521194,2.1792948246002197e-06,3.725290298461914e-09,0.0,FP8_E5M2,Marginal,0.04530555876434341,0.8797613584212942,0.0,0.0,
begin,layer1.0.conv1,Conv2d,conv,weight,36864,-0.041665639728307724,0.041662562638521194,2.1792948246002197e-06,3.725290298461914e-09,0.0,INT16,Sufficient,6.312808683380398e-05,0.06011380252742852,,,1.2715732208718443e-06
begin,layer1.0.conv1,Conv2d,conv,weight,36864,-0.041665639728307724,0.041662562638521194,2.1792948246002197e-06,3.725290298461914e-09,0.0,INT8,Sufficient,0.014685845929655585,1.0,,,0.00032807590337250174
begin,layer1.0.conv1,Conv2d,conv,input,41943040,0.0,7.382938861846924,2.2503984453692283e-08,4.656612873077393e-10,0.5034348011016846,FP16,Sufficient,8.681172353934436e-05,0.0004821570107678592,0.0,0.0,
begin,layer1.0.conv1,Conv2d,conv,input,41943040,0.0,7.382938861846924,2.2503984453692283e-08,4.656612873077393e-10,0.5034348011016846,FP8_E4M3,Sufficient,0.011902154329502434,1.0,0.0,0.0006076564715414219,
begin,layer1.0.conv1,Conv2d,conv,input,41943040,0.0,7.382938861846924,2.2503984453692283e-08,4.656612873077393e-10,0.5034348011016846,FP8_E5M2,Marginal,0.022017975543491684,0.11110392916576818,0.0,0.0,
begin,layer1.0.conv1,Conv2d,conv,input,41943040,0.0,7.382938861846924,2.2503984453692283e-08,4.656612873077393e-10,0.5034348011016846,INT16,Sufficient,0.00012958597941392828,0.08486569069390809,,,0.00014633031790317692
begin,layer1.0.conv1,Conv2d,conv,input,41943040,0.0,7.382938861846924,2.2503984453692283e-08,4.656612873077393e-10,0.5034348011016846,INT8,Marginal,0.024317222905988263,1.0,,,0.03775437422624723
begin,layer1.0.conv1,Conv2d,conv,activation,41943040,-3.8536977767944336,4.412691116333008,1.862645149230957e-09,1.1641532182693481e-10,0.0,FP16,Sufficient,0.00017627964000655169,0.0009871668311944718,0.0,0.0,
begin,layer1.0.conv1,Conv2d,conv,activation,41943040,-3.8536977767944336,4.412691116333008,1.862645149230957e-09,1.1641532182693481e-10,0.0,FP8_E4M3,Marginal,0.02764245574684719,1.0,0.0,0.00245,
begin,layer1.0.conv1,Conv2d,conv,activation,41943040,-3.8536977767944336,4.412691116333008,1.862645149230957e-09,1.1641532182693481e-10,0.0,FP8_E5M2,Marginal,0.04501844964241476,0.2965221124946329,0.0,0.0,
begin,layer1.0.conv1,Conv2d,conv,activation,41943040,-3.8536977767944336,4.412691116333008,1.862645149230957e-09,1.1641532182693481e-10,0.0,INT16,Sufficient,0.0007584085795981155,1.0,,,9.936385876957714e-05
begin,layer1.0.conv1,Conv2d,conv,activation,41943040,-3.8536977767944336,4.412691116333008,1.862645149230957e-09,1.1641532182693481e-10,0.0,INT8,Marginal,0.08764846478691438,1.0,,,0.02563665795513964
begin,layer1.0.conv1,Conv2d,conv,weight_gradient,184320,-0.07903791964054108,0.07213259488344193,1.862645149230957e-08,2.9103830456733704e-11,0.0,FP16,Sufficient,0.00018190049469250197,0.023209338238633782,0.0,0.0,
begin,layer1.0.conv1,Conv2d,conv,weight_gradient,184320,-0.07903791964054108,0.07213259488344193,1.862645149230957e-08,2.9103830456733704e-11,0.0,FP8_E4M3,Not sufficient,0.2219520896594645,1.0,0.0,0.11495,
begin,layer1.0.conv1,Conv2d,conv,weight_gradient,184320,-0.07903791964054108,0.07213259488344193,1.862645149230957e-08,2.9103830456733704e-11,0.0,FP8_E5M2,Marginal,0.046219099822639956,1.0,0.0,0.0005,
begin,layer1.0.conv1,Conv2d,conv,weight_gradient,184320,-0.07903791964054108,0.07213259488344193,1.862645149230957e-08,2.9103830456733704e-11,0.0,INT16,Sufficient,0.0006452678791910198,1.0,,,2.201379280478589e-06
begin,layer1.0.conv1,Conv2d,conv,weight_gradient,184320,-0.07903791964054108,0.07213259488344193,1.862645149230957e-08,2.9103830456733704e-11,0.0,INT8,Marginal,0.08482805885735802,1.0,,,0.0005679731880585978
begin,layer1.0.conv1,Conv2d,conv,weight_update,184320,-0.004281178116798401,0.004744183272123337,7.450580596923828e-09,2.9103830456733704e-11,0.0,FP16,Sufficient,0.0002989202766753689,0.7777777777777778,0.0,0.0,
begin,layer1.0.conv1,Conv2d,conv,weight_update,184320,-0.004281178116798401,0.004744183272123337,7.450580596923828e-09,2.9103830456733704e-11,0.0,FP8_E4M3,Not sufficient,0.8575802097787985,1.0,0.0,0.73745,
begin,layer1.0.conv1,Conv2d,conv,weight_update,184320,-0.004281178116798401,0.004744183272123337,7.450580596923828e-09,2.9103830456733704e-11,0.0,FP8_E5M2,Marginal,0.05872438635103513,1.0,0.0,0.00825,
begin,layer1.0.conv1,Conv2d,conv,weight_update,184320,-0.004281178116798401,0.004744183272123337,7.450580596923828e-09,2.9103830456733704e-11,0.0,INT16,Sufficient,0.00034905329389044924,1.0,,,1.375148785733855e-07
begin,layer1.0.conv1,Conv2d,conv,weight_update,184320,-0.004281178116798401,0.004744183272123337,7.450580596923828e-09,2.9103830456733704e-11,0.0,INT8,Marginal,0.0548491892812999,1.0,,,3.5479921466252935e-05
begin,layer1.0.bn1,BatchNorm2d,batchnorm,weight,64,1.0,1.0,1.0,,0.0,FP16,Sufficient,0.0,0.0,0.0,0.0,
begin,layer1.0.bn1,BatchNorm2d,batchnorm,weight,64,1.0,1.0,1.0,,0.0,FP8_E4M3,Sufficient,0.0,0.0,0.0,0.0,
begin,layer1.0.bn1,BatchNorm2d,batchnorm,weight,64,1.0,1.0,1.0,,0.0,FP8_E5M2,Sufficient,0.0,0.0,0.0,0.0,
begin,layer1.0.bn1,BatchNorm2d,batchnorm,weight,64,1.0,1.0,1.0,,0.0,INT16,Sufficient,0.0,0.0,,,3.051850947599719e-05
begin,layer1.0.bn1,BatchNorm2d,batchnorm,weight,64,1.0,1.0,1.0,,0.0,INT8,Sufficient,0.0,0.0,,,0.007874015748031496
begin,layer1.0.bn1,BatchNorm2d,batchnorm,bias,64,0.0,0.0,,,1.0,FP16,Sufficient,0.0,0.0,0.0,0.0,
begin,layer1.0.bn1,BatchNorm2d,batchnorm,bias,64,0.0,0.0,,,1.0,FP8_E4M3,Sufficient,0.0,0.0,0.0,0.0,
begin,layer1.0.bn1,BatchNorm2d,batchnorm,bias,64,0.0,0.0,,,1.0,FP8_E5M2,Sufficient,0.0,0.0,0.0,0.0,
begin,layer1.0.bn1,BatchNorm2d,batchnorm,bias,64,0.0,0.0,,,1.0,INT16,Sufficient,0.0,0.0,,,1.0
begin,layer1.0.bn1,BatchNorm2d,batchnorm,bias,64,0.0,0.0,,,1.0,INT8,Sufficient,0.0,0.0,,,1.0
begin,layer1.0.bn1,BatchNorm2d,batchnorm,input,41943040,-3.8536977767944336,4.412691116333008,1.862645149230957e-09,1.1641532182693481e-10,0.0,FP16,Sufficient,0.00017627964000655169,0.0009871668311944718,0.0,0.0,
begin,layer1.0.bn1,BatchNorm2d,batchnorm,input,41943040,-3.8536977767944336,4.412691116333008,1.862645149230957e-09,1.1641532182693481e-10,0.0,FP8_E4M3,Marginal,0.02764245574684719,1.0,0.0,0.00245,
begin,layer1.0.bn1,BatchNorm2d,batchnorm,input,41943040,-3.8536977767944336,4.412691116333008,1.862645149230957e-09,1.1641532182693481e-10,0.0,FP8_E5M2,Marginal,0.04501844964241476,0.2965221124946329,0.0,0.0,
begin,layer1.0.bn1,BatchNorm2d,batchnorm,input,41943040,-3.8536977767944336,4.412691116333008,1.862645149230957e-09,1.1641532182693481e-10,0.0,INT16,Sufficient,0.0007584085795981155,1.0,,,9.936385876957714e-05
begin,layer1.0.bn1,BatchNorm2d,batchnorm,input,41943040,-3.8536977767944336,4.412691116333008,1.862645149230957e-09,1.1641532182693481e-10,0.0,INT8,Marginal,0.08764846478691438,1.0,,,0.02563665795513964
begin,layer1.0.bn1,BatchNorm2d,batchnorm,activation,41943040,-8.672168731689453,8.971663475036621,6.661653451089933e-09,4.656612873077393e-10,0.0,FP16,Sufficient,0.00017735711018798436,0.00516202002649459,0.0,0.0,
begin,layer1.0.bn1,BatchNorm2d,batchnorm,activation,41943040,-8.672168731689453,8.971663475036621,6.661653451089933e-09,4.656612873077393e-10,0.0,FP8_E4M3,Marginal,0.024204214336135572,1.0,0.0,0.0009,
begin,layer1.0.bn1,BatchNorm2d,batchnorm,activation,41943040,-8.672168731689453,8.971663475036621,6.661653451089933e-09,4.656612873077393e-10,0.0,FP8_E5M2,Marginal,0.04517775905604701,1.0,0.0,5e-05,
begin,layer1.0.bn1,BatchNorm2d,batchnorm,activation,41943040,-8.672168731689453,8.971663475036621,6.661653451089933e-09,4.656612873077393e-10,0.0,INT16,Sufficient,0.0004935044586867393,1.0,,,0.00020289814722862875
begin,layer1.0.bn1,BatchNorm2d,batchnorm,activation,41943040,-8.672168731689453,8.971663475036621,6.661653451089933e-09,4.656612873077393e-10,0.0,INT8,Marginal,0.06255759220485452,1.0,,,0.052349319608192744
begin,layer1.0.bn1,BatchNorm2d,batchnorm,weight_gradient,320,-0.021516792476177216,0.02457221783697605,8.810101462586317e-06,4.037865437567234e-07,0.0,FP16,Sufficient,0.0001728485738058375,0.0012923760549010516,0.0,0.0,
begin,layer1.0.bn1,BatchNorm2d,batchnorm,weight_gradient,320,-0.021516792476177216,0.02457221783697605,8.810101462586317e-06,4.037865437567234e-07,0.0,FP8_E4M3,Not sufficient,0.30235613223032554,1.0,0.0,0.175,
begin,layer1.0.bn1,BatchNorm2d,batchnorm,weight_gradient,320,-0.021516792476177216,0.02457221783697605,8.810101462586317e-06,4.037865437567234e-07,0.0,FP8_E5M2,Marginal,0.04570800455983995,0.7319651910138829,0.0,0.0,
begin,layer1.0.bn1,BatchNorm2d,batchnorm,weight_gradient,320,-0.021516792476177216,0.02457221783697605,8.810101462586317e-06,4.037865437567234e-07,0.0,INT16,Sufficient,0.00024104273350728563,0.021428594558604793,,,7.499074629040209e-07
begin,layer1.0.bn1,BatchNorm2d,batchnorm,weight_gradient,320,-0.021516792476177216,0.02457221783697605,8.810101462586317e-06,4.037865437567234e-07,0.0,INT8,Marginal,0.052264332823125204,1.0,,,0.00019348203021240986
begin,layer1.0.bn1,BatchNorm2d,batchnorm,weight_update,320,-0.001769423484802246,0.0015399456024169922,4.5299530029296875e-06,5.960464477539063e-08,0.0,FP16,Sufficient,0.00012011015889432462,0.00048756704046806434,0.0,0.0,
begin,layer1.0.bn1,BatchNorm2d,batchnorm,weight_update,320,-0.001769423484802246,0.0015399456024169922,4.5299530029296875e-06,5.960464477539063e-08,0.0,FP8_E4M3,Not sufficient,0.9846242068036641,1.0,0.0,0.965625,
begin,layer1.0.bn1,BatchNorm2d,batchnorm,weight_update,320,-0.001769423484802246,0.0015399456024169922,4.5299530029296875e-06,5.960464477539063e-08,0.0,FP8_E5M2,Marginal,0.0651081032947927,1.0,0.0,0.009375,
begin,layer1.0.bn1,BatchNorm2d,batchnorm,weight_update,320,-0.001769423484802246,0.0015399456024169922,4.5299530029296875e-06,5.960464477539063e-08,0.0,INT16,Sufficient,0.00012412615844114222,0.003430280465102129,,,5.400016738798932e-08
begin,layer1.0.bn1,BatchNorm2d,batchnorm,weight_update,320,-0.001769423484802246,0.0015399456024169922,4.5299530029296875e-06,5.960464477539063e-08,0.0,INT8,Marginal,0.034306482758428826,1.0,,,1.3932468384269654e-05
begin,layer1.0.conv2,Conv2d,conv,weight,36864,-0.04166552051901817,0.041664425283670425,1.948326826095581e-06,3.725290298461914e-09,0.0,FP16,Sufficient,0.00018277275009727655,0.009628610729023384,0.0,0.0,
begin,layer1.0.conv2,Conv2d,conv,weight,36864,-0.04166552051901817,0.041664425283670425,1.948326826095581e-06,3.725290298461914e-09,0.0,FP8_E4M3,Not sufficient,0.07293055277465182,1.0,0.0,0.0242,
begin,layer1.0.conv2,Conv2d,conv,weight,36864,-0.04166552051901817,0.041664425283670425,1.948326826095581e-06,3.725290298461914e-09,0.0,FP8_E5M2,Marginal,0.0452293842831005,1.0,0.0,0.0003,
begin,layer1.0.conv2,Conv2d,conv,weight,36864,-0.04166552051901817,0.041664425283670425,1.948326826095581e-06,3.725290298461914e-09,0.0,INT16,Sufficient,0.0001111319359928527,0.3052939227144131,,,1.2715695827820115e-06
begin,layer1.0.conv2,Conv2d,conv,weight,36864,-0.04166552051901817,0.041664425283670425,1.948326826095581e-06,3.725290298461914e-09,0.0,INT8,Sufficient,0.015296290536272308,1.0,,,0.00032807496471667853
begin,layer1.0.conv2,Conv2d,conv,input,41943040,0.0,8.971663475036621,2.364846984903579e-08,4.656612873077393e-10,0.4965003728866577,FP16,Sufficient,8.973535017640826e-05,0.00048673547716547046,0.0,0.0,
begin,layer1.0.conv2,Conv2d,conv,input,41943040,0.0,8.971663475036621,2.364846984903579e-08,4.656612873077393e-10,0.4965003728866577,FP8_E4M3,Sufficient,0.012149702970182278,1.0,0.0,0.0005885237861696911,
begin,layer1.0.conv2,Conv2d,conv,input,41943040,0.0,8.971663475036621,2.364846984903579e-08,4.656612873077393e-10,0.4965003728866577,FP8_E5M2,Marginal,0.022934324339762318,0.11110922730599998,0.0,0.0,
begin,layer1.0.conv2,Conv2d,conv,input,41943040,0.0,8.971663475036621,2.364846984903579e-08,4.656612873077393e-10,0.4965003728866577,INT16,Sufficient,0.00020643331455399148,1.0,,,0.00020289814722862875
begin,layer1.0.conv2,Conv2d,conv,input,41943040,0.0,8.971663475036621,2.364846984903579e-08,4.656612873077393e-10,0.4965003728866577,INT8,Marginal,0.03153008173944978,1.0,,,0.052349319608192744
begin,layer1.0.conv2,Conv2d,conv,activation,41943040,-2.812650203704834,3.736964225769043,1.1175870895385742e-08,9.313225746154785e-10,2.384185791015625e-08,FP16,Sufficient,0.00017706353479495057,0.0006253908692933083,0.0,0.0,
begin,layer1.0.conv2,Conv2d,conv,activation,41943040,-2.812650203704834,3.736964225769043,1.1175870895385742e-08,9.313225746154785e-10,2.384185791015625e-08,FP8_E4M3,Marginal,0.026930228823528295,1.0,0.0,0.00215,
begin,layer1.0.conv2,Conv2d,conv,activation,41943040,-2.812650203704834,3.736964225769043,1.1175870895385742e-08,9.313225746154785e-10,2.384185791015625e-08,FP8_E5M2,Marginal,0.04520749926379422,1.0,0.0,5e-05,
begin,layer1.0.conv2,Conv2d,conv,activation,41943040,-2.812650203704834,3.736964225769043,1.1175870895385742e-08,9.313225746154785e-10,2.384185791015625e-08,INT16,Sufficient,0.0005278778603480679,1.0,,,6.367103964800685e-05
begin,layer1.0.conv2,Conv2d,conv,activation,41943040,-2.812650203704834,3.736964225769043,1.1175870895385742e-08,9.313225746154785e-10,2.384185791015625e-08,INT8,Marginal,0.056503429166618366,1.0,,,0.016427629575954648
begin,layer1.0.conv2,Conv2d,conv,weight_gradient,184320,-0.06281396001577377,0.07065770775079727,4.656612873077393e-10,1.0913936421275139e-11,0.0,FP16,Sufficient,0.0001963486669871949,0.1522880720180045,0.0,0.0,
begin,layer1.0.conv2,Conv2d,conv,weight_gradient,184320,-0.06281396001577377,0.07065770775079727,4.656612873077393e-10,1.0913936421275139e-11,0.0,FP8_E4M3,Not sufficient,0.20582598696685464,1.0,0.0,0.0989,
begin,layer1.0.conv2,Conv2d,conv,weight_gradient,184320,-0.06281396001577377,0.07065770775079727,4.656612873077393e-10,1.0913936421275139e-11,0.0,FP8_E5M2,Marginal,0.046321161581797436,1.0,0.0,0.0008,
begin,layer1.0.conv2,Conv2d,conv,weight_gradient,184320,-0.06281396001577377,0.07065770775079727,4.656612873077393e-10,1.0913936421275139e-11,0.0,INT16,Sufficient,0.000612127953712735,1.0,,,1.8413208267470248e-06
begin,layer1.0.conv2,Conv2d,conv,weight_gradient,184320,-0.06281396001577377,0.07065770775079727,4.656612873077393e-10,1.0913936421275139e-11,0.0,INT8,Marginal,0.0669374926277756,1.0,,,0.00047507527188991937
begin,layer1.0.conv2,Conv2d,conv,weight_update,184320,-0.00607698317617178,0.004798317328095436,2.3283064365386963e-09,2.9103830456733704e-11,5.4253472222222224e-06,FP16,Sufficient,0.00038592843969767737,1.0,0.0,0.0001,
begin,layer1.0.conv2,Conv2d,conv,weight_update,184320,-0.00607698317617178,0.004798317328095436,2.3283064365386963e-09,2.9103830456733704e-11,5.4253472222222224e-06,FP8_E4M3,Not sufficient,0.9109525256013152,1.0,0.0,0.8172,
begin,layer1.0.conv2,Conv2d,conv,weight_update,184320,-0.00607698317617178,0.004798317328095436,2.3283064365386963e-09,2.9103830456733704e-11,5.4253472222222224e-06,FP8_E5M2,Marginal,0.05903676053100935,1.0,0.0,0.0075,
begin,layer1.0.conv2,Conv2d,conv,weight_update,184320,-0.00607698317617178,0.004798317328095436,2.3283064365386963e-09,2.9103830456733704e-11,5.4253472222222224e-06,INT16,Sufficient,0.0005339130273710781,1.0,,,1.5800582268241925e-07
begin,layer1.0.conv2,Conv2d,conv,weight_update,184320,-0.00607698317617178,0.004798317328095436,2.3283064365386963e-09,2.9103830456733704e-11,5.4253472222222224e-06,INT8,Marginal,0.06642365851900446,1.0,,,4.076674639240025e-05
begin,layer1.0.bn2,BatchNorm2d,batchnorm,weight,64,1.0,1.0,1.0,,0.0,FP16,Sufficient,0.0,0.0,0.0,0.0,
begin,layer1.0.bn2,BatchNorm2d,batchnorm,weight,64,1.0,1.0,1.0,,0.0,FP8_E4M3,Sufficient,0.0,0.0,0.0,0.0,
begin,layer1.0.bn2,BatchNorm2d,batchnorm,weight,64,1.0,1.0,1.0,,0.0,FP8_E5M2,Sufficient,0.0,0.0,0.0,0.0,
begin,layer1.0.bn2,BatchNorm2d,batchnorm,weight,64,1.0,1.0,1.0,,0.0,INT16,Sufficient,0.0,0.0,,,3.051850947599719e-05
begin,layer1.0.bn2,BatchNorm2d,batchnorm,weight,64,1.0,1.0,1.0,,0.0,INT8,Sufficient,0.0,0.0,,,0.007874015748031496
begin,layer1.0.bn2,BatchNorm2d,batchnorm,bias,64,0.0,0.0,,,1.0,FP16,Sufficient,0.0,0.0,0.0,0.0,
begin,layer1.0.bn2,BatchNorm2d,batchnorm,bias,64,0.0,0.0,,,1.0,FP8_E4M3,Sufficient,0.0,0.0,0.0,0.0,
begin,layer1.0.bn2,BatchNorm2d,batchnorm,bias,64,0.0,0.0,,,1.0,FP8_E5M2,Sufficient,0.0,0.0,0.0,0.0,
begin,layer1.0.bn2,BatchNorm2d,batchnorm,bias,64,0.0,0.0,,,1.0,INT16,Sufficient,0.0,0.0,,,1.0
begin,layer1.0.bn2,BatchNorm2d,batchnorm,bias,64,0.0,0.0,,,1.0,INT8,Sufficient,0.0,0.0,,,1.0
begin,layer1.0.bn2,BatchNorm2d,batchnorm,input,41943040,-2.812650203704834,3.736964225769043,1.1175870895385742e-08,9.313225746154785e-10,2.384185791015625e-08,FP16,Sufficient,0.00017706353479495057,0.0006253908692933083,0.0,0.0,
begin,layer1.0.bn2,BatchNorm2d,batchnorm,input,41943040,-2.812650203704834,3.736964225769043,1.1175870895385742e-08,9.313225746154785e-10,2.384185791015625e-08,FP8_E4M3,Marginal,0.026930228823528295,1.0,0.0,0.00215,
begin,layer1.0.bn2,BatchNorm2d,batchnorm,input,41943040,-2.812650203704834,3.736964225769043,1.1175870895385742e-08,9.313225746154785e-10,2.384185791015625e-08,FP8_E5M2,Marginal,0.04520749926379422,1.0,0.0,5e-05,
begin,layer1.0.bn2,BatchNorm2d,batchnorm,input,41943040,-2.812650203704834,3.736964225769043,1.1175870895385742e-08,9.313225746154785e-10,2.384185791015625e-08,INT16,Sufficient,0.0005278778603480679,1.0,,,6.367103964800685e-05
begin,layer1.0.bn2,BatchNorm2d,batchnorm,input,41943040,-2.812650203704834,3.736964225769043,1.1175870895385742e-08,9.313225746154785e-10,2.384185791015625e-08,INT8,Marginal,0.056503429166618366,1.0,,,0.016427629575954648
begin,layer1.0.bn2,BatchNorm2d,batchnorm,activation,41943040,-9.441048622131348,9.071027755737305,5.060379848487173e-08,4.656612873077393e-10,2.384185791015625e-08,FP16,Sufficient,0.00017622314389158645,0.0005065747379910441,0.0,0.0,
begin,layer1.0.bn2,BatchNorm2d,batchnorm,activation,41943040,-9.441048622131348,9.071027755737305,5.060379848487173e-08,4.656612873077393e-10,2.384185791015625e-08,FP8_E4M3,Marginal,0.024209635192339967,1.0,0.0,0.00085,
begin,layer1.0.bn2,BatchNorm2d,batchnorm,activation,41943040,-9.441048622131348,9.071027755737305,5.060379848487173e-08,4.656612873077393e-10,2.384185791015625e-08,FP8_E5M2,Marginal,0.044945978789451564,0.1111062132012141,0.0,0.0,
begin,layer1.0.bn2,BatchNorm2d,batchnorm,activation,41943040,-9.441048622131348,9.071027755737305,5.060379848487173e-08,4.656612873077393e-10,2.384185791015625e-08,INT16,Sufficient,0.0005043623727049166,1.0,,,0.00020285246737268835
begin,layer1.0.bn2,BatchNorm2d,batchnorm,activation,41943040,-9.441048622131348,9.071027755737305,5.060379848487173e-08,4.656612873077393e-10,2.384185791015625e-08,INT8,Marginal,0.06389599086184423,1.0,,,0.052337533845676215
begin,layer1.0.bn2,BatchNorm2d,batchnorm,weight_gradient,320,-0.020723428577184677,0.01744246482849121,2.288569521624595e-05,8.102506399154663e-08,0.0,FP16,Sufficient,0.00017092004779590444,0.000460863532281066,0.0,0.0,
begin,layer1.0.bn2,BatchNorm2d,batchnorm,weight_gradient,320,-0.020723428577184677,0.01744246482849121,2.288569521624595e-05,8.102506399154663e-08,0.0,FP8_E4M3,Not sufficient,0.29163938147173113,1.0,0.0,0.1375,
begin,layer1.0.bn2,BatchNorm2d,batchnorm,weight_gradient,320,-0.020723428577184677,0.01744246482849121,2.288569521624595e-05,8.102506399154663e-08,0.0,FP8_E5M2,Marginal,0.04490060331628611,0.3332608462045676,0.0,0.0,
begin,layer1.0.bn2,BatchNorm2d,batchnorm,weight_gradient,320,-0.020723428577184677,0.01744246482849121,2.288569521624595e-05,8.102506399154663e-08,0.0,INT16,Sufficient,0.00014422761372888957,0.005409733021366654,,,6.324481514079616e-07
begin,layer1.0.bn2,BatchNorm2d,batchnorm,weight_gradient,320,-0.020723428577184677,0.01744246482849121,2.288569521624595e-05,8.102506399154663e-08,0.0,INT8,Marginal,0.04379297557763566,1.0,,,0.0001631766029699581
begin,layer1.0.bn2,BatchNorm2d,batchnorm,weight_update,320,-0.0011924505233764648,0.001553654670715332,5.960464477539063e-08,5.960464477539063e-08,0.0,FP16,Sufficient,0.00011096173399195754,0.00048146364949446316,0.0,0.0,
begin,layer1.0.bn2,BatchNorm2d,batchnorm,weight_update,320,-0.0011924505233764648,0.001553654670715332,5.960464477539063e-08,5.960464477539063e-08,0.0,FP8_E4M3,Not sufficient,0.991245608091222,1.0,0.0,0.98125,
begin,layer1.0.bn2,BatchNorm2d,batchnorm,weight_update,320,-0.0011924505233764648,0.001553654670715332,5.960464477539063e-08,5.960464477539063e-08,0.0,FP8_E5M2,Not sufficient,0.07596748125054795,1.0,0.0,0.021875,
begin,layer1.0.bn2,BatchNorm2d,batchnorm,weight_update,320,-0.0011924505233764648,0.001553654670715332,5.960464477539063e-08,5.960464477539063e-08,0.0,INT16,Sufficient,0.0007961639527585944,0.20450453199865715,,,4.741522479065316e-08
begin,layer1.0.bn2,BatchNorm2d,batchnorm,weight_update,320,-0.0011924505233764648,0.001553654670715332,5.960464477539063e-08,5.960464477539063e-08,0.0,INT8,Marginal,0.04186566668955836,1.0,,,1.2233501344215213e-05
begin,layer1.1.conv1,Conv2d,conv,weight,36864,-0.041666340082883835,0.04166119918227196,1.173466444015503e-06,3.725290298461914e-09,0.0,FP16,Sufficient,0.0001792501491554902,0.002589331952356292,0.0,0.0,
begin,layer1.1.conv1,Conv2d,conv,weight,36864,-0.041666340082883835,0.04166119918227196,1.173466444015503e-06,3.725290298461914e-09,0.0,FP8_E4M3,Not sufficient,0.07020725904892297,1.0,0.0,0.0225,
begin,layer1.1.conv1,Conv2d,conv,weight,36864,-0.041666340082883835,0.04166119918227196,1.173466444015503e-06,3.725290298461914e-09,0.0,FP8_E5M2,Marginal,0.04524095592279587,1.0,0.0,0.00015,
begin,layer1.1.conv1,Conv2d,conv,weight,36864,-0.041666340082883835,0.04166119918227196,1.173466444015503e-06,3.725290298461914e-09,0.0,INT16,Sufficient,6.752481660161349e-05,0.10166046501263708,,,1.2714207621697894e-06
begin,layer1.1.conv1,Conv2d,conv,weight,36864,-0.041666340082883835,0.04166119918227196,1.173466444015503e-06,3.725290298461914e-09,0.0,INT8,Sufficient,0.014410896502903257,1.0,,,0.00032803656782690933
begin,layer1.1.conv1,Conv2d,conv,input,41943040,0.0,11.017419815063477,5.060379848487173e-08,4.656612873077393e-10,0.3860524415969849,FP16,Sufficient,0.0001113479068813788,0.0005065747379910441,0.0,0.0,
begin,layer1.1.conv1,Conv2d,conv,input,41943040,0.0,11.017419815063477,5.060379848487173e-08,4.656612873077393e-10,0.3860524415969849,FP8_E4M3,Sufficient,0.015094760749936487,1.0,0.0,0.0007111813512445674,
begin,layer1.1.conv1,Conv2d,conv,input,41943040,0.0,11.017419815063477,5.060379848487173e-08,4.656612873077393e-10,0.3860524415969849,FP8_E5M2,Marginal,0.028372068616393544,0.11109898427376427,0.0,0.0,
begin,layer1.1.conv1,Conv2d,conv,input,41943040,0.0,11.017419815063477,5.060379848487173e-08,4.656612873077393e-10,0.3860524415969849,INT16,Sufficient,0.00034709077354624354,1.0,,,0.00024266038811355614
begin,layer1.1.conv1,Conv2d,conv,input,41943040,0.0,11.017419815063477,5.060379848487173e-08,4.656612873077393e-10,0.3860524415969849,INT8,Marginal,0.03620337733983342,1.0,,,0.06260829084501492
begin,layer1.1.conv1,Conv2d,conv,activation,41943040,-5.66859769821167,6.629784107208252,4.190951585769653e-09,9.313225746154785e-10,0.0,FP16,Sufficient,0.00017704228048114865,0.006289308176100629,0.0,0.0,
begin,layer1.1.conv1,Conv2d,conv,activation,41943040,-5.66859769821167,6.629784107208252,4.190951585769653e-09,9.313225746154785e-10,0.0,FP8_E4M3,Marginal,0.025604686607890097,1.0,0.0,0.00175,
begin,layer1.1.conv1,Conv2d,conv,activation,41943040,-5.66859769821167,6.629784107208252,4.190951585769653e-09,9.313225746154785e-10,0.0,FP8_E5M2,Marginal,0.044826537114597845,1.0,0.0,5e-05,
begin,layer1.1.conv1,Conv2d,conv,activation,41943040,-5.66859769821167,6.629784107208252,4.190951585769653e-09,9.313225746154785e-10,0.0,INT16,Sufficient,0.00073131476104818,1.0,,,0.00016220459900358707
begin,layer1.1.conv1,Conv2d,conv,activation,41943040,-5.66859769821167,6.629784107208252,4.190951585769653e-09,9.313225746154785e-10,0.0,INT8,Marginal,0.07989271167292103,1.0,,,0.04185006374449242
begin,layer1.1.conv1,Conv2d,conv,weight_gradient,184320,-0.06579917669296265,0.06978320330381393,1.3509998098015785e-07,1.4551915228366852e-11,0.0,FP16,Sufficient,0.00018103628062372446,0.013359722909450767,0.0,0.0,
begin,layer1.1.conv1,Conv2d,conv,weight_gradient,184320,-0.06579917669296265,0.06978320330381393,1.3509998098015785e-07,1.4551915228366852e-11,0.0,FP8_E4M3,Not sufficient,0.22598923841259103,1.0,0.0,0.11055,
begin,layer1.1.conv1,Conv2d,conv,weight_gradient,184320,-0.06579917669296265,0.06978320330381393,1.3509998098015785e-07,1.4551915228366852e-11,0.0,FP8_E5M2,Marginal,0.04636294301982218,1.0,0.0,0.0009,
begin,layer1.1.conv1,Conv2d,conv,weight_gradient,184320,-0.06579917669296265,0.06978320330381393,1.3509998098015785e-07,1.4551915228366852e-11,0.0,INT16,Sufficient,0.0004993526289763571,1.0,,,1.8577670392167322e-06
begin,layer1.1.conv1,Conv2d,conv,weight_gradient,184320,-0.06579917669296265,0.06978320330381393,1.3509998098015785e-07,1.4551915228366852e-11,0.0,INT8,Marginal,0.07380345125714648,1.0,,,0.00047931852420483986
begin,layer1.1.conv1,Conv2d,conv,weight_update,184320,-0.004091748967766762,0.004129947163164616,1.7695128917694092e-08,2.9103830456733704e-11,0.0,FP16,Sufficient,0.00034330959397258144,1.0,0.0,5e-05,
begin,layer1.1.conv1,Conv2d,conv,weight_update,184320,-0.004091748967766762,0.004129947163164616,1.7695128917694092e-08,2.9103830456733704e-11,0.0,FP8_E4M3,Not sufficient,0.9371852724235147,1.0,0.0,0.8642,
begin,layer1.1.conv1,Conv2d,conv,weight_update,184320,-0.004091748967766762,0.004129947163164616,1.7695128917694092e-08,2.9103830456733704e-11,0.0,FP8_E5M2,Not sufficient,0.06319599925021674,1.0,0.0,0.01035,
begin,layer1.1.conv1,Conv2d,conv,weight_update,184320,-0.004091748967766762,0.004129947163164616,1.7695128917694092e-08,2.9103830456733704e-11,0.0,INT16,Sufficient,0.00039372782976463755,1.0,,,1.2603983163440704e-07
begin,layer1.1.conv1,Conv2d,conv,weight_update,184320,-0.004091748967766762,0.004129947163164616,1.7695128917694092e-08,2.9103830456733704e-11,0.0,INT8,Marginal,0.06275679987065728,1.0,,,3.2519269001296185e-05
begin,layer1.1.bn1,BatchNorm2d,batchnorm,weight,64,1.0,1.0,1.0,,0.0,FP16,Sufficient,0.0,0.0,0.0,0.0,
begin,layer1.1.bn1,BatchNorm2d,batchnorm,weight,64,1.0,1.0,1.0,,0.0,FP8_E4M3,Sufficient,0.0,0.0,0.0,0.0,
begin,layer1.1.bn1,BatchNorm2d,batchnorm,weight,64,1.0,1.0,1.0,,0.0,FP8_E5M2,Sufficient,0.0,0.0,0.0,0.0,
begin,layer1.1.bn1,BatchNorm2d,batchnorm,weight,64,1.0,1.0,1.0,,0.0,INT16,Sufficient,0.0,0.0,,,3.051850947599719e-05
begin,layer1.1.bn1,BatchNorm2d,batchnorm,weight,64,1.0,1.0,1.0,,0.0,INT8,Sufficient,0.0,0.0,,,0.007874015748031496
begin,layer1.1.bn1,BatchNorm2d,batchnorm,bias,64,0.0,0.0,,,1.0,FP16,Sufficient,0.0,0.0,0.0,0.0,
begin,layer1.1.bn1,BatchNorm2d,batchnorm,bias,64,0.0,0.0,,,1.0,FP8_E4M3,Sufficient,0.0,0.0,0.0,0.0,
begin,layer1.1.bn1,BatchNorm2d,batchnorm,bias,64,0.0,0.0,,,1.0,FP8_E5M2,Sufficient,0.0,0.0,0.0,0.0,
begin,layer1.1.bn1,BatchNorm2d,batchnorm,bias,64,0.0,0.0,,,1.0,INT16,Sufficient,0.0,0.0,,,1.0
begin,layer1.1.bn1,BatchNorm2d,batchnorm,bias,64,0.0,0.0,,,1.0,INT8,Sufficient,0.0,0.0,,,1.0
begin,layer1.1.bn1,BatchNorm2d,batchnorm,input,41943040,-5.66859769821167,6.629784107208252,4.190951585769653e-09,9.313225746154785e-10,0.0,FP16,Sufficient,0.00017704228048114865,0.006289308176100629,0.0,0.0,
begin,layer1.1.bn1,BatchNorm2d,batchnorm,input,41943040,-5.66859769821167,6.629784107208252,4.190951585769653e-09,9.313225746154785e-10,0.0,FP8_E4M3,Marginal,0.025604686607890097,1.0,0.0,0.00175,
begin,layer1.1.bn1,BatchNorm2d,batchnorm,input,41943040,-5.66859769821167,6.629784107208252,4.190951585769653e-09,9.313225746154785e-10,0.0,FP8_E5M2,Marginal,0.044826537114597845,1.0,0.0,5e-05,
begin,layer1.1.bn1,BatchNorm2d,batchnorm,input,41943040,-5.66859769821167,6.629784107208252,4.190951585769653e-09,9.313225746154785e-10,0.0,INT16,Sufficient,0.00073131476104818,1.0,,,0.00016220459900358707
begin,layer1.1.bn1,BatchNorm2d,batchnorm,input,41943040,-5.66859769821167,6.629784107208252,4.190951585769653e-09,9.313225746154785e-10,0.0,INT8,Marginal,0.07989271167292103,1.0,,,0.04185006374449242
begin,layer1.1.bn1,BatchNorm2d,batchnorm,activation,41943040,-8.080568313598633,8.837541580200195,4.909149531329149e-09,4.656612873077393e-10,0.0,FP16,Sufficient,0.0001753949199272899,0.0010072034200875794,0.0,0.0,
begin,layer1.1.bn1,BatchNorm2d,batchnorm,activation,41943040,-8.080568313598633,8.837541580200195,4.909149531329149e-09,4.656612873077393e-10,0.0,FP8_E4M3,Marginal,0.02405569351142298,1.0,0.0,0.0008,
begin,layer1.1.bn1,BatchNorm2d,batchnorm,activation,41943040,-8.080568313598633,8.837541580200195,4.909149531329149e-09,4.656612873077393e-10,0.0,FP8_E5M2,Marginal,0.04465539993353895,0.11110263392523165,0.0,0.0,
begin,layer1.1.bn1,BatchNorm2d,batchnorm,activation,41943040,-8.080568313598633,8.837541580200195,4.909149531329149e-09,4.656612873077393e-10,0.0,INT16,Sufficient,0.000502621136016245,1.0,,,0.00020035248845847492
begin,layer1.1.bn1,BatchNorm2d,batchnorm,activation,41943040,-8.080568313598633,8.837541580200195,4.909149531329149e-09,4.656612873077393e-10,0.0,INT8,Marginal,0.06352642535395392,1.0,,,0.05169251960093581
begin,layer1.1.bn1,BatchNorm2d,batchnorm,weight_gradient,320,-0.01333510223776102,0.025768909603357315,1.8001078387896996e-06,1.1125302989967167e-07,0.0,FP16,Sufficient,0.00022697907315472776,0.007833343444727501,0.0,0.0,
begin,layer1.1.bn1,BatchNorm2d,batchnorm,weight_gradient,320,-0.01333510223776102,0.025768909603357315,1.8001078387896996e-06,1.1125302989967167e-07,0.0,FP8_E4M3,Not sufficient,0.33412920026686266,1.0,0.0,0.190625,
begin,layer1.1.bn1,BatchNorm2d,batchnorm,weight_gradient,320,-0.01333510223776102,0.025768909603357315,1.8001078387896996e-06,1.1125302989967167e-07,0.0,FP8_E5M2,Marginal,0.05473630247835615,1.0,0.0,0.00625,
begin,layer1.1.bn1,BatchNorm2d,batchnorm,weight_gradient,320,-0.01333510223776102,0.025768909603357315,1.8001078387896996e-06,1.1125302989967167e-07,0.0,INT16,Sufficient,0.0011053112223779876,0.15506446242260938,,,7.864287119161753e-07
begin,layer1.1.bn1,BatchNorm2d,batchnorm,weight_gradient,320,-0.01333510223776102,0.025768909603357315,1.8001078387896996e-06,1.1125302989967167e-07,0.0,INT8,Marginal,0.06649125408778553,1.0,,,0.00020290480002643554
begin,layer1.1.bn1,BatchNorm2d,batchnorm,weight_update,320,-0.0011107921600341797,0.0007944107055664062,5.364418029785156e-07,5.960464477539063e-08,0.0,FP16,Sufficient,0.00011800564273192048,0.0004870920603994155,0.0,0.0,
begin,layer1.1.bn1,BatchNorm2d,batchnorm,weight_update,320,-0.0011107921600341797,0.0007944107055664062,5.364418029785156e-07,5.960464477539063e-08,0.0,FP8_E4M3,Not sufficient,0.9985577872935677,1.0,0.0,0.990625,
begin,layer1.1.bn1,BatchNorm2d,batchnorm,weight_update,320,-0.0011107921600341797,0.0007944107055664062,5.364418029785156e-07,5.960464477539063e-08,0.0,FP8_E5M2,Not sufficient,0.08096053190997343,1.0,0.0,0.015625,
begin,layer1.1.bn1,BatchNorm2d,batchnorm,weight_update,320,-0.0011107921600341797,0.0007944107055664062,5.364418029785156e-07,5.960464477539063e-08,0.0,INT16,Sufficient,0.0001741430299540717,0.011098564612771058,,,3.3899721061866505e-08
begin,layer1.1.bn1,BatchNorm2d,batchnorm,weight_update,320,-0.0011107921600341797,0.0007944107055664062,5.364418029785156e-07,5.960464477539063e-08,0.0,INT8,Marginal,0.032854496948410604,1.0,,,8.746394960899053e-06
begin,layer1.1.conv2,Conv2d,conv,weight,36864,-0.04166538640856743,0.04165870323777199,1.471489667892456e-06,3.725290298461914e-09,0.0,FP16,Sufficient,0.00018018176968085346,0.0011806375442739079,0.0,0.0,
begin,layer1.1.conv2,Conv2d,conv,weight,36864,-0.04166538640856743,0.04165870323777199,1.471489667892456e-06,3.725290298461914e-09,0.0,FP8_E4M3,Not sufficient,0.0704788762562585,1.0,0.0,0.02225,
begin,layer1.1.conv2,Conv2d,conv,weight,36864,-0.04166538640856743,0.04165870323777199,1.471489667892456e-06,3.725290298461914e-09,0.0,FP8_E5M2,Marginal,0.045303847910556826,0.5064361897756529,0.0,0.0,
begin,layer1.1.conv2,Conv2d,conv,weight,36864,-0.04166538640856743,0.04165870323777199,1.471489667892456e-06,3.725290298461914e-09,0.0,INT16,Sufficient,6.34100857802726e-05,0.04383260588219542,,,1.2715654899309497e-06
begin,layer1.1.conv2,Conv2d,conv,weight,36864,-0.04166538640856743,0.04165870323777199,1.471489667892456e-06,3.725290298461914e-09,0.0,INT8,Sufficient,0.014079628846455828,1.0,,,0.00032807390872887737
begin,layer1.1.conv2,Conv2d,conv,input,41943040,0.0,8.837541580200195,4.909149531329149e-09,9.313225746154785e-10,0.49928860664367675,FP16,Sufficient,8.807765874161047e-05,0.0010072034200875794,0.0,0.0,
begin,layer1.1.conv2,Conv2d,conv,input,41943040,0.0,8.837541580200195,4.909149531329149e-09,9.313225746154785e-10,0.49928860664367675,FP8_E4M3,Sufficient,0.012063166992321578,1.0,0.0,0.0007921576393702346,
begin,layer1.1.conv2,Conv2d,conv,input,41943040,0.0,8.837541580200195,4.909149531329149e-09,9.313225746154785e-10,0.49928860664367675,FP8_E5M2,Marginal,0.022453119484800426,0.11110263392523165,0.0,0.0,
begin,layer1.1.conv2,Conv2d,conv,input,41943040,0.0,8.837541580200195,4.909149531329149e-09,9.313225746154785e-10,0.49928860664367675,INT16,Sufficient,0.00027201094276662843,1.0,,,0.00020035248845847492
begin,layer1.1.conv2,Conv2d,conv,input,41943040,0.0,8.837541580200195,4.909149531329149e-09,9.313225746154785e-10,0.49928860664367675,INT8,Marginal,0.03202813595380395,1.0,,,0.05169251960093581
begin,layer1.1.conv2,Conv2d,conv,activation,41943040,-3.8903932571411133,4.47004508972168,1.862645149230957e-09,9.313225746154785e-10,0.0,FP16,Sufficient,0.0001762687488032876,0.00048673547716547046,0.0,0.0,
begin,layer1.1.conv2,Conv2d,conv,activation,41943040,-3.8903932571411133,4.47004508972168,1.862645149230957e-09,9.313225746154785e-10,0.0,FP8_E4M3,Marginal,0.02735804959534188,1.0,0.0,0.00235,
begin,layer1.1.conv2,Conv2d,conv,activation,41943040,-3.8903932571411133,4.47004508972168,1.862645149230957e-09,9.313225746154785e-10,0.0,FP8_E5M2,Marginal,0.045221234081318264,0.18690234714575485,0.0,0.0,
begin,layer1.1.conv2,Conv2d,conv,activation,41943040,-3.8903932571411133,4.47004508972168,1.862645149230957e-09,9.313225746154785e-10,0.0,INT16,Sufficient,0.0004928180645541031,1.0,,,9.016303499213478e-05
begin,layer1.1.conv2,Conv2d,conv,activation,41943040,-3.8903932571411133,4.47004508972168,1.862645149230957e-09,9.313225746154785e-10,0.0,INT8,Marginal,0.07428024932584916,1.0,,,0.02326277297312819
begin,layer1.1.conv2,Conv2d,conv,weight_gradient,184320,-0.052159372717142105,0.05404253676533699,4.067260306328535e-08,2.9103830456733704e-11,0.0,FP16,Sufficient,0.00018812041597075533,0.07401857956248127,0.0,0.0,
begin,layer1.1.conv2,Conv2d,conv,weight_gradient,184320,-0.052159372717142105,0.05404253676533699,4.067260306328535e-08,2.9103830456733704e-11,0.0,FP8_E4M3,Not sufficient,0.23315630508532026,1.0,0.0,0.117,
begin,layer1.1.conv2,Conv2d,conv,weight_gradient,184320,-0.052159372717142105,0.05404253676533699,4.067260306328535e-08,2.9103830456733704e-11,0.0,FP8_E5M2,Marginal,0.04675857658870782,1.0,0.0,0.00125,
begin,layer1.1.conv2,Conv2d,conv,weight_gradient,184320,-0.052159372717142105,0.05404253676533699,4.067260306328535e-08,2.9103830456733704e-11,0.0,INT16,Sufficient,0.0004907397455363455,1.0,,,1.3995090373380906e-06
begin,layer1.1.conv2,Conv2d,conv,weight_gradient,184320,-0.052159372717142105,0.05404253676533699,4.067260306328535e-08,2.9103830456733704e-11,0.0,INT8,Marginal,0.06357781508154224,1.0,,,0.0003610843513894269
begin,layer1.1.conv2,Conv2d,conv,weight_update,184320,-0.00360264559276402,0.0032886210829019547,1.862645149230957e-09,1.4551915228366852e-11,0.0,FP16,Sufficient,0.0004223288228157162,1.0,0.0,0.0001,
begin,layer1.1.conv2,Conv2d,conv,weight_update,184320,-0.00360264559276402,0.0032886210829019547,1.862645149230957e-09,1.4551915228366852e-11,0.0,FP8_E4M3,Not sufficient,0.9577707771392586,1.0,0.0,0.9023,
begin,layer1.1.conv2,Conv2d,conv,weight_update,184320,-0.00360264559276402,0.0032886210829019547,1.862645149230957e-09,1.4551915228366852e-11,0.0,FP8_E5M2,Not sufficient,0.0650970075739108,1.0,0.0,0.0121,
begin,layer1.1.conv2,Conv2d,conv,weight_update,184320,-0.00360264559276402,0.0032886210829019547,1.862645149230957e-09,1.4551915228366852e-11,0.0,INT16,Sufficient,0.00043246329556598066,1.0,,,9.639522612547821e-08
begin,layer1.1.conv2,Conv2d,conv,weight_update,184320,-0.00360264559276402,0.0032886210829019547,1.862645149230957e-09,1.4551915228366852e-11,0.0,INT8,Marginal,0.054584676708154006,1.0,,,2.4870727357901926e-05
begin,layer1.1.bn2,BatchNorm2d,batchnorm,weight,64,1.0,1.0,1.0,,0.0,FP16,Sufficient,0.0,0.0,0.0,0.0,
begin,layer1.1.bn2,BatchNorm2d,batchnorm,weight,64,1.0,1.0,1.0,,0.0,FP8_E4M3,Sufficient,0.0,0.0,0.0,0.0,
begin,layer1.1.bn2,BatchNorm2d,batchnorm,weight,64,1.0,1.0,1.0,,0.0,FP8_E5M2,Sufficient,0.0,0.0,0.0,0.0,
begin,layer1.1.bn2,BatchNorm2d,batchnorm,weight,64,1.0,1.0,1.0,,0.0,INT16,Sufficient,0.0,0.0,,,3.051850947599719e-05
begin,layer1.1.bn2,BatchNorm2d,batchnorm,weight,64,1.0,1.0,1.0,,0.0,INT8,Sufficient,0.0,0.0,,,0.007874015748031496
begin,layer1.1.bn2,BatchNorm2d,batchnorm,bias,64,0.0,0.0,,,1.0,FP16,Sufficient,0.0,0.0,0.0,0.0,
begin,layer1.1.bn2,BatchNorm2d,batchnorm,bias,64,0.0,0.0,,,1.0,FP8_E4M3,Sufficient,0.0,0.0,0.0,0.0,
begin,layer1.1.bn2,BatchNorm2d,batchnorm,bias,64,0.0,0.0,,,1.0,FP8_E5M2,Sufficient,0.0,0.0,0.0,0.0,
begin,layer1.1.bn2,BatchNorm2d,batchnorm,bias,64,0.0,0.0,,,1.0,INT16,Sufficient,0.0,0.0,,,1.0
begin,layer1.1.bn2,BatchNorm2d,batchnorm,bias,64,0.0,0.0,,,1.0,INT8,Sufficient,0.0,0.0,,,1.0
begin,layer1.1.bn2,BatchNorm2d,batchnorm,input,41943040,-3.8903932571411133,4.47004508972168,1.862645149230957e-09,9.313225746154785e-10,0.0,FP16,Sufficient,0.0001762687488032876,0.00048673547716547046,0.0,0.0,
begin,layer1.1.bn2,BatchNorm2d,batchnorm,input,41943040,-3.8903932571411133,4.47004508972168,1.862645149230957e-09,9.313225746154785e-10,0.0,FP8_E4M3,Marginal,0.02735804959534188,1.0,0.0,0.00235,
begin,layer1.1.bn2,BatchNorm2d,batchnorm,input,41943040,-3.8903932571411133,4.47004508972168,1.862645149230957e-09,9.313225746154785e-10,0.0,FP8_E5M2,Marginal,0.045221234081318264,0.18690234714575485,0.0,0.0,
begin,layer1.1.bn2,BatchNorm2d,batchnorm,input,41943040,-3.8903932571411133,4.47004508972168,1.862645149230957e-09,9.313225746154785e-10,0.0,INT16,Sufficient,0.0004928180645541031,1.0,,,9.016303499213478e-05
begin,layer1.1.bn2,BatchNorm2d,batchnorm,input,41943040,-3.8903932571411133,4.47004508972168,1.862645149230957e-09,9.313225746154785e-10,0.0,INT8,Marginal,0.07428024932584916,1.0,,,0.02326277297312819
begin,layer1.1.bn2,BatchNorm2d,batchnorm,activation,41943040,-9.523128509521484,8.82591724395752,1.9947682616816564e-08,4.656612873077393e-10,0.0,FP16,Sufficient,0.00017515648915000405,0.0004845897253408287,0.0,0.0,
begin,layer1.1.bn2,BatchNorm2d,batchnorm,activation,41943040,-9.523128509521484,8.82591724395752,1.9947682616816564e-08,4.656612873077393e-10,0.0,FP8_E4M3,Marginal,0.024167692247902058,1.0,0.0,0.0006,
begin,layer1.1.bn2,BatchNorm2d,batchnorm,activation,41943040,-9.523128509521484,8.82591724395752,1.9947682616816564e-08,4.656612873077393e-10,0.0,FP8_E5M2,Marginal,0.04491380388271938,0.11109639410980397,0.0,0.0,
begin,layer1.1.bn2,BatchNorm2d,batchnorm,activation,41943040,-9.523128509521484,8.82591724395752,1.9947682616816564e-08,4.656612873077393e-10,0.0,INT16,Sufficient,0.000374115059196533,1.0,,,0.00016019561669320594
begin,layer1.1.bn2,BatchNorm2d,batchnorm,activation,41943040,-9.523128509521484,8.82591724395752,1.9947682616816564e-08,4.656612873077393e-10,0.0,INT8,Marginal,0.05367366070165365,1.0,,,0.041331730489655744
begin,layer1.1.bn2,BatchNorm2d,batchnorm,weight_gradient,320,-0.009603580459952354,0.018079832196235657,2.6518853246670915e-06,1.1408701539039612e-08,0.0,FP16,Sufficient,0.00021054086584647446,0.011041561366753222,0.0,0.0,
begin,layer1.1.bn2,BatchNorm2d,batchnorm,weight_gradient,320,-0.009603580459952354,0.018079832196235657,2.6518853246670915e-06,1.1408701539039612e-08,0.0,FP8_E4M3,Not sufficient,0.34574743058412827,1.0,0.0,0.1875,
begin,layer1.1.bn2,BatchNorm2d,batchnorm,weight_gradient,320,-0.009603580459952354,0.018079832196235657,2.6518853246670915e-06,1.1408701539039612e-08,0.0,FP8_E5M2,Marginal,0.048292483578382506,1.0,0.0,0.003125,
begin,layer1.1.bn2,BatchNorm2d,batchnorm,weight_gradient,320,-0.009603580459952354,0.018079832196235657,2.6518853246670915e-06,1.1408701539039612e-08,0.0,INT16,Sufficient,0.0002642716024553684,0.04033444635190673,,,5.51769530205257e-07
begin,layer1.1.bn2,BatchNorm2d,batchnorm,weight_gradient,320,-0.009603580459952354,0.018079832196235657,2.6518853246670915e-06,1.1408701539039612e-08,0.0,INT8,Marginal,0.03617606745330122,1.0,,,0.00014236088343492644
begin,layer1.1.bn2,BatchNorm2d,batchnorm,weight_update,320,-0.0012529492378234863,0.0008281469345092773,1.1920928955078125e-06,5.960464477539063e-08,0.0,FP16,Sufficient,0.00010336812538641232,0.0004791566842357451,0.0,0.0,
begin,layer1.1.bn2,BatchNorm2d,batchnorm,weight_update,320,-0.0012529492378234863,0.0008281469345092773,1.1920928955078125e-06,5.960464477539063e-08,0.0,FP8_E4M3,Not sufficient,0.9975206704594572,1.0,0.0,0.99375,
begin,layer1.1.bn2,BatchNorm2d,batchnorm,weight_update,320,-0.0012529492378234863,0.0008281469345092773,1.1920928955078125e-06,5.960464477539063e-08,0.0,FP8_E5M2,Not sufficient,0.06784143607924782,1.0,0.0,0.0125,
begin,layer1.1.bn2,BatchNorm2d,batchnorm,weight_update,320,-0.0012529492378234863,0.0008281469345092773,1.1920928955078125e-06,5.960464477539063e-08,0.0,INT16,Sufficient,0.00016087210942057278,0.006258089649019289,,,3.8238143187459526e-08
begin,layer1.1.bn2,BatchNorm2d,batchnorm,weight_update,320,-0.0012529492378234863,0.0008281469345092773,1.1920928955078125e-06,5.960464477539063e-08,0.0,INT8,Marginal,0.03348385327167754,1.0,,,9.865742030106191e-06
begin,layer2.0.conv1,Conv2d,conv,weight,73728,-0.041666429489851,0.04166588559746742,3.725290298461914e-09,3.725290298461914e-09,0.0,FP16,Sufficient,0.00022960383020889462,1.0,0.0,5e-05,
begin,layer2.0.conv1,Conv2d,conv,weight,73728,-0.041666429489851,0.04166588559746742,3.725290298461914e-09,3.725290298461914e-09,0.0,FP8_E4M3,Not sufficient,0.07124672277176078,1.0,0.0,0.02345,
begin,layer2.0.conv1,Conv2d,conv,weight,73728,-0.041666429489851,0.04166588559746742,3.725290298461914e-09,3.725290298461914e-09,0.0,FP8_E5M2,Marginal,0.0454139520307015,1.0,0.0,0.00015,
begin,layer2.0.conv1,Conv2d,conv,weight,73728,-0.041666429489851,0.04166588559746742,3.725290298461914e-09,3.725290298461914e-09,0.0,INT16,Sufficient,0.00016343443589471277,1.0,,,1.271523310826951e-06
begin,layer2.0.conv1,Conv2d,conv,weight,73728,-0.041666429489851,0.04166588559746742,3.725290298461914e-09,3.725290298461914e-09,0.0,INT8,Sufficient,0.014934302852997058,1.0,,,0.00032806302618792674
begin,layer2.0.conv1,Conv2d,conv,input,41943040,0.0,15.358914375305176,1.9947682616816564e-08,9.313225746154785e-10,0.3254840850830078,FP16,Sufficient,0.0001208677400811295,0.0006357279084551812,0.0,0.0,
begin,layer2.0.conv1,Conv2d,conv,input,41943040,0.0,15.358914375305176,1.9947682616816564e-08,9.313225746154785e-10,0.3254840850830078,FP8_E4M3,Sufficient,0.016120489602904645,1.0,0.0,0.0004394316683755676,
begin,layer2.0.conv1,Conv2d,conv,input,41943040,0.0,15.358914375305176,1.9947682616816564e-08,9.313225746154785e-10,0.3254840850830078,FP8_E5M2,Marginal,0.030761297381510542,0.3019707565162111,0.0,0.0,
begin,layer2.0.conv1,Conv2d,conv,input,41943040,0.0,15.358914375305176,1.9947682616816564e-08,9.313225746154785e-10,0.3254840850830078,INT16,Sufficient,0.0002942624112665373,1.0,,,0.00027535849176073263
begin,layer2.0.conv1,Conv2d,conv,input,41943040,0.0,15.358914375305176,1.9947682616816564e-08,9.313225746154785e-10,0.3254840850830078,INT8,Marginal,0.03687923795928192,1.0,,,0.07104465905136949
begin,layer2.0.conv1,Conv2d,conv,activation,20971520,-11.051114082336426,8.022899627685547,1.2632698442871515e-08,4.656612873077393e-10,0.0,FP16,Sufficient,0.00017983749078552758,0.05161833183399575,0.0,0.0,
begin,layer2.0.conv1,Conv2d,conv,activation,20971520,-11.051114082336426,8.022899627685547,1.2632698442871515e-08,4.656612873077393e-10,0.0,FP8_E4M3,Marginal,0.025259764767162452,1.0,0.0,0.0015,
begin,layer2.0.conv1,Conv2d,conv,activation,20971520,-11.051114082336426,8.022899627685547,1.2632698442871515e-08,4.656612873077393e-10,0.0,FP8_E5M2,Marginal,0.0450802864124594,1.0,0.0,5e-05,
begin,layer2.0.conv1,Conv2d,conv,activation,20971520,-11.051114082336426,8.022899627685547,1.2632698442871515e-08,4.656612873077393e-10,0.0,INT16,Sufficient,0.0009847033616257061,1.0,,,0.000282047687460317
begin,layer2.0.conv1,Conv2d,conv,activation,20971520,-11.051114082336426,8.022899627685547,1.2632698442871515e-08,4.656612873077393e-10,0.0,INT8,Not sufficient,0.1031171514973658,1.0,,,0.07277052421269455
begin,layer2.0.conv1,Conv2d,conv,weight_gradient,368640,-0.0390683151781559,0.0667426660656929,5.129550117999315e-10,7.275957614183426e-12,0.0,FP16,Sufficient,0.00019031988047125926,0.06334371754932502,0.0,0.0,
begin,layer2.0.conv1,Conv2d,conv,weight_gradient,368640,-0.0390683151781559,0.0667426660656929,5.129550117999315e-10,7.275957614183426e-12,0.0,FP8_E4M3,Not sufficient,0.3090735477518002,1.0,0.0,0.1723,
begin,layer2.0.conv1,Conv2d,conv,weight_gradient,368640,-0.0390683151781559,0.0667426660656929,5.129550117999315e-10,7.275957614183426e-12,0.0,FP8_E5M2,Marginal,0.04703239968463523,1.0,0.0,0.00105,
begin,layer2.0.conv1,Conv2d,conv,weight_gradient,368640,-0.0390683151781559,0.0667426660656929,5.129550117999315e-10,7.275957614183426e-12,0.0,INT16,Sufficient,0.0007264340978619225,1.0,,,1.3883847818422075e-06
begin,layer2.0.conv1,Conv2d,conv,weight_gradient,368640,-0.0390683151781559,0.0667426660656929,5.129550117999315e-10,7.275957614183426e-12,0.0,INT8,Marginal,0.0846303281732024,1.0,,,0.0003582142058789261
begin,layer2.0.conv1,Conv2d,conv,weight_update,368640,-0.003970107063651085,0.0025738063268363476,4.656612873077393e-10,7.275957614183426e-12,2.7126736111111112e-06,FP16,Sufficient,0.00047254009805755483,1.0,0.0,5e-05,
begin,layer2.0.conv1,Conv2d,conv,weight_update,368640,-0.003970107063651085,0.0025738063268363476,4.656612873077393e-10,7.275957614183426e-12,2.7126736111111112e-06,FP8_E4M3,Not sufficient,0.9896831115547773,1.0,0.0,0.97055,
begin,layer2.0.conv1,Conv2d,conv,weight_update,368640,-0.003970107063651085,0.0025738063268363476,4.656612873077393e-10,7.275957614183426e-12,2.7126736111111112e-06,FP8_E5M2,Not sufficient,0.07506179654979388,1.0,0.0,0.01685,
begin,layer2.0.conv1,Conv2d,conv,weight_update,368640,-0.003970107063651085,0.0025738063268363476,4.656612873077393e-10,7.275957614183426e-12,2.7126736111111112e-06,INT16,Sufficient,0.0006877105644351208,1.0,,,1.059227012556917e-07
begin,layer2.0.conv1,Conv2d,conv,weight_update,368640,-0.003970107063651085,0.0025738063268363476,4.656612873077393e-10,7.275957614183426e-12,2.7126736111111112e-06,INT8,Marginal,0.0830130652793835,1.0,,,2.732889096098622e-05
begin,layer2.0.bn1,BatchNorm2d,batchnorm,weight,128,1.0,1.0,1.0,,0.0,FP16,Sufficient,0.0,0.0,0.0,0.0,
begin,layer2.0.bn1,BatchNorm2d,batchnorm,weight,128,1.0,1.0,1.0,,0.0,FP8_E4M3,Sufficient,0.0,0.0,0.0,0.0,
begin,layer2.0.bn1,BatchNorm2d,batchnorm,weight,128,1.0,1.0,1.0,,0.0,FP8_E5M2,Sufficient,0.0,0.0,0.0,0.0,
begin,layer2.0.bn1,BatchNorm2d,batchnorm,weight,128,1.0,1.0,1.0,,0.0,INT16,Sufficient,0.0,0.0,,,3.051850947599719e-05
begin,layer2.0.bn1,BatchNorm2d,batchnorm,weight,128,1.0,1.0,1.0,,0.0,INT8,Sufficient,0.0,0.0,,,0.007874015748031496
begin,layer2.0.bn1,BatchNorm2d,batchnorm,bias,128,0.0,0.0,,,1.0,FP16,Sufficient,0.0,0.0,0.0,0.0,
begin,layer2.0.bn1,BatchNorm2d,batchnorm,bias,128,0.0,0.0,,,1.0,FP8_E4M3,Sufficient,0.0,0.0,0.0,0.0,
begin,layer2.0.bn1,BatchNorm2d,batchnorm,bias,128,0.0,0.0,,,1.0,FP8_E5M2,Sufficient,0.0,0.0,0.0,0.0,
begin,layer2.0.bn1,BatchNorm2d,batchnorm,bias,128,0.0,0.0,,,1.0,INT16,Sufficient,0.0,0.0,,,1.0
begin,layer2.0.bn1,BatchNorm2d,batchnorm,bias,128,0.0,0.0,,,1.0,INT8,Sufficient,0.0,0.0,,,1.0
begin,layer2.0.bn1,BatchNorm2d,batchnorm,input,20971520,-11.051114082336426,8.022899627685547,1.2632698442871515e-08,4.656612873077393e-10,0.0,FP16,Sufficient,0.00017983749078552758,0.05161833183399575,0.0,0.0,
begin,layer2.0.bn1,BatchNorm2d,batchnorm,input,20971520,-11.051114082336426,8.022899627685547,1.2632698442871515e-08,4.656612873077393e-10,0.0,FP8_E4M3,Marginal,0.025259764767162452,1.0,0.0,0.0015,
begin,layer2.0.bn1,BatchNorm2d,batchnorm,input,20971520,-11.051114082336426,8.022899627685547,1.2632698442871515e-08,4.656612873077393e-10,0.0,FP8_E5M2,Marginal,0.0450802864124594,1.0,0.0,5e-05,
begin,layer2.0.bn1,BatchNorm2d,batchnorm,input,20971520,-11.051114082336426,8.022899627685547,1.2632698442871515e-08,4.656612873077393e-10,0.0,INT16,Sufficient,0.0009847033616257061,1.0,,,0.000282047687460317
begin,layer2.0.bn1,BatchNorm2d,batchnorm,input,20971520,-11.051114082336426,8.022899627685547,1.2632698442871515e-08,4.656612873077393e-10,0.0,INT8,Not sufficient,0.1031171514973658,1.0,,,0.07277052421269455
begin,layer2.0.bn1,BatchNorm2d,batchnorm,activation,20971520,-8.708342552185059,8.949584007263184,7.490616837912967e-08,4.656612873077393e-10,0.0,FP16,Sufficient,0.0001765257691557658,0.00047997607240944667,0.0,0.0,
begin,layer2.0.bn1,BatchNorm2d,batchnorm,activation,20971520,-8.708342552185059,8.949584007263184,7.490616837912967e-08,4.656612873077393e-10,0.0,FP8_E4M3,Marginal,0.02436128211512393,1.0,0.0,0.00065,
begin,layer2.0.bn1,BatchNorm2d,batchnorm,activation,20971520,-8.708342552185059,8.949584007263184,7.490616837912967e-08,4.656612873077393e-10,0.0,FP8_E5M2,Marginal,0.04497726382811222,0.11110510652749454,0.0,0.0,
begin,layer2.0.bn1,BatchNorm2d,batchnorm,activation,20971520,-8.708342552185059,8.949584007263184,7.490616837912967e-08,4.656612873077393e-10,0.0,INT16,Sufficient,0.000407488153756522,1.0,,,0.00019126630089166352
begin,layer2.0.bn1,BatchNorm2d,batchnorm,activation,20971520,-8.708342552185059,8.949584007263184,7.490616837912967e-08,4.656612873077393e-10,0.0,INT8,Marginal,0.06423204342389077,1.0,,,0.049348211663914475
begin,layer2.0.bn1,BatchNorm2d,batchnorm,weight_gradient,640,-0.009834341704845428,0.010412761941552162,1.2084599347872427e-06,6.984919309616089e-10,0.0,FP16,Sufficient,0.00024667884679933276,0.0135437169311796,0.0,0.0,
begin,layer2.0.bn1,BatchNorm2d,batchnorm,weight_gradient,640,-0.009834341704845428,0.010412761941552162,1.2084599347872427e-06,6.984919309616089e-10,0.0,FP8_E4M3,Not sufficient,0.4658583327759577,1.0,0.0,0.284375,
begin,layer2.0.bn1,BatchNorm2d,batchnorm,weight_gradient,640,-0.009834341704845428,0.010412761941552162,1.2084599347872427e-06,6.984919309616089e-10,0.0,FP8_E5M2,Marginal,0.05393813927815745,1.0,0.0,0.0078125,
begin,layer2.0.bn1,BatchNorm2d,batchnorm,weight_gradient,640,-0.009834341704845428,0.010412761941552162,1.2084599347872427e-06,6.984919309616089e-10,0.0,INT16,Sufficient,0.00042974772291219405,0.05492178007663726,,,3.177819739845626e-07
begin,layer2.0.bn1,BatchNorm2d,batchnorm,weight_gradient,640,-0.009834341704845428,0.010412761941552162,1.2084599347872427e-06,6.984919309616089e-10,0.0,INT8,Marginal,0.049611695554153276,1.0,,,8.199025150828475e-05
begin,layer2.0.bn1,BatchNorm2d,batchnorm,weight_update,640,-0.0007407069206237793,0.0006538629531860352,2.384185791015625e-07,5.960464477539063e-08,0.0,FP16,Sufficient,8.620909027818543e-05,0.0004837929366231253,0.0,0.0,
begin,layer2.0.bn1,BatchNorm2d,batchnorm,weight_update,640,-0.0007407069206237793,0.0006538629531860352,2.384185791015625e-07,5.960464477539063e-08,0.0,FP8_E4M3,Not sufficient,1.0,1.0,0.0,1.0,
begin,layer2.0.bn1,BatchNorm2d,batchnorm,weight_update,640,-0.0007407069206237793,0.0006538629531860352,2.384185791015625e-07,5.960464477539063e-08,0.0,FP8_E5M2,Not sufficient,0.10098029030723414,1.0,0.0,0.0296875,
begin,layer2.0.bn1,BatchNorm2d,batchnorm,weight_update,640,-0.0007407069206237793,0.0006538629531860352,2.384185791015625e-07,5.960464477539063e-08,0.0,INT16,Sufficient,0.00021460456249226405,0.04294717246009694,,,2.2605271175993508e-08
begin,layer2.0.bn1,BatchNorm2d,batchnorm,weight_update,640,-0.0007407069206237793,0.0006538629531860352,2.384185791015625e-07,5.960464477539063e-08,0.0,INT8,Marginal,0.03681594190951196,1.0,,,5.832337957667554e-06
begin,layer2.0.conv2,Conv2d,conv,weight,147456,-0.029462214559316635,0.029462425038218498,1.9371509552001953e-07,1.862645149230957e-09,0.0,FP16,Sufficient,0.00017464962726647853,0.044897959183673466,0.0,0.0,
begin,layer2.0.conv2,Conv2d,conv,weight,147456,-0.029462214559316635,0.029462425038218498,1.9371509552001953e-07,1.862645149230957e-09,0.0,FP8_E4M3,Not sufficient,0.09137349713418298,1.0,0.0,0.03415,
begin,layer2.0.conv2,Conv2d,conv,weight,147456,-0.029462214559316635,0.029462425038218498,1.9371509552001953e-07,1.862645149230957e-09,0.0,FP8_E5M2,Marginal,0.04494268565608588,1.0,0.0,0.00045,
begin,layer2.0.conv2,Conv2d,conv,weight,147456,-0.029462214559316635,0.029462425038218498,1.9371509552001953e-07,1.862645149230957e-09,0.0,INT16,Sufficient,0.00013859750807258077,0.970209948660393,,,8.991014909405192e-07
begin,layer2.0.conv2,Conv2d,conv,weight,147456,-0.029462214559316635,0.029462425038218498,1.9371509552001953e-07,1.862645149230957e-09,0.0,INT8,Sufficient,0.015570508289573046,1.0,,,0.00023197526420195273
begin,layer2.0.conv2,Conv2d,conv,input,20971520,0.0,8.949584007263184,7.490616837912967e-08,5.238689482212067e-10,0.5012819290161132,FP16,Sufficient,8.82255502932007e-05,0.00047997607240944667,0.0,0.0,
begin,layer2.0.conv2,Conv2d,conv,input,20971520,0.0,8.949584007263184,7.490616837912967e-08,5.238689482212067e-10,0.5012819290161132,FP8_E4M3,Sufficient,0.012282070086248147,1.0,0.0,0.0008999100089991,
begin,layer2.0.conv2,Conv2d,conv,input,20971520,0.0,8.949584007263184,7.490616837912967e-08,5.238689482212067e-10,0.5012819290161132,FP8_E5M2,Marginal,0.022438097922668744,0.11110510652749454,0.0,0.0,
begin,layer2.0.conv2,Conv2d,conv,input,20971520,0.0,8.949584007263184,7.490616837912967e-08,5.238689482212067e-10,0.5012819290161132,INT16,Sufficient,0.0001960091390690071,0.28463212335191124,,,0.00019126630089166352
begin,layer2.0.conv2,Conv2d,conv,input,20971520,0.0,8.949584007263184,7.490616837912967e-08,5.238689482212067e-10,0.5012819290161132,INT8,Marginal,0.03229515736322896,1.0,,,0.049348211663914475
begin,layer2.0.conv2,Conv2d,conv,activation,20971520,-4.383404731750488,4.153177261352539,2.7008354663848877e-08,2.3283064365386963e-10,0.0,FP16,Sufficient,0.00017514289199636025,0.00048071295903299375,0.0,0.0,
begin,layer2.0.conv2,Conv2d,conv,activation,20971520,-4.383404731750488,4.153177261352539,2.7008354663848877e-08,2.3283064365386963e-10,0.0,FP8_E4M3,Marginal,0.027211741506124553,1.0,0.0,0.0021,
begin,layer2.0.conv2,Conv2d,conv,activation,20971520,-4.383404731750488,4.153177261352539,2.7008354663848877e-08,2.3283064365386963e-10,0.0,FP8_E5M2,Marginal,0.04505072213775348,0.15380642495609959,0.0,0.0,
begin,layer2.0.conv2,Conv2d,conv,activation,20971520,-4.383404731750488,4.153177261352539,2.7008354663848877e-08,2.3283064365386963e-10,0.0,INT16,Sufficient,0.0004303565404446604,1.0,,,7.247221198113839e-05
begin,layer2.0.conv2,Conv2d,conv,activation,20971520,-4.383404731750488,4.153177261352539,2.7008354663848877e-08,2.3283064365386963e-10,0.0,INT8,Marginal,0.062147142886363485,1.0,,,0.018698401338472143
begin,layer2.0.conv2,Conv2d,conv,weight_gradient,737280,-0.027573946863412857,0.04069947078824043,6.51925802230835e-09,7.275957614183426e-12,0.0,FP16,Sufficient,0.00019302176470215347,0.055931161647203444,0.0,0.0,
begin,layer2.0.conv2,Conv2d,conv,weight_gradient,737280,-0.027573946863412857,0.04069947078824043,6.51925802230835e-09,7.275957614183426e-12,0.0,FP8_E4M3,Not sufficient,0.33122614553580504,1.0,0.0,0.1854,
begin,layer2.0.conv2,Conv2d,conv,weight_gradient,737280,-0.027573946863412857,0.04069947078824043,6.51925802230835e-09,7.275957614183426e-12,0.0,FP8_E5M2,Marginal,0.047814314390976415,1.0,0.0,0.0017,
begin,layer2.0.conv2,Conv2d,conv,weight_gradient,737280,-0.027573946863412857,0.04069947078824043,6.51925802230835e-09,7.275957614183426e-12,0.0,INT16,Sufficient,0.0005162374843795343,1.0,,,9.936014427985787e-07
begin,layer2.0.conv2,Conv2d,conv,weight_gradient,737280,-0.027573946863412857,0.04069947078824043,6.51925802230835e-09,7.275957614183426e-12,0.0,INT8,Marginal,0.0682344056557747,1.0,,,0.0002563569958754412
begin,layer2.0.conv2,Conv2d,conv,weight_update,737280,-0.002607573289424181,0.0022501638159155846,1.7462298274040222e-09,7.275957614183426e-12,2.7126736111111112e-06,FP16,Sufficient,0.0006289279875865273,1.0,0.0,0.0002,
begin,layer2.0.conv2,Conv2d,conv,weight_update,737280,-0.002607573289424181,0.0022501638159155846,1.7462298274040222e-09,7.275957614183426e-12,2.7126736111111112e-06,FP8_E4M3,Not sufficient,0.9954703948252168,1.0,0.0,0.98615,
begin,layer2.0.conv2,Conv2d,conv,weight_update,737280,-0.002607573289424181,0.0022501638159155846,1.7462298274040222e-09,7.275957614183426e-12,2.7126736111111112e-06,FP8_E5M2,Not sufficient,0.07934149625364853,1.0,0.0,0.0193,
begin,layer2.0.conv2,Conv2d,conv,weight_update,737280,-0.002607573289424181,0.0022501638159155846,1.7462298274040222e-09,7.275957614183426e-12,2.7126736111111112e-06,INT16,Sufficient,0.0005735994539175323,1.0,,,6.413406661720473e-08
begin,layer2.0.conv2,Conv2d,conv,weight_update,737280,-0.002607573289424181,0.0022501638159155846,1.7462298274040222e-09,7.275957614183426e-12,2.7126736111111112e-06,INT8,Marginal,0.06243906182161647,1.0,,,1.6547094179889347e-05
begin,layer2.0.bn2,BatchNorm2d,batchnorm,weight,128,1.0,1.0,1.0,,0.0,FP16,Sufficient,0.0,0.0,0.0,0.0,
begin,layer2.0.bn2,BatchNorm2d,batchnorm,weight,128,1.0,1.0,1.0,,0.0,FP8_E4M3,Sufficient,0.0,0.0,0.0,0.0,
begin,layer2.0.bn2,BatchNorm2d,batchnorm,weight,128,1.0,1.0,1.0,,0.0,FP8_E5M2,Sufficient,0.0,0.0,0.0,0.0,
begin,layer2.0.bn2,BatchNorm2d,batchnorm,weight,128,1.0,1.0,1.0,,0.0,INT16,Sufficient,0.0,0.0,,,3.051850947599719e-05
begin,layer2.0.bn2,BatchNorm2d,batchnorm,weight,128,1.0,1.0,1.0,,0.0,INT8,Sufficient,0.0,0.0,,,0.007874015748031496
begin,layer2.0.bn2,BatchNorm2d,batchnorm,bias,128,0.0,0.0,,,1.0,FP16,Sufficient,0.0,0.0,0.0,0.0,
begin,layer2.0.bn2,BatchNorm2d,batchnorm,bias,128,0.0,0.0,,,1.0,FP8_E4M3,Sufficient,0.0,0.0,0.0,0.0,
begin,layer2.0.bn2,BatchNorm2d,batchnorm,bias,128,0.0,0.0,,,1.0,FP8_E5M2,Sufficient,0.0,0.0,0.0,0.0,
begin,layer2.0.bn2,BatchNorm2d,batchnorm,bias,128,0.0,0.0,,,1.0,INT16,Sufficient,0.0,0.0,,,1.0
begin,layer2.0.bn2,BatchNorm2d,batchnorm,bias,128,0.0,0.0,,,1.0,INT8,Sufficient,0.0,0.0,,,1.0
begin,layer2.0.bn2,BatchNorm2d,batchnorm,input,20971520,-4.383404731750488,4.153177261352539,2.7008354663848877e-08,2.3283064365386963e-10,0.0,FP16,Sufficient,0.00017514289199636025,0.00048071295903299375,0.0,0.0,
begin,layer2.0.bn2,BatchNorm2d,batchnorm,input,20971520,-4.383404731750488,4.153177261352539,2.7008354663848877e-08,2.3283064365386963e-10,0.0,FP8_E4M3,Marginal,0.027211741506124553,1.0,0.0,0.0021,
begin,layer2.0.bn2,BatchNorm2d,batchnorm,input,20971520,-4.383404731750488,4.153177261352539,2.7008354663848877e-08,2.3283064365386963e-10,0.0,FP8_E5M2,Marginal,0.04505072213775348,0.15380642495609959,0.0,0.0,
begin,layer2.0.bn2,BatchNorm2d,batchnorm,input,20971520,-4.383404731750488,4.153177261352539,2.7008354663848877e-08,2.3283064365386963e-10,0.0,INT16,Sufficient,0.0004303565404446604,1.0,,,7.247221198113839e-05
begin,layer2.0.bn2,BatchNorm2d,batchnorm,input,20971520,-4.383404731750488,4.153177261352539,2.7008354663848877e-08,2.3283064365386963e-10,0.0,INT8,Marginal,0.062147142886363485,1.0,,,0.018698401338472143
begin,layer2.0.bn2,BatchNorm2d,batchnorm,activation,20971520,-9.9342622756958,9.211666107177734,4.138953713095361e-08,4.656612873077393e-10,0.0,FP16,Sufficient,0.00017587915735185706,0.00048673512987313375,0.0,0.0,
begin,layer2.0.bn2,BatchNorm2d,batchnorm,activation,20971520,-9.9342622756958,9.211666107177734,4.138953713095361e-08,4.656612873077393e-10,0.0,FP8_E4M3,Marginal,0.02440154413119444,1.0,0.0,0.0011,
begin,layer2.0.bn2,BatchNorm2d,batchnorm,activation,20971520,-9.9342622756958,9.211666107177734,4.138953713095361e-08,4.656612873077393e-10,0.0,FP8_E5M2,Marginal,0.045226428250700515,0.23335970562707736,0.0,0.0,
begin,layer2.0.bn2,BatchNorm2d,batchnorm,activation,20971520,-9.9342622756958,9.211666107177734,4.138953713095361e-08,4.656612873077393e-10,0.0,INT16,Sufficient,0.0007246250127962564,1.0,,,0.0002102290874223566
begin,layer2.0.bn2,BatchNorm2d,batchnorm,activation,20971520,-9.9342622756958,9.211666107177734,4.138953713095361e-08,4.656612873077393e-10,0.0,INT8,Marginal,0.06610578493268902,1.0,,,0.054240759902113064
begin,layer2.0.bn2,BatchNorm2d,batchnorm,weight_gradient,640,-0.00874163769185543,0.00902431458234787,5.087603312858846e-06,2.486922312527895e-08,0.0,FP16,Sufficient,0.00020043821180651546,0.004379879159146493,0.0,0.0,
begin,layer2.0.bn2,BatchNorm2d,batchnorm,weight_gradient,640,-0.00874163769185543,0.00902431458234787,5.087603312858846e-06,2.486922312527895e-08,0.0,FP8_E4M3,Not sufficient,0.47586236872878185,1.0,0.0,0.2984375,
begin,layer2.0.bn2,BatchNorm2d,batchnorm,weight_gradient,640,-0.00874163769185543,0.00902431458234787,5.087603312858846e-06,2.486922312527895e-08,0.0,FP8_E5M2,Marginal,0.04856237475679874,1.0,0.0,0.003125,
begin,layer2.0.bn2,BatchNorm2d,batchnorm,weight_gradient,640,-0.00874163769185543,0.00902431458234787,5.087603312858846e-06,2.486922312527895e-08,0.0,INT16,Sufficient,0.00019618921267154204,0.025601046922410397,,,2.754086300957631e-07
begin,layer2.0.bn2,BatchNorm2d,batchnorm,weight_gradient,640,-0.00874163769185543,0.00902431458234787,5.087603312858846e-06,2.486922312527895e-08,0.0,INT8,Marginal,0.04088579449260704,1.0,,,7.10575951365974e-05
begin,layer2.0.bn2,BatchNorm2d,batchnorm,weight_update,640,-0.0009930133819580078,0.00040209293365478516,5.364418029785156e-07,5.960464477539063e-08,0.0,FP16,Sufficient,6.748559135884115e-05,0.0004870920603994155,0.0,0.0,
begin,layer2.0.bn2,BatchNorm2d,batchnorm,weight_update,640,-0.0009930133819580078,0.00040209293365478516,5.364418029785156e-07,5.960464477539063e-08,0.0,FP8_E4M3,Not sufficient,0.9999482292917167,1.0,0.0,0.9984375,
begin,layer2.0.bn2,BatchNorm2d,batchnorm,weight_update,640,-0.0009930133819580078,0.00040209293365478516,5.364418029785156e-07,5.960464477539063e-08,0.0,FP8_E5M2,Not sufficient,0.11069141649870898,1.0,0.0,0.046875,
begin,layer2.0.bn2,BatchNorm2d,batchnorm,weight_update,640,-0.0009930133819580078,0.00040209293365478516,5.364418029785156e-07,5.960464477539063e-08,0.0,INT16,Sufficient,0.00029228029081025014,0.016876735740226453,,,3.030528830707748e-08
begin,layer2.0.bn2,BatchNorm2d,batchnorm,weight_update,640,-0.0009930133819580078,0.00040209293365478516,5.364418029785156e-07,5.960464477539063e-08,0.0,INT8,Marginal,0.06361836974359494,1.0,,,7.819003007543368e-06
begin,layer2.0.shortcut.0,Conv2d,conv,weight,8192,-0.12497888505458832,0.12498600780963898,5.230307579040527e-06,1.4901161193847656e-08,0.0,FP16,Sufficient,0.00016726654124998245,0.002849002849002849,0.0,0.0,
begin,layer2.0.shortcut.0,Conv2d,conv,weight,8192,-0.12497888505458832,0.12498600780963898,5.230307579040527e-06,1.4901161193847656e-08,0.0,FP8_E4M3,Marginal,0.0380989487751935,1.0,0.0,0.00830078125,
begin,layer2.0.shortcut.0,Conv2d,conv,weight,8192,-0.12497888505458832,0.12498600780963898,5.230307579040527e-06,1.4901161193847656e-08,0.0,FP8_E5M2,Marginal,0.043884347806301544,1.0,0.0,0.000244140625,
begin,layer2.0.shortcut.0,Conv2d,conv,weight,8192,-0.12497888505458832,0.12498600780963898,5.230307579040527e-06,1.4901161193847656e-08,0.0,INT16,Sufficient,0.00012732064499294644,0.2707146556751342,,,3.814386663705526e-06
begin,layer2.0.shortcut.0,Conv2d,conv,weight,8192,-0.12497888505458832,0.12498600780963898,5.230307579040527e-06,1.4901161193847656e-08,0.0,INT8,Sufficient,0.014623667824192112,1.0,,,0.0009841417937766848
begin,layer2.0.shortcut.0,Conv2d,conv,input,41943040,0.0,15.358914375305176,1.9947682616816564e-08,9.313225746154785e-10,0.3254840850830078,FP16,Sufficient,0.0001208677400811295,0.0006357279084551812,0.0,0.0,
begin,layer2.0.shortcut.0,Conv2d,conv,input,41943040,0.0,15.358914375305176,1.9947682616816564e-08,9.313225746154785e-10,0.3254840850830078,FP8_E4M3,Sufficient,0.016120489602904645,1.0,0.0,0.0004394316683755676,
begin,layer2.0.shortcut.0,Conv2d,conv,input,41943040,0.0,15.358914375305176,1.9947682616816564e-08,9.313225746154785e-10,0.3254840850830078,FP8_E5M2,Marginal,0.030761297381510542,0.3019707565162111,0.0,0.0,
begin,layer2.0.shortcut.0,Conv2d,conv,input,41943040,0.0,15.358914375305176,1.9947682616816564e-08,9.313225746154785e-10,0.3254840850830078,INT16,Sufficient,0.0002942624112665373,1.0,,,0.00027535849176073263
begin,layer2.0.shortcut.0,Conv2d,conv,input,41943040,0.0,15.358914375305176,1.9947682616816564e-08,9.313225746154785e-10,0.3254840850830078,INT8,Marginal,0.03687923795928192,1.0,,,0.07104465905136949
begin,layer2.0.shortcut.0,Conv2d,conv,activation,20971520,-8.975199699401855,7.287899494171143,1.0619718437965275e-09,2.3283064365386963e-10,0.0,FP16,Sufficient,0.00017722029790968253,0.00048613745679572504,0.0,0.0,
begin,layer2.0.shortcut.0,Conv2d,conv,activation,20971520,-8.975199699401855,7.287899494171143,1.0619718437965275e-09,2.3283064365386963e-10,0.0,FP8_E4M3,Marginal,0.025038716698278427,1.0,0.0,0.00105,
begin,layer2.0.shortcut.0,Conv2d,conv,activation,20971520,-8.975199699401855,7.287899494171143,1.0619718437965275e-09,2.3283064365386963e-10,0.0,FP8_E5M2,Marginal,0.04501682668716336,0.1110609049757165,0.0,0.0,
begin,layer2.0.shortcut.0,Conv2d,conv,activation,20971520,-8.975199699401855,7.287899494171143,1.0619718437965275e-09,2.3283064365386963e-10,0.0,INT16,Sufficient,0.0007011716072261378,1.0,,,0.0001967918026249748
begin,layer2.0.shortcut.0,Conv2d,conv,activation,20971520,-8.975199699401855,7.287899494171143,1.0619718437965275e-09,2.3283064365386963e-10,0.0,INT8,Marginal,0.08010657896320945,1.0,,,0.05077383461899645
begin,layer2.0.shortcut.0,Conv2d,conv,weight_gradient,40960,-0.02911413460969925,0.0522734560072422,3.020395524799824e-07,8.731149137020111e-11,0.0,FP16,Sufficient,0.00018883210588370623,0.04116643815001839,0.0,0.0,
begin,layer2.0.shortcut.0,Conv2d,conv,weight_gradient,40960,-0.02911413460969925,0.0522734560072422,3.020395524799824e-07,8.731149137020111e-11,0.0,FP8_E4M3,Not sufficient,0.3327979325312547,1.0,0.0,0.18735,
begin,layer2.0.shortcut.0,Conv2d,conv,weight_gradient,40960,-0.02911413460969925,0.0522734560072422,3.020395524799824e-07,8.731149137020111e-11,0.0,FP8_E5M2,Marginal,0.047380705267060376,1.0,0.0,0.00105,
begin,layer2.0.shortcut.0,Conv2d,conv,weight_gradient,40960,-0.02911413460969925,0.0522734560072422,3.020395524799824e-07,8.731149137020111e-11,0.0,INT16,Sufficient,0.0006291785592553021,1.0,,,1.3343367508348556e-06
begin,layer2.0.shortcut.0,Conv2d,conv,weight_gradient,40960,-0.02911413460969925,0.0522734560072422,3.020395524799824e-07,8.731149137020111e-11,0.0,INT8,Marginal,0.08845890644903281,1.0,,,0.000344269388303982
begin,layer2.0.shortcut.0,Conv2d,conv,weight_update,40960,-0.0032806396484375,0.002027653157711029,7.450580596923828e-09,2.9103830456733704e-11,0.0,FP16,Sufficient,0.0005346390369319698,1.0,0.0,0.0001,
begin,layer2.0.shortcut.0,Conv2d,conv,weight_update,40960,-0.0032806396484375,0.002027653157711029,7.450580596923828e-09,2.9103830456733704e-11,0.0,FP8_E4M3,Not sufficient,0.9933327812100835,1.0,0.0,0.98085,
begin,layer2.0.shortcut.0,Conv2d,conv,weight_update,40960,-0.0032806396484375,0.002027653157711029,7.450580596923828e-09,2.9103830456733704e-11,0.0,FP8_E5M2,Not sufficient,0.08099555495102372,1.0,0.0,0.0206,
begin,layer2.0.shortcut.0,Conv2d,conv,weight_update,40960,-0.0032806396484375,0.002027653157711029,7.450580596923828e-09,2.9103830456733704e-11,0.0,INT16,Sufficient,0.0006461328088166843,1.0,,,8.928440901184408e-08
begin,layer2.0.shortcut.0,Conv2d,conv,weight_update,40960,-0.0032806396484375,0.002027653157711029,7.450580596923828e-09,2.9103830456733704e-11,0.0,INT8,Marginal,0.08369003691401562,1.0,,,2.3036080551898384e-05
begin,layer2.0.shortcut.1,BatchNorm2d,batchnorm,weight,128,1.0,1.0,1.0,,0.0,FP16,Sufficient,0.0,0.0,0.0,0.0,
begin,layer2.0.shortcut.1,BatchNorm2d,batchnorm,weight,128,1.0,1.0,1.0,,0.0,FP8_E4M3,Sufficient,0.0,0.0,0.0,0.0,
begin,layer2.0.shortcut.1,BatchNorm2d,batchnorm,weight,128,1.0,1.0,1.0,,0.0,FP8_E5M2,Sufficient,0.0,0.0,0.0,0.0,
begin,layer2.0.shortcut.1,BatchNorm2d,batchnorm,weight,128,1.0,1.0,1.0,,0.0,INT16,Sufficient,0.0,0.0,,,3.051850947599719e-05
begin,layer2.0.shortcut.1,BatchNorm2d,batchnorm,weight,128,1.0,1.0,1.0,,0.0,INT8,Sufficient,0.0,0.0,,,0.007874015748031496
begin,layer2.0.shortcut.1,BatchNorm2d,batchnorm,bias,128,0.0,0.0,,,1.0,FP16,Sufficient,0.0,0.0,0.0,0.0,
begin,layer2.0.shortcut.1,BatchNorm2d,batchnorm,bias,128,0.0,0.0,,,1.0,FP8_E4M3,Sufficient,0.0,0.0,0.0,0.0,
begin,layer2.0.shortcut.1,BatchNorm2d,batchnorm,bias,128,0.0,0.0,,,1.0,FP8_E5M2,Sufficient,0.0,0.0,0.0,0.0,
begin,layer2.0.shortcut.1,BatchNorm2d,batchnorm,bias,128,0.0,0.0,,,1.0,INT16,Sufficient,0.0,0.0,,,1.0
begin,layer2.0.shortcut.1,BatchNorm2d,batchnorm,bias,128,0.0,0.0,,,1.0,INT8,Sufficient,0.0,0.0,,,1.0
begin,layer2.0.shortcut.1,BatchNorm2d,batchnorm,input,20971520,-8.975199699401855,7.287899494171143,1.0619718437965275e-09,2.3283064365386963e-10,0.0,FP16,Sufficient,0.00017722029790968253,0.00048613745679572504,0.0,0.0,
begin,layer2.0.shortcut.1,BatchNorm2d,batchnorm,input,20971520,-8.975199699401855,7.287899494171143,1.0619718437965275e-09,2.3283064365386963e-10,0.0,FP8_E4M3,Marginal,0.025038716698278427,1.0,0.0,0.00105,
begin,layer2.0.shortcut.1,BatchNorm2d,batchnorm,input,20971520,-8.975199699401855,7.287899494171143,1.0619718437965275e-09,2.3283064365386963e-10,0.0,FP8_E5M2,Marginal,0.04501682668716336,0.1110609049757165,0.0,0.0,
begin,layer2.0.shortcut.1,BatchNorm2d,batchnorm,input,20971520,-8.975199699401855,7.287899494171143,1.0619718437965275e-09,2.3283064365386963e-10,0.0,INT16,Sufficient,0.0007011716072261378,1.0,,,0.0001967918026249748
begin,layer2.0.shortcut.1,BatchNorm2d,batchnorm,input,20971520,-8.975199699401855,7.287899494171143,1.0619718437965275e-09,2.3283064365386963e-10,0.0,INT8,Marginal,0.08010657896320945,1.0,,,0.05077383461899645
begin,layer2.0.shortcut.1,BatchNorm2d,batchnorm,activation,20971520,-8.801170349121094,9.006762504577637,7.737330776080853e-09,4.656612873077393e-10,0.0,FP16,Sufficient,0.00017714362389976252,0.0004839977211873157,0.0,0.0,
begin,layer2.0.shortcut.1,BatchNorm2d,batchnorm,activation,20971520,-8.801170349121094,9.006762504577637,7.737330776080853e-09,4.656612873077393e-10,0.0,FP8_E4M3,Marginal,0.024102452472185593,1.0,0.0,0.00075,
begin,layer2.0.shortcut.1,BatchNorm2d,batchnorm,activation,20971520,-8.801170349121094,9.006762504577637,7.737330776080853e-09,4.656612873077393e-10,0.0,FP8_E5M2,Marginal,0.04440050387836862,0.11110244554148672,0.0,0.0,
begin,layer2.0.shortcut.1,BatchNorm2d,batchnorm,activation,20971520,-8.801170349121094,9.006762504577637,7.737330776080853e-09,4.656612873077393e-10,0.0,INT16,Sufficient,0.0004781252976516248,0.7239114428197144,,,0.0002168975314575348
begin,layer2.0.shortcut.1,BatchNorm2d,batchnorm,activation,20971520,-8.801170349121094,9.006762504577637,7.737330776080853e-09,4.656612873077393e-10,0.0,INT8,Marginal,0.06890957110292659,1.0,,,0.05596127097062239
begin,layer2.0.shortcut.1,BatchNorm2d,batchnorm,weight_gradient,640,-0.0136827751994133,0.011087237857282162,1.1501308563310886e-06,3.573950380086899e-08,0.0,FP16,Sufficient,0.00022210019424480414,0.015339650702830915,0.0,0.0,
begin,layer2.0.shortcut.1,BatchNorm2d,batchnorm,weight_gradient,640,-0.0136827751994133,0.011087237857282162,1.1501308563310886e-06,3.573950380086899e-08,0.0,FP8_E4M3,Not sufficient,0.46423626195640966,1.0,0.0,0.30625,
begin,layer2.0.shortcut.1,BatchNorm2d,batchnorm,weight_gradient,640,-0.0136827751994133,0.011087237857282162,1.1501308563310886e-06,3.573950380086899e-08,0.0,FP8_E5M2,Marginal,0.05170421181171751,1.0,0.0,0.00625,
begin,layer2.0.shortcut.1,BatchNorm2d,batchnorm,weight_gradient,640,-0.0136827751994133,0.011087237857282162,1.1501308563310886e-06,3.573950380086899e-08,0.0,INT16,Sufficient,0.00036579470488524145,0.08920972500461072,,,4.1757790458123415e-07
begin,layer2.0.shortcut.1,BatchNorm2d,batchnorm,weight_gradient,640,-0.0136827751994133,0.011087237857282162,1.1501308563310886e-06,3.573950380086899e-08,0.0,INT8,Marginal,0.04662143756713868,1.0,,,0.00010773838739695511
begin,layer2.0.shortcut.1,BatchNorm2d,batchnorm,weight_update,640,-0.0006774663925170898,0.0005353689193725586,3.5762786865234375e-07,5.960464477539063e-08,0.0,FP16,Sufficient,8.54321442976224e-05,0.00048567265662943174,0.0,0.0,
begin,layer2.0.shortcut.1,BatchNorm2d,batchnorm,weight_update,640,-0.0006774663925170898,0.0005353689193725586,3.5762786865234375e-07,5.960464477539063e-08,0.0,FP8_E4M3,Not sufficient,1.0,1.0,0.0,1.0,
begin,layer2.0.shortcut.1,BatchNorm2d,batchnorm,weight_update,640,-0.0006774663925170898,0.0005353689193725586,3.5762786865234375e-07,5.960464477539063e-08,0.0,FP8_E5M2,Not sufficient,0.10402444001341977,1.0,0.0,0.0359375,
begin,layer2.0.shortcut.1,BatchNorm2d,batchnorm,weight_update,640,-0.0006774663925170898,0.0005353689193725586,3.5762786865234375e-07,5.960464477539063e-08,0.0,INT16,Sufficient,0.00014788579827360208,0.017192093671478375,,,2.067526451970244e-08
begin,layer2.0.shortcut.1,BatchNorm2d,batchnorm,weight_update,640,-0.0006774663925170898,0.0005353689193725586,3.5762786865234375e-07,5.960464477539063e-08,0.0,INT8,Marginal,0.03589364616255778,1.0,,,5.334381043441652e-06
begin,layer2.1.conv1,Conv2d,conv,weight,147456,-0.029462024569511414,0.02946195937693119,1.0244548320770264e-07,1.862645149230957e-09,0.0,FP16,Sufficient,0.000174856617997513,0.016722408026755852,0.0,0.0,
begin,layer2.1.conv1,Conv2d,conv,weight,147456,-0.029462024569511414,0.02946195937693119,1.0244548320770264e-07,1.862645149230957e-09,0.0,FP8_E4M3,Not sufficient,0.09139933157596093,1.0,0.0,0.03385,
begin,layer2.1.conv1,Conv2d,conv,weight,147456,-0.029462024569511414,0.02946195937693119,1.0244548320770264e-07,1.862645149230957e-09,0.0,FP8_E5M2,Marginal,0.04455174506067233,1.0,0.0,0.0003,
begin,layer2.1.conv1,Conv2d,conv,weight,147456,-0.029462024569511414,0.02946195937693119,1.0244548320770264e-07,1.862645149230957e-09,0.0,INT16,Sufficient,8.416745493415912e-05,0.19285549444935676,,,8.990474311994103e-07
begin,layer2.1.conv1,Conv2d,conv,weight,147456,-0.029462024569511414,0.02946195937693119,1.0244548320770264e-07,1.862645149230957e-09,0.0,INT8,Sufficient,0.015469957520512511,1.0,,,0.00023196131636307935
begin,layer2.1.conv1,Conv2d,conv,input,20971520,0.0,15.276965141296387,3.5762786865234375e-07,1.862645149230957e-09,0.5019170761108398,FP16,Sufficient,8.715166132246652e-05,0.00048768532012376936,0.0,0.0,
begin,layer2.1.conv1,Conv2d,conv,input,20971520,0.0,15.276965141296387,3.5762786865234375e-07,1.862645149230957e-09,0.5019170761108398,FP8_E4M3,Sufficient,0.011714975471994297,1.0,0.0,0.0006037432078889113,
begin,layer2.1.conv1,Conv2d,conv,input,20971520,0.0,15.276965141296387,3.5762786865234375e-07,1.862645149230957e-09,0.5019170761108398,FP8_E5M2,Marginal,0.02251702809686313,0.11109679399200935,0.0,0.0,
begin,layer2.1.conv1,Conv2d,conv,input,20971520,0.0,15.276965141296387,3.5762786865234375e-07,1.862645149230957e-09,0.5019170761108398,INT16,Sufficient,0.00026385830096694256,1.0,,,0.00024194025005969588
begin,layer2.1.conv1,Conv2d,conv,input,20971520,0.0,15.276965141296387,3.5762786865234375e-07,1.862645149230957e-09,0.5019170761108398,INT8,Marginal,0.027456573134786503,1.0,,,0.06242248955674059
begin,layer2.1.conv1,Conv2d,conv,activation,20971520,-5.452047348022461,6.074794292449951,7.450580596923828e-09,2.3283064365386963e-10,0.0,FP16,Sufficient,0.00017673672868598778,0.0006221226825930073,0.0,0.0,
begin,layer2.1.conv1,Conv2d,conv,activation,20971520,-5.452047348022461,6.074794292449951,7.450580596923828e-09,2.3283064365386963e-10,0.0,FP8_E4M3,Marginal,0.02510170762383643,1.0,0.0,0.0011,
begin,layer2.1.conv1,Conv2d,conv,activation,20971520,-5.452047348022461,6.074794292449951,7.450580596923828e-09,2.3283064365386963e-10,0.0,FP8_E5M2,Marginal,0.04465342582003749,0.11111045178023046,0.0,0.0,
begin,layer2.1.conv1,Conv2d,conv,activation,20971520,-5.452047348022461,6.074794292449951,7.450580596923828e-09,2.3283064365386963e-10,0.0,INT16,Sufficient,0.00045324647550889683,1.0,,,0.00011965101914209802
begin,layer2.1.conv1,Conv2d,conv,activation,20971520,-5.452047348022461,6.074794292449951,7.450580596923828e-09,2.3283064365386963e-10,0.0,INT8,Marginal,0.06723524483699378,1.0,,,0.030870905072670284
begin,layer2.1.conv1,Conv2d,conv,weight_gradient,737280,-0.031412750482559204,0.04297122731804848,1.1059455573558807e-08,1.4551915228366852e-11,0.0,FP16,Sufficient,0.0001909936383046843,0.01782431460314923,0.0,0.0,
begin,layer2.1.conv1,Conv2d,conv,weight_gradient,737280,-0.031412750482559204,0.04297122731804848,1.1059455573558807e-08,1.4551915228366852e-11,0.0,FP8_E4M3,Not sufficient,0.3494033321128574,1.0,0.0,0.19905,
begin,layer2.1.conv1,Conv2d,conv,weight_gradient,737280,-0.031412750482559204,0.04297122731804848,1.1059455573558807e-08,1.4551915228366852e-11,0.0,FP8_E5M2,Marginal,0.04798447496952498,1.0,0.0,0.0019,
begin,layer2.1.conv1,Conv2d,conv,weight_gradient,737280,-0.031412750482559204,0.04297122731804848,1.1059455573558807e-08,1.4551915228366852e-11,0.0,INT16,Sufficient,0.0007429028795587093,1.0,,,1.301683871372868e-06
begin,layer2.1.conv1,Conv2d,conv,weight_gradient,737280,-0.031412750482559204,0.04297122731804848,1.1059455573558807e-08,1.4551915228366852e-11,0.0,INT8,Marginal,0.09188510101809225,1.0,,,0.0003358446882935021
begin,layer2.1.conv1,Conv2d,conv,weight_update,737280,-0.002810867503285408,0.002366280183196068,1.862645149230957e-09,7.275957614183426e-12,4.069010416666667e-06,FP16,Sufficient,0.0005801796729779518,1.0,0.0,0.0001,
begin,layer2.1.conv1,Conv2d,conv,weight_update,737280,-0.002810867503285408,0.002366280183196068,1.862645149230957e-09,7.275957614183426e-12,4.069010416666667e-06,FP8_E4M3,Not sufficient,0.9967105770084709,1.0,0.0,0.989,
begin,layer2.1.conv1,Conv2d,conv,weight_update,737280,-0.002810867503285408,0.002366280183196068,1.862645149230957e-09,7.275957614183426e-12,4.069010416666667e-06,FP8_E5M2,Not sufficient,0.08472334431470442,1.0,0.0,0.02345,
begin,layer2.1.conv1,Conv2d,conv,weight_update,737280,-0.002810867503285408,0.002366280183196068,1.862645149230957e-09,7.275957614183426e-12,4.069010416666667e-06,INT16,Sufficient,0.0007541867490265007,1.0,,,8.578348653478829e-08
begin,layer2.1.conv1,Conv2d,conv,weight_update,737280,-0.002810867503285408,0.002366280183196068,1.862645149230957e-09,7.275957614183426e-12,4.069010416666667e-06,INT8,Marginal,0.0870205182061893,1.0,,,2.2132814986499274e-05
begin,layer2.1.bn1,BatchNorm2d,batchnorm,weight,128,1.0,1.0,1.0,,0.0,FP16,Sufficient,0.0,0.0,0.0,0.0,
begin,layer2.1.bn1,BatchNorm2d,batchnorm,weight,128,1.0,1.0,1.0,,0.0,FP8_E4M3,Sufficient,0.0,0.0,0.0,0.0,
begin,layer2.1.bn1,BatchNorm2d,batchnorm,weight,128,1.0,1.0,1.0,,0.0,FP8_E5M2,Sufficient,0.0,0.0,0.0,0.0,
begin,layer2.1.bn1,BatchNorm2d,batchnorm,weight,128,1.0,1.0,1.0,,0.0,INT16,Sufficient,0.0,0.0,,,3.051850947599719e-05
begin,layer2.1.bn1,BatchNorm2d,batchnorm,weight,128,1.0,1.0,1.0,,0.0,INT8,Sufficient,0.0,0.0,,,0.007874015748031496
begin,layer2.1.bn1,BatchNorm2d,batchnorm,bias,128,0.0,0.0,,,1.0,FP16,Sufficient,0.0,0.0,0.0,0.0,
begin,layer2.1.bn1,BatchNorm2d,batchnorm,bias,128,0.0,0.0,,,1.0,FP8_E4M3,Sufficient,0.0,0.0,0.0,0.0,
begin,layer2.1.bn1,BatchNorm2d,batchnorm,bias,128,0.0,0.0,,,1.0,FP8_E5M2,Sufficient,0.0,0.0,0.0,0.0,
begin,layer2.1.bn1,BatchNorm2d,batchnorm,bias,128,0.0,0.0,,,1.0,INT16,Sufficient,0.0,0.0,,,1.0
begin,layer2.1.bn1,BatchNorm2d,batchnorm,bias,128,0.0,0.0,,,1.0,INT8,Sufficient,0.0,0.0,,,1.0
begin,layer2.1.bn1,BatchNorm2d,batchnorm,input,20971520,-5.452047348022461,6.074794292449951,7.450580596923828e-09,2.3283064365386963e-10,0.0,FP16,Sufficient,0.00017673672868598778,0.0006221226825930073,0.0,0.0,
begin,layer2.1.bn1,BatchNorm2d,batchnorm,input,20971520,-5.452047348022461,6.074794292449951,7.450580596923828e-09,2.3283064365386963e-10,0.0,FP8_E4M3,Marginal,0.02510170762383643,1.0,0.0,0.0011,
begin,layer2.1.bn1,BatchNorm2d,batchnorm,input,20971520,-5.452047348022461,6.074794292449951,7.450580596923828e-09,2.3283064365386963e-10,0.0,FP8_E5M2,Marginal,0.04465342582003749,0.11111045178023046,0.0,0.0,
begin,layer2.1.bn1,BatchNorm2d,batchnorm,input,20971520,-5.452047348022461,6.074794292449951,7.450580596923828e-09,2.3283064365386963e-10,0.0,INT16,Sufficient,0.00045324647550889683,1.0,,,0.00011965101914209802
begin,layer2.1.bn1,BatchNorm2d,batchnorm,input,20971520,-5.452047348022461,6.074794292449951,7.450580596923828e-09,2.3283064365386963e-10,0.0,INT8,Marginal,0.06723524483699378,1.0,,,0.030870905072670284
begin,layer2.1.bn1,BatchNorm2d,batchnorm,activation,20971520,-9.116781234741211,10.444146156311035,4.262653519049309e-08,4.656612873077393e-10,0.0,FP16,Sufficient,0.0001769081297234063,0.0004801827506440764,0.0,0.0,
begin,layer2.1.bn1,BatchNorm2d,batchnorm,activation,20971520,-9.116781234741211,10.444146156311035,4.262653519049309e-08,4.656612873077393e-10,0.0,FP8_E4M3,Marginal,0.024119316294843124,1.0,0.0,0.0007,
begin,layer2.1.bn1,BatchNorm2d,batchnorm,activation,20971520,-9.116781234741211,10.444146156311035,4.262653519049309e-08,4.656612873077393e-10,0.0,FP8_E5M2,Marginal,0.045105814302288404,0.11108603357472405,0.0,0.0,
begin,layer2.1.bn1,BatchNorm2d,batchnorm,activation,20971520,-9.116781234741211,10.444146156311035,4.262653519049309e-08,4.656612873077393e-10,0.0,INT16,Sufficient,0.00041929051130925037,1.0,,,0.00019546699948854674
begin,layer2.1.bn1,BatchNorm2d,batchnorm,activation,20971520,-9.116781234741211,10.444146156311035,4.262653519049309e-08,4.656612873077393e-10,0.0,INT8,Marginal,0.06210374182419462,1.0,,,0.05043202497827725
begin,layer2.1.bn1,BatchNorm2d,batchnorm,weight_gradient,640,-0.008433508686721325,0.006458587013185024,1.189026534120785e-06,1.6996636986732483e-08,0.0,FP16,Sufficient,0.00019041199429225671,0.003161630956940955,0.0,0.0,
begin,layer2.1.bn1,BatchNorm2d,batchnorm,weight_gradient,640,-0.008433508686721325,0.006458587013185024,1.189026534120785e-06,1.6996636986732483e-08,0.0,FP8_E4M3,Not sufficient,0.5209014945830157,1.0,0.0,0.34375,
begin,layer2.1.bn1,BatchNorm2d,batchnorm,weight_gradient,640,-0.008433508686721325,0.006458587013185024,1.189026534120785e-06,1.6996636986732483e-08,0.0,FP8_E5M2,Marginal,0.053517625780147314,1.0,0.0,0.00625,
begin,layer2.1.bn1,BatchNorm2d,batchnorm,weight_gradient,640,-0.008433508686721325,0.006458587013185024,1.189026534120785e-06,1.6996636986732483e-08,0.0,INT16,Sufficient,0.00042068523124324175,0.08230601835107629,,,2.573781147716094e-07
begin,layer2.1.bn1,BatchNorm2d,batchnorm,weight_gradient,640,-0.008433508686721325,0.006458587013185024,1.189026534120785e-06,1.6996636986732483e-08,0.0,INT8,Marginal,0.04234163318683458,1.0,,,6.640558021040413e-05
begin,layer2.1.bn1,BatchNorm2d,batchnorm,weight_update,640,-0.000610053539276123,0.0006248950958251953,1.0728836059570312e-06,5.960464477539063e-08,0.0,FP16,Sufficient,7.719291063026077e-05,0.00048756704046806434,0.0,0.0,
begin,layer2.1.bn1,BatchNorm2d,batchnorm,weight_update,640,-0.000610053539276123,0.0006248950958251953,1.0728836059570312e-06,5.960464477539063e-08,0.0,FP8_E4M3,Not sufficient,1.0,1.0,0.0,1.0,
begin,layer2.1.bn1,BatchNorm2d,batchnorm,weight_update,640,-0.000610053539276123,0.0006248950958251953,1.0728836059570312e-06,5.960464477539063e-08,0.0,FP8_E5M2,Not sufficient,0.09709279685766083,1.0,0.0,0.0265625,
begin,layer2.1.bn1,BatchNorm2d,batchnorm,weight_update,640,-0.000610053539276123,0.0006248950958251953,1.0728836059570312e-06,5.960464477539063e-08,0.0,INT16,Sufficient,9.81110481658378e-05,0.004581167366896782,,,1.9070866903445397e-08
begin,layer2.1.bn1,BatchNorm2d,batchnorm,weight_update,640,-0.000610053539276123,0.0006248950958251953,1.0728836059570312e-06,5.960464477539063e-08,0.0,INT8,Marginal,0.026902597253455545,1.0,,,4.920433825395239e-06
begin,layer2.1.conv2,Conv2d,conv,weight,147456,-0.029462242498993874,0.029462503269314766,9.499490261077881e-08,1.862645149230957e-09,0.0,FP16,Sufficient,0.00017484055991790886,0.03559870550161812,0.0,0.0,
begin,layer2.1.conv2,Conv2d,conv,weight,147456,-0.029462242498993874,0.029462503269314766,9.499490261077881e-08,1.862645149230957e-09,0.0,FP8_E4M3,Not sufficient,0.09222521813818059,1.0,0.0,0.03575,
begin,layer2.1.conv2,Conv2d,conv,weight,147456,-0.029462242498993874,0.029462503269314766,9.499490261077881e-08,1.862645149230957e-09,0.0,FP8_E5M2,Marginal,0.04448844272349564,1.0,0.0,0.0001,
begin,layer2.1.conv2,Conv2d,conv,weight,147456,-0.029462242498993874,0.029462503269314766,9.499490261077881e-08,1.862645149230957e-09,0.0,INT16,Sufficient,0.000101543109987281,0.5622254136616058,,,8.991503209274937e-07
begin,layer2.1.conv2,Conv2d,conv,weight,147456,-0.029462242498993874,0.029462503269314766,9.499490261077881e-08,1.862645149230957e-09,0.0,INT8,Sufficient,0.01566068053898981,1.0,,,0.0002319878627230802
begin,layer2.1.conv2,Conv2d,conv,input,20971520,0.0,10.444146156311035,1.956082371634693e-07,4.656612873077393e-10,0.4998750686645508,FP16,Sufficient,8.69271634536521e-05,0.00048014846053652375,0.0,0.0,
begin,layer2.1.conv2,Conv2d,conv,input,20971520,0.0,10.444146156311035,1.956082371634693e-07,4.656612873077393e-10,0.4998750686645508,FP8_E4M3,Sufficient,0.011908534329916592,1.0,0.0,0.000606918875177018,
begin,layer2.1.conv2,Conv2d,conv,input,20971520,0.0,10.444146156311035,1.956082371634693e-07,4.656612873077393e-10,0.4998750686645508,FP8_E5M2,Marginal,0.022237687799166836,0.11108603357472405,0.0,0.0,
begin,layer2.1.conv2,Conv2d,conv,input,20971520,0.0,10.444146156311035,1.956082371634693e-07,4.656612873077393e-10,0.4998750686645508,INT16,Sufficient,0.0002184059270412527,1.0,,,0.00019546699948854674
begin,layer2.1.conv2,Conv2d,conv,input,20971520,0.0,10.444146156311035,1.956082371634693e-07,4.656612873077393e-10,0.4998750686645508,INT8,Marginal,0.030845143752652654,1.0,,,0.05043202497827725
begin,layer2.1.conv2,Conv2d,conv,activation,20971520,-4.563388824462891,4.70881462097168,2.60770320892334e-08,4.656612873077393e-10,0.0,FP16,Sufficient,0.00017649108131665407,0.0007356363254214896,0.0,0.0,
begin,layer2.1.conv2,Conv2d,conv,activation,20971520,-4.563388824462891,4.70881462097168,2.60770320892334e-08,4.656612873077393e-10,0.0,FP8_E4M3,Marginal,0.027445788244645507,1.0,0.0,0.0025,
begin,layer2.1.conv2,Conv2d,conv,activation,20971520,-4.563388824462891,4.70881462097168,2.60770320892334e-08,4.656612873077393e-10,0.0,FP8_E5M2,Marginal,0.044931819199213116,0.1808,0.0,0.0,
begin,layer2.1.conv2,Conv2d,conv,activation,20971520,-4.563388824462891,4.70881462097168,2.60770320892334e-08,4.656612873077393e-10,0.0,INT16,Sufficient,0.0005185221976020328,1.0,,,8.069324723335481e-05
begin,layer2.1.conv2,Conv2d,conv,activation,20971520,-4.563388824462891,4.70881462097168,2.60770320892334e-08,4.656612873077393e-10,0.0,INT8,Marginal,0.06423005830130878,1.0,,,0.020819493166105017
begin,layer2.1.conv2,Conv2d,conv,weight_gradient,737280,-0.02245611883699894,0.02926481142640114,9.89530235528946e-09,7.275957614183426e-12,0.0,FP16,Sufficient,0.00019543482359314884,0.05911179173047473,0.0,0.0,
begin,layer2.1.conv2,Conv2d,conv,weight_gradient,737280,-0.02245611883699894,0.02926481142640114,9.89530235528946e-09,7.275957614183426e-12,0.0,FP8_E4M3,Not sufficient,0.3732767761008467,1.0,0.0,0.2195,
begin,layer2.1.conv2,Conv2d,conv,weight_gradient,737280,-0.02245611883699894,0.02926481142640114,9.89530235528946e-09,7.275957614183426e-12,0.0,FP8_E5M2,Marginal,0.04784510313409688,1.0,0.0,0.00185,
begin,layer2.1.conv2,Conv2d,conv,weight_gradient,737280,-0.02245611883699894,0.02926481142640114,9.89530235528946e-09,7.275957614183426e-12,0.0,INT16,Sufficient,0.0006128174401098343,1.0,,,8.21654516722091e-07
begin,layer2.1.conv2,Conv2d,conv,weight_gradient,737280,-0.02245611883699894,0.02926481142640114,9.89530235528946e-09,7.275957614183426e-12,0.0,INT8,Marginal,0.06705018996399306,1.0,,,0.00021199333503490358
begin,layer2.1.conv2,Conv2d,conv,weight_update,737280,-0.0019389307126402855,0.0018939776346087456,4.6202330850064754e-10,3.637978807091713e-12,0.0,FP16,Sufficient,0.0005300149999857842,1.0,0.0,5e-05,
begin,layer2.1.conv2,Conv2d,conv,weight_update,737280,-0.0019389307126402855,0.0018939776346087456,4.6202330850064754e-10,3.637978807091713e-12,0.0,FP8_E4M3,Not sufficient,0.998797539746534,1.0,0.0,0.99495,
begin,layer2.1.conv2,Conv2d,conv,weight_update,737280,-0.0019389307126402855,0.0018939776346087456,4.6202330850064754e-10,3.637978807091713e-12,0.0,FP8_E5M2,Not sufficient,0.08715040558657944,1.0,0.0,0.02515,
begin,layer2.1.conv2,Conv2d,conv,weight_update,737280,-0.0019389307126402855,0.0018939776346087456,4.6202330850064754e-10,3.637978807091713e-12,0.0,INT16,Sufficient,0.0003698219819737676,1.0,,,4.731438148810072e-08
begin,layer2.1.conv2,Conv2d,conv,weight_update,737280,-0.0019389307126402855,0.0018939776346087456,4.6202330850064754e-10,3.637978807091713e-12,0.0,INT8,Marginal,0.05672303269648779,1.0,,,1.2207482978114932e-05
begin,layer2.1.bn2,BatchNorm2d,batchnorm,weight,128,1.0,1.0,1.0,,0.0,FP16,Sufficient,0.0,0.0,0.0,0.0,
begin,layer2.1.bn2,BatchNorm2d,batchnorm,weight,128,1.0,1.0,1.0,,0.0,FP8_E4M3,Sufficient,0.0,0.0,0.0,0.0,
begin,layer2.1.bn2,BatchNorm2d,batchnorm,weight,128,1.0,1.0,1.0,,0.0,FP8_E5M2,Sufficient,0.0,0.0,0.0,0.0,
begin,layer2.1.bn2,BatchNorm2d,batchnorm,weight,128,1.0,1.0,1.0,,0.0,INT16,Sufficient,0.0,0.0,,,3.051850947599719e-05
begin,layer2.1.bn2,BatchNorm2d,batchnorm,weight,128,1.0,1.0,1.0,,0.0,INT8,Sufficient,0.0,0.0,,,0.007874015748031496
begin,layer2.1.bn2,BatchNorm2d,batchnorm,bias,128,0.0,0.0,,,1.0,FP16,Sufficient,0.0,0.0,0.0,0.0,
begin,layer2.1.bn2,BatchNorm2d,batchnorm,bias,128,0.0,0.0,,,1.0,FP8_E4M3,Sufficient,0.0,0.0,0.0,0.0,
begin,layer2.1.bn2,BatchNorm2d,batchnorm,bias,128,0.0,0.0,,,1.0,FP8_E5M2,Sufficient,0.0,0.0,0.0,0.0,
begin,layer2.1.bn2,BatchNorm2d,batchnorm,bias,128,0.0,0.0,,,1.0,INT16,Sufficient,0.0,0.0,,,1.0
begin,layer2.1.bn2,BatchNorm2d,batchnorm,bias,128,0.0,0.0,,,1.0,INT8,Sufficient,0.0,0.0,,,1.0
begin,layer2.1.bn2,BatchNorm2d,batchnorm,input,20971520,-4.563388824462891,4.70881462097168,2.60770320892334e-08,4.656612873077393e-10,0.0,FP16,Sufficient,0.00017649108131665407,0.0007356363254214896,0.0,0.0,
begin,layer2.1.bn2,BatchNorm2d,batchnorm,input,20971520,-4.563388824462891,4.70881462097168,2.60770320892334e-08,4.656612873077393e-10,0.0,FP8_E4M3,Marginal,0.027445788244645507,1.0,0.0,0.0025,
begin,layer2.1.bn2,BatchNorm2d,batchnorm,input,20971520,-4.563388824462891,4.70881462097168,2.60770320892334e-08,4.656612873077393e-10,0.0,FP8_E5M2,Marginal,0.044931819199213116,0.1808,0.0,0.0,
begin,layer2.1.bn2,BatchNorm2d,batchnorm,input,20971520,-4.563388824462891,4.70881462097168,2.60770320892334e-08,4.656612873077393e-10,0.0,INT16,Sufficient,0.0005185221976020328,1.0,,,8.069324723335481e-05
begin,layer2.1.bn2,BatchNorm2d,batchnorm,input,20971520,-4.563388824462891,4.70881462097168,2.60770320892334e-08,4.656612873077393e-10,0.0,INT8,Marginal,0.06423005830130878,1.0,,,0.020819493166105017
begin,layer2.1.bn2,BatchNorm2d,batchnorm,activation,20971520,-10.574677467346191,11.850505828857422,2.5332266062605413e-08,4.656612873077393e-10,0.0,FP16,Sufficient,0.00017662327386070196,0.0012588746318458676,0.0,0.0,
begin,layer2.1.bn2,BatchNorm2d,batchnorm,activation,20971520,-10.574677467346191,11.850505828857422,2.5332266062605413e-08,4.656612873077393e-10,0.0,FP8_E4M3,Marginal,0.024238677735839122,1.0,0.0,0.0007,
begin,layer2.1.bn2,BatchNorm2d,batchnorm,activation,20971520,-10.574677467346191,11.850505828857422,2.5332266062605413e-08,4.656612873077393e-10,0.0,FP8_E5M2,Marginal,0.04487362707012341,0.3011589215992237,0.0,0.0,
begin,layer2.1.bn2,BatchNorm2d,batchnorm,activation,20971520,-10.574677467346191,11.850505828857422,2.5332266062605413e-08,4.656612873077393e-10,0.0,INT16,Sufficient,0.0005014227548063763,1.0,,,0.00017146208239208517
begin,layer2.1.bn2,BatchNorm2d,batchnorm,activation,20971520,-10.574677467346191,11.850505828857422,2.5332266062605413e-08,4.656612873077393e-10,0.0,INT8,Marginal,0.05918015681177916,1.0,,,0.04423856735229492
begin,layer2.1.bn2,BatchNorm2d,batchnorm,weight_gradient,640,-0.008369160816073418,0.009961051866412163,1.950938440131722e-06,8.381903171539307e-09,0.0,FP16,Sufficient,0.00020671778701496094,0.008208786667347295,0.0,0.0,
begin,layer2.1.bn2,BatchNorm2d,batchnorm,weight_gradient,640,-0.008369160816073418,0.009961051866412163,1.950938440131722e-06,8.381903171539307e-09,0.0,FP8_E4M3,Not sufficient,0.532983999484774,1.0,0.0,0.3671875,
begin,layer2.1.bn2,BatchNorm2d,batchnorm,weight_gradient,640,-0.008369160816073418,0.009961051866412163,1.950938440131722e-06,8.381903171539307e-09,0.0,FP8_E5M2,Marginal,0.05427902508747211,1.0,0.0,0.0046875,
begin,layer2.1.bn2,BatchNorm2d,batchnorm,weight_gradient,640,-0.008369160816073418,0.009961051866412163,1.950938440131722e-06,8.381903171539307e-09,0.0,INT16,Sufficient,0.00034879267814713654,0.06507622324933814,,,3.039964557759991e-07
begin,layer2.1.bn2,BatchNorm2d,batchnorm,weight_gradient,640,-0.008369160816073418,0.009961051866412163,1.950938440131722e-06,8.381903171539307e-09,0.0,INT8,Marginal,0.06150841569483669,1.0,,,7.84334792630879e-05
begin,layer2.1.bn2,BatchNorm2d,batchnorm,weight_update,640,-0.0006780624389648438,0.0005060434341430664,2.384185791015625e-07,5.960464477539063e-08,0.0,FP16,Sufficient,5.622271664433052e-05,0.0004861448711716091,0.0,0.0,
begin,layer2.1.bn2,BatchNorm2d,batchnorm,weight_update,640,-0.0006780624389648438,0.0005060434341430664,2.384185791015625e-07,5.960464477539063e-08,0.0,FP8_E4M3,Not sufficient,1.0,1.0,0.0,1.0,
begin,layer2.1.bn2,BatchNorm2d,batchnorm,weight_update,640,-0.0006780624389648438,0.0005060434341430664,2.384185791015625e-07,5.960464477539063e-08,0.0,FP8_E5M2,Not sufficient,0.11343104706991076,1.0,0.0,0.034375,
begin,layer2.1.bn2,BatchNorm2d,batchnorm,weight_update,640,-0.0006780624389648438,0.0005060434341430664,2.384185791015625e-07,5.960464477539063e-08,0.0,INT16,Sufficient,0.0002193956614098478,0.04153569139683233,,,2.0693454968866353e-08
begin,layer2.1.bn2,BatchNorm2d,batchnorm,weight_update,640,-0.0006780624389648438,0.0005060434341430664,2.384185791015625e-07,5.960464477539063e-08,0.0,INT8,Marginal,0.04076212506867354,1.0,,,5.339074322557825e-06
begin,layer3.0.conv1,Conv2d,conv,weight,294912,-0.0294624213129282,0.029462432488799095,1.6205012798309326e-07,1.862645149230957e-09,0.0,FP16,Sufficient,0.00017415673193860924,0.03225806451612903,0.0,0.0,
begin,layer3.0.conv1,Conv2d,conv,weight,294912,-0.0294624213129282,0.029462432488799095,1.6205012798309326e-07,1.862645149230957e-09,0.0,FP8_E4M3,Not sufficient,0.09128753520972424,1.0,0.0,0.03335,
begin,layer3.0.conv1,Conv2d,conv,weight,294912,-0.0294624213129282,0.029462432488799095,1.6205012798309326e-07,1.862645149230957e-09,0.0,FP8_E5M2,Marginal,0.04445481302733774,1.0,0.0,0.0002,
begin,layer3.0.conv1,Conv2d,conv,weight,294912,-0.0294624213129282,0.029462432488799095,1.6205012798309326e-07,1.862645149230957e-09,0.0,INT16,Sufficient,0.00011710363790299092,0.885458907780694,,,8.990568674949141e-07
begin,layer3.0.conv1,Conv2d,conv,weight,294912,-0.0294624213129282,0.029462432488799095,1.6205012798309326e-07,1.862645149230957e-09,0.0,INT8,Sufficient,0.015104652653829343,1.0,,,0.00023196375100162085
begin,layer3.0.conv1,Conv2d,conv,input,20971520,0.0,19.74709701538086,1.258753172805882e-07,9.313225746154785e-10,0.34974961280822753,FP16,Sufficient,0.00011346067982673632,0.0012588746318458676,0.0,0.0,
begin,layer3.0.conv1,Conv2d,conv,input,20971520,0.0,19.74709701538086,1.258753172805882e-07,9.313225746154785e-10,0.34974961280822753,FP8_E4M3,Sufficient,0.015524338658293302,1.0,0.0,0.0010097087378640776,
begin,layer3.0.conv1,Conv2d,conv,input,20971520,0.0,19.74709701538086,1.258753172805882e-07,9.313225746154785e-10,0.34974961280822753,FP8_E5M2,Marginal,0.02891830926887626,0.3011589215992237,0.0,0.0,
begin,layer3.0.conv1,Conv2d,conv,input,20971520,0.0,19.74709701538086,1.258753172805882e-07,9.313225746154785e-10,0.34974961280822753,INT16,Sufficient,0.0005665327857171827,1.0,,,0.00033210559160078466
begin,layer3.0.conv1,Conv2d,conv,input,20971520,0.0,19.74709701538086,1.258753172805882e-07,9.313225746154785e-10,0.34974961280822753,INT8,Marginal,0.043260557520663705,1.0,,,0.0856858576376607
begin,layer3.0.conv1,Conv2d,conv,activation,10485760,-8.362173080444336,9.892300605773926,8.102506399154663e-08,1.7462298274040222e-10,0.0,FP16,Sufficient,0.0001765939790597348,0.0006881260035170885,0.0,0.0,
begin,layer3.0.conv1,Conv2d,conv,activation,10485760,-8.362173080444336,9.892300605773926,8.102506399154663e-08,1.7462298274040222e-10,0.0,FP8_E4M3,Marginal,0.025498451064590238,1.0,0.0,0.0013,
begin,layer3.0.conv1,Conv2d,conv,activation,10485760,-8.362173080444336,9.892300605773926,8.102506399154663e-08,1.7462298274040222e-10,0.0,FP8_E5M2,Marginal,0.04478346604422846,0.2526951601804419,0.0,0.0,
begin,layer3.0.conv1,Conv2d,conv,activation,10485760,-8.362173080444336,9.892300605773926,8.102506399154663e-08,1.7462298274040222e-10,0.0,INT16,Sufficient,0.0007745423551501326,1.0,,,0.00018062011495691436
begin,layer3.0.conv1,Conv2d,conv,activation,10485760,-8.362173080444336,9.892300605773926,8.102506399154663e-08,1.7462298274040222e-10,0.0,INT8,Marginal,0.07909923880400989,1.0,,,0.046601411864513484
begin,layer3.0.conv1,Conv2d,conv,weight_gradient,1474560,-0.028072068467736244,0.030179588124155998,3.725290298461914e-09,3.637978807091713e-12,0.0,FP16,Sufficient,0.00021291504024371495,0.11668484187568157,0.0,0.0,
begin,layer3.0.conv1,Conv2d,conv,weight_gradient,1474560,-0.028072068467736244,0.030179588124155998,3.725290298461914e-09,3.637978807091713e-12,0.0,FP8_E4M3,Not sufficient,0.47985364053748,1.0,0.0,0.31055,
begin,layer3.0.conv1,Conv2d,conv,weight_gradient,1474560,-0.028072068467736244,0.030179588124155998,3.725290298461914e-09,3.637978807091713e-12,0.0,FP8_E5M2,Marginal,0.04939934029327933,1.0,0.0,0.0027,
begin,layer3.0.conv1,Conv2d,conv,weight_gradient,1474560,-0.028072068467736244,0.030179588124155998,3.725290298461914e-09,3.637978807091713e-12,0.0,INT16,Sufficient,0.0006589243202971674,1.0,,,6.845034187094069e-07
begin,layer3.0.conv1,Conv2d,conv,weight_gradient,1474560,-0.028072068467736244,0.030179588124155998,3.725290298461914e-09,3.637978807091713e-12,0.0,INT8,Marginal,0.07936163264893677,1.0,,,0.00017660727181772548
begin,layer3.0.conv1,Conv2d,conv,weight_update,1474560,-0.0021281344816088676,0.0017255712300539017,9.313225746154785e-10,2.7284841053187847e-12,3.3908420138888887e-06,FP16,Sufficient,0.0008189436919778867,1.0,0.0,0.00015,
begin,layer3.0.conv1,Conv2d,conv,weight_update,1474560,-0.0021281344816088676,0.0017255712300539017,9.313225746154785e-10,2.7284841053187847e-12,3.3908420138888887e-06,FP8_E4M3,Not sufficient,0.999854207783301,1.0,0.0,0.9994,
begin,layer3.0.conv1,Conv2d,conv,weight_update,1474560,-0.0021281344816088676,0.0017255712300539017,9.313225746154785e-10,2.7284841053187847e-12,3.3908420138888887e-06,FP8_E5M2,Not sufficient,0.10443708555984206,1.0,0.0,0.0345,
begin,layer3.0.conv1,Conv2d,conv,weight_update,1474560,-0.0021281344816088676,0.0017255712300539017,9.313225746154785e-10,2.7284841053187847e-12,3.3908420138888887e-06,INT16,Sufficient,0.0006666224969413527,1.0,,,5.402557717166516e-08
begin,layer3.0.conv1,Conv2d,conv,weight_update,1474560,-0.0021281344816088676,0.0017255712300539017,9.313225746154785e-10,2.7284841053187847e-12,3.3908420138888887e-06,INT8,Marginal,0.08375893366826342,1.0,,,1.3939024308535058e-05
begin,layer3.0.bn1,BatchNorm2d,batchnorm,weight,256,1.0,1.0,1.0,,0.0,FP16,Sufficient,0.0,0.0,0.0,0.0,
begin,layer3.0.bn1,BatchNorm2d,batchnorm,weight,256,1.0,1.0,1.0,,0.0,FP8_E4M3,Sufficient,0.0,0.0,0.0,0.0,
begin,layer3.0.bn1,BatchNorm2d,batchnorm,weight,256,1.0,1.0,1.0,,0.0,FP8_E5M2,Sufficient,0.0,0.0,0.0,0.0,
begin,layer3.0.bn1,BatchNorm2d,batchnorm,weight,256,1.0,1.0,1.0,,0.0,INT16,Sufficient,0.0,0.0,,,3.051850947599719e-05
begin,layer3.0.bn1,BatchNorm2d,batchnorm,weight,256,1.0,1.0,1.0,,0.0,INT8,Sufficient,0.0,0.0,,,0.007874015748031496
begin,layer3.0.bn1,BatchNorm2d,batchnorm,bias,256,0.0,0.0,,,1.0,FP16,Sufficient,0.0,0.0,0.0,0.0,
begin,layer3.0.bn1,BatchNorm2d,batchnorm,bias,256,0.0,0.0,,,1.0,FP8_E4M3,Sufficient,0.0,0.0,0.0,0.0,
begin,layer3.0.bn1,BatchNorm2d,batchnorm,bias,256,0.0,0.0,,,1.0,FP8_E5M2,Sufficient,0.0,0.0,0.0,0.0,
begin,layer3.0.bn1,BatchNorm2d,batchnorm,bias,256,0.0,0.0,,,1.0,INT16,Sufficient,0.0,0.0,,,1.0
begin,layer3.0.bn1,BatchNorm2d,batchnorm,bias,256,0.0,0.0,,,1.0,INT8,Sufficient,0.0,0.0,,,1.0
begin,layer3.0.bn1,BatchNorm2d,batchnorm,input,10485760,-8.362173080444336,9.892300605773926,8.102506399154663e-08,1.7462298274040222e-10,0.0,FP16,Sufficient,0.0001765939790597348,0.0006881260035170885,0.0,0.0,
begin,layer3.0.bn1,BatchNorm2d,batchnorm,input,10485760,-8.362173080444336,9.892300605773926,8.102506399154663e-08,1.7462298274040222e-10,0.0,FP8_E4M3,Marginal,0.025498451064590238,1.0,0.0,0.0013,
begin,layer3.0.bn1,BatchNorm2d,batchnorm,input,10485760,-8.362173080444336,9.892300605773926,8.102506399154663e-08,1.7462298274040222e-10,0.0,FP8_E5M2,Marginal,0.04478346604422846,0.2526951601804419,0.0,0.0,
begin,layer3.0.bn1,BatchNorm2d,batchnorm,input,10485760,-8.362173080444336,9.892300605773926,8.102506399154663e-08,1.7462298274040222e-10,0.0,INT16,Sufficient,0.0007745423551501326,1.0,,,0.00018062011495691436
begin,layer3.0.bn1,BatchNorm2d,batchnorm,input,10485760,-8.362173080444336,9.892300605773926,8.102506399154663e-08,1.7462298274040222e-10,0.0,INT8,Marginal,0.07909923880400989,1.0,,,0.046601411864513484
begin,layer3.0.bn1,BatchNorm2d,batchnorm,activation,10485760,-10.053596496582031,10.460602760314941,3.6947731985037535e-08,2.3283064365386963e-10,0.0,FP16,Sufficient,0.00017524562883559967,0.0008062461294954802,0.0,0.0,
begin,layer3.0.bn1,BatchNorm2d,batchnorm,activation,10485760,-10.053596496582031,10.460602760314941,3.6947731985037535e-08,2.3283064365386963e-10,0.0,FP8_E4M3,Marginal,0.024355995132273954,1.0,0.0,0.00095,
begin,layer3.0.bn1,BatchNorm2d,batchnorm,activation,10485760,-10.053596496582031,10.460602760314941,3.6947731985037535e-08,2.3283064365386963e-10,0.0,FP8_E5M2,Marginal,0.04473231661115424,0.111105459736499,0.0,0.0,
begin,layer3.0.bn1,BatchNorm2d,batchnorm,activation,10485760,-10.053596496582031,10.460602760314941,3.6947731985037535e-08,2.3283064365386963e-10,0.0,INT16,Sufficient,0.0005601321802005841,1.0,,,0.0002263175938044803
begin,layer3.0.bn1,BatchNorm2d,batchnorm,activation,10485760,-10.053596496582031,10.460602760314941,3.6947731985037535e-08,2.3283064365386963e-10,0.0,INT8,Marginal,0.07308322454311454,1.0,,,0.058391721229853595
begin,layer3.0.bn1,BatchNorm2d,batchnorm,weight_gradient,1280,-0.0048093656077980995,0.007083251606673002,2.9838633963663597e-06,1.1641532182693481e-10,0.0,FP16,Sufficient,0.0001950787346770175,0.004794466016924622,0.0,0.0,
begin,layer3.0.bn1,BatchNorm2d,batchnorm,weight_gradient,1280,-0.0048093656077980995,0.007083251606673002,2.9838633963663597e-06,1.1641532182693481e-10,0.0,FP8_E4M3,Not sufficient,0.6871849784839504,1.0,0.0,0.52890625,
begin,layer3.0.bn1,BatchNorm2d,batchnorm,weight_gradient,1280,-0.0048093656077980995,0.007083251606673002,2.9838633963663597e-06,1.1641532182693481e-10,0.0,FP8_E5M2,Marginal,0.050403690690284664,1.0,0.0,0.003125,
begin,layer3.0.bn1,BatchNorm2d,batchnorm,weight_gradient,1280,-0.0048093656077980995,0.007083251606673002,2.9838633963663597e-06,1.1641532182693481e-10,0.0,INT16,Sufficient,0.0001842232959921072,0.015522196063635155,,,2.1617028127912237e-07
begin,layer3.0.bn1,BatchNorm2d,batchnorm,weight_gradient,1280,-0.0048093656077980995,0.007083251606673002,2.9838633963663597e-06,1.1641532182693481e-10,0.0,INT8,Marginal,0.04291644147419429,1.0,,,5.5773634698212617e-05
begin,layer3.0.bn1,BatchNorm2d,batchnorm,weight_update,1280,-0.0004413723945617676,0.0003399848937988281,1.1920928955078125e-07,5.960464477539063e-08,0.0,FP16,Sufficient,5.408856061847754e-05,0.00048756704046806434,0.0,0.0,
begin,layer3.0.bn1,BatchNorm2d,batchnorm,weight_update,1280,-0.0004413723945617676,0.0003399848937988281,1.1920928955078125e-07,5.960464477539063e-08,0.0,FP8_E4M3,Not sufficient,1.0,1.0,0.0,1.0,
begin,layer3.0.bn1,BatchNorm2d,batchnorm,weight_update,1280,-0.0004413723945617676,0.0003399848937988281,1.1920928955078125e-07,5.960464477539063e-08,0.0,FP8_E5M2,Not sufficient,0.14373121079284762,1.0,0.0,0.06171875,
begin,layer3.0.bn1,BatchNorm2d,batchnorm,weight_update,1280,-0.0004413723945617676,0.0003399848937988281,1.1920928955078125e-07,5.960464477539063e-08,0.0,INT16,Sufficient,0.00019374640699664777,0.016953032013916403,,,1.3470027605876875e-08
begin,layer3.0.bn1,BatchNorm2d,batchnorm,weight_update,1280,-0.0004413723945617676,0.0003399848937988281,1.1920928955078125e-07,5.960464477539063e-08,0.0,INT8,Marginal,0.0438398682840833,1.0,,,3.475373185525729e-06
begin,layer3.0.conv2,Conv2d,conv,weight,589824,-0.02083318680524826,0.020833270624279976,4.284083843231201e-08,1.862645149230957e-09,0.0,FP16,Sufficient,0.00018224229775933674,0.01394169835234474,0.0,0.0,
begin,layer3.0.conv2,Conv2d,conv,weight,589824,-0.02083318680524826,0.020833270624279976,4.284083843231201e-08,1.862645149230957e-09,0.0,FP8_E4M3,Not sufficient,0.1204693280682912,1.0,0.0,0.0471,
begin,layer3.0.conv2,Conv2d,conv,weight,589824,-0.02083318680524826,0.020833270624279976,4.284083843231201e-08,1.862645149230957e-09,0.0,FP8_E5M2,Marginal,0.04537575542906439,1.0,0.0,0.0003,
begin,layer3.0.conv2,Conv2d,conv,weight,589824,-0.02083318680524826,0.020833270624279976,4.284083843231201e-08,1.862645149230957e-09,0.0,INT16,Sufficient,7.630068321510726e-05,0.13482779650598267,,,6.357402247905542e-07
begin,layer3.0.conv2,Conv2d,conv,weight,589824,-0.02083318680524826,0.020833270624279976,4.284083843231201e-08,1.862645149230957e-09,0.0,INT8,Sufficient,0.014897657601759474,1.0,,,0.00016402598382450465
begin,layer3.0.conv2,Conv2d,conv,input,10485760,0.0,10.460602760314941,3.803013441938674e-07,2.3283064365386963e-10,0.5025104522705078,FP16,Sufficient,8.734065666050928e-05,0.00048697157602500016,0.0,0.0,
begin,layer3.0.conv2,Conv2d,conv,input,10485760,0.0,10.460602760314941,3.803013441938674e-07,2.3283064365386963e-10,0.5025104522705078,FP8_E4M3,Sufficient,0.012178530681552478,1.0,0.0,0.0008042625917362018,
begin,layer3.0.conv2,Conv2d,conv,input,10485760,0.0,10.460602760314941,3.803013441938674e-07,2.3283064365386963e-10,0.5025104522705078,FP8_E5M2,Marginal,0.02219084078990116,0.111105459736499,0.0,0.0,
begin,layer3.0.conv2,Conv2d,conv,input,10485760,0.0,10.460602760314941,3.803013441938674e-07,2.3283064365386963e-10,0.5025104522705078,INT16,Sufficient,0.00024117513650464764,0.5751798713896137,,,0.0002263175938044803
begin,layer3.0.conv2,Conv2d,conv,input,10485760,0.0,10.460602760314941,3.803013441938674e-07,2.3283064365386963e-10,0.5025104522705078,INT8,Marginal,0.03662033884151565,1.0,,,0.058391721229853595
begin,layer3.0.conv2,Conv2d,conv,activation,10485760,-5.228083610534668,5.78373908996582,7.450580596923828e-09,4.656612873077393e-10,0.0,FP16,Sufficient,0.00017593673089009095,0.004784688995215311,0.0,0.0,
begin,layer3.0.conv2,Conv2d,conv,activation,10485760,-5.228083610534668,5.78373908996582,7.450580596923828e-09,4.656612873077393e-10,0.0,FP8_E4M3,Marginal,0.028418597419069606,1.0,0.0,0.00285,
begin,layer3.0.conv2,Conv2d,conv,activation,10485760,-5.228083610534668,5.78373908996582,7.450580596923828e-09,4.656612873077393e-10,0.0,FP8_E5M2,Marginal,0.04515759066814535,1.0,0.0,5e-05,
begin,layer3.0.conv2,Conv2d,conv,activation,10485760,-5.228083610534668,5.78373908996582,7.450580596923828e-09,4.656612873077393e-10,0.0,INT16,Sufficient,0.000821633720390152,1.0,,,0.00010044947932803875
begin,layer3.0.conv2,Conv2d,conv,activation,10485760,-5.228083610534668,5.78373908996582,7.450580596923828e-09,4.656612873077393e-10,0.0,INT8,Marginal,0.08538200913578288,1.0,,,0.02591675660741611
begin,layer3.0.conv2,Conv2d,conv,weight_gradient,2949120,-0.020572220906615257,0.023732498288154602,3.7834979593753815e-10,3.637978807091713e-12,0.0,FP16,Sufficient,0.000264764142531057,1.0,0.0,5e-05,
begin,layer3.0.conv2,Conv2d,conv,weight_gradient,2949120,-0.020572220906615257,0.023732498288154602,3.7834979593753815e-10,3.637978807091713e-12,0.0,FP8_E4M3,Not sufficient,0.5116193476632342,1.0,0.0,0.34145,
begin,layer3.0.conv2,Conv2d,conv,weight_gradient,2949120,-0.020572220906615257,0.023732498288154602,3.7834979593753815e-10,3.637978807091713e-12,0.0,FP8_E5M2,Marginal,0.0495931474775674,1.0,0.0,0.0028,
begin,layer3.0.conv2,Conv2d,conv,weight_gradient,2949120,-0.020572220906615257,0.023732498288154602,3.7834979593753815e-10,3.637978807091713e-12,0.0,INT16,Sufficient,0.0006374206888398283,1.0,,,5.097029796106377e-07
begin,layer3.0.conv2,Conv2d,conv,weight_gradient,2949120,-0.020572220906615257,0.023732498288154602,3.7834979593753815e-10,3.637978807091713e-12,0.0,INT8,Marginal,0.06765753654631967,1.0,,,0.0001315073821488328
begin,layer3.0.conv2,Conv2d,conv,weight_update,2949120,-0.0013176994398236275,0.0014579705893993378,4.656612873077393e-10,3.637978807091713e-12,1.3563368055555556e-06,FP16,Sufficient,0.0008148317474431416,1.0,0.0,0.0001,
begin,layer3.0.conv2,Conv2d,conv,weight_update,2949120,-0.0013176994398236275,0.0014579705893993378,4.656612873077393e-10,3.637978807091713e-12,1.3563368055555556e-06,FP8_E4M3,Not sufficient,0.9999920678227933,1.0,0.0,0.99985,
begin,layer3.0.conv2,Conv2d,conv,weight_update,2949120,-0.0013176994398236275,0.0014579705893993378,4.656612873077393e-10,3.637978807091713e-12,1.3563368055555556e-06,FP8_E5M2,Not sufficient,0.1068393529270407,1.0,0.0,0.0363,
begin,layer3.0.conv2,Conv2d,conv,weight_update,2949120,-0.0013176994398236275,0.0014579705893993378,4.656612873077393e-10,3.637978807091713e-12,1.3563368055555556e-06,INT16,Sufficient,0.00037573554764475076,0.4231276894436477,,,3.180938264974164e-08
begin,layer3.0.conv2,Conv2d,conv,weight_update,2949120,-0.0013176994398236275,0.0014579705893993378,4.656612873077393e-10,3.637978807091713e-12,1.3563368055555556e-06,INT8,Marginal,0.055491937289036904,1.0,,,8.207071191213262e-06
begin,layer3.0.bn2,BatchNorm2d,batchnorm,weight,256,1.0,1.0,1.0,,0.0,FP16,Sufficient,0.0,0.0,0.0,0.0,
begin,layer3.0.bn2,BatchNorm2d,batchnorm,weight,256,1.0,1.0,1.0,,0.0,FP8_E4M3,Sufficient,0.0,0.0,0.0,0.0,
begin,layer3.0.bn2,BatchNorm2d,batchnorm,weight,256,1.0,1.0,1.0,,0.0,FP8_E5M2,Sufficient,0.0,0.0,0.0,0.0,
begin,layer3.0.bn2,BatchNorm2d,batchnorm,weight,256,1.0,1.0,1.0,,0.0,INT16,Sufficient,0.0,0.0,,,3.051850947599719e-05
begin,layer3.0.bn2,BatchNorm2d,batchnorm,weight,256,1.0,1.0,1.0,,0.0,INT8,Sufficient,0.0,0.0,,,0.007874015748031496
begin,layer3.0.bn2,BatchNorm2d,batchnorm,bias,256,0.0,0.0,,,1.0,FP16,Sufficient,0.0,0.0,0.0,0.0,
begin,layer3.0.bn2,BatchNorm2d,batchnorm,bias,256,0.0,0.0,,,1.0,FP8_E4M3,Sufficient,0.0,0.0,0.0,0.0,
begin,layer3.0.bn2,BatchNorm2d,batchnorm,bias,256,0.0,0.0,,,1.0,FP8_E5M2,Sufficient,0.0,0.0,0.0,0.0,
begin,layer3.0.bn2,BatchNorm2d,batchnorm,bias,256,0.0,0.0,,,1.0,INT16,Sufficient,0.0,0.0,,,1.0
begin,layer3.0.bn2,BatchNorm2d,batchnorm,bias,256,0.0,0.0,,,1.0,INT8,Sufficient,0.0,0.0,,,1.0
begin,layer3.0.bn2,BatchNorm2d,batchnorm,input,10485760,-5.228083610534668,5.78373908996582,7.450580596923828e-09,4.656612873077393e-10,0.0,FP16,Sufficient,0.00017593673089009095,0.004784688995215311,0.0,0.0,
begin,layer3.0.bn2,BatchNorm2d,batchnorm,input,10485760,-5.228083610534668,5.78373908996582,7.450580596923828e-09,4.656612873077393e-10,0.0,FP8_E4M3,Marginal,0.028418597419069606,1.0,0.0,0.00285,
begin,layer3.0.bn2,BatchNorm2d,batchnorm,input,10485760,-5.228083610534668,5.78373908996582,7.450580596923828e-09,4.656612873077393e-10,0.0,FP8_E5M2,Marginal,0.04515759066814535,1.0,0.0,5e-05,
begin,layer3.0.bn2,BatchNorm2d,batchnorm,input,10485760,-5.228083610534668,5.78373908996582,7.450580596923828e-09,4.656612873077393e-10,0.0,INT16,Sufficient,0.000821633720390152,1.0,,,0.00010044947932803875
begin,layer3.0.bn2,BatchNorm2d,batchnorm,input,10485760,-5.228083610534668,5.78373908996582,7.450580596923828e-09,4.656612873077393e-10,0.0,INT8,Marginal,0.08538200913578288,1.0,,,0.02591675660741611
begin,layer3.0.bn2,BatchNorm2d,batchnorm,activation,10485760,-11.800058364868164,12.283570289611816,5.133114200361888e-08,4.656612873077393e-10,0.0,FP16,Sufficient,0.0001774500794850865,0.00048399426444180083,0.0,0.0,
begin,layer3.0.bn2,BatchNorm2d,batchnorm,activation,10485760,-11.800058364868164,12.283570289611816,5.133114200361888e-08,4.656612873077393e-10,0.0,FP8_E4M3,Marginal,0.02433393585270069,1.0,0.0,0.00075,
begin,layer3.0.bn2,BatchNorm2d,batchnorm,activation,10485760,-11.800058364868164,12.283570289611816,5.133114200361888e-08,4.656612873077393e-10,0.0,FP8_E5M2,Marginal,0.04476379362353797,0.11107625942399628,0.0,0.0,
begin,layer3.0.bn2,BatchNorm2d,batchnorm,activation,10485760,-11.800058364868164,12.283570289611816,5.133114200361888e-08,4.656612873077393e-10,0.0,INT16,Sufficient,0.0005495638893673079,1.0,,,0.00023983608076692985
begin,layer3.0.bn2,BatchNorm2d,batchnorm,activation,10485760,-11.800058364868164,12.283570289611816,5.133114200361888e-08,4.656612873077393e-10,0.0,INT8,Marginal,0.07715728629998139,1.0,,,0.061879597310944806
begin,layer3.0.bn2,BatchNorm2d,batchnorm,weight_gradient,1280,-0.005103304982185364,0.005871874745935202,6.480614160864206e-07,4.94765117764473e-09,0.0,FP16,Sufficient,0.00021538583428883643,0.011711353668776545,0.0,0.0,
begin,layer3.0.bn2,BatchNorm2d,batchnorm,weight_gradient,1280,-0.005103304982185364,0.005871874745935202,6.480614160864206e-07,4.94765117764473e-09,0.0,FP8_E4M3,Not sufficient,0.706589806112609,1.0,0.0,0.54296875,
begin,layer3.0.bn2,BatchNorm2d,batchnorm,weight_gradient,1280,-0.005103304982185364,0.005871874745935202,6.480614160864206e-07,4.94765117764473e-09,0.0,FP8_E5M2,Marginal,0.053795168306557596,1.0,0.0,0.003125,
begin,layer3.0.bn2,BatchNorm2d,batchnorm,weight_gradient,1280,-0.005103304982185364,0.005871874745935202,6.480614160864206e-07,4.94765117764473e-09,0.0,INT16,Sufficient,0.00027599703695011836,0.10607334815807128,,,1.7920086507569206e-07
begin,layer3.0.bn2,BatchNorm2d,batchnorm,weight_gradient,1280,-0.005103304982185364,0.005871874745935202,6.480614160864206e-07,4.94765117764473e-09,0.0,INT8,Marginal,0.05017300850534412,1.0,,,4.623523421996222e-05
begin,layer3.0.bn2,BatchNorm2d,batchnorm,weight_update,1280,-0.0007658600807189941,0.0002925395965576172,5.960464477539063e-08,5.960464477539063e-08,0.0,FP16,Sufficient,4.059410110732732e-05,0.0004880429477794046,0.0,0.0,
begin,layer3.0.bn2,BatchNorm2d,batchnorm,weight_update,1280,-0.0007658600807189941,0.0002925395965576172,5.960464477539063e-08,5.960464477539063e-08,0.0,FP8_E4M3,Not sufficient,1.0,1.0,0.0,1.0,
begin,layer3.0.bn2,BatchNorm2d,batchnorm,weight_update,1280,-0.0007658600807189941,0.0002925395965576172,5.960464477539063e-08,5.960464477539063e-08,0.0,FP8_E5M2,Not sufficient,0.13212392511477405,1.0,0.0,0.04921875,
begin,layer3.0.bn2,BatchNorm2d,batchnorm,weight_update,1280,-0.0007658600807189941,0.0002925395965576172,5.960464477539063e-08,5.960464477539063e-08,0.0,INT16,Sufficient,0.0004025983214320457,0.17639698477126386,,,2.3372908130710598e-08
begin,layer3.0.bn2,BatchNorm2d,batchnorm,weight_update,1280,-0.0007658600807189941,0.0002925395965576172,5.960464477539063e-08,5.960464477539063e-08,0.0,INT8,Marginal,0.058392600993700715,1.0,,,6.030394336370033e-06
begin,layer3.0.shortcut.0,Conv2d,conv,weight,32768,-0.08838623762130737,0.08838289231061935,1.3932585716247559e-06,7.450580596923828e-09,0.0,FP16,Sufficient,0.00018073527131882048,0.016042780748663103,0.0,0.0,
begin,layer3.0.shortcut.0,Conv2d,conv,weight,32768,-0.08838623762130737,0.08838289231061935,1.3932585716247559e-06,7.450580596923828e-09,0.0,FP8_E4M3,Not sufficient,0.04649637594400052,1.0,0.0,0.0118,
begin,layer3.0.shortcut.0,Conv2d,conv,weight,32768,-0.08838623762130737,0.08838289231061935,1.3932585716247559e-06,7.450580596923828e-09,0.0,FP8_E5M2,Marginal,0.04669120404771103,1.0,0.0,0.0001,
begin,layer3.0.shortcut.0,Conv2d,conv,weight,32768,-0.08838623762130737,0.08838289231061935,1.3932585716247559e-06,7.450580596923828e-09,0.0,INT16,Sufficient,0.000118565034284422,0.9360485449933406,,,2.6974162303936086e-06
begin,layer3.0.shortcut.0,Conv2d,conv,weight,32768,-0.08838623762130737,0.08838289231061935,1.3932585716247559e-06,7.450580596923828e-09,0.0,INT8,Sufficient,0.015497503092244375,1.0,,,0.0006959546269394281
begin,layer3.0.shortcut.0,Conv2d,conv,input,20971520,0.0,19.74709701538086,1.258753172805882e-07,9.313225746154785e-10,0.34974961280822753,FP16,Sufficient,0.00011346067982673632,0.0012588746318458676,0.0,0.0,
begin,layer3.0.shortcut.0,Conv2d,conv,input,20971520,0.0,19.74709701538086,1.258753172805882e-07,9.313225746154785e-10,0.34974961280822753,FP8_E4M3,Sufficient,0.015524338658293302,1.0,0.0,0.0010097087378640776,
begin,layer3.0.shortcut.0,Conv2d,conv,input,20971520,0.0,19.74709701538086,1.258753172805882e-07,9.313225746154785e-10,0.34974961280822753,FP8_E5M2,Marginal,0.02891830926887626,0.3011589215992237,0.0,0.0,
begin,layer3.0.shortcut.0,Conv2d,conv,input,20971520,0.0,19.74709701538086,1.258753172805882e-07,9.313225746154785e-10,0.34974961280822753,INT16,Sufficient,0.0005665327857171827,1.0,,,0.00033210559160078466
begin,layer3.0.shortcut.0,Conv2d,conv,input,20971520,0.0,19.74709701538086,1.258753172805882e-07,9.313225746154785e-10,0.34974961280822753,INT8,Marginal,0.043260557520663705,1.0,,,0.0856858576376607
begin,layer3.0.shortcut.0,Conv2d,conv,activation,10485760,-8.044434547424316,9.57089614868164,8.815427321451352e-08,4.656612873077393e-10,0.0,FP16,Sufficient,0.000176671181699892,0.0004834028321620843,0.0,0.0,
begin,layer3.0.shortcut.0,Conv2d,conv,activation,10485760,-8.044434547424316,9.57089614868164,8.815427321451352e-08,4.656612873077393e-10,0.0,FP8_E4M3,Marginal,0.02451378893676162,1.0,0.0,0.00095,
begin,layer3.0.shortcut.0,Conv2d,conv,activation,10485760,-8.044434547424316,9.57089614868164,8.815427321451352e-08,4.656612873077393e-10,0.0,FP8_E5M2,Marginal,0.04515798695713588,0.11110611901011017,0.0,0.0,
begin,layer3.0.shortcut.0,Conv2d,conv,activation,10485760,-8.044434547424316,9.57089614868164,8.815427321451352e-08,4.656612873077393e-10,0.0,INT16,Sufficient,0.000524453724497141,0.5652129820446218,,,0.0002012452611510804
begin,layer3.0.shortcut.0,Conv2d,conv,activation,10485760,-8.044434547424316,9.57089614868164,8.815427321451352e-08,4.656612873077393e-10,0.0,INT8,Marginal,0.083370221801084,1.0,,,0.05192286198533426
begin,layer3.0.shortcut.0,Conv2d,conv,weight_gradient,163840,-0.01914447546005249,0.023867717012763023,1.1816155165433884e-08,1.2732925824820995e-11,0.0,FP16,Sufficient,0.00022025186696336677,0.32299741602067183,0.0,0.0,
begin,layer3.0.shortcut.0,Conv2d,conv,weight_gradient,163840,-0.01914447546005249,0.023867717012763023,1.1816155165433884e-08,1.2732925824820995e-11,0.0,FP8_E4M3,Not sufficient,0.5301243621616855,1.0,0.0,0.3562,
begin,layer3.0.shortcut.0,Conv2d,conv,weight_gradient,163840,-0.01914447546005249,0.023867717012763023,1.1816155165433884e-08,1.2732925824820995e-11,0.0,FP8_E5M2,Marginal,0.05022654970818383,1.0,0.0,0.00315,
begin,layer3.0.shortcut.0,Conv2d,conv,weight_gradient,163840,-0.01914447546005249,0.023867717012763023,1.1816155165433884e-08,1.2732925824820995e-11,0.0,INT16,Sufficient,0.000660722487918413,1.0,,,6.63899210631751e-07
begin,layer3.0.shortcut.0,Conv2d,conv,weight_gradient,163840,-0.01914447546005249,0.023867717012763023,1.1816155165433884e-08,1.2732925824820995e-11,0.0,INT8,Marginal,0.08883050251034852,1.0,,,0.00017129122389583138
begin,layer3.0.shortcut.0,Conv2d,conv,weight_update,163840,-0.00153292715549469,0.00200822576880455,2.7939677238464355e-09,1.4551915228366852e-11,6.103515625e-06,FP16,Sufficient,0.0009544825267140113,1.0,0.0,0.000200010000500025,
begin,layer3.0.shortcut.0,Conv2d,conv,weight_update,163840,-0.00153292715549469,0.00200822576880455,2.7939677238464355e-09,1.4551915228366852e-11,6.103515625e-06,FP8_E4M3,Not sufficient,0.9999368701594707,1.0,0.0,0.99989999499975,
begin,layer3.0.shortcut.0,Conv2d,conv,weight_update,163840,-0.00153292715549469,0.00200822576880455,2.7939677238464355e-09,1.4551915228366852e-11,6.103515625e-06,FP8_E5M2,Not sufficient,0.11734018133673994,1.0,0.0,0.041502075103755184,
begin,layer3.0.shortcut.0,Conv2d,conv,weight_update,163840,-0.00153292715549469,0.00200822576880455,2.7939677238464355e-09,1.4551915228366852e-11,6.103515625e-06,INT16,Sufficient,0.0005189861943531817,1.0,,,3.232010793259529e-08
begin,layer3.0.shortcut.0,Conv2d,conv,weight_update,163840,-0.00153292715549469,0.00200822576880455,2.7939677238464355e-09,1.4551915228366852e-11,6.103515625e-06,INT8,Marginal,0.064154736567287,1.0,,,8.338842335648424e-06
begin,layer3.0.shortcut.1,BatchNorm2d,batchnorm,weight,256,1.0,1.0,1.0,,0.0,FP16,Sufficient,0.0,0.0,0.0,0.0,
begin,layer3.0.shortcut.1,BatchNorm2d,batchnorm,weight,256,1.0,1.0,1.0,,0.0,FP8_E4M3,Sufficient,0.0,0.0,0.0,0.0,
begin,layer3.0.shortcut.1,BatchNorm2d,batchnorm,weight,256,1.0,1.0,1.0,,0.0,FP8_E5M2,Sufficient,0.0,0.0,0.0,0.0,
begin,layer3.0.shortcut.1,BatchNorm2d,batchnorm,weight,256,1.0,1.0,1.0,,0.0,INT16,Sufficient,0.0,0.0,,,3.051850947599719e-05
begin,layer3.0.shortcut.1,BatchNorm2d,batchnorm,weight,256,1.0,1.0,1.0,,0.0,INT8,Sufficient,0.0,0.0,,,0.007874015748031496
begin,layer3.0.shortcut.1,BatchNorm2d,batchnorm,bias,256,0.0,0.0,,,1.0,FP16,Sufficient,0.0,0.0,0.0,0.0,
begin,layer3.0.shortcut.1,BatchNorm2d,batchnorm,bias,256,0.0,0.0,,,1.0,FP8_E4M3,Sufficient,0.0,0.0,0.0,0.0,
begin,layer3.0.shortcut.1,BatchNorm2d,batchnorm,bias,256,0.0,0.0,,,1.0,FP8_E5M2,Sufficient,0.0,0.0,0.0,0.0,
begin,layer3.0.shortcut.1,BatchNorm2d,batchnorm,bias,256,0.0,0.0,,,1.0,INT16,Sufficient,0.0,0.0,,,1.0
begin,layer3.0.shortcut.1,BatchNorm2d,batchnorm,bias,256,0.0,0.0,,,1.0,INT8,Sufficient,0.0,0.0,,,1.0
begin,layer3.0.shortcut.1,BatchNorm2d,batchnorm,input,10485760,-8.044434547424316,9.57089614868164,8.815427321451352e-08,4.656612873077393e-10,0.0,FP16,Sufficient,0.000176671181699892,0.0004834028321620843,0.0,0.0,
begin,layer3.0.shortcut.1,BatchNorm2d,batchnorm,input,10485760,-8.044434547424316,9.57089614868164,8.815427321451352e-08,4.656612873077393e-10,0.0,FP8_E4M3,Marginal,0.02451378893676162,1.0,0.0,0.00095,
begin,layer3.0.shortcut.1,BatchNorm2d,batchnorm,input,10485760,-8.044434547424316,9.57089614868164,8.815427321451352e-08,4.656612873077393e-10,0.0,FP8_E5M2,Marginal,0.04515798695713588,0.11110611901011017,0.0,0.0,
begin,layer3.0.shortcut.1,BatchNorm2d,batchnorm,input,10485760,-8.044434547424316,9.57089614868164,8.815427321451352e-08,4.656612873077393e-10,0.0,INT16,Sufficient,0.000524453724497141,0.5652129820446218,,,0.0002012452611510804
begin,layer3.0.shortcut.1,BatchNorm2d,batchnorm,input,10485760,-8.044434547424316,9.57089614868164,8.815427321451352e-08,4.656612873077393e-10,0.0,INT8,Marginal,0.083370221801084,1.0,,,0.05192286198533426
begin,layer3.0.shortcut.1,BatchNorm2d,batchnorm,activation,10485760,-12.148476600646973,11.234442710876465,4.363937478046864e-08,4.656612873077393e-10,0.0,FP16,Sufficient,0.00017582399454664198,0.0006833836158555675,0.0,0.0,
begin,layer3.0.shortcut.1,BatchNorm2d,batchnorm,activation,10485760,-12.148476600646973,11.234442710876465,4.363937478046864e-08,4.656612873077393e-10,0.0,FP8_E4M3,Marginal,0.024652986022797797,1.0,0.0,0.00125,
begin,layer3.0.shortcut.1,BatchNorm2d,batchnorm,activation,10485760,-12.148476600646973,11.234442710876465,4.363937478046864e-08,4.656612873077393e-10,0.0,FP8_E5M2,Marginal,0.045154897563569274,0.17074536857588016,0.0,0.0,
begin,layer3.0.shortcut.1,BatchNorm2d,batchnorm,activation,10485760,-12.148476600646973,11.234442710876465,4.363937478046864e-08,4.656612873077393e-10,0.0,INT16,Sufficient,0.0006679987555113083,1.0,,,0.00023913635967321115
begin,layer3.0.shortcut.1,BatchNorm2d,batchnorm,activation,10485760,-12.148476600646973,11.234442710876465,4.363937478046864e-08,4.656612873077393e-10,0.0,INT8,Marginal,0.07633206909772738,1.0,,,0.06169906375915047
begin,layer3.0.shortcut.1,BatchNorm2d,batchnorm,weight_gradient,1280,-0.006895554717630148,0.007109478116035461,4.2036182890115015e-07,1.229636836796999e-09,0.0,FP16,Sufficient,0.00020779864845259943,0.00744433784959967,0.0,0.0,
begin,layer3.0.shortcut.1,BatchNorm2d,batchnorm,weight_gradient,1280,-0.006895554717630148,0.007109478116035461,4.2036182890115015e-07,1.229636836796999e-09,0.0,FP8_E4M3,Not sufficient,0.7129128560385511,1.0,0.0,0.55078125,
begin,layer3.0.shortcut.1,BatchNorm2d,batchnorm,weight_gradient,1280,-0.006895554717630148,0.007109478116035461,4.2036182890115015e-07,1.229636836796999e-09,0.0,FP8_E5M2,Marginal,0.05305656979462155,1.0,0.0,0.00234375,
begin,layer3.0.shortcut.1,BatchNorm2d,batchnorm,weight_gradient,1280,-0.006895554717630148,0.007109478116035461,4.2036182890115015e-07,1.229636836796999e-09,0.0,INT16,Sufficient,0.00023557170733008612,0.03230436417500916,,,2.169706752536229e-07
begin,layer3.0.shortcut.1,BatchNorm2d,batchnorm,weight_gradient,1280,-0.006895554717630148,0.007109478116035461,4.2036182890115015e-07,1.229636836796999e-09,0.0,INT8,Marginal,0.057363411194164195,1.0,,,5.5980142645948516e-05
begin,layer3.0.shortcut.1,BatchNorm2d,batchnorm,weight_update,1280,-0.0004622340202331543,0.0003713369369506836,1.1920928955078125e-07,5.960464477539063e-08,0.00078125,FP16,Sufficient,4.8519581573665596e-05,0.00048520135856380397,0.0,0.0,
begin,layer3.0.shortcut.1,BatchNorm2d,batchnorm,weight_update,1280,-0.0004622340202331543,0.0003713369369506836,1.1920928955078125e-07,5.960464477539063e-08,0.00078125,FP8_E4M3,Not sufficient,0.99921875,1.0,0.0,1.0,
begin,layer3.0.shortcut.1,BatchNorm2d,batchnorm,weight_update,1280,-0.0004622340202331543,0.0003713369369506836,1.1920928955078125e-07,5.960464477539063e-08,0.00078125,FP8_E5M2,Not sufficient,0.1363329023659084,1.0,0.0,0.04847537138389367,
begin,layer3.0.shortcut.1,BatchNorm2d,batchnorm,weight_update,1280,-0.0004622340202331543,0.0003713369369506836,1.1920928955078125e-07,5.960464477539063e-08,0.00078125,INT16,Sufficient,0.00029956033566944806,0.053315836054567134,,,1.4106693326613797e-08
begin,layer3.0.shortcut.1,BatchNorm2d,batchnorm,weight_update,1280,-0.0004622340202331543,0.0003713369369506836,1.1920928955078125e-07,5.960464477539063e-08,0.00078125,INT8,Marginal,0.03933480260921498,1.0,,,3.639637954591766e-06
begin,layer3.1.conv1,Conv2d,conv,weight,589824,-0.020833266898989677,0.020833251997828484,1.862645149230957e-09,1.862645149230957e-09,0.0,FP16,Sufficient,0.00023286764815062656,1.0,0.0,5e-05,
begin,layer3.1.conv1,Conv2d,conv,weight,589824,-0.020833266898989677,0.020833251997828484,1.862645149230957e-09,1.862645149230957e-09,0.0,FP8_E4M3,Not sufficient,0.12097908224105104,1.0,0.0,0.04805,
begin,layer3.1.conv1,Conv2d,conv,weight,589824,-0.020833266898989677,0.020833251997828484,1.862645149230957e-09,1.862645149230957e-09,0.0,FP8_E5M2,Marginal,0.04564196068829238,1.0,0.0,0.00055,
begin,layer3.1.conv1,Conv2d,conv,weight,589824,-0.020833266898989677,0.020833251997828484,1.862645149230957e-09,1.862645149230957e-09,0.0,INT16,Sufficient,0.00011929278574026452,1.0,,,6.357614848780145e-07
begin,layer3.1.conv1,Conv2d,conv,weight,589824,-0.020833266898989677,0.020833251997828484,1.862645149230957e-09,1.862645149230957e-09,0.0,INT8,Sufficient,0.01483868340821574,1.0,,,0.00016403146909447166
begin,layer3.1.conv1,Conv2d,conv,input,10485760,0.0,15.004964828491211,4.172325134277344e-07,2.7939677238464355e-09,0.5000819206237793,FP16,Sufficient,8.823556583671544e-05,0.00048460602194422227,0.0,0.0,
begin,layer3.1.conv1,Conv2d,conv,input,10485760,0.0,15.004964828491211,4.172325134277344e-07,2.7939677238464355e-09,0.5000819206237793,FP8_E4M3,Sufficient,0.011991203203147447,1.0,0.0,0.0001987281399046105,
begin,layer3.1.conv1,Conv2d,conv,input,10485760,0.0,15.004964828491211,4.172325134277344e-07,2.7939677238464355e-09,0.5000819206237793,FP8_E5M2,Marginal,0.022750248921952675,0.11110357584275854,0.0,0.0,
begin,layer3.1.conv1,Conv2d,conv,input,10485760,0.0,15.004964828491211,4.172325134277344e-07,2.7939677238464355e-09,0.5000819206237793,INT16,Sufficient,0.00016014308658258248,0.12750846601155727,,,0.0002622329330525829
begin,layer3.1.conv1,Conv2d,conv,input,10485760,0.0,15.004964828491211,4.172325134277344e-07,2.7939677238464355e-09,0.5000819206237793,INT8,Marginal,0.030478852337540992,1.0,,,0.0676581615538109
begin,layer3.1.conv1,Conv2d,conv,activation,10485760,-6.596717834472656,6.305473327636719,8.940696716308594e-08,9.313225746154785e-10,0.0,FP16,Sufficient,0.00017715490388105356,0.007194244604316547,0.0,0.0,
begin,layer3.1.conv1,Conv2d,conv,activation,10485760,-6.596717834472656,6.305473327636719,8.940696716308594e-08,9.313225746154785e-10,0.0,FP8_E4M3,Marginal,0.025904288860373742,1.0,0.0,0.00155,
begin,layer3.1.conv1,Conv2d,conv,activation,10485760,-6.596717834472656,6.305473327636719,8.940696716308594e-08,9.313225746154785e-10,0.0,FP8_E5M2,Marginal,0.04493378273776885,1.0,0.0,5e-05,
begin,layer3.1.conv1,Conv2d,conv,activation,10485760,-6.596717834472656,6.305473327636719,8.940696716308594e-08,9.313225746154785e-10,0.0,INT16,Sufficient,0.0006676197842393097,1.0,,,0.00012426527396263294
begin,layer3.1.conv1,Conv2d,conv,activation,10485760,-6.596717834472656,6.305473327636719,8.940696716308594e-08,9.313225746154785e-10,0.0,INT8,Marginal,0.07699625514154547,1.0,,,0.03206141914908341
begin,layer3.1.conv1,Conv2d,conv,weight_gradient,2949120,-0.015980428084731102,0.018902510404586792,2.9685907065868378e-09,7.275957614183426e-12,0.0,FP16,Sufficient,0.00020425308768493112,0.04877736525412879,0.0,0.0,
begin,layer3.1.conv1,Conv2d,conv,weight_gradient,2949120,-0.015980428084731102,0.018902510404586792,2.9685907065868378e-09,7.275957614183426e-12,0.0,FP8_E4M3,Not sufficient,0.535856950421842,1.0,0.0,0.3629,
begin,layer3.1.conv1,Conv2d,conv,weight_gradient,2949120,-0.015980428084731102,0.018902510404586792,2.9685907065868378e-09,7.275957614183426e-12,0.0,FP8_E5M2,Marginal,0.04932673483153808,1.0,0.0,0.00245,
begin,layer3.1.conv1,Conv2d,conv,weight_gradient,2949120,-0.015980428084731102,0.018902510404586792,2.9685907065868378e-09,7.275957614183426e-12,0.0,INT16,Sufficient,0.0003667808538838718,0.3067456564697273,,,4.2408684520815737e-07
begin,layer3.1.conv1,Conv2d,conv,weight_gradient,2949120,-0.015980428084731102,0.018902510404586792,2.9685907065868378e-09,7.275957614183426e-12,0.0,INT8,Marginal,0.05898012717023079,1.0,,,0.0001094177453302023
begin,layer3.1.conv1,Conv2d,conv,weight_update,2949120,-0.001387638971209526,0.001101529342122376,4.656612873077393e-10,2.2737367544323206e-13,3.3908420138888887e-06,FP16,Sufficient,0.0007961026233091017,1.0,0.0,0.0002,
begin,layer3.1.conv1,Conv2d,conv,weight_update,2949120,-0.001387638971209526,0.001101529342122376,4.656612873077393e-10,2.2737367544323206e-13,3.3908420138888887e-06,FP8_E4M3,Not sufficient,0.9999801957905041,1.0,0.0,0.99995,
begin,layer3.1.conv1,Conv2d,conv,weight_update,2949120,-0.001387638971209526,0.001101529342122376,4.656612873077393e-10,2.2737367544323206e-13,3.3908420138888887e-06,FP8_E5M2,Not sufficient,0.1078502274753081,1.0,0.0,0.0375,
begin,layer3.1.conv1,Conv2d,conv,weight_update,2949120,-0.001387638971209526,0.001101529342122376,4.656612873077393e-10,2.2737367544323206e-13,3.3908420138888887e-06,INT16,Sufficient,0.0005131406296055522,1.0,,,3.716308764187233e-08
begin,layer3.1.conv1,Conv2d,conv,weight_update,2949120,-0.001387638971209526,0.001101529342122376,4.656612873077393e-10,2.2737367544323206e-13,3.3908420138888887e-06,INT8,Marginal,0.06578490178310244,1.0,,,9.588369234340398e-06
begin,layer3.1.bn1,BatchNorm2d,batchnorm,weight,256,1.0,1.0,1.0,,0.0,FP16,Sufficient,0.0,0.0,0.0,0.0,
begin,layer3.1.bn1,BatchNorm2d,batchnorm,weight,256,1.0,1.0,1.0,,0.0,FP8_E4M3,Sufficient,0.0,0.0,0.0,0.0,
begin,layer3.1.bn1,BatchNorm2d,batchnorm,weight,256,1.0,1.0,1.0,,0.0,FP8_E5M2,Sufficient,0.0,0.0,0.0,0.0,
begin,layer3.1.bn1,BatchNorm2d,batchnorm,weight,256,1.0,1.0,1.0,,0.0,INT16,Sufficient,0.0,0.0,,,3.051850947599719e-05
begin,layer3.1.bn1,BatchNorm2d,batchnorm,weight,256,1.0,1.0,1.0,,0.0,INT8,Sufficient,0.0,0.0,,,0.007874015748031496
begin,layer3.1.bn1,BatchNorm2d,batchnorm,bias,256,0.0,0.0,,,1.0,FP16,Sufficient,0.0,0.0,0.0,0.0,
begin,layer3.1.bn1,BatchNorm2d,batchnorm,bias,256,0.0,0.0,,,1.0,FP8_E4M3,Sufficient,0.0,0.0,0.0,0.0,
begin,layer3.1.bn1,BatchNorm2d,batchnorm,bias,256,0.0,0.0,,,1.0,FP8_E5M2,Sufficient,0.0,0.0,0.0,0.0,
begin,layer3.1.bn1,BatchNorm2d,batchnorm,bias,256,0.0,0.0,,,1.0,INT16,Sufficient,0.0,0.0,,,1.0
begin,layer3.1.bn1,BatchNorm2d,batchnorm,bias,256,0.0,0.0,,,1.0,INT8,Sufficient,0.0,0.0,,,1.0
begin,layer3.1.bn1,BatchNorm2d,batchnorm,input,10485760,-6.596717834472656,6.305473327636719,8.940696716308594e-08,9.313225746154785e-10,0.0,FP16,Sufficient,0.00017715490388105356,0.007194244604316547,0.0,0.0,
begin,layer3.1.bn1,BatchNorm2d,batchnorm,input,10485760,-6.596717834472656,6.305473327636719,8.940696716308594e-08,9.313225746154785e-10,0.0,FP8_E4M3,Marginal,0.025904288860373742,1.0,0.0,0.00155,
begin,layer3.1.bn1,BatchNorm2d,batchnorm,input,10485760,-6.596717834472656,6.305473327636719,8.940696716308594e-08,9.313225746154785e-10,0.0,FP8_E5M2,Marginal,0.04493378273776885,1.0,0.0,5e-05,
begin,layer3.1.bn1,BatchNorm2d,batchnorm,input,10485760,-6.596717834472656,6.305473327636719,8.940696716308594e-08,9.313225746154785e-10,0.0,INT16,Sufficient,0.0006676197842393097,1.0,,,0.00012426527396263294
begin,layer3.1.bn1,BatchNorm2d,batchnorm,input,10485760,-6.596717834472656,6.305473327636719,8.940696716308594e-08,9.313225746154785e-10,0.0,INT8,Marginal,0.07699625514154547,1.0,,,0.03206141914908341
begin,layer3.1.bn1,BatchNorm2d,batchnorm,activation,10485760,-11.040627479553223,11.580223083496094,1.034644725450562e-08,9.313225746154785e-10,0.0,FP16,Sufficient,0.00017728255400110399,0.0039100760521225105,0.0,0.0,
begin,layer3.1.bn1,BatchNorm2d,batchnorm,activation,10485760,-11.040627479553223,11.580223083496094,1.034644725450562e-08,9.313225746154785e-10,0.0,FP8_E4M3,Marginal,0.024666964238306652,1.0,0.0,0.00115,
begin,layer3.1.bn1,BatchNorm2d,batchnorm,activation,10485760,-11.040627479553223,11.580223083496094,1.034644725450562e-08,9.313225746154785e-10,0.0,FP8_E5M2,Marginal,0.04459492854622733,1.0,0.0,5e-05,
begin,layer3.1.bn1,BatchNorm2d,batchnorm,activation,10485760,-11.040627479553223,11.580223083496094,1.034644725450562e-08,9.313225746154785e-10,0.0,INT16,Sufficient,0.00074986993953328,1.0,,,0.0002403308318794696
begin,layer3.1.bn1,BatchNorm2d,batchnorm,activation,10485760,-11.040627479553223,11.580223083496094,1.034644725450562e-08,9.313225746154785e-10,0.0,INT8,Marginal,0.07831257155556264,1.0,,,0.06200724699365811
begin,layer3.1.bn1,BatchNorm2d,batchnorm,weight_gradient,1280,-0.004242852330207825,0.00457682553678751,7.639924319846614e-07,1.1641532182693481e-09,0.0,FP16,Sufficient,0.0002357338675686808,0.01879065628983639,0.0,0.0,
begin,layer3.1.bn1,BatchNorm2d,batchnorm,weight_gradient,1280,-0.004242852330207825,0.00457682553678751,7.639924319846614e-07,1.1641532182693481e-09,0.0,FP8_E4M3,Not sufficient,0.7740664381086433,1.0,0.0,0.62109375,
begin,layer3.1.bn1,BatchNorm2d,batchnorm,weight_gradient,1280,-0.004242852330207825,0.00457682553678751,7.639924319846614e-07,1.1641532182693481e-09,0.0,FP8_E5M2,Marginal,0.057238356468418905,1.0,0.0,0.00703125,
begin,layer3.1.bn1,BatchNorm2d,batchnorm,weight_gradient,1280,-0.004242852330207825,0.00457682553678751,7.639924319846614e-07,1.1641532182693481e-09,0.0,INT16,Sufficient,0.000243249075138945,0.08586860506204683,,,1.3967789351443556e-07
begin,layer3.1.bn1,BatchNorm2d,batchnorm,weight_gradient,1280,-0.004242852330207825,0.00457682553678751,7.639924319846614e-07,1.1641532182693481e-09,0.0,INT8,Marginal,0.04528404160462081,1.0,,,3.603799635265756e-05
begin,layer3.1.bn1,BatchNorm2d,batchnorm,weight_update,1280,-0.00037938356399536133,0.00023412704467773438,1.1920928955078125e-07,5.960464477539063e-08,0.0,FP16,Sufficient,4.470855561142399e-05,0.0004880429477794046,0.0,0.0,
begin,layer3.1.bn1,BatchNorm2d,batchnorm,weight_update,1280,-0.00037938356399536133,0.00023412704467773438,1.1920928955078125e-07,5.960464477539063e-08,0.0,FP8_E4M3,Not sufficient,1.0,1.0,0.0,1.0,
begin,layer3.1.bn1,BatchNorm2d,batchnorm,weight_update,1280,-0.00037938356399536133,0.00023412704467773438,1.1920928955078125e-07,5.960464477539063e-08,0.0,FP8_E5M2,Not sufficient,0.15725030240266943,1.0,0.0,0.06953125,
begin,layer3.1.bn1,BatchNorm2d,batchnorm,weight_update,1280,-0.00037938356399536133,0.00023412704467773438,1.1920928955078125e-07,5.960464477539063e-08,0.0,INT16,Sufficient,0.00017795936023225312,0.028748435926389315,,,1.1578220892830022e-08
begin,layer3.1.bn1,BatchNorm2d,batchnorm,weight_update,1280,-0.00037938356399536133,0.00023412704467773438,1.1920928955078125e-07,5.960464477539063e-08,0.0,INT8,Marginal,0.033925981037770885,1.0,,,2.98727215744379e-06
begin,layer3.1.conv2,Conv2d,conv,weight,589824,-0.020833302289247513,0.020833229646086693,5.774199962615967e-08,1.862645149230957e-09,0.0,FP16,Sufficient,0.00018219374789998474,0.02702702702702703,0.0,0.0,
begin,layer3.1.conv2,Conv2d,conv,weight,589824,-0.020833302289247513,0.020833229646086693,5.774199962615967e-08,1.862645149230957e-09,0.0,FP8_E4M3,Not sufficient,0.11940399266826299,1.0,0.0,0.04555,
begin,layer3.1.conv2,Conv2d,conv,weight,589824,-0.020833302289247513,0.020833229646086693,5.774199962615967e-08,1.862645149230957e-09,0.0,FP8_E5M2,Marginal,0.045409906405031085,1.0,0.0,0.00025,
begin,layer3.1.conv2,Conv2d,conv,weight,589824,-0.020833302289247513,0.020833229646086693,5.774199962615967e-08,1.862645149230957e-09,0.0,INT16,Sufficient,6.883754014014625e-05,0.15315878945445283,,,6.357859851392322e-07
begin,layer3.1.conv2,Conv2d,conv,weight,589824,-0.020833302289247513,0.020833229646086693,5.774199962615967e-08,1.862645149230957e-09,0.0,INT8,Sufficient,0.014758704390237125,1.0,,,0.00016403779035478126
begin,layer3.1.conv2,Conv2d,conv,input,10485760,0.0,11.580223083496094,1.758411940500082e-07,9.313225746154785e-10,0.49759836196899415,FP16,Sufficient,9.116583977517148e-05,0.0039100760521225105,0.0,0.0,
begin,layer3.1.conv2,Conv2d,conv,input,10485760,0.0,11.580223083496094,1.758411940500082e-07,9.313225746154785e-10,0.49759836196899415,FP8_E4M3,Sufficient,0.012571862802389387,1.0,0.0,0.0011723329425556857,
begin,layer3.1.conv2,Conv2d,conv,input,10485760,0.0,11.580223083496094,1.758411940500082e-07,9.313225746154785e-10,0.49759836196899415,FP8_E5M2,Marginal,0.022706555786197687,1.0,0.0,9.769441187964049e-05,
begin,layer3.1.conv2,Conv2d,conv,input,10485760,0.0,11.580223083496094,1.758411940500082e-07,9.313225746154785e-10,0.49759836196899415,INT16,Sufficient,0.0003037943427599507,1.0,,,0.0002076252337672376
begin,layer3.1.conv2,Conv2d,conv,input,10485760,0.0,11.580223083496094,1.758411940500082e-07,9.313225746154785e-10,0.49759836196899415,INT8,Marginal,0.03603283596389469,1.0,,,0.05356894515630767
begin,layer3.1.conv2,Conv2d,conv,activation,10485760,-4.400357246398926,5.240940093994141,8.195638656616211e-08,9.313225746154785e-10,0.0,FP16,Sufficient,0.00017590526697896234,0.00066711140760507,0.0,0.0,
begin,layer3.1.conv2,Conv2d,conv,activation,10485760,-4.400357246398926,5.240940093994141,8.195638656616211e-08,9.313225746154785e-10,0.0,FP8_E4M3,Marginal,0.027456739104648704,1.0,0.0,0.00225,
begin,layer3.1.conv2,Conv2d,conv,activation,10485760,-4.400357246398926,5.240940093994141,8.195638656616211e-08,9.313225746154785e-10,0.0,FP8_E5M2,Marginal,0.04489413258582612,0.2921135646687697,0.0,0.0,
begin,layer3.1.conv2,Conv2d,conv,activation,10485760,-4.400357246398926,5.240940093994141,8.195638656616211e-08,9.313225746154785e-10,0.0,INT16,Sufficient,0.0006134447238522352,1.0,,,8.817762750387009e-05
begin,layer3.1.conv2,Conv2d,conv,activation,10485760,-4.400357246398926,5.240940093994141,8.195638656616211e-08,9.313225746154785e-10,0.0,INT8,Marginal,0.07498720543333295,1.0,,,0.022750522208026074
begin,layer3.1.conv2,Conv2d,conv,weight_gradient,2949120,-0.01521060336381197,0.01841428317129612,8.149072527885437e-10,1.8189894035458565e-12,0.0,FP16,Sufficient,0.0002746728995447425,1.0,0.0,5e-05,
begin,layer3.1.conv2,Conv2d,conv,weight_gradient,2949120,-0.01521060336381197,0.01841428317129612,8.149072527885437e-10,1.8189894035458565e-12,0.0,FP8_E4M3,Not sufficient,0.5754488572618351,1.0,0.0,0.4021,
begin,layer3.1.conv2,Conv2d,conv,weight_gradient,2949120,-0.01521060336381197,0.01841428317129612,8.149072527885437e-10,1.8189894035458565e-12,0.0,FP8_E5M2,Marginal,0.05112921367492005,1.0,0.0,0.0039,
begin,layer3.1.conv2,Conv2d,conv,weight_gradient,2949120,-0.01521060336381197,0.01841428317129612,8.149072527885437e-10,1.8189894035458565e-12,0.0,INT16,Sufficient,0.0005539213654555195,1.0,,,3.722236008356986e-07
begin,layer3.1.conv2,Conv2d,conv,weight_gradient,2949120,-0.01521060336381197,0.01841428317129612,8.149072527885437e-10,1.8189894035458565e-12,0.0,INT8,Marginal,0.06063970675903154,1.0,,,9.6036619910105e-05
begin,layer3.1.conv2,Conv2d,conv,weight_update,2949120,-0.0010904045775532722,0.001040424220263958,2.3283064365386963e-10,3.637978807091713e-12,2.7126736111111112e-06,FP16,Sufficient,0.0009319683757002743,1.0,0.0,0.0002,
begin,layer3.1.conv2,Conv2d,conv,weight_update,2949120,-0.0010904045775532722,0.001040424220263958,2.3283064365386963e-10,3.637978807091713e-12,2.7126736111111112e-06,FP8_E4M3,Not sufficient,1.0,1.0,0.0,1.0,
begin,layer3.1.conv2,Conv2d,conv,weight_update,2949120,-0.0010904045775532722,0.001040424220263958,2.3283064365386963e-10,3.637978807091713e-12,2.7126736111111112e-06,FP8_E5M2,Not sufficient,0.1217479187128305,1.0,0.0,0.0463,
begin,layer3.1.conv2,Conv2d,conv,weight_update,2949120,-0.0010904045775532722,0.001040424220263958,2.3283064365386963e-10,3.637978807091713e-12,2.7126736111111112e-06,INT16,Sufficient,0.0004761076752948421,1.0,,,2.7706180440666298e-08
begin,layer3.1.conv2,Conv2d,conv,weight_update,2949120,-0.0010904045775532722,0.001040424220263958,2.3283064365386963e-10,3.637978807091713e-12,2.7126736111111112e-06,INT8,Marginal,0.06046476256418521,1.0,,,7.148412712593013e-06
begin,layer3.1.bn2,BatchNorm2d,batchnorm,weight,256,1.0,1.0,1.0,,0.0,FP16,Sufficient,0.0,0.0,0.0,0.0,
begin,layer3.1.bn2,BatchNorm2d,batchnorm,weight,256,1.0,1.0,1.0,,0.0,FP8_E4M3,Sufficient,0.0,0.0,0.0,0.0,
begin,layer3.1.bn2,BatchNorm2d,batchnorm,weight,256,1.0,1.0,1.0,,0.0,FP8_E5M2,Sufficient,0.0,0.0,0.0,0.0,
begin,layer3.1.bn2,BatchNorm2d,batchnorm,weight,256,1.0,1.0,1.0,,0.0,INT16,Sufficient,0.0,0.0,,,3.051850947599719e-05
begin,layer3.1.bn2,BatchNorm2d,batchnorm,weight,256,1.0,1.0,1.0,,0.0,INT8,Sufficient,0.0,0.0,,,0.007874015748031496
begin,layer3.1.bn2,BatchNorm2d,batchnorm,bias,256,0.0,0.0,,,1.0,FP16,Sufficient,0.0,0.0,0.0,0.0,
begin,layer3.1.bn2,BatchNorm2d,batchnorm,bias,256,0.0,0.0,,,1.0,FP8_E4M3,Sufficient,0.0,0.0,0.0,0.0,
begin,layer3.1.bn2,BatchNorm2d,batchnorm,bias,256,0.0,0.0,,,1.0,FP8_E5M2,Sufficient,0.0,0.0,0.0,0.0,
begin,layer3.1.bn2,BatchNorm2d,batchnorm,bias,256,0.0,0.0,,,1.0,INT16,Sufficient,0.0,0.0,,,1.0
begin,layer3.1.bn2,BatchNorm2d,batchnorm,bias,256,0.0,0.0,,,1.0,INT8,Sufficient,0.0,0.0,,,1.0
begin,layer3.1.bn2,BatchNorm2d,batchnorm,input,10485760,-4.400357246398926,5.240940093994141,8.195638656616211e-08,9.313225746154785e-10,0.0,FP16,Sufficient,0.00017590526697896234,0.00066711140760507,0.0,0.0,
begin,layer3.1.bn2,BatchNorm2d,batchnorm,input,10485760,-4.400357246398926,5.240940093994141,8.195638656616211e-08,9.313225746154785e-10,0.0,FP8_E4M3,Marginal,0.027456739104648704,1.0,0.0,0.00225,
begin,layer3.1.bn2,BatchNorm2d,batchnorm,input,10485760,-4.400357246398926,5.240940093994141,8.195638656616211e-08,9.313225746154785e-10,0.0,FP8_E5M2,Marginal,0.04489413258582612,0.2921135646687697,0.0,0.0,
begin,layer3.1.bn2,BatchNorm2d,batchnorm,input,10485760,-4.400357246398926,5.240940093994141,8.195638656616211e-08,9.313225746154785e-10,0.0,INT16,Sufficient,0.0006134447238522352,1.0,,,8.817762750387009e-05
begin,layer3.1.bn2,BatchNorm2d,batchnorm,input,10485760,-4.400357246398926,5.240940093994141,8.195638656616211e-08,9.313225746154785e-10,0.0,INT8,Marginal,0.07498720543333295,1.0,,,0.022750522208026074
begin,layer3.1.bn2,BatchNorm2d,batchnorm,activation,10485760,-11.23916244506836,14.946660041809082,2.1481321255123476e-07,9.313225746154785e-10,0.0,FP16,Sufficient,0.00017640322062245154,0.000485788981005093,0.0,0.0,
begin,layer3.1.bn2,BatchNorm2d,batchnorm,activation,10485760,-11.23916244506836,14.946660041809082,2.1481321255123476e-07,9.313225746154785e-10,0.0,FP8_E4M3,Marginal,0.024604919448355675,1.0,0.0,0.001,
begin,layer3.1.bn2,BatchNorm2d,batchnorm,activation,10485760,-11.23916244506836,14.946660041809082,2.1481321255123476e-07,9.313225746154785e-10,0.0,FP8_E5M2,Marginal,0.04497458269481391,0.1641909279072756,0.0,0.0,
begin,layer3.1.bn2,BatchNorm2d,batchnorm,activation,10485760,-11.23916244506836,14.946660041809082,2.1481321255123476e-07,9.313225746154785e-10,0.0,INT16,Sufficient,0.0006704799086794947,1.0,,,0.0002860856761275188
begin,layer3.1.bn2,BatchNorm2d,batchnorm,activation,10485760,-11.23916244506836,14.946660041809082,2.1481321255123476e-07,9.313225746154785e-10,0.0,INT8,Marginal,0.08762106324055412,1.0,,,0.07381235708401898
begin,layer3.1.bn2,BatchNorm2d,batchnorm,weight_gradient,1280,-0.003356373170390725,0.005704525858163834,7.700232345086988e-07,5.820766091346741e-11,0.0,FP16,Sufficient,0.00021072108224205258,0.009637438032273205,0.0,0.0,
begin,layer3.1.bn2,BatchNorm2d,batchnorm,weight_gradient,1280,-0.003356373170390725,0.005704525858163834,7.700232345086988e-07,5.820766091346741e-11,0.0,FP8_E4M3,Not sufficient,0.7867430272278798,1.0,0.0,0.64453125,
begin,layer3.1.bn2,BatchNorm2d,batchnorm,weight_gradient,1280,-0.003356373170390725,0.005704525858163834,7.700232345086988e-07,5.820766091346741e-11,0.0,FP8_E5M2,Marginal,0.053101817517753426,1.0,0.0,0.00390625,
begin,layer3.1.bn2,BatchNorm2d,batchnorm,weight_gradient,1280,-0.003356373170390725,0.005704525858163834,7.700232345086988e-07,5.820766091346741e-11,0.0,INT16,Sufficient,0.00031149331429305434,0.09564481352554682,,,1.7409362645844397e-07
begin,layer3.1.bn2,BatchNorm2d,batchnorm,weight_gradient,1280,-0.003356373170390725,0.005704525858163834,7.700232345086988e-07,5.820766091346741e-11,0.0,INT8,Marginal,0.05107354855010986,1.0,,,4.491752644223491e-05
begin,layer3.1.bn2,BatchNorm2d,batchnorm,weight_update,1280,-0.00041413307189941406,0.00020325183868408203,5.960464477539063e-08,5.960464477539063e-08,0.00078125,FP16,Sufficient,4.0236583370256675e-05,0.0004833252779120348,0.0,0.0,
begin,layer3.1.bn2,BatchNorm2d,batchnorm,weight_update,1280,-0.00041413307189941406,0.00020325183868408203,5.960464477539063e-08,5.960464477539063e-08,0.00078125,FP8_E4M3,Not sufficient,0.99921875,1.0,0.0,1.0,
begin,layer3.1.bn2,BatchNorm2d,batchnorm,weight_update,1280,-0.00041413307189941406,0.00020325183868408203,5.960464477539063e-08,5.960464477539063e-08,0.00078125,FP8_E5M2,Not sufficient,0.1579887561318992,1.0,0.0,0.06958561376075059,
begin,layer3.1.bn2,BatchNorm2d,batchnorm,weight_update,1280,-0.00041413307189941406,0.00020325183868408203,5.960464477539063e-08,5.960464477539063e-08,0.00078125,INT16,Sufficient,0.0002311004866885881,0.060213019196142525,,,1.2638724079086094e-08
begin,layer3.1.bn2,BatchNorm2d,batchnorm,weight_update,1280,-0.00041413307189941406,0.00020325183868408203,5.960464477539063e-08,5.960464477539063e-08,0.00078125,INT8,Marginal,0.04144246747113142,1.0,,,3.2608903299166463e-06
begin,layer4.0.conv1,Conv2d,conv,weight,1179648,-0.020833272486925125,0.020833315327763557,1.862645149230957e-09,1.862645149230957e-09,0.0,FP16,Sufficient,0.00018654173689515655,0.033962264150943396,0.0,0.0,
begin,layer4.0.conv1,Conv2d,conv,weight,1179648,-0.020833272486925125,0.020833315327763557,1.862645149230957e-09,1.862645149230957e-09,0.0,FP8_E4M3,Not sufficient,0.11902213603726532,1.0,0.0,0.04545,
begin,layer4.0.conv1,Conv2d,conv,weight,1179648,-0.020833272486925125,0.020833315327763557,1.862645149230957e-09,1.862645149230957e-09,0.0,FP8_E5M2,Marginal,0.045397060254455536,1.0,0.0,0.00065,
begin,layer4.0.conv1,Conv2d,conv,weight,1179648,-0.020833272486925125,0.020833315327763557,1.862645149230957e-09,1.862645149230957e-09,0.0,INT16,Sufficient,0.00016787499728250716,1.0,,,6.357530717952762e-07
begin,layer4.0.conv1,Conv2d,conv,weight,1179648,-0.020833272486925125,0.020833315327763557,1.862645149230957e-09,1.862645149230957e-09,0.0,INT8,Sufficient,0.015595884546525583,1.0,,,0.00016402929845288044
begin,layer4.0.conv1,Conv2d,conv,input,10485760,0.0,20.907136917114258,1.7881393432617188e-07,9.313225746154785e-10,0.351347827911377,FP16,Sufficient,0.00011522674178504395,0.0004840212628528947,0.0,0.0,
begin,layer4.0.conv1,Conv2d,conv,input,10485760,0.0,20.907136917114258,1.7881393432617188e-07,9.313225746154785e-10,0.351347827911377,FP8_E4M3,Sufficient,0.015919366159008286,1.0,0.0,0.0010737843227488879,
begin,layer4.0.conv1,Conv2d,conv,input,10485760,0.0,20.907136917114258,1.7881393432617188e-07,9.313225746154785e-10,0.351347827911377,FP8_E5M2,Marginal,0.029358268453944767,0.1641909279072756,0.0,0.0,
begin,layer4.0.conv1,Conv2d,conv,input,10485760,0.0,20.907136917114258,1.7881393432617188e-07,9.313225746154785e-10,0.351347827911377,INT16,Sufficient,0.00039513204854504854,1.0,,,0.00031155035494084533
begin,layer4.0.conv1,Conv2d,conv,input,10485760,0.0,20.907136917114258,1.7881393432617188e-07,9.313225746154785e-10,0.351347827911377,INT8,Marginal,0.042868639527170356,1.0,,,0.08038244472713921
begin,layer4.0.conv1,Conv2d,conv,activation,5242880,-10.46871566772461,9.79854679107666,8.940696716308594e-08,1.862645149230957e-09,0.0,FP16,Sufficient,0.00017649227352829232,0.00048495741845985786,0.0,0.0,
begin,layer4.0.conv1,Conv2d,conv,activation,5242880,-10.46871566772461,9.79854679107666,8.940696716308594e-08,1.862645149230957e-09,0.0,FP8_E4M3,Marginal,0.024715125816247754,1.0,0.0,0.0008,
begin,layer4.0.conv1,Conv2d,conv,activation,5242880,-10.46871566772461,9.79854679107666,8.940696716308594e-08,1.862645149230957e-09,0.0,FP8_E5M2,Marginal,0.0451392393839719,0.11109133155147757,0.0,0.0,
begin,layer4.0.conv1,Conv2d,conv,activation,5242880,-10.46871566772461,9.79854679107666,8.940696716308594e-08,1.862645149230957e-09,0.0,INT16,Sufficient,0.00038972973558024353,0.28578862793784643,,,0.0001471017239189608
begin,layer4.0.conv1,Conv2d,conv,activation,5242880,-10.46871566772461,9.79854679107666,8.940696716308594e-08,1.862645149230957e-09,0.0,INT8,Marginal,0.0684171431653675,1.0,,,0.03795340305238258
begin,layer4.0.conv1,Conv2d,conv,weight_gradient,5898240,-0.015710361301898956,0.01488534826785326,7.275957614183426e-11,1.8189894035458565e-12,1.6954210069444445e-07,FP16,Sufficient,0.00024824239808103404,0.26811145510835915,0.0,0.0,
begin,layer4.0.conv1,Conv2d,conv,weight_gradient,5898240,-0.015710361301898956,0.01488534826785326,7.275957614183426e-11,1.8189894035458565e-12,1.6954210069444445e-07,FP8_E4M3,Not sufficient,0.7333107428246715,1.0,0.0,0.58085,
begin,layer4.0.conv1,Conv2d,conv,weight_gradient,5898240,-0.015710361301898956,0.01488534826785326,7.275957614183426e-11,1.8189894035458565e-12,1.6954210069444445e-07,FP8_E5M2,Marginal,0.055088729069887245,1.0,0.0,0.0065,
begin,layer4.0.conv1,Conv2d,conv,weight_gradient,5898240,-0.015710361301898956,0.01488534826785326,7.275957614183426e-11,1.8189894035458565e-12,1.6954210069444445e-07,INT16,Sufficient,0.0006601160780247373,1.0,,,3.772575234160431e-07
begin,layer4.0.conv1,Conv2d,conv,weight_gradient,5898240,-0.015710361301898956,0.01488534826785326,7.275957614183426e-11,1.8189894035458565e-12,1.6954210069444445e-07,INT8,Marginal,0.0874032994017846,1.0,,,9.733541157301955e-05
begin,layer4.0.conv1,Conv2d,conv,weight_update,5898240,-0.0008969120681285858,0.0009370651096105576,1.7462298274040222e-10,1.8189894035458565e-12,3.7299262152777777e-06,FP16,Sufficient,0.0011178942164337877,1.0,0.0,5e-05,
begin,layer4.0.conv1,Conv2d,conv,weight_update,5898240,-0.0008969120681285858,0.0009370651096105576,1.7462298274040222e-10,1.8189894035458565e-12,3.7299262152777777e-06,FP8_E4M3,Not sufficient,1.0,1.0,0.0,1.0,
begin,layer4.0.conv1,Conv2d,conv,weight_update,5898240,-0.0008969120681285858,0.0009370651096105576,1.7462298274040222e-10,1.8189894035458565e-12,3.7299262152777777e-06,FP8_E5M2,Not sufficient,0.16163368612589873,1.0,0.0,0.0684,
begin,layer4.0.conv1,Conv2d,conv,weight_update,5898240,-0.0008969120681285858,0.0009370651096105576,1.7462298274040222e-10,1.8189894035458565e-12,3.7299262152777777e-06,INT16,Sufficient,0.00034435344518403096,0.14123796638216626,,,1.9131492259799496e-08
begin,layer4.0.conv1,Conv2d,conv,weight_update,5898240,-0.0008969120681285858,0.0009370651096105576,1.7462298274040222e-10,1.8189894035458565e-12,3.7299262152777777e-06,INT8,Marginal,0.062061593897742545,1.0,,,4.936075644699607e-06
begin,layer4.0.bn1,BatchNorm2d,batchnorm,weight,512,1.0,1.0,1.0,,0.0,FP16,Sufficient,0.0,0.0,0.0,0.0,
begin,layer4.0.bn1,BatchNorm2d,batchnorm,weight,512,1.0,1.0,1.0,,0.0,FP8_E4M3,Sufficient,0.0,0.0,0.0,0.0,
begin,layer4.0.bn1,BatchNorm2d,batchnorm,weight,512,1.0,1.0,1.0,,0.0,FP8_E5M2,Sufficient,0.0,0.0,0.0,0.0,
begin,layer4.0.bn1,BatchNorm2d,batchnorm,weight,512,1.0,1.0,1.0,,0.0,INT16,Sufficient,0.0,0.0,,,3.051850947599719e-05
begin,layer4.0.bn1,BatchNorm2d,batchnorm,weight,512,1.0,1.0,1.0,,0.0,INT8,Sufficient,0.0,0.0,,,0.007874015748031496
begin,layer4.0.bn1,BatchNorm2d,batchnorm,bias,512,0.0,0.0,,,1.0,FP16,Sufficient,0.0,0.0,0.0,0.0,
begin,layer4.0.bn1,BatchNorm2d,batchnorm,bias,512,0.0,0.0,,,1.0,FP8_E4M3,Sufficient,0.0,0.0,0.0,0.0,
begin,layer4.0.bn1,BatchNorm2d,batchnorm,bias,512,0.0,0.0,,,1.0,FP8_E5M2,Sufficient,0.0,0.0,0.0,0.0,
begin,layer4.0.bn1,BatchNorm2d,batchnorm,bias,512,0.0,0.0,,,1.0,INT16,Sufficient,0.0,0.0,,,1.0
begin,layer4.0.bn1,BatchNorm2d,batchnorm,bias,512,0.0,0.0,,,1.0,INT8,Sufficient,0.0,0.0,,,1.0
begin,layer4.0.bn1,BatchNorm2d,batchnorm,input,5242880,-10.46871566772461,9.79854679107666,8.940696716308594e-08,1.862645149230957e-09,0.0,FP16,Sufficient,0.00017649227352829232,0.00048495741845985786,0.0,0.0,
begin,layer4.0.bn1,BatchNorm2d,batchnorm,input,5242880,-10.46871566772461,9.79854679107666,8.940696716308594e-08,1.862645149230957e-09,0.0,FP8_E4M3,Marginal,0.024715125816247754,1.0,0.0,0.0008,
begin,layer4.0.bn1,BatchNorm2d,batchnorm,input,5242880,-10.46871566772461,9.79854679107666,8.940696716308594e-08,1.862645149230957e-09,0.0,FP8_E5M2,Marginal,0.0451392393839719,0.11109133155147757,0.0,0.0,
begin,layer4.0.bn1,BatchNorm2d,batchnorm,input,5242880,-10.46871566772461,9.79854679107666,8.940696716308594e-08,1.862645149230957e-09,0.0,INT16,Sufficient,0.00038972973558024353,0.28578862793784643,,,0.0001471017239189608
begin,layer4.0.bn1,BatchNorm2d,batchnorm,input,5242880,-10.46871566772461,9.79854679107666,8.940696716308594e-08,1.862645149230957e-09,0.0,INT8,Marginal,0.0684171431653675,1.0,,,0.03795340305238258
begin,layer4.0.bn1,BatchNorm2d,batchnorm,activation,5242880,-10.778970718383789,10.463813781738281,5.940477763033414e-07,2.3283064365386963e-10,0.0,FP16,Sufficient,0.0001764990313375498,0.0004847088176056908,0.0,0.0,
begin,layer4.0.bn1,BatchNorm2d,batchnorm,activation,5242880,-10.778970718383789,10.463813781738281,5.940477763033414e-07,2.3283064365386963e-10,0.0,FP8_E4M3,Marginal,0.0245584260875785,1.0,0.0,0.00115,
begin,layer4.0.bn1,BatchNorm2d,batchnorm,activation,5242880,-10.778970718383789,10.463813781738281,5.940477763033414e-07,2.3283064365386963e-10,0.0,FP8_E5M2,Marginal,0.04495899843732333,0.11109733598621047,0.0,0.0,
begin,layer4.0.bn1,BatchNorm2d,batchnorm,activation,5242880,-10.778970718383789,10.463813781738281,5.940477763033414e-07,2.3283064365386963e-10,0.0,INT16,Sufficient,0.0005720668386417983,1.0,,,0.0002289911678131548
begin,layer4.0.bn1,BatchNorm2d,batchnorm,activation,5242880,-10.778970718383789,10.463813781738281,5.940477763033414e-07,2.3283064365386963e-10,0.0,INT8,Marginal,0.07350059700998186,1.0,,,0.059081524375855454
begin,layer4.0.bn1,BatchNorm2d,batchnorm,weight_gradient,2560,-0.002886919304728508,0.0045168437063694,4.261918107317797e-08,1.8044374883174896e-09,0.0,FP16,Sufficient,0.0004372199187639474,0.39854035846086017,0.0,0.0,
begin,layer4.0.bn1,BatchNorm2d,batchnorm,weight_gradient,2560,-0.002886919304728508,0.0045168437063694,4.261918107317797e-08,1.8044374883174896e-09,0.0,FP8_E4M3,Not sufficient,0.9047590964148904,1.0,0.0,0.809765625,
begin,layer4.0.bn1,BatchNorm2d,batchnorm,weight_gradient,2560,-0.002886919304728508,0.0045168437063694,4.261918107317797e-08,1.8044374883174896e-09,0.0,FP8_E5M2,Marginal,0.06014232878934236,1.0,0.0,0.009765625,
begin,layer4.0.bn1,BatchNorm2d,batchnorm,weight_gradient,2560,-0.002886919304728508,0.0045168437063694,4.261918107317797e-08,1.8044374883174896e-09,0.0,INT16,Sufficient,0.0008177871355889166,1.0,,,1.3784733745443281e-07
begin,layer4.0.bn1,BatchNorm2d,batchnorm,weight_gradient,2560,-0.002886919304728508,0.0045168437063694,4.261918107317797e-08,1.8044374883174896e-09,0.0,INT8,Marginal,0.05940239976815424,1.0,,,3.556569847534961e-05
begin,layer4.0.bn1,BatchNorm2d,batchnorm,weight_update,2560,-0.0003185272216796875,0.00010478496551513672,1.1920928955078125e-07,5.960464477539063e-08,0.00078125,FP16,Sufficient,2.9032139104257914e-05,0.0004880429477794046,0.0,0.0,
begin,layer4.0.bn1,BatchNorm2d,batchnorm,weight_update,2560,-0.0003185272216796875,0.00010478496551513672,1.1920928955078125e-07,5.960464477539063e-08,0.00078125,FP8_E4M3,Not sufficient,0.99921875,1.0,0.0,1.0,
begin,layer4.0.bn1,BatchNorm2d,batchnorm,weight_update,2560,-0.0003185272216796875,0.00010478496551513672,1.1920928955078125e-07,5.960464477539063e-08,0.00078125,FP8_E5M2,Not sufficient,0.15279747278169192,1.0,0.0,0.060203283815480846,
begin,layer4.0.bn1,BatchNorm2d,batchnorm,weight_update,2560,-0.0003185272216796875,0.00010478496551513672,1.1920928955078125e-07,5.960464477539063e-08,0.00078125,INT16,Sufficient,0.00015368526483815635,0.021454512161626083,,,9.720976033194601e-09
begin,layer4.0.bn1,BatchNorm2d,batchnorm,weight_update,2560,-0.0003185272216796875,0.00010478496551513672,1.1920928955078125e-07,5.960464477539063e-08,0.00078125,INT8,Marginal,0.0335373412329671,1.0,,,2.508088359682579e-06
begin,layer4.0.conv2,Conv2d,conv,weight,2359296,-0.014731361530721188,0.014731385745108128,7.450580596923828e-09,9.313225746154785e-10,0.0,FP16,Sufficient,0.00018781076743935773,0.14285714285714285,0.0,0.0,
begin,layer4.0.conv2,Conv2d,conv,weight,2359296,-0.014731361530721188,0.014731385745108128,7.450580596923828e-09,9.313225746154785e-10,0.0,FP8_E4M3,Not sufficient,0.15715811252381878,1.0,0.0,0.06665,
begin,layer4.0.conv2,Conv2d,conv,weight,2359296,-0.014731361530721188,0.014731385745108128,7.450580596923828e-09,9.313225746154785e-10,0.0,FP8_E5M2,Marginal,0.04485486773645236,1.0,0.0,0.00035,
begin,layer4.0.conv2,Conv2d,conv,weight,2359296,-0.014731361530721188,0.014731385745108128,7.450580596923828e-09,9.313225746154785e-10,0.0,INT16,Sufficient,0.00016517998363363483,1.0,,,4.495498359478014e-07
begin,layer4.0.conv2,Conv2d,conv,weight,2359296,-0.014731361530721188,0.014731385745108128,7.450580596923828e-09,9.313225746154785e-10,0.0,INT8,Sufficient,0.015190126127840068,1.0,,,0.00011598739743702055
begin,layer4.0.conv2,Conv2d,conv,input,5242880,0.0,10.463813781738281,6.453651053561771e-07,2.3283064365386963e-10,0.49817771911621095,FP16,Sufficient,8.849827487179474e-05,0.0004847088176056908,0.0,0.0,
begin,layer4.0.conv2,Conv2d,conv,input,5242880,0.0,10.463813781738281,6.453651053561771e-07,2.3283064365386963e-10,0.49817771911621095,FP8_E4M3,Sufficient,0.012367172246590607,1.0,0.0,0.0011961722488038277,
begin,layer4.0.conv2,Conv2d,conv,input,5242880,0.0,10.463813781738281,6.453651053561771e-07,2.3283064365386963e-10,0.49817771911621095,FP8_E5M2,Marginal,0.022747076365071454,0.11105577720903945,0.0,0.0,
begin,layer4.0.conv2,Conv2d,conv,input,5242880,0.0,10.463813781738281,6.453651053561771e-07,2.3283064365386963e-10,0.49817771911621095,INT16,Sufficient,0.0002694216999368082,1.0,,,0.0002289911678131548
begin,layer4.0.conv2,Conv2d,conv,input,5242880,0.0,10.463813781738281,6.453651053561771e-07,2.3283064365386963e-10,0.49817771911621095,INT8,Marginal,0.035136156752577315,1.0,,,0.059081524375855454
begin,layer4.0.conv2,Conv2d,conv,activation,5242880,-4.527560710906982,4.766208648681641,1.043081283569336e-07,4.656612873077393e-10,0.0,FP16,Sufficient,0.0001753198681348523,0.0014388489208633094,0.0,0.0,
begin,layer4.0.conv2,Conv2d,conv,activation,5242880,-4.527560710906982,4.766208648681641,1.043081283569336e-07,4.656612873077393e-10,0.0,FP8_E4M3,Marginal,0.028036774888635374,1.0,0.0,0.0029,
begin,layer4.0.conv2,Conv2d,conv,activation,5242880,-4.527560710906982,4.766208648681641,1.043081283569336e-07,4.656612873077393e-10,0.0,FP8_E5M2,Marginal,0.04468991472004214,0.47338129496402875,0.0,0.0,
begin,layer4.0.conv2,Conv2d,conv,activation,5242880,-4.527560710906982,4.766208648681641,1.043081283569336e-07,4.656612873077393e-10,0.0,INT16,Sufficient,0.00048308800009030575,1.0,,,8.062872934826024e-05
begin,layer4.0.conv2,Conv2d,conv,activation,5242880,-4.527560710906982,4.766208648681641,1.043081283569336e-07,4.656612873077393e-10,0.0,INT8,Marginal,0.07307343580612999,1.0,,,0.020802847043735775
begin,layer4.0.conv2,Conv2d,conv,weight_gradient,11796480,-0.018011994659900665,0.023853762075304985,1.7462298274040222e-10,1.8189894035458565e-12,0.0,FP16,Sufficient,0.0003085926783634037,1.0,0.0,5e-05,
begin,layer4.0.conv2,Conv2d,conv,weight_gradient,11796480,-0.018011994659900665,0.023853762075304985,1.7462298274040222e-10,1.8189894035458565e-12,0.0,FP8_E4M3,Not sufficient,0.7813211589287706,1.0,0.0,0.6388,
begin,layer4.0.conv2,Conv2d,conv,weight_gradient,11796480,-0.018011994659900665,0.023853762075304985,1.7462298274040222e-10,1.8189894035458565e-12,0.0,FP8_E5M2,Marginal,0.054733742040369904,1.0,0.0,0.0054,
begin,layer4.0.conv2,Conv2d,conv,weight_gradient,11796480,-0.018011994659900665,0.023853762075304985,1.7462298274040222e-10,1.8189894035458565e-12,0.0,INT16,Sufficient,0.0007636746125065357,1.0,,,3.208937345398179e-07
begin,layer4.0.conv2,Conv2d,conv,weight_gradient,11796480,-0.018011994659900665,0.023853762075304985,1.7462298274040222e-10,1.8189894035458565e-12,0.0,INT8,Marginal,0.08485071699532185,1.0,,,8.279311023359224e-05
begin,layer4.0.conv2,Conv2d,conv,weight_update,11796480,-0.0015508746728301048,0.0008845869451761246,5.820766091346741e-11,6.821210263296962e-13,3.7299262152777777e-06,FP16,Sufficient,0.0017802884069432737,1.0,0.0,0.0003000150007500375,
begin,layer4.0.conv2,Conv2d,conv,weight_update,11796480,-0.0015508746728301048,0.0008845869451761246,5.820766091346741e-11,6.821210263296962e-13,3.7299262152777777e-06,FP8_E4M3,Not sufficient,0.99995,1.0,0.0,1.0,
begin,layer4.0.conv2,Conv2d,conv,weight_update,11796480,-0.0015508746728301048,0.0008845869451761246,5.820766091346741e-11,6.821210263296962e-13,3.7299262152777777e-06,FP8_E5M2,Not sufficient,0.20753698235176152,1.0,0.0,0.09910495524776239,
begin,layer4.0.conv2,Conv2d,conv,weight_update,11796480,-0.0015508746728301048,0.0008845869451761246,5.820766091346741e-11,6.821210263296962e-13,3.7299262152777777e-06,INT16,Sufficient,0.0005444178605016882,1.0,,,1.6419836318419764e-08
begin,layer4.0.conv2,Conv2d,conv,weight_update,11796480,-0.0015508746728301048,0.0008845869451761246,5.820766091346741e-11,6.821210263296962e-13,3.7299262152777777e-06,INT8,Marginal,0.07562452964755195,1.0,,,4.23644706020205e-06
begin,layer4.0.bn2,BatchNorm2d,batchnorm,weight,512,1.0,1.0,1.0,,0.0,FP16,Sufficient,0.0,0.0,0.0,0.0,
begin,layer4.0.bn2,BatchNorm2d,batchnorm,weight,512,1.0,1.0,1.0,,0.0,FP8_E4M3,Sufficient,0.0,0.0,0.0,0.0,
begin,layer4.0.bn2,BatchNorm2d,batchnorm,weight,512,1.0,1.0,1.0,,0.0,FP8_E5M2,Sufficient,0.0,0.0,0.0,0.0,
begin,layer4.0.bn2,BatchNorm2d,batchnorm,weight,512,1.0,1.0,1.0,,0.0,INT16,Sufficient,0.0,0.0,,,3.051850947599719e-05
begin,layer4.0.bn2,BatchNorm2d,batchnorm,weight,512,1.0,1.0,1.0,,0.0,INT8,Sufficient,0.0,0.0,,,0.007874015748031496
begin,layer4.0.bn2,BatchNorm2d,batchnorm,bias,512,0.0,0.0,,,1.0,FP16,Sufficient,0.0,0.0,0.0,0.0,
begin,layer4.0.bn2,BatchNorm2d,batchnorm,bias,512,0.0,0.0,,,1.0,FP8_E4M3,Sufficient,0.0,0.0,0.0,0.0,
begin,layer4.0.bn2,BatchNorm2d,batchnorm,bias,512,0.0,0.0,,,1.0,FP8_E5M2,Sufficient,0.0,0.0,0.0,0.0,
begin,layer4.0.bn2,BatchNorm2d,batchnorm,bias,512,0.0,0.0,,,1.0,INT16,Sufficient,0.0,0.0,,,1.0
begin,layer4.0.bn2,BatchNorm2d,batchnorm,bias,512,0.0,0.0,,,1.0,INT8,Sufficient,0.0,0.0,,,1.0
begin,layer4.0.bn2,BatchNorm2d,batchnorm,input,5242880,-4.527560710906982,4.766208648681641,1.043081283569336e-07,4.656612873077393e-10,0.0,FP16,Sufficient,0.0001753198681348523,0.0014388489208633094,0.0,0.0,
begin,layer4.0.bn2,BatchNorm2d,batchnorm,input,5242880,-4.527560710906982,4.766208648681641,1.043081283569336e-07,4.656612873077393e-10,0.0,FP8_E4M3,Marginal,0.028036774888635374,1.0,0.0,0.0029,
begin,layer4.0.bn2,BatchNorm2d,batchnorm,input,5242880,-4.527560710906982,4.766208648681641,1.043081283569336e-07,4.656612873077393e-10,0.0,FP8_E5M2,Marginal,0.04468991472004214,0.47338129496402875,0.0,0.0,
begin,layer4.0.bn2,BatchNorm2d,batchnorm,input,5242880,-4.527560710906982,4.766208648681641,1.043081283569336e-07,4.656612873077393e-10,0.0,INT16,Sufficient,0.00048308800009030575,1.0,,,8.062872934826024e-05
begin,layer4.0.bn2,BatchNorm2d,batchnorm,input,5242880,-4.527560710906982,4.766208648681641,1.043081283569336e-07,4.656612873077393e-10,0.0,INT8,Marginal,0.07307343580612999,1.0,,,0.020802847043735775
begin,layer4.0.bn2,BatchNorm2d,batchnorm,activation,5242880,-13.505392074584961,12.255341529846191,1.7562786069902359e-07,6.984919309616089e-10,0.0,FP16,Sufficient,0.00017620243863473067,0.0007899714600178196,0.0,0.0,
begin,layer4.0.bn2,BatchNorm2d,batchnorm,activation,5242880,-13.505392074584961,12.255341529846191,1.7562786069902359e-07,6.984919309616089e-10,0.0,FP8_E4M3,Marginal,0.024460582867040746,1.0,0.0,0.001,
begin,layer4.0.bn2,BatchNorm2d,batchnorm,activation,5242880,-13.505392074584961,12.255341529846191,1.7562786069902359e-07,6.984919309616089e-10,0.0,FP8_E5M2,Marginal,0.04484762616999971,0.1111081912097854,0.0,0.0,
begin,layer4.0.bn2,BatchNorm2d,batchnorm,activation,5242880,-13.505392074584961,12.255341529846191,1.7562786069902359e-07,6.984919309616089e-10,0.0,INT16,Sufficient,0.0006253982378861109,1.0,,,0.00022061916638523724
begin,layer4.0.bn2,BatchNorm2d,batchnorm,activation,5242880,-13.505392074584961,12.255341529846191,1.7562786069902359e-07,6.984919309616089e-10,0.0,INT8,Marginal,0.07089496057222884,1.0,,,0.05692148208618164
begin,layer4.0.bn2,BatchNorm2d,batchnorm,weight_gradient,2560,-0.0069573321379721165,0.007692087907344103,4.95837923608633e-07,1.1641532182693481e-10,0.0,FP16,Sufficient,0.00020795271307850913,0.038320516646293025,0.0,0.0,
begin,layer4.0.bn2,BatchNorm2d,batchnorm,weight_gradient,2560,-0.0069573321379721165,0.007692087907344103,4.95837923608633e-07,1.1641532182693481e-10,0.0,FP8_E4M3,Not sufficient,0.5994111411527172,1.0,0.0,0.425,
begin,layer4.0.bn2,BatchNorm2d,batchnorm,weight_gradient,2560,-0.0069573321379721165,0.007692087907344103,4.95837923608633e-07,1.1641532182693481e-10,0.0,FP8_E5M2,Marginal,0.048498758303486794,1.0,0.0,0.001953125,
begin,layer4.0.bn2,BatchNorm2d,batchnorm,weight_gradient,2560,-0.0069573321379721165,0.007692087907344103,4.95837923608633e-07,1.1641532182693481e-10,0.0,INT16,Sufficient,0.00020089390473497672,0.0531137433700031,,,2.3475105769048443e-07
begin,layer4.0.bn2,BatchNorm2d,batchnorm,weight_gradient,2560,-0.0069573321379721165,0.007692087907344103,4.95837923608633e-07,1.1641532182693481e-10,0.0,INT8,Marginal,0.038572843432193325,1.0,,,6.05676213176701e-05
begin,layer4.0.bn2,BatchNorm2d,batchnorm,weight_update,2560,-0.0006104707717895508,0.00024127960205078125,1.1920928955078125e-07,5.960464477539063e-08,0.000390625,FP16,Sufficient,7.330867085330605e-05,0.00048756704046806434,0.0,0.0,
begin,layer4.0.bn2,BatchNorm2d,batchnorm,weight_update,2560,-0.0006104707717895508,0.00024127960205078125,1.1920928955078125e-07,5.960464477539063e-08,0.000390625,FP8_E4M3,Not sufficient,0.999609375,1.0,0.0,1.0,
begin,layer4.0.bn2,BatchNorm2d,batchnorm,weight_update,2560,-0.0006104707717895508,0.00024127960205078125,1.1920928955078125e-07,5.960464477539063e-08,0.000390625,FP8_E5M2,Not sufficient,0.11470314993477666,1.0,0.0,0.03712387651426338,
begin,layer4.0.bn2,BatchNorm2d,batchnorm,weight_update,2560,-0.0006104707717895508,0.00024127960205078125,1.1920928955078125e-07,5.960464477539063e-08,0.000390625,INT16,Sufficient,0.00020393920184162521,0.062288277840510275,,,1.8630658033678725e-08
begin,layer4.0.bn2,BatchNorm2d,batchnorm,weight_update,2560,-0.0006104707717895508,0.00024127960205078125,1.1920928955078125e-07,5.960464477539063e-08,0.000390625,INT8,Marginal,0.03926080743936279,1.0,,,4.806856470783864e-06
begin,layer4.0.shortcut.0,Conv2d,conv,weight,131072,-0.062499888241291046,0.06249922513961792,1.8104910850524902e-06,7.450580596923828e-09,0.0,FP16,Sufficient,0.00017063456957833615,0.007633587786259542,0.0,0.0,
begin,layer4.0.shortcut.0,Conv2d,conv,weight,131072,-0.062499888241291046,0.06249922513961792,1.8104910850524902e-06,7.450580596923828e-09,0.0,FP8_E4M3,Not sufficient,0.054343664515658655,1.0,0.0,0.0156,
begin,layer4.0.shortcut.0,Conv2d,conv,weight,131072,-0.062499888241291046,0.06249922513961792,1.8104910850524902e-06,7.450580596923828e-09,0.0,FP8_E5M2,Marginal,0.04348876370643577,1.0,0.0,5e-05,
begin,layer4.0.shortcut.0,Conv2d,conv,weight,131072,-0.062499888241291046,0.06249922513961792,1.8104910850524902e-06,7.450580596923828e-09,0.0,INT16,Sufficient,6.584910860487596e-05,0.03847002831630519,,,1.9074034315406065e-06
begin,layer4.0.shortcut.0,Conv2d,conv,weight,131072,-0.062499888241291046,0.06249922513961792,1.8104910850524902e-06,7.450580596923828e-09,0.0,INT8,Sufficient,0.014900603761122807,1.0,,,0.0004921251042621342
begin,layer4.0.shortcut.0,Conv2d,conv,input,10485760,0.0,20.907136917114258,1.7881393432617188e-07,9.313225746154785e-10,0.351347827911377,FP16,Sufficient,0.00011522674178504395,0.0004840212628528947,0.0,0.0,
begin,layer4.0.shortcut.0,Conv2d,conv,input,10485760,0.0,20.907136917114258,1.7881393432617188e-07,9.313225746154785e-10,0.351347827911377,FP8_E4M3,Sufficient,0.015919366159008286,1.0,0.0,0.0010737843227488879,
begin,layer4.0.shortcut.0,Conv2d,conv,input,10485760,0.0,20.907136917114258,1.7881393432617188e-07,9.313225746154785e-10,0.351347827911377,FP8_E5M2,Marginal,0.029358268453944767,0.1641909279072756,0.0,0.0,
begin,layer4.0.shortcut.0,Conv2d,conv,input,10485760,0.0,20.907136917114258,1.7881393432617188e-07,9.313225746154785e-10,0.351347827911377,INT16,Sufficient,0.00039513204854504854,1.0,,,0.00031155035494084533
begin,layer4.0.shortcut.0,Conv2d,conv,input,10485760,0.0,20.907136917114258,1.7881393432617188e-07,9.313225746154785e-10,0.351347827911377,INT8,Marginal,0.042868639527170356,1.0,,,0.08038244472713921
begin,layer4.0.shortcut.0,Conv2d,conv,activation,5242880,-9.414405822753906,11.051751136779785,3.139739490620741e-08,4.656612873077393e-10,0.0,FP16,Sufficient,0.00017647718333758385,0.003355720881368756,0.0,0.0,
begin,layer4.0.shortcut.0,Conv2d,conv,activation,5242880,-9.414405822753906,11.051751136779785,3.139739490620741e-08,4.656612873077393e-10,0.0,FP8_E4M3,Marginal,0.025667842867754986,1.0,0.0,0.00185,
begin,layer4.0.shortcut.0,Conv2d,conv,activation,5242880,-9.414405822753906,11.051751136779785,3.139739490620741e-08,4.656612873077393e-10,0.0,FP8_E5M2,Marginal,0.04506461886322244,1.0,0.0,5e-05,
begin,layer4.0.shortcut.0,Conv2d,conv,activation,5242880,-9.414405822753906,11.051751136779785,3.139739490620741e-08,4.656612873077393e-10,0.0,INT16,Sufficient,0.0008037570760658834,1.0,,,0.0002245050974497881
begin,layer4.0.shortcut.0,Conv2d,conv,activation,5242880,-9.414405822753906,11.051751136779785,3.139739490620741e-08,4.656612873077393e-10,0.0,INT8,Marginal,0.08952961465393107,1.0,,,0.057924082898718164
begin,layer4.0.shortcut.0,Conv2d,conv,weight_gradient,655360,-0.013188335113227367,0.01809639111161232,6.984919309616089e-10,3.637978807091713e-12,0.0,FP16,Sufficient,0.0003011493339988504,1.0,0.0,5e-05,
begin,layer4.0.shortcut.0,Conv2d,conv,weight_gradient,655360,-0.013188335113227367,0.01809639111161232,6.984919309616089e-10,3.637978807091713e-12,0.0,FP8_E4M3,Not sufficient,0.7365315384288659,1.0,0.0,0.5872,
begin,layer4.0.shortcut.0,Conv2d,conv,weight_gradient,655360,-0.013188335113227367,0.01809639111161232,6.984919309616089e-10,3.637978807091713e-12,0.0,FP8_E5M2,Marginal,0.053856945798387935,1.0,0.0,0.0054,
begin,layer4.0.shortcut.0,Conv2d,conv,weight_gradient,655360,-0.013188335113227367,0.01809639111161232,6.984919309616089e-10,3.637978807091713e-12,0.0,INT16,Sufficient,0.0009527325968872617,1.0,,,4.927188414520612e-07
begin,layer4.0.shortcut.0,Conv2d,conv,weight_gradient,655360,-0.013188335113227367,0.01809639111161232,6.984919309616089e-10,3.637978807091713e-12,0.0,INT8,Not sufficient,0.10898856636645107,1.0,,,0.00012712534077054873
begin,layer4.0.shortcut.0,Conv2d,conv,weight_update,655360,-0.0009866120526567101,0.0008020065724849701,1.862645149230957e-09,1.8189894035458565e-12,9.1552734375e-06,FP16,Sufficient,0.0015363897824029538,1.0,0.0,0.0004,
begin,layer4.0.shortcut.0,Conv2d,conv,weight_update,655360,-0.0009866120526567101,0.0008020065724849701,1.862645149230957e-09,1.8189894035458565e-12,9.1552734375e-06,FP8_E4M3,Not sufficient,1.0,1.0,0.0,1.0,
begin,layer4.0.shortcut.0,Conv2d,conv,weight_update,655360,-0.0009866120526567101,0.0008020065724849701,1.862645149230957e-09,1.8189894035458565e-12,9.1552734375e-06,FP8_E5M2,Not sufficient,0.17458694484099047,1.0,0.0,0.0761,
begin,layer4.0.shortcut.0,Conv2d,conv,weight_update,655360,-0.0009866120526567101,0.0008020065724849701,1.862645149230957e-09,1.8189894035458565e-12,9.1552734375e-06,INT16,Sufficient,0.0005202927486897149,1.0,,,1.9982094716250117e-08
begin,layer4.0.shortcut.0,Conv2d,conv,weight_update,655360,-0.0009866120526567101,0.0008020065724849701,1.862645149230957e-09,1.8189894035458565e-12,9.1552734375e-06,INT8,Marginal,0.07063552488513924,1.0,,,5.155537776121004e-06
begin,layer4.0.shortcut.1,BatchNorm2d,batchnorm,weight,512,1.0,1.0,1.0,,0.0,FP16,Sufficient,0.0,0.0,0.0,0.0,
begin,layer4.0.shortcut.1,BatchNorm2d,batchnorm,weight,512,1.0,1.0,1.0,,0.0,FP8_E4M3,Sufficient,0.0,0.0,0.0,0.0,
begin,layer4.0.shortcut.1,BatchNorm2d,batchnorm,weight,512,1.0,1.0,1.0,,0.0,FP8_E5M2,Sufficient,0.0,0.0,0.0,0.0,
begin,layer4.0.shortcut.1,BatchNorm2d,batchnorm,weight,512,1.0,1.0,1.0,,0.0,INT16,Sufficient,0.0,0.0,,,3.051850947599719e-05
begin,layer4.0.shortcut.1,BatchNorm2d,batchnorm,weight,512,1.0,1.0,1.0,,0.0,INT8,Sufficient,0.0,0.0,,,0.007874015748031496
begin,layer4.0.shortcut.1,BatchNorm2d,batchnorm,bias,512,0.0,0.0,,,1.0,FP16,Sufficient,0.0,0.0,0.0,0.0,
begin,layer4.0.shortcut.1,BatchNorm2d,batchnorm,bias,512,0.0,0.0,,,1.0,FP8_E4M3,Sufficient,0.0,0.0,0.0,0.0,
begin,layer4.0.shortcut.1,BatchNorm2d,batchnorm,bias,512,0.0,0.0,,,1.0,FP8_E5M2,Sufficient,0.0,0.0,0.0,0.0,
begin,layer4.0.shortcut.1,BatchNorm2d,batchnorm,bias,512,0.0,0.0,,,1.0,INT16,Sufficient,0.0,0.0,,,1.0
begin,layer4.0.shortcut.1,BatchNorm2d,batchnorm,bias,512,0.0,0.0,,,1.0,INT8,Sufficient,0.0,0.0,,,1.0
begin,layer4.0.shortcut.1,BatchNorm2d,batchnorm,input,5242880,-9.414405822753906,11.051751136779785,3.139739490620741e-08,4.656612873077393e-10,0.0,FP16,Sufficient,0.00017647718333758385,0.003355720881368756,0.0,0.0,
begin,layer4.0.shortcut.1,BatchNorm2d,batchnorm,input,5242880,-9.414405822753906,11.051751136779785,3.139739490620741e-08,4.656612873077393e-10,0.0,FP8_E4M3,Marginal,0.025667842867754986,1.0,0.0,0.00185,
begin,layer4.0.shortcut.1,BatchNorm2d,batchnorm,input,5242880,-9.414405822753906,11.051751136779785,3.139739490620741e-08,4.656612873077393e-10,0.0,FP8_E5M2,Marginal,0.04506461886322244,1.0,0.0,5e-05,
begin,layer4.0.shortcut.1,BatchNorm2d,batchnorm,input,5242880,-9.414405822753906,11.051751136779785,3.139739490620741e-08,4.656612873077393e-10,0.0,INT16,Sufficient,0.0008037570760658834,1.0,,,0.0002245050974497881
begin,layer4.0.shortcut.1,BatchNorm2d,batchnorm,input,5242880,-9.414405822753906,11.051751136779785,3.139739490620741e-08,4.656612873077393e-10,0.0,INT8,Marginal,0.08952961465393107,1.0,,,0.057924082898718164
begin,layer4.0.shortcut.1,BatchNorm2d,batchnorm,activation,5242880,-11.49548053741455,10.89175033569336,3.346065682308108e-07,4.656612873077393e-10,0.0,FP16,Sufficient,0.00017652699807374047,0.0007018860247424142,0.0,0.0,
begin,layer4.0.shortcut.1,BatchNorm2d,batchnorm,activation,5242880,-11.49548053741455,10.89175033569336,3.346065682308108e-07,4.656612873077393e-10,0.0,FP8_E4M3,Marginal,0.024386290433636226,1.0,0.0,0.0009,
begin,layer4.0.shortcut.1,BatchNorm2d,batchnorm,activation,5242880,-11.49548053741455,10.89175033569336,3.346065682308108e-07,4.656612873077393e-10,0.0,FP8_E5M2,Marginal,0.045028915583087324,0.1494544908498461,0.0,0.0,
begin,layer4.0.shortcut.1,BatchNorm2d,batchnorm,activation,5242880,-11.49548053741455,10.89175033569336,3.346065682308108e-07,4.656612873077393e-10,0.0,INT16,Sufficient,0.0009149909582862229,1.0,,,0.0003090911226327591
begin,layer4.0.shortcut.1,BatchNorm2d,batchnorm,activation,5242880,-11.49548053741455,10.89175033569336,3.346065682308108e-07,4.656612873077393e-10,0.0,INT8,Marginal,0.09275421930295161,1.0,,,0.07974794342761904
begin,layer4.0.shortcut.1,BatchNorm2d,batchnorm,weight_gradient,2560,-0.007433910388499498,0.009298444725573063,4.053326847497374e-07,1.356966095045209e-09,0.0,FP16,Sufficient,0.00021717744654099506,0.029358176938887242,0.0,0.0,
begin,layer4.0.shortcut.1,BatchNorm2d,batchnorm,weight_gradient,2560,-0.007433910388499498,0.009298444725573063,4.053326847497374e-07,1.356966095045209e-09,0.0,FP8_E4M3,Not sufficient,0.580140870445151,1.0,0.0,0.403125,
begin,layer4.0.shortcut.1,BatchNorm2d,batchnorm,weight_gradient,2560,-0.007433910388499498,0.009298444725573063,4.053326847497374e-07,1.356966095045209e-09,0.0,FP8_E5M2,Marginal,0.05331670520338947,1.0,0.0,0.004296875,
begin,layer4.0.shortcut.1,BatchNorm2d,batchnorm,weight_gradient,2560,-0.007433910388499498,0.009298444725573063,4.053326847497374e-07,1.356966095045209e-09,0.0,INT16,Sufficient,0.0004087193156825398,0.29989688928084524,,,2.8377467346943764e-07
begin,layer4.0.shortcut.1,BatchNorm2d,batchnorm,weight_gradient,2560,-0.007433910388499498,0.009298444725573063,4.053326847497374e-07,1.356966095045209e-09,0.0,INT8,Marginal,0.0487479309873409,1.0,,,7.32161002013627e-05
begin,layer4.0.shortcut.1,BatchNorm2d,batchnorm,weight_update,2560,-0.0005522966384887695,0.00021088123321533203,2.384185791015625e-07,5.960464477539063e-08,0.000390625,FP16,Sufficient,6.960023453047434e-05,0.00048756704046806434,0.0,0.0,
begin,layer4.0.shortcut.1,BatchNorm2d,batchnorm,weight_update,2560,-0.0005522966384887695,0.00021088123321533203,2.384185791015625e-07,5.960464477539063e-08,0.000390625,FP8_E4M3,Not sufficient,0.999609375,1.0,0.0,1.0,
begin,layer4.0.shortcut.1,BatchNorm2d,batchnorm,weight_update,2560,-0.0005522966384887695,0.00021088123321533203,2.384185791015625e-07,5.960464477539063e-08,0.000390625,FP8_E5M2,Not sufficient,0.11077494398534415,1.0,0.0,0.03712387651426338,
begin,layer4.0.shortcut.1,BatchNorm2d,batchnorm,weight_update,2560,-0.0005522966384887695,0.00021088123321533203,2.384185791015625e-07,5.960464477539063e-08,0.000390625,INT16,Sufficient,0.0001648964410987375,0.01802423169652396,,,1.685527019528091e-08
begin,layer4.0.shortcut.1,BatchNorm2d,batchnorm,weight_update,2560,-0.0005522966384887695,0.00021088123321533203,2.384185791015625e-07,5.960464477539063e-08,0.000390625,INT8,Marginal,0.034257796564343496,1.0,,,4.348792429045429e-06
begin,layer4.1.conv1,Conv2d,conv,weight,2359296,-0.014731389470398426,0.014731372706592083,1.862645149230957e-09,9.313225746154785e-10,0.0,FP16,Sufficient,0.0001856212054114515,0.16339869281045752,0.0,0.0,
begin,layer4.1.conv1,Conv2d,conv,weight,2359296,-0.014731389470398426,0.014731372706592083,1.862645149230957e-09,9.313225746154785e-10,0.0,FP8_E4M3,Not sufficient,0.15489386974922206,1.0,0.0,0.0649,
begin,layer4.1.conv1,Conv2d,conv,weight,2359296,-0.014731389470398426,0.014731372706592083,1.862645149230957e-09,9.313225746154785e-10,0.0,FP8_E5M2,Marginal,0.0449829528366883,1.0,0.0,0.0006,
begin,layer4.1.conv1,Conv2d,conv,weight,2359296,-0.014731389470398426,0.014731372706592083,1.862645149230957e-09,9.313225746154785e-10,0.0,INT16,Sufficient,0.00013797291616435693,1.0,,,4.495283769023034e-07
begin,layer4.1.conv1,Conv2d,conv,weight,2359296,-0.014731389470398426,0.014731372706592083,1.862645149230957e-09,9.313225746154785e-10,0.0,INT8,Sufficient,0.014575580665382976,1.0,,,0.00011598186083431319
begin,layer4.1.conv1,Conv2d,conv,input,5242880,0.0,16.34659194946289,2.384185791015625e-07,7.450580596923828e-09,0.49575004577636717,FP16,Sufficient,8.930191271061166e-05,0.00048178403956605656,0.0,0.0,
begin,layer4.1.conv1,Conv2d,conv,input,5242880,0.0,16.34659194946289,2.384185791015625e-07,7.450580596923828e-09,0.49575004577636717,FP8_E4M3,Sufficient,0.012028594079112654,1.0,0.0,0.0007888768366038852,
begin,layer4.1.conv1,Conv2d,conv,input,5242880,0.0,16.34659194946289,2.384185791015625e-07,7.450580596923828e-09,0.49575004577636717,FP8_E5M2,Marginal,0.022818804276112287,0.11110922731318612,0.0,0.0,
begin,layer4.1.conv1,Conv2d,conv,input,5242880,0.0,16.34659194946289,2.384185791015625e-07,7.450580596923828e-09,0.49575004577636717,INT16,Sufficient,0.0002544293733720439,1.0,,,0.00023308048265171751
begin,layer4.1.conv1,Conv2d,conv,input,5242880,0.0,16.34659194946289,2.384185791015625e-07,7.450580596923828e-09,0.49575004577636717,INT8,Marginal,0.02861759056120232,1.0,,,0.06013659980353408
begin,layer4.1.conv1,Conv2d,conv,activation,5242880,-7.1639227867126465,5.572294235229492,4.470348358154297e-08,9.313225746154785e-10,0.0,FP16,Sufficient,0.0001754529467088926,0.002044989775051125,0.0,0.0,
begin,layer4.1.conv1,Conv2d,conv,activation,5242880,-7.1639227867126465,5.572294235229492,4.470348358154297e-08,9.313225746154785e-10,0.0,FP8_E4M3,Marginal,0.026676541095630273,1.0,0.0,0.0025,
begin,layer4.1.conv1,Conv2d,conv,activation,5242880,-7.1639227867126465,5.572294235229492,4.470348358154297e-08,9.313225746154785e-10,0.0,FP8_E5M2,Marginal,0.04509775857780795,0.841726618705036,0.0,0.0,
begin,layer4.1.conv1,Conv2d,conv,activation,5242880,-7.1639227867126465,5.572294235229492,4.470348358154297e-08,9.313225746154785e-10,0.0,INT16,Sufficient,0.0007580975283814204,1.0,,,0.00011651588067633845
begin,layer4.1.conv1,Conv2d,conv,activation,5242880,-7.1639227867126465,5.572294235229492,4.470348358154297e-08,9.313225746154785e-10,0.0,INT8,Marginal,0.0769269348019242,1.0,,,0.03006201466237466
begin,layer4.1.conv1,Conv2d,conv,weight_gradient,11796480,-0.015263228677213192,0.013634785078465939,8.731149137020111e-11,1.8189894035458565e-12,8.477105034722223e-08,FP16,Sufficient,0.00026653560317788083,0.44326990838618746,0.0,0.0,
begin,layer4.1.conv1,Conv2d,conv,weight_gradient,11796480,-0.015263228677213192,0.013634785078465939,8.731149137020111e-11,1.8189894035458565e-12,8.477105034722223e-08,FP8_E4M3,Not sufficient,0.8239615655212329,1.0,0.0,0.69305,
begin,layer4.1.conv1,Conv2d,conv,weight_gradient,11796480,-0.015263228677213192,0.013634785078465939,8.731149137020111e-11,1.8189894035458565e-12,8.477105034722223e-08,FP8_E5M2,Marginal,0.05727033428109499,1.0,0.0,0.0073,
begin,layer4.1.conv1,Conv2d,conv,weight_gradient,11796480,-0.015263228677213192,0.013634785078465939,8.731149137020111e-11,1.8189894035458565e-12,8.477105034722223e-08,INT16,Sufficient,0.0005615805312467542,1.0,,,2.4368445833132365e-07
begin,layer4.1.conv1,Conv2d,conv,weight_gradient,11796480,-0.015263228677213192,0.013634785078465939,8.731149137020111e-11,1.8189894035458565e-12,8.477105034722223e-08,INT8,Marginal,0.07613297778724132,1.0,,,6.287250902474396e-05
begin,layer4.1.conv1,Conv2d,conv,weight_update,11796480,-0.0008523901924490929,0.0008799685165286064,1.1641532182693481e-10,1.8189894035458565e-12,2.627902560763889e-06,FP16,Sufficient,0.0021507225862978773,1.0,0.0,0.00035,
begin,layer4.1.conv1,Conv2d,conv,weight_update,11796480,-0.0008523901924490929,0.0008799685165286064,1.1641532182693481e-10,1.8189894035458565e-12,2.627902560763889e-06,FP8_E4M3,Not sufficient,1.0,1.0,0.0,1.0,
begin,layer4.1.conv1,Conv2d,conv,weight_update,11796480,-0.0008523901924490929,0.0008799685165286064,1.1641532182693481e-10,1.8189894035458565e-12,2.627902560763889e-06,FP8_E5M2,Not sufficient,0.22866418703257058,1.0,0.0,0.1164,
begin,layer4.1.conv1,Conv2d,conv,weight_update,11796480,-0.0008523901924490929,0.0008799685165286064,1.1641532182693481e-10,1.8189894035458565e-12,2.627902560763889e-06,INT16,Sufficient,0.0006455532727617685,1.0,,,1.5878684667081788e-08
begin,layer4.1.conv1,Conv2d,conv,weight_update,11796480,-0.0008523901924490929,0.0008799685165286064,1.1641532182693481e-10,1.8189894035458565e-12,2.627902560763889e-06,INT8,Marginal,0.0823941618891027,1.0,,,4.0968256731202284e-06
begin,layer4.1.bn1,BatchNorm2d,batchnorm,weight,512,1.0,1.0,1.0,,0.0,FP16,Sufficient,0.0,0.0,0.0,0.0,
begin,layer4.1.bn1,BatchNorm2d,batchnorm,weight,512,1.0,1.0,1.0,,0.0,FP8_E4M3,Sufficient,0.0,0.0,0.0,0.0,
begin,layer4.1.bn1,BatchNorm2d,batchnorm,weight,512,1.0,1.0,1.0,,0.0,FP8_E5M2,Sufficient,0.0,0.0,0.0,0.0,
begin,layer4.1.bn1,BatchNorm2d,batchnorm,weight,512,1.0,1.0,1.0,,0.0,INT16,Sufficient,0.0,0.0,,,3.051850947599719e-05
begin,layer4.1.bn1,BatchNorm2d,batchnorm,weight,512,1.0,1.0,1.0,,0.0,INT8,Sufficient,0.0,0.0,,,0.007874015748031496
begin,layer4.1.bn1,BatchNorm2d,batchnorm,bias,512,0.0,0.0,,,1.0,FP16,Sufficient,0.0,0.0,0.0,0.0,
begin,layer4.1.bn1,BatchNorm2d,batchnorm,bias,512,0.0,0.0,,,1.0,FP8_E4M3,Sufficient,0.0,0.0,0.0,0.0,
begin,layer4.1.bn1,BatchNorm2d,batchnorm,bias,512,0.0,0.0,,,1.0,FP8_E5M2,Sufficient,0.0,0.0,0.0,0.0,
begin,layer4.1.bn1,BatchNorm2d,batchnorm,bias,512,0.0,0.0,,,1.0,INT16,Sufficient,0.0,0.0,,,1.0
begin,layer4.1.bn1,BatchNorm2d,batchnorm,bias,512,0.0,0.0,,,1.0,INT8,Sufficient,0.0,0.0,,,1.0
begin,layer4.1.bn1,BatchNorm2d,batchnorm,input,5242880,-7.1639227867126465,5.572294235229492,4.470348358154297e-08,9.313225746154785e-10,0.0,FP16,Sufficient,0.0001754529467088926,0.002044989775051125,0.0,0.0,
begin,layer4.1.bn1,BatchNorm2d,batchnorm,input,5242880,-7.1639227867126465,5.572294235229492,4.470348358154297e-08,9.313225746154785e-10,0.0,FP8_E4M3,Marginal,0.026676541095630273,1.0,0.0,0.0025,
begin,layer4.1.bn1,BatchNorm2d,batchnorm,input,5242880,-7.1639227867126465,5.572294235229492,4.470348358154297e-08,9.313225746154785e-10,0.0,FP8_E5M2,Marginal,0.04509775857780795,0.841726618705036,0.0,0.0,
begin,layer4.1.bn1,BatchNorm2d,batchnorm,input,5242880,-7.1639227867126465,5.572294235229492,4.470348358154297e-08,9.313225746154785e-10,0.0,INT16,Sufficient,0.0007580975283814204,1.0,,,0.00011651588067633845
begin,layer4.1.bn1,BatchNorm2d,batchnorm,input,5242880,-7.1639227867126465,5.572294235229492,4.470348358154297e-08,9.313225746154785e-10,0.0,INT8,Marginal,0.0769269348019242,1.0,,,0.03006201466237466
begin,layer4.1.bn1,BatchNorm2d,batchnorm,activation,5242880,-11.573150634765625,10.837824821472168,2.627295998536283e-07,1.1641532182693481e-10,0.0,FP16,Sufficient,0.00017595919819556535,0.0004844666827281789,0.0,0.0,
begin,layer4.1.bn1,BatchNorm2d,batchnorm,activation,5242880,-11.573150634765625,10.837824821472168,2.627295998536283e-07,1.1641532182693481e-10,0.0,FP8_E4M3,Marginal,0.023931415512676055,1.0,0.0,0.0005,
begin,layer4.1.bn1,BatchNorm2d,batchnorm,activation,5242880,-11.573150634765625,10.837824821472168,2.627295998536283e-07,1.1641532182693481e-10,0.0,FP8_E5M2,Marginal,0.044778338241552015,0.11110329326771007,0.0,0.0,
begin,layer4.1.bn1,BatchNorm2d,batchnorm,activation,5242880,-11.573150634765625,10.837824821472168,2.627295998536283e-07,1.1641532182693481e-10,0.0,INT16,Sufficient,0.0005206526199066519,0.8795625254852615,,,0.0002496550669402196
begin,layer4.1.bn1,BatchNorm2d,batchnorm,activation,5242880,-11.573150634765625,10.837824821472168,2.627295998536283e-07,1.1641532182693481e-10,0.0,INT8,Marginal,0.07850210834334194,1.0,,,0.06441297305850532
begin,layer4.1.bn1,BatchNorm2d,batchnorm,weight_gradient,2560,-0.002822436625137925,0.004104456398636103,1.7286276943195844e-07,6.111804395914078e-10,0.0,FP16,Sufficient,0.00025846000126791146,0.03442710604353651,0.0,0.0,
begin,layer4.1.bn1,BatchNorm2d,batchnorm,weight_gradient,2560,-0.002822436625137925,0.004104456398636103,1.7286276943195844e-07,6.111804395914078e-10,0.0,FP8_E4M3,Not sufficient,0.9376547248584067,1.0,0.0,0.878515625,
begin,layer4.1.bn1,BatchNorm2d,batchnorm,weight_gradient,2560,-0.002822436625137925,0.004104456398636103,1.7286276943195844e-07,6.111804395914078e-10,0.0,FP8_E5M2,Marginal,0.06170229772026324,1.0,0.0,0.008203125,
begin,layer4.1.bn1,BatchNorm2d,batchnorm,weight_gradient,2560,-0.002822436625137925,0.004104456398636103,1.7286276943195844e-07,6.111804395914078e-10,0.0,INT16,Sufficient,0.00041858518043141706,0.27536801644903475,,,1.252618914955932e-07
begin,layer4.1.bn1,BatchNorm2d,batchnorm,weight_gradient,2560,-0.002822436625137925,0.004104456398636103,1.7286276943195844e-07,6.111804395914078e-10,0.0,INT8,Marginal,0.06252051733645791,1.0,,,3.231855431996931e-05
begin,layer4.1.bn1,BatchNorm2d,batchnorm,weight_update,2560,-0.0002624988555908203,0.00012576580047607422,1.1920928955078125e-07,5.960464477539063e-08,0.00078125,FP16,Sufficient,3.0315912291117528e-05,0.00048756704046806434,0.0,0.0,
begin,layer4.1.bn1,BatchNorm2d,batchnorm,weight_update,2560,-0.0002624988555908203,0.00012576580047607422,1.1920928955078125e-07,5.960464477539063e-08,0.00078125,FP8_E4M3,Not sufficient,0.99921875,1.0,0.0,1.0,
begin,layer4.1.bn1,BatchNorm2d,batchnorm,weight_update,2560,-0.0002624988555908203,0.00012576580047607422,1.1920928955078125e-07,5.960464477539063e-08,0.00078125,FP8_E5M2,Not sufficient,0.15001518562672556,1.0,0.0,0.06254886630179828,
begin,layer4.1.bn1,BatchNorm2d,batchnorm,weight_update,2560,-0.0002624988555908203,0.00012576580047607422,1.1920928955078125e-07,5.960464477539063e-08,0.00078125,INT16,Sufficient,0.00010715404746504491,0.014374217963194566,,,8.011073811786869e-09
begin,layer4.1.bn1,BatchNorm2d,batchnorm,weight_update,2560,-0.0002624988555908203,0.00012576580047607422,1.1920928955078125e-07,5.960464477539063e-08,0.00078125,INT8,Marginal,0.028111481656216054,1.0,,,2.066920122762365e-06
begin,layer4.1.conv2,Conv2d,conv,weight,2359296,-0.014731349423527718,0.014731365256011486,5.587935447692871e-09,9.313225746154785e-10,4.238552517361111e-07,FP16,Sufficient,0.00017769566862062052,0.03323262839879154,0.0,0.0,
begin,layer4.1.conv2,Conv2d,conv,weight,2359296,-0.014731349423527718,0.014731365256011486,5.587935447692871e-09,9.313225746154785e-10,4.238552517361111e-07,FP8_E4M3,Not sufficient,0.16018541016824006,1.0,0.0,0.0683,
begin,layer4.1.conv2,Conv2d,conv,weight,2359296,-0.014731349423527718,0.014731365256011486,5.587935447692871e-09,9.313225746154785e-10,4.238552517361111e-07,FP8_E5M2,Marginal,0.045076596116350315,1.0,0.0,0.00045,
begin,layer4.1.conv2,Conv2d,conv,weight,2359296,-0.014731349423527718,0.014731365256011486,5.587935447692871e-09,9.313225746154785e-10,4.238552517361111e-07,INT16,Sufficient,9.132378483278251e-05,0.2708658322420584,,,4.4953713105596353e-07
begin,layer4.1.conv2,Conv2d,conv,weight,2359296,-0.014731349423527718,0.014731365256011486,5.587935447692871e-09,9.313225746154785e-10,4.238552517361111e-07,INT8,Sufficient,0.015293164219630208,1.0,,,0.00011598411947488785
begin,layer4.1.conv2,Conv2d,conv,input,5242880,0.0,10.837824821472168,4.656729402086057e-07,1.1641532182693481e-10,0.49902496337890623,FP16,Sufficient,8.868191346595145e-05,0.00048400745831993154,0.0,0.0,
begin,layer4.1.conv2,Conv2d,conv,input,5242880,0.0,10.837824821472168,4.656729402086057e-07,1.1641532182693481e-10,0.49902496337890623,FP8_E4M3,Sufficient,0.011906853678731818,1.0,0.0,0.0003951397806974217,
begin,layer4.1.conv2,Conv2d,conv,input,5242880,0.0,10.837824821472168,4.656729402086057e-07,1.1641532182693481e-10,0.49902496337890623,FP8_E5M2,Marginal,0.02264244598224365,0.11110329326771007,0.0,0.0,
begin,layer4.1.conv2,Conv2d,conv,input,5242880,0.0,10.837824821472168,4.656729402086057e-07,1.1641532182693481e-10,0.49902496337890623,INT16,Sufficient,0.0002463803497387175,0.8795625254852615,,,0.0002496550669402196
begin,layer4.1.conv2,Conv2d,conv,input,5242880,0.0,10.837824821472168,4.656729402086057e-07,1.1641532182693481e-10,0.49902496337890623,INT8,Marginal,0.03849123379753959,1.0,,,0.06441297305850532
begin,layer4.1.conv2,Conv2d,conv,activation,5242880,-4.2809834480285645,5.2448201179504395,8.940696716308594e-08,4.656612873077393e-10,0.0,FP16,Sufficient,0.00017630759565090239,0.0017391304347826088,0.0,0.0,
begin,layer4.1.conv2,Conv2d,conv,activation,5242880,-4.2809834480285645,5.2448201179504395,8.940696716308594e-08,4.656612873077393e-10,0.0,FP8_E4M3,Marginal,0.028204357574456742,1.0,0.0,0.00295,
begin,layer4.1.conv2,Conv2d,conv,activation,5242880,-4.2809834480285645,5.2448201179504395,8.940696716308594e-08,4.656612873077393e-10,0.0,FP8_E5M2,Marginal,0.044947268252922765,0.7808695652173913,0.0,0.0,
begin,layer4.1.conv2,Conv2d,conv,activation,5242880,-4.2809834480285645,5.2448201179504395,8.940696716308594e-08,4.656612873077393e-10,0.0,INT16,Sufficient,0.0006384164530969912,1.0,,,8.061590144350986e-05
begin,layer4.1.conv2,Conv2d,conv,activation,5242880,-4.2809834480285645,5.2448201179504395,8.940696716308594e-08,4.656612873077393e-10,0.0,INT8,Marginal,0.07138432064383915,1.0,,,0.02079953734330305
begin,layer4.1.conv2,Conv2d,conv,weight_gradient,11796480,-0.013661079108715057,0.013082855381071568,5.820766091346741e-11,1.8189894035458565e-12,0.0,FP16,Sufficient,0.0003123524449216748,0.3311667208319792,0.0,0.0,
begin,layer4.1.conv2,Conv2d,conv,weight_gradient,11796480,-0.013661079108715057,0.013082855381071568,5.820766091346741e-11,1.8189894035458565e-12,0.0,FP8_E4M3,Not sufficient,0.8284379366435298,1.0,0.0,0.70865,
begin,layer4.1.conv2,Conv2d,conv,weight_gradient,11796480,-0.013661079108715057,0.013082855381071568,5.820766091346741e-11,1.8189894035458565e-12,0.0,FP8_E5M2,Marginal,0.056907523626813034,1.0,0.0,0.0071,
begin,layer4.1.conv2,Conv2d,conv,weight_gradient,11796480,-0.013661079108715057,0.013082855381071568,5.820766091346741e-11,1.8189894035458565e-12,0.0,INT16,Sufficient,0.0009049649725395397,1.0,,,2.923787275013912e-07
begin,layer4.1.conv2,Conv2d,conv,weight_gradient,11796480,-0.013661079108715057,0.013082855381071568,5.820766091346741e-11,1.8189894035458565e-12,0.0,INT8,Marginal,0.09144008413212286,1.0,,,7.543601389006367e-05
begin,layer4.1.conv2,Conv2d,conv,weight_update,11796480,-0.0009019467979669571,0.0008037441875785589,5.820766091346741e-11,9.094947017729282e-13,4.662407769097223e-06,FP16,Sufficient,0.0023863820647009072,1.0,0.0,0.00035,
begin,layer4.1.conv2,Conv2d,conv,weight_update,11796480,-0.0009019467979669571,0.0008037441875785589,5.820766091346741e-11,9.094947017729282e-13,4.662407769097223e-06,FP8_E4M3,Not sufficient,1.0,1.0,0.0,1.0,
begin,layer4.1.conv2,Conv2d,conv,weight_update,11796480,-0.0009019467979669571,0.0008037441875785589,5.820766091346741e-11,9.094947017729282e-13,4.662407769097223e-06,FP8_E5M2,Not sufficient,0.24369473645382073,1.0,0.0,0.12355,
begin,layer4.1.conv2,Conv2d,conv,weight_update,11796480,-0.0009019467979669571,0.0008037441875785589,5.820766091346741e-11,9.094947017729282e-13,4.662407769097223e-06,INT16,Sufficient,0.0006239115705235444,1.0,,,1.5357002480864565e-08
begin,layer4.1.conv2,Conv2d,conv,weight_update,11796480,-0.0009019467979669571,0.0008037441875785589,5.820766091346741e-11,9.094947017729282e-13,4.662407769097223e-06,INT8,Marginal,0.08428101006410281,1.0,,,3.9622275613424345e-06
begin,layer4.1.bn2,BatchNorm2d,batchnorm,weight,512,1.0,1.0,1.0,,0.0,FP16,Sufficient,0.0,0.0,0.0,0.0,
begin,layer4.1.bn2,BatchNorm2d,batchnorm,weight,512,1.0,1.0,1.0,,0.0,FP8_E4M3,Sufficient,0.0,0.0,0.0,0.0,
begin,layer4.1.bn2,BatchNorm2d,batchnorm,weight,512,1.0,1.0,1.0,,0.0,FP8_E5M2,Sufficient,0.0,0.0,0.0,0.0,
begin,layer4.1.bn2,BatchNorm2d,batchnorm,weight,512,1.0,1.0,1.0,,0.0,INT16,Sufficient,0.0,0.0,,,3.051850947599719e-05
begin,layer4.1.bn2,BatchNorm2d,batchnorm,weight,512,1.0,1.0,1.0,,0.0,INT8,Sufficient,0.0,0.0,,,0.007874015748031496
begin,layer4.1.bn2,BatchNorm2d,batchnorm,bias,512,0.0,0.0,,,1.0,FP16,Sufficient,0.0,0.0,0.0,0.0,
begin,layer4.1.bn2,BatchNorm2d,batchnorm,bias,512,0.0,0.0,,,1.0,FP8_E4M3,Sufficient,0.0,0.0,0.0,0.0,
begin,layer4.1.bn2,BatchNorm2d,batchnorm,bias,512,0.0,0.0,,,1.0,FP8_E5M2,Sufficient,0.0,0.0,0.0,0.0,
begin,layer4.1.bn2,BatchNorm2d,batchnorm,bias,512,0.0,0.0,,,1.0,INT16,Sufficient,0.0,0.0,,,1.0
begin,layer4.1.bn2,BatchNorm2d,batchnorm,bias,512,0.0,0.0,,,1.0,INT8,Sufficient,0.0,0.0,,,1.0
begin,layer4.1.bn2,BatchNorm2d,batchnorm,input,5242880,-4.2809834480285645,5.2448201179504395,8.940696716308594e-08,4.656612873077393e-10,0.0,FP16,Sufficient,0.00017630759565090239,0.0017391304347826088,0.0,0.0,
begin,layer4.1.bn2,BatchNorm2d,batchnorm,input,5242880,-4.2809834480285645,5.2448201179504395,8.940696716308594e-08,4.656612873077393e-10,0.0,FP8_E4M3,Marginal,0.028204357574456742,1.0,0.0,0.00295,
begin,layer4.1.bn2,BatchNorm2d,batchnorm,input,5242880,-4.2809834480285645,5.2448201179504395,8.940696716308594e-08,4.656612873077393e-10,0.0,FP8_E5M2,Marginal,0.044947268252922765,0.7808695652173913,0.0,0.0,
begin,layer4.1.bn2,BatchNorm2d,batchnorm,input,5242880,-4.2809834480285645,5.2448201179504395,8.940696716308594e-08,4.656612873077393e-10,0.0,INT16,Sufficient,0.0006384164530969912,1.0,,,8.061590144350986e-05
begin,layer4.1.bn2,BatchNorm2d,batchnorm,input,5242880,-4.2809834480285645,5.2448201179504395,8.940696716308594e-08,4.656612873077393e-10,0.0,INT8,Marginal,0.07138432064383915,1.0,,,0.02079953734330305
begin,layer4.1.bn2,BatchNorm2d,batchnorm,activation,5242880,-10.510539054870605,11.441319465637207,2.8000633278679743e-07,9.313225746154785e-10,0.0,FP16,Sufficient,0.00017590870202803419,0.00048614117121016805,0.0,0.0,
begin,layer4.1.bn2,BatchNorm2d,batchnorm,activation,5242880,-10.510539054870605,11.441319465637207,2.8000633278679743e-07,9.313225746154785e-10,0.0,FP8_E4M3,Marginal,0.023884293098503217,1.0,0.0,0.00075,
begin,layer4.1.bn2,BatchNorm2d,batchnorm,activation,5242880,-10.510539054870605,11.441319465637207,2.8000633278679743e-07,9.313225746154785e-10,0.0,FP8_E5M2,Marginal,0.044477680362299446,0.11110263407075108,0.0,0.0,
begin,layer4.1.bn2,BatchNorm2d,batchnorm,activation,5242880,-10.510539054870605,11.441319465637207,2.8000633278679743e-07,9.313225746154785e-10,0.0,INT16,Sufficient,0.0005595705609992093,1.0,,,0.0002213576695165734
begin,layer4.1.bn2,BatchNorm2d,batchnorm,activation,5242880,-10.510539054870605,11.441319465637207,2.8000633278679743e-07,9.313225746154785e-10,0.0,INT8,Marginal,0.0702151628890332,1.0,,,0.05711202170905166
begin,layer4.1.bn2,BatchNorm2d,batchnorm,weight_gradient,2560,-0.007697251625359058,0.009543320164084435,4.086389253643574e-07,1.4551915228366852e-11,0.0,FP16,Sufficient,0.00019900772566131035,0.021029783336755297,0.0,0.0,
begin,layer4.1.bn2,BatchNorm2d,batchnorm,weight_gradient,2560,-0.007697251625359058,0.009543320164084435,4.086389253643574e-07,1.4551915228366852e-11,0.0,FP8_E4M3,Not sufficient,0.5202254252891607,1.0,0.0,0.348046875,
begin,layer4.1.bn2,BatchNorm2d,batchnorm,weight_gradient,2560,-0.007697251625359058,0.009543320164084435,4.086389253643574e-07,1.4551915228366852e-11,0.0,FP8_E5M2,Marginal,0.04996563978957462,1.0,0.0,0.002734375,
begin,layer4.1.bn2,BatchNorm2d,batchnorm,weight_gradient,2560,-0.007697251625359058,0.009543320164084435,4.086389253643574e-07,1.4551915228366852e-11,0.0,INT16,Sufficient,0.0003091951450717837,0.2872732165679063,,,2.912479068600859e-07
begin,layer4.1.bn2,BatchNorm2d,batchnorm,weight_gradient,2560,-0.007697251625359058,0.009543320164084435,4.086389253643574e-07,1.4551915228366852e-11,0.0,INT8,Marginal,0.04256667102905779,1.0,,,7.514425326050736e-05
begin,layer4.1.bn2,BatchNorm2d,batchnorm,weight_update,2560,-0.0006077885627746582,0.00027561187744140625,3.5762786865234375e-07,5.960464477539063e-08,0.0,FP16,Sufficient,8.756894412530173e-05,0.0004880429477794046,0.0,0.0,
begin,layer4.1.bn2,BatchNorm2d,batchnorm,weight_update,2560,-0.0006077885627746582,0.00027561187744140625,3.5762786865234375e-07,5.960464477539063e-08,0.0,FP8_E4M3,Not sufficient,1.0,1.0,0.0,1.0,
begin,layer4.1.bn2,BatchNorm2d,batchnorm,weight_update,2560,-0.0006077885627746582,0.00027561187744140625,3.5762786865234375e-07,5.960464477539063e-08,0.0,FP8_E5M2,Not sufficient,0.0978622454654506,1.0,0.0,0.026953125,
begin,layer4.1.bn2,BatchNorm2d,batchnorm,weight_update,2560,-0.0006077885627746582,0.00027561187744140625,3.5762786865234375e-07,5.960464477539063e-08,0.0,INT16,Sufficient,0.00013692004329163656,0.021951527887377992,,,1.854880101244112e-08
begin,layer4.1.bn2,BatchNorm2d,batchnorm,weight_update,2560,-0.0006077885627746582,0.00027561187744140625,3.5762786865234375e-07,5.960464477539063e-08,0.0,INT8,Marginal,0.032392312339345794,1.0,,,4.7857367147610885e-06
begin,fc,Linear,linear,weight,5120,-0.044193774461746216,0.04417471960186958,5.949288606643677e-06,3.725290298461914e-09,0.0,FP16,Sufficient,0.0001810016678094241,0.002506265664160401,0.0,0.0,
begin,fc,Linear,linear,weight,5120,-0.044193774461746216,0.04417471960186958,5.949288606643677e-06,3.725290298461914e-09,0.0,FP8_E4M3,Not sufficient,0.06935898089113877,1.0,0.0,0.023046875,
begin,fc,Linear,linear,weight,5120,-0.044193774461746216,0.04417471960186958,5.949288606643677e-06,3.725290298461914e-09,0.0,FP8_E5M2,Marginal,0.04738228973174895,1.0,0.0,0.000390625,
begin,fc,Linear,linear,weight,5120,-0.044193774461746216,0.04417471960186958,5.949288606643677e-06,3.725290298461914e-09,0.0,INT16,Sufficient,9.740882449188273e-05,0.09318359631453359,,,1.3487281246908846e-06
begin,fc,Linear,linear,weight,5120,-0.044193774461746216,0.04417471960186958,5.949288606643677e-06,3.725290298461914e-09,0.0,INT8,Sufficient,0.014577527490050996,1.0,,,0.0003479824760767419
begin,fc,Linear,linear,bias,10,-0.03983734920620918,0.034651633352041245,0.004687756299972534,4.5258551836013794e-05,0.0,FP16,Sufficient,0.00022490198789627036,0.000409278836069904,0.0,0.0,
begin,fc,Linear,linear,bias,10,-0.03983734920620918,0.034651633352041245,0.004687756299972534,4.5258551836013794e-05,0.0,FP8_E4M3,Marginal,0.04520915374937492,0.16671222861502272,0.0,0.0,
begin,fc,Linear,linear,bias,10,-0.03983734920620918,0.034651633352041245,0.004687756299972534,4.5258551836013794e-05,0.0,FP8_E5M2,Marginal,0.04933793297177438,0.09816660927589038,0.0,0.0,
begin,fc,Linear,linear,bias,10,-0.03983734920620918,0.034651633352041245,0.004687756299972534,4.5258551836013794e-05,0.0,INT16,Sufficient,1.707425131838126e-05,5.92945177053681e-05,,,1.2157765192483042e-06
begin,fc,Linear,linear,bias,10,-0.03983734920620918,0.034651633352041245,0.004687756299972534,4.5258551836013794e-05,0.0,INT8,Sufficient,0.0031253560309097484,0.01145419272921406,,,0.00031367991500952114
begin,fc,Linear,linear,input,327680,0.0,8.33338451385498,0.0005297651514410973,1.4901161193847656e-08,3.662109375e-05,FP16,Sufficient,0.00017644932588160004,0.00048330695677719547,0.0,0.0,
begin,fc,Linear,linear,input,327680,0.0,8.33338451385498,0.0005297651514410973,1.4901161193847656e-08,3.662109375e-05,FP8_E4M3,Marginal,0.02244494590214873,0.05881343178000716,0.0,0.0,
begin,fc,Linear,linear,input,327680,0.0,8.33338451385498,0.0005297651514410973,1.4901161193847656e-08,3.662109375e-05,FP8_E5M2,Marginal,0.044211027733441655,0.11109486356404921,0.0,0.0,
begin,fc,Linear,linear,input,327680,0.0,8.33338451385498,0.0005297651514410973,1.4901161193847656e-08,3.662109375e-05,INT16,Sufficient,7.928010916516016e-05,0.002484163128585806,,,0.00019345263280521311
begin,fc,Linear,linear,input,327680,0.0,8.33338451385498,0.0005297651514410973,1.4901161193847656e-08,3.662109375e-05,INT8,Marginal,0.02028534961308273,1.0,,,0.049912302512822186
begin,fc,Linear,linear,activation,6400,-6.091554164886475,8.361104965209961,5.700811743736267e-05,1.043081283569336e-07,0.0,FP16,Sufficient,0.00017669072120642934,0.00048732908664244544,0.0,0.0,
begin,fc,Linear,linear,activation,6400,-6.091554164886475,8.361104965209961,5.700811743736267e-05,1.043081283569336e-07,0.0,FP8_E4M3,Marginal,0.025514692288412574,1.0,0.0,0.001875,
begin,fc,Linear,linear,activation,6400,-6.091554164886475,8.361104965209961,5.700811743736267e-05,1.043081283569336e-07,0.0,FP8_E5M2,Marginal,0.044952235396204444,0.11104471108997613,0.0,0.0,
begin,fc,Linear,linear,activation,6400,-6.091554164886475,8.361104965209961,5.700811743736267e-05,1.043081283569336e-07,0.0,INT16,Sufficient,0.0008538461819603432,1.0,,,0.0002551684611105674
begin,fc,Linear,linear,activation,6400,-6.091554164886475,8.361104965209961,5.700811743736267e-05,1.043081283569336e-07,0.0,INT8,Marginal,0.09253454133738709,1.0,,,0.06583547216700757
begin,fc,Linear,linear,weight_gradient,25600,-0.18446782231330872,0.36880993843078613,7.84359872341156e-06,2.7939677238464355e-09,0.0,FP16,Sufficient,0.00017817686797264747,0.0030871526953217764,0.0,0.0,
begin,fc,Linear,linear,weight_gradient,25600,-0.18446782231330872,0.36880993843078613,7.84359872341156e-06,2.7939677238464355e-09,0.0,FP8_E4M3,Marginal,0.0376951492484745,1.0,0.0,0.00725,
begin,fc,Linear,linear,weight_gradient,25600,-0.18446782231330872,0.36880993843078613,7.84359872341156e-06,2.7939677238464355e-09,0.0,FP8_E5M2,Marginal,0.0450088605545956,0.9453811446212301,0.0,0.0,
begin,fc,Linear,linear,weight_gradient,25600,-0.18446782231330872,0.36880993843078613,7.84359872341156e-06,2.7939677238464355e-09,0.0,INT16,Sufficient,0.00023191916873197753,0.312614268209808,,,1.0295619598462249e-05
begin,fc,Linear,linear,weight_gradient,25600,-0.18446782231330872,0.36880993843078613,7.84359872341156e-06,2.7939677238464355e-09,0.0,INT8,Marginal,0.036724414070313585,1.0,,,0.0026563509242741143
begin,fc,Linear,linear,weight_update,25600,-0.013208691030740738,0.009078361093997955,2.0489096641540527e-07,2.3283064365386963e-10,0.0,FP16,Sufficient,0.00019058051151755778,0.05084745762711865,0.0,0.0,
begin,fc,Linear,linear,weight_update,25600,-0.013208691030740738,0.009078361093997955,2.0489096641540527e-07,2.3283064365386963e-10,0.0,FP8_E4M3,Not sufficient,0.42761683338525125,1.0,0.0,0.2428,
begin,fc,Linear,linear,weight_update,25600,-0.013208691030740738,0.009078361093997955,2.0489096641540527e-07,2.3283064365386963e-10,0.0,FP8_E5M2,Marginal,0.04810130774348888,1.0,0.0,0.00175,
begin,fc,Linear,linear,weight_update,25600,-0.013208691030740738,0.009078361093997955,2.0489096641540527e-07,2.3283064365386963e-10,0.0,INT16,Sufficient,0.0002080410116532148,0.08940617786230122,,,4.031095623871803e-07
begin,fc,Linear,linear,weight_update,25600,-0.013208691030740738,0.009078361093997955,2.0489096641540527e-07,2.3283064365386963e-10,0.0,INT8,Marginal,0.04037162503433803,1.0,,,0.00010400544118693494
begin,relu1,ReLU,activation,input,41943040,0.0,7.382938861846924,2.2503984453692283e-08,4.656612873077393e-10,0.5034348011016846,FP16,Sufficient,8.681172353934436e-05,0.0004821570107678592,0.0,0.0,
begin,relu1,ReLU,activation,input,41943040,0.0,7.382938861846924,2.2503984453692283e-08,4.656612873077393e-10,0.5034348011016846,FP8_E4M3,Sufficient,0.011902154329502434,1.0,0.0,0.0006076564715414219,
begin,relu1,ReLU,activation,input,41943040,0.0,7.382938861846924,2.2503984453692283e-08,4.656612873077393e-10,0.5034348011016846,FP8_E5M2,Marginal,0.022017975543491684,0.11110392916576818,0.0,0.0,
begin,relu1,ReLU,activation,input,41943040,0.0,7.382938861846924,2.2503984453692283e-08,4.656612873077393e-10,0.5034348011016846,INT16,Sufficient,0.00012958597941392828,0.08486569069390809,,,0.00014633031790317692
begin,relu1,ReLU,activation,input,41943040,0.0,7.382938861846924,2.2503984453692283e-08,4.656612873077393e-10,0.5034348011016846,INT8,Marginal,0.024317222905988263,1.0,,,0.03775437422624723
begin,relu1,ReLU,activation,activation,41943040,0.0,7.382938861846924,2.2503984453692283e-08,4.656612873077393e-10,0.5034348011016846,FP16,Sufficient,8.681172353934436e-05,0.0004821570107678592,0.0,0.0,
begin,relu1,ReLU,activation,activation,41943040,0.0,7.382938861846924,2.2503984453692283e-08,4.656612873077393e-10,0.5034348011016846,FP8_E4M3,Sufficient,0.011902154329502434,1.0,0.0,0.0006076564715414219,
begin,relu1,ReLU,activation,activation,41943040,0.0,7.382938861846924,2.2503984453692283e-08,4.656612873077393e-10,0.5034348011016846,FP8_E5M2,Marginal,0.022017975543491684,0.11110392916576818,0.0,0.0,
begin,relu1,ReLU,activation,activation,41943040,0.0,7.382938861846924,2.2503984453692283e-08,4.656612873077393e-10,0.5034348011016846,INT16,Sufficient,0.00012958597941392828,0.08486569069390809,,,0.00014633031790317692
begin,relu1,ReLU,activation,activation,41943040,0.0,7.382938861846924,2.2503984453692283e-08,4.656612873077393e-10,0.5034348011016846,INT8,Marginal,0.024317222905988263,1.0,,,0.03775437422624723
begin,layer1.0.relu1,ReLU,activation,input,41943040,0.0,8.971663475036621,2.364846984903579e-08,4.656612873077393e-10,0.4965003728866577,FP16,Sufficient,8.973535017640826e-05,0.00048673547716547046,0.0,0.0,
begin,layer1.0.relu1,ReLU,activation,input,41943040,0.0,8.971663475036621,2.364846984903579e-08,4.656612873077393e-10,0.4965003728866577,FP8_E4M3,Sufficient,0.012149702970182278,1.0,0.0,0.0005885237861696911,
begin,layer1.0.relu1,ReLU,activation,input,41943040,0.0,8.971663475036621,2.364846984903579e-08,4.656612873077393e-10,0.4965003728866577,FP8_E5M2,Marginal,0.022934324339762318,0.11110922730599998,0.0,0.0,
begin,layer1.0.relu1,ReLU,activation,input,41943040,0.0,8.971663475036621,2.364846984903579e-08,4.656612873077393e-10,0.4965003728866577,INT16,Sufficient,0.00020643331455399148,1.0,,,0.00020289814722862875
begin,layer1.0.relu1,ReLU,activation,input,41943040,0.0,8.971663475036621,2.364846984903579e-08,4.656612873077393e-10,0.4965003728866577,INT8,Marginal,0.03153008173944978,1.0,,,0.052349319608192744
begin,layer1.0.relu1,ReLU,activation,activation,41943040,0.0,8.971663475036621,2.364846984903579e-08,4.656612873077393e-10,0.4965003728866577,FP16,Sufficient,8.973535017640826e-05,0.00048673547716547046,0.0,0.0,
begin,layer1.0.relu1,ReLU,activation,activation,41943040,0.0,8.971663475036621,2.364846984903579e-08,4.656612873077393e-10,0.4965003728866577,FP8_E4M3,Sufficient,0.012149702970182278,1.0,0.0,0.0005885237861696911,
begin,layer1.0.relu1,ReLU,activation,activation,41943040,0.0,8.971663475036621,2.364846984903579e-08,4.656612873077393e-10,0.4965003728866577,FP8_E5M2,Marginal,0.022934324339762318,0.11110922730599998,0.0,0.0,
begin,layer1.0.relu1,ReLU,activation,activation,41943040,0.0,8.971663475036621,2.364846984903579e-08,4.656612873077393e-10,0.4965003728866577,INT16,Sufficient,0.00020643331455399148,1.0,,,0.00020289814722862875
begin,layer1.0.relu1,ReLU,activation,activation,41943040,0.0,8.971663475036621,2.364846984903579e-08,4.656612873077393e-10,0.4965003728866577,INT8,Marginal,0.03153008173944978,1.0,,,0.052349319608192744
begin,layer1.0.relu2,ReLU,activation,input,41943040,0.0,11.017419815063477,5.060379848487173e-08,4.656612873077393e-10,0.3860524415969849,FP16,Sufficient,0.0001113479068813788,0.0005065747379910441,0.0,0.0,
begin,layer1.0.relu2,ReLU,activation,input,41943040,0.0,11.017419815063477,5.060379848487173e-08,4.656612873077393e-10,0.3860524415969849,FP8_E4M3,Sufficient,0.015094760749936487,1.0,0.0,0.0007111813512445674,
begin,layer1.0.relu2,ReLU,activation,input,41943040,0.0,11.017419815063477,5.060379848487173e-08,4.656612873077393e-10,0.3860524415969849,FP8_E5M2,Marginal,0.028372068616393544,0.11109898427376427,0.0,0.0,
begin,layer1.0.relu2,ReLU,activation,input,41943040,0.0,11.017419815063477,5.060379848487173e-08,4.656612873077393e-10,0.3860524415969849,INT16,Sufficient,0.00034709077354624354,1.0,,,0.00024266038811355614
begin,layer1.0.relu2,ReLU,activation,input,41943040,0.0,11.017419815063477,5.060379848487173e-08,4.656612873077393e-10,0.3860524415969849,INT8,Marginal,0.03620337733983342,1.0,,,0.06260829084501492
begin,layer1.0.relu2,ReLU,activation,activation,41943040,0.0,11.017419815063477,5.060379848487173e-08,4.656612873077393e-10,0.3860524415969849,FP16,Sufficient,0.0001113479068813788,0.0005065747379910441,0.0,0.0,
begin,layer1.0.relu2,ReLU,activation,activation,41943040,0.0,11.017419815063477,5.060379848487173e-08,4.656612873077393e-10,0.3860524415969849,FP8_E4M3,Sufficient,0.015094760749936487,1.0,0.0,0.0007111813512445674,
begin,layer1.0.relu2,ReLU,activation,activation,41943040,0.0,11.017419815063477,5.060379848487173e-08,4.656612873077393e-10,0.3860524415969849,FP8_E5M2,Marginal,0.028372068616393544,0.11109898427376427,0.0,0.0,
begin,layer1.0.relu2,ReLU,activation,activation,41943040,0.0,11.017419815063477,5.060379848487173e-08,4.656612873077393e-10,0.3860524415969849,INT16,Sufficient,0.00034709077354624354,1.0,,,0.00024266038811355614
begin,layer1.0.relu2,ReLU,activation,activation,41943040,0.0,11.017419815063477,5.060379848487173e-08,4.656612873077393e-10,0.3860524415969849,INT8,Marginal,0.03620337733983342,1.0,,,0.06260829084501492
begin,layer1.1.relu1,ReLU,activation,input,41943040,0.0,8.837541580200195,4.909149531329149e-09,9.313225746154785e-10,0.49928860664367675,FP16,Sufficient,8.807765874161047e-05,0.0010072034200875794,0.0,0.0,
begin,layer1.1.relu1,ReLU,activation,input,41943040,0.0,8.837541580200195,4.909149531329149e-09,9.313225746154785e-10,0.49928860664367675,FP8_E4M3,Sufficient,0.012063166992321578,1.0,0.0,0.0007921576393702346,
begin,layer1.1.relu1,ReLU,activation,input,41943040,0.0,8.837541580200195,4.909149531329149e-09,9.313225746154785e-10,0.49928860664367675,FP8_E5M2,Marginal,0.022453119484800426,0.11110263392523165,0.0,0.0,
begin,layer1.1.relu1,ReLU,activation,input,41943040,0.0,8.837541580200195,4.909149531329149e-09,9.313225746154785e-10,0.49928860664367675,INT16,Sufficient,0.00027201094276662843,1.0,,,0.00020035248845847492
begin,layer1.1.relu1,ReLU,activation,input,41943040,0.0,8.837541580200195,4.909149531329149e-09,9.313225746154785e-10,0.49928860664367675,INT8,Marginal,0.03202813595380395,1.0,,,0.05169251960093581
begin,layer1.1.relu1,ReLU,activation,activation,41943040,0.0,8.837541580200195,4.909149531329149e-09,9.313225746154785e-10,0.49928860664367675,FP16,Sufficient,8.807765874161047e-05,0.0010072034200875794,0.0,0.0,
begin,layer1.1.relu1,ReLU,activation,activation,41943040,0.0,8.837541580200195,4.909149531329149e-09,9.313225746154785e-10,0.49928860664367675,FP8_E4M3,Sufficient,0.012063166992321578,1.0,0.0,0.0007921576393702346,
begin,layer1.1.relu1,ReLU,activation,activation,41943040,0.0,8.837541580200195,4.909149531329149e-09,9.313225746154785e-10,0.49928860664367675,FP8_E5M2,Marginal,0.022453119484800426,0.11110263392523165,0.0,0.0,
begin,layer1.1.relu1,ReLU,activation,activation,41943040,0.0,8.837541580200195,4.909149531329149e-09,9.313225746154785e-10,0.49928860664367675,INT16,Sufficient,0.00027201094276662843,1.0,,,0.00020035248845847492
begin,layer1.1.relu1,ReLU,activation,activation,41943040,0.0,8.837541580200195,4.909149531329149e-09,9.313225746154785e-10,0.49928860664367675,INT8,Marginal,0.03202813595380395,1.0,,,0.05169251960093581
begin,layer1.1.relu2,ReLU,activation,input,41943040,0.0,15.358914375305176,1.9947682616816564e-08,9.313225746154785e-10,0.3254840850830078,FP16,Sufficient,0.0001208677400811295,0.0006357279084551812,0.0,0.0,
begin,layer1.1.relu2,ReLU,activation,input,41943040,0.0,15.358914375305176,1.9947682616816564e-08,9.313225746154785e-10,0.3254840850830078,FP8_E4M3,Sufficient,0.016120489602904645,1.0,0.0,0.0004394316683755676,
begin,layer1.1.relu2,ReLU,activation,input,41943040,0.0,15.358914375305176,1.9947682616816564e-08,9.313225746154785e-10,0.3254840850830078,FP8_E5M2,Marginal,0.030761297381510542,0.3019707565162111,0.0,0.0,
begin,layer1.1.relu2,ReLU,activation,input,41943040,0.0,15.358914375305176,1.9947682616816564e-08,9.313225746154785e-10,0.3254840850830078,INT16,Sufficient,0.0002942624112665373,1.0,,,0.00027535849176073263
begin,layer1.1.relu2,ReLU,activation,input,41943040,0.0,15.358914375305176,1.9947682616816564e-08,9.313225746154785e-10,0.3254840850830078,INT8,Marginal,0.03687923795928192,1.0,,,0.07104465905136949
begin,layer1.1.relu2,ReLU,activation,activation,41943040,0.0,15.358914375305176,1.9947682616816564e-08,9.313225746154785e-10,0.3254840850830078,FP16,Sufficient,0.0001208677400811295,0.0006357279084551812,0.0,0.0,
begin,layer1.1.relu2,ReLU,activation,activation,41943040,0.0,15.358914375305176,1.9947682616816564e-08,9.313225746154785e-10,0.3254840850830078,FP8_E4M3,Sufficient,0.016120489602904645,1.0,0.0,0.0004394316683755676,
begin,layer1.1.relu2,ReLU,activation,activation,41943040,0.0,15.358914375305176,1.9947682616816564e-08,9.313225746154785e-10,0.3254840850830078,FP8_E5M2,Marginal,0.030761297381510542,0.3019707565162111,0.0,0.0,
begin,layer1.1.relu2,ReLU,activation,activation,41943040,0.0,15.358914375305176,1.9947682616816564e-08,9.313225746154785e-10,0.3254840850830078,INT16,Sufficient,0.0002942624112665373,1.0,,,0.00027535849176073263
begin,layer1.1.relu2,ReLU,activation,activation,41943040,0.0,15.358914375305176,1.9947682616816564e-08,9.313225746154785e-10,0.3254840850830078,INT8,Marginal,0.03687923795928192,1.0,,,0.07104465905136949
begin,layer2.0.relu1,ReLU,activation,input,20971520,0.0,8.949584007263184,7.490616837912967e-08,5.238689482212067e-10,0.5012819290161132,FP16,Sufficient,8.82255502932007e-05,0.00047997607240944667,0.0,0.0,
begin,layer2.0.relu1,ReLU,activation,input,20971520,0.0,8.949584007263184,7.490616837912967e-08,5.238689482212067e-10,0.5012819290161132,FP8_E4M3,Sufficient,0.012282070086248147,1.0,0.0,0.0008999100089991,
begin,layer2.0.relu1,ReLU,activation,input,20971520,0.0,8.949584007263184,7.490616837912967e-08,5.238689482212067e-10,0.5012819290161132,FP8_E5M2,Marginal,0.022438097922668744,0.11110510652749454,0.0,0.0,
begin,layer2.0.relu1,ReLU,activation,input,20971520,0.0,8.949584007263184,7.490616837912967e-08,5.238689482212067e-10,0.5012819290161132,INT16,Sufficient,0.0001960091390690071,0.28463212335191124,,,0.00019126630089166352
begin,layer2.0.relu1,ReLU,activation,input,20971520,0.0,8.949584007263184,7.490616837912967e-08,5.238689482212067e-10,0.5012819290161132,INT8,Marginal,0.03229515736322896,1.0,,,0.049348211663914475
begin,layer2.0.relu1,ReLU,activation,activation,20971520,0.0,8.949584007263184,7.490616837912967e-08,5.238689482212067e-10,0.5012819290161132,FP16,Sufficient,8.82255502932007e-05,0.00047997607240944667,0.0,0.0,
begin,layer2.0.relu1,ReLU,activation,activation,20971520,0.0,8.949584007263184,7.490616837912967e-08,5.238689482212067e-10,0.5012819290161132,FP8_E4M3,Sufficient,0.012282070086248147,1.0,0.0,0.0008999100089991,
begin,layer2.0.relu1,ReLU,activation,activation,20971520,0.0,8.949584007263184,7.490616837912967e-08,5.238689482212067e-10,0.5012819290161132,FP8_E5M2,Marginal,0.022438097922668744,0.11110510652749454,0.0,0.0,
begin,layer2.0.relu1,ReLU,activation,activation,20971520,0.0,8.949584007263184,7.490616837912967e-08,5.238689482212067e-10,0.5012819290161132,INT16,Sufficient,0.0001960091390690071,0.28463212335191124,,,0.00019126630089166352
begin,layer2.0.relu1,ReLU,activation,activation,20971520,0.0,8.949584007263184,7.490616837912967e-08,5.238689482212067e-10,0.5012819290161132,INT8,Marginal,0.03229515736322896,1.0,,,0.049348211663914475
begin,layer2.0.relu2,ReLU,activation,input,20971520,0.0,15.276965141296387,3.5762786865234375e-07,1.862645149230957e-09,0.5019170761108398,FP16,Sufficient,8.715166132246652e-05,0.00048768532012376936,0.0,0.0,
begin,layer2.0.relu2,ReLU,activation,input,20971520,0.0,15.276965141296387,3.5762786865234375e-07,1.862645149230957e-09,0.5019170761108398,FP8_E4M3,Sufficient,0.011714975471994297,1.0,0.0,0.0006037432078889113,
begin,layer2.0.relu2,ReLU,activation,input,20971520,0.0,15.276965141296387,3.5762786865234375e-07,1.862645149230957e-09,0.5019170761108398,FP8_E5M2,Marginal,0.02251702809686313,0.11109679399200935,0.0,0.0,
begin,layer2.0.relu2,ReLU,activation,input,20971520,0.0,15.276965141296387,3.5762786865234375e-07,1.862645149230957e-09,0.5019170761108398,INT16,Sufficient,0.00026385830096694256,1.0,,,0.00024194025005969588
begin,layer2.0.relu2,ReLU,activation,input,20971520,0.0,15.276965141296387,3.5762786865234375e-07,1.862645149230957e-09,0.5019170761108398,INT8,Marginal,0.027456573134786503,1.0,,,0.06242248955674059
begin,layer2.0.relu2,ReLU,activation,activation,20971520,0.0,15.276965141296387,3.5762786865234375e-07,1.862645149230957e-09,0.5019170761108398,FP16,Sufficient,8.715166132246652e-05,0.00048768532012376936,0.0,0.0,
begin,layer2.0.relu2,ReLU,activation,activation,20971520,0.0,15.276965141296387,3.5762786865234375e-07,1.862645149230957e-09,0.5019170761108398,FP8_E4M3,Sufficient,0.011714975471994297,1.0,0.0,0.0006037432078889113,
begin,layer2.0.relu2,ReLU,activation,activation,20971520,0.0,15.276965141296387,3.5762786865234375e-07,1.862645149230957e-09,0.5019170761108398,FP8_E5M2,Marginal,0.02251702809686313,0.11109679399200935,0.0,0.0,
begin,layer2.0.relu2,ReLU,activation,activation,20971520,0.0,15.276965141296387,3.5762786865234375e-07,1.862645149230957e-09,0.5019170761108398,INT16,Sufficient,0.00026385830096694256,1.0,,,0.00024194025005969588
begin,layer2.0.relu2,ReLU,activation,activation,20971520,0.0,15.276965141296387,3.5762786865234375e-07,1.862645149230957e-09,0.5019170761108398,INT8,Marginal,0.027456573134786503,1.0,,,0.06242248955674059
begin,layer2.1.relu1,ReLU,activation,input,20971520,0.0,10.444146156311035,1.956082371634693e-07,4.656612873077393e-10,0.4998750686645508,FP16,Sufficient,8.69271634536521e-05,0.00048014846053652375,0.0,0.0,
begin,layer2.1.relu1,ReLU,activation,input,20971520,0.0,10.444146156311035,1.956082371634693e-07,4.656612873077393e-10,0.4998750686645508,FP8_E4M3,Sufficient,0.011908534329916592,1.0,0.0,0.000606918875177018,
begin,layer2.1.relu1,ReLU,activation,input,20971520,0.0,10.444146156311035,1.956082371634693e-07,4.656612873077393e-10,0.4998750686645508,FP8_E5M2,Marginal,0.022237687799166836,0.11108603357472405,0.0,0.0,
begin,layer2.1.relu1,ReLU,activation,input,20971520,0.0,10.444146156311035,1.956082371634693e-07,4.656612873077393e-10,0.4998750686645508,INT16,Sufficient,0.0002184059270412527,1.0,,,0.00019546699948854674
begin,layer2.1.relu1,ReLU,activation,input,20971520,0.0,10.444146156311035,1.956082371634693e-07,4.656612873077393e-10,0.4998750686645508,INT8,Marginal,0.030845143752652654,1.0,,,0.05043202497827725
begin,layer2.1.relu1,ReLU,activation,activation,20971520,0.0,10.444146156311035,1.956082371634693e-07,4.656612873077393e-10,0.4998750686645508,FP16,Sufficient,8.69271634536521e-05,0.00048014846053652375,0.0,0.0,
begin,layer2.1.relu1,ReLU,activation,activation,20971520,0.0,10.444146156311035,1.956082371634693e-07,4.656612873077393e-10,0.4998750686645508,FP8_E4M3,Sufficient,0.011908534329916592,1.0,0.0,0.000606918875177018,
begin,layer2.1.relu1,ReLU,activation,activation,20971520,0.0,10.444146156311035,1.956082371634693e-07,4.656612873077393e-10,0.4998750686645508,FP8_E5M2,Marginal,0.022237687799166836,0.11108603357472405,0.0,0.0,
begin,layer2.1.relu1,ReLU,activation,activation,20971520,0.0,10.444146156311035,1.956082371634693e-07,4.656612873077393e-10,0.4998750686645508,INT16,Sufficient,0.0002184059270412527,1.0,,,0.00019546699948854674
begin,layer2.1.relu1,ReLU,activation,activation,20971520,0.0,10.444146156311035,1.956082371634693e-07,4.656612873077393e-10,0.4998750686645508,INT8,Marginal,0.030845143752652654,1.0,,,0.05043202497827725
begin,layer2.1.relu2,ReLU,activation,input,20971520,0.0,19.74709701538086,1.258753172805882e-07,9.313225746154785e-10,0.34974961280822753,FP16,Sufficient,0.00011346067982673632,0.0012588746318458676,0.0,0.0,
begin,layer2.1.relu2,ReLU,activation,input,20971520,0.0,19.74709701538086,1.258753172805882e-07,9.313225746154785e-10,0.34974961280822753,FP8_E4M3,Sufficient,0.015524338658293302,1.0,0.0,0.0010097087378640776,
begin,layer2.1.relu2,ReLU,activation,input,20971520,0.0,19.74709701538086,1.258753172805882e-07,9.313225746154785e-10,0.34974961280822753,FP8_E5M2,Marginal,0.02891830926887626,0.3011589215992237,0.0,0.0,
begin,layer2.1.relu2,ReLU,activation,input,20971520,0.0,19.74709701538086,1.258753172805882e-07,9.313225746154785e-10,0.34974961280822753,INT16,Sufficient,0.0005665327857171827,1.0,,,0.00033210559160078466
begin,layer2.1.relu2,ReLU,activation,input,20971520,0.0,19.74709701538086,1.258753172805882e-07,9.313225746154785e-10,0.34974961280822753,INT8,Marginal,0.043260557520663705,1.0,,,0.0856858576376607
begin,layer2.1.relu2,ReLU,activation,activation,20971520,0.0,19.74709701538086,1.258753172805882e-07,9.313225746154785e-10,0.34974961280822753,FP16,Sufficient,0.00011346067982673632,0.0012588746318458676,0.0,0.0,
begin,layer2.1.relu2,ReLU,activation,activation,20971520,0.0,19.74709701538086,1.258753172805882e-07,9.313225746154785e-10,0.34974961280822753,FP8_E4M3,Sufficient,0.015524338658293302,1.0,0.0,0.0010097087378640776,
begin,layer2.1.relu2,ReLU,activation,activation,20971520,0.0,19.74709701538086,1.258753172805882e-07,9.313225746154785e-10,0.34974961280822753,FP8_E5M2,Marginal,0.02891830926887626,0.3011589215992237,0.0,0.0,
begin,layer2.1.relu2,ReLU,activation,activation,20971520,0.0,19.74709701538086,1.258753172805882e-07,9.313225746154785e-10,0.34974961280822753,INT16,Sufficient,0.0005665327857171827,1.0,,,0.00033210559160078466
begin,layer2.1.relu2,ReLU,activation,activation,20971520,0.0,19.74709701538086,1.258753172805882e-07,9.313225746154785e-10,0.34974961280822753,INT8,Marginal,0.043260557520663705,1.0,,,0.0856858576376607
begin,layer3.0.relu1,ReLU,activation,input,10485760,0.0,10.460602760314941,3.803013441938674e-07,2.3283064365386963e-10,0.5025104522705078,FP16,Sufficient,8.734065666050928e-05,0.00048697157602500016,0.0,0.0,
begin,layer3.0.relu1,ReLU,activation,input,10485760,0.0,10.460602760314941,3.803013441938674e-07,2.3283064365386963e-10,0.5025104522705078,FP8_E4M3,Sufficient,0.012178530681552478,1.0,0.0,0.0008042625917362018,
begin,layer3.0.relu1,ReLU,activation,input,10485760,0.0,10.460602760314941,3.803013441938674e-07,2.3283064365386963e-10,0.5025104522705078,FP8_E5M2,Marginal,0.02219084078990116,0.111105459736499,0.0,0.0,
begin,layer3.0.relu1,ReLU,activation,input,10485760,0.0,10.460602760314941,3.803013441938674e-07,2.3283064365386963e-10,0.5025104522705078,INT16,Sufficient,0.00024117513650464764,0.5751798713896137,,,0.0002263175938044803
begin,layer3.0.relu1,ReLU,activation,input,10485760,0.0,10.460602760314941,3.803013441938674e-07,2.3283064365386963e-10,0.5025104522705078,INT8,Marginal,0.03662033884151565,1.0,,,0.058391721229853595
begin,layer3.0.relu1,ReLU,activation,activation,10485760,0.0,10.460602760314941,3.803013441938674e-07,2.3283064365386963e-10,0.5025104522705078,FP16,Sufficient,8.734065666050928e-05,0.00048697157602500016,0.0,0.0,
begin,layer3.0.relu1,ReLU,activation,activation,10485760,0.0,10.460602760314941,3.803013441938674e-07,2.3283064365386963e-10,0.5025104522705078,FP8_E4M3,Sufficient,0.012178530681552478,1.0,0.0,0.0008042625917362018,
begin,layer3.0.relu1,ReLU,activation,activation,10485760,0.0,10.460602760314941,3.803013441938674e-07,2.3283064365386963e-10,0.5025104522705078,FP8_E5M2,Marginal,0.02219084078990116,0.111105459736499,0.0,0.0,
begin,layer3.0.relu1,ReLU,activation,activation,10485760,0.0,10.460602760314941,3.803013441938674e-07,2.3283064365386963e-10,0.5025104522705078,INT16,Sufficient,0.00024117513650464764,0.5751798713896137,,,0.0002263175938044803
begin,layer3.0.relu1,ReLU,activation,activation,10485760,0.0,10.460602760314941,3.803013441938674e-07,2.3283064365386963e-10,0.5025104522705078,INT8,Marginal,0.03662033884151565,1.0,,,0.058391721229853595
begin,layer3.0.relu2,ReLU,activation,input,10485760,0.0,15.004964828491211,4.172325134277344e-07,2.7939677238464355e-09,0.5000819206237793,FP16,Sufficient,8.823556583671544e-05,0.00048460602194422227,0.0,0.0,
begin,layer3.0.relu2,ReLU,activation,input,10485760,0.0,15.004964828491211,4.172325134277344e-07,2.7939677238464355e-09,0.5000819206237793,FP8_E4M3,Sufficient,0.011991203203147447,1.0,0.0,0.0001987281399046105,
begin,layer3.0.relu2,ReLU,activation,input,10485760,0.0,15.004964828491211,4.172325134277344e-07,2.7939677238464355e-09,0.5000819206237793,FP8_E5M2,Marginal,0.022750248921952675,0.11110357584275854,0.0,0.0,
begin,layer3.0.relu2,ReLU,activation,input,10485760,0.0,15.004964828491211,4.172325134277344e-07,2.7939677238464355e-09,0.5000819206237793,INT16,Sufficient,0.00016014308658258248,0.12750846601155727,,,0.0002622329330525829
begin,layer3.0.relu2,ReLU,activation,input,10485760,0.0,15.004964828491211,4.172325134277344e-07,2.7939677238464355e-09,0.5000819206237793,INT8,Marginal,0.030478852337540992,1.0,,,0.0676581615538109
begin,layer3.0.relu2,ReLU,activation,activation,10485760,0.0,15.004964828491211,4.172325134277344e-07,2.7939677238464355e-09,0.5000819206237793,FP16,Sufficient,8.823556583671544e-05,0.00048460602194422227,0.0,0.0,
begin,layer3.0.relu2,ReLU,activation,activation,10485760,0.0,15.004964828491211,4.172325134277344e-07,2.7939677238464355e-09,0.5000819206237793,FP8_E4M3,Sufficient,0.011991203203147447,1.0,0.0,0.0001987281399046105,
begin,layer3.0.relu2,ReLU,activation,activation,10485760,0.0,15.004964828491211,4.172325134277344e-07,2.7939677238464355e-09,0.5000819206237793,FP8_E5M2,Marginal,0.022750248921952675,0.11110357584275854,0.0,0.0,
begin,layer3.0.relu2,ReLU,activation,activation,10485760,0.0,15.004964828491211,4.172325134277344e-07,2.7939677238464355e-09,0.5000819206237793,INT16,Sufficient,0.00016014308658258248,0.12750846601155727,,,0.0002622329330525829
begin,layer3.0.relu2,ReLU,activation,activation,10485760,0.0,15.004964828491211,4.172325134277344e-07,2.7939677238464355e-09,0.5000819206237793,INT8,Marginal,0.030478852337540992,1.0,,,0.0676581615538109
begin,layer3.1.relu1,ReLU,activation,input,10485760,0.0,11.580223083496094,1.758411940500082e-07,9.313225746154785e-10,0.49759836196899415,FP16,Sufficient,9.116583977517148e-05,0.0039100760521225105,0.0,0.0,
begin,layer3.1.relu1,ReLU,activation,input,10485760,0.0,11.580223083496094,1.758411940500082e-07,9.313225746154785e-10,0.49759836196899415,FP8_E4M3,Sufficient,0.012571862802389387,1.0,0.0,0.0011723329425556857,
begin,layer3.1.relu1,ReLU,activation,input,10485760,0.0,11.580223083496094,1.758411940500082e-07,9.313225746154785e-10,0.49759836196899415,FP8_E5M2,Marginal,0.022706555786197687,1.0,0.0,9.769441187964049e-05,
begin,layer3.1.relu1,ReLU,activation,input,10485760,0.0,11.580223083496094,1.758411940500082e-07,9.313225746154785e-10,0.49759836196899415,INT16,Sufficient,0.0003037943427599507,1.0,,,0.0002076252337672376
begin,layer3.1.relu1,ReLU,activation,input,10485760,0.0,11.580223083496094,1.758411940500082e-07,9.313225746154785e-10,0.49759836196899415,INT8,Marginal,0.03603283596389469,1.0,,,0.05356894515630767
begin,layer3.1.relu1,ReLU,activation,activation,10485760,0.0,11.580223083496094,1.758411940500082e-07,9.313225746154785e-10,0.49759836196899415,FP16,Sufficient,9.116583977517148e-05,0.0039100760521225105,0.0,0.0,
begin,layer3.1.relu1,ReLU,activation,activation,10485760,0.0,11.580223083496094,1.758411940500082e-07,9.313225746154785e-10,0.49759836196899415,FP8_E4M3,Sufficient,0.012571862802389387,1.0,0.0,0.0011723329425556857,
begin,layer3.1.relu1,ReLU,activation,activation,10485760,0.0,11.580223083496094,1.758411940500082e-07,9.313225746154785e-10,0.49759836196899415,FP8_E5M2,Marginal,0.022706555786197687,1.0,0.0,9.769441187964049e-05,
begin,layer3.1.relu1,ReLU,activation,activation,10485760,0.0,11.580223083496094,1.758411940500082e-07,9.313225746154785e-10,0.49759836196899415,INT16,Sufficient,0.0003037943427599507,1.0,,,0.0002076252337672376
begin,layer3.1.relu1,ReLU,activation,activation,10485760,0.0,11.580223083496094,1.758411940500082e-07,9.313225746154785e-10,0.49759836196899415,INT8,Marginal,0.03603283596389469,1.0,,,0.05356894515630767
begin,layer3.1.relu2,ReLU,activation,input,10485760,0.0,20.907136917114258,1.7881393432617188e-07,9.313225746154785e-10,0.351347827911377,FP16,Sufficient,0.00011522674178504395,0.0004840212628528947,0.0,0.0,
begin,layer3.1.relu2,ReLU,activation,input,10485760,0.0,20.907136917114258,1.7881393432617188e-07,9.313225746154785e-10,0.351347827911377,FP8_E4M3,Sufficient,0.015919366159008286,1.0,0.0,0.0010737843227488879,
begin,layer3.1.relu2,ReLU,activation,input,10485760,0.0,20.907136917114258,1.7881393432617188e-07,9.313225746154785e-10,0.351347827911377,FP8_E5M2,Marginal,0.029358268453944767,0.1641909279072756,0.0,0.0,
begin,layer3.1.relu2,ReLU,activation,input,10485760,0.0,20.907136917114258,1.7881393432617188e-07,9.313225746154785e-10,0.351347827911377,INT16,Sufficient,0.00039513204854504854,1.0,,,0.00031155035494084533
begin,layer3.1.relu2,ReLU,activation,input,10485760,0.0,20.907136917114258,1.7881393432617188e-07,9.313225746154785e-10,0.351347827911377,INT8,Marginal,0.042868639527170356,1.0,,,0.08038244472713921
begin,layer3.1.relu2,ReLU,activation,activation,10485760,0.0,20.907136917114258,1.7881393432617188e-07,9.313225746154785e-10,0.351347827911377,FP16,Sufficient,0.00011522674178504395,0.0004840212628528947,0.0,0.0,
begin,layer3.1.relu2,ReLU,activation,activation,10485760,0.0,20.907136917114258,1.7881393432617188e-07,9.313225746154785e-10,0.351347827911377,FP8_E4M3,Sufficient,0.015919366159008286,1.0,0.0,0.0010737843227488879,
begin,layer3.1.relu2,ReLU,activation,activation,10485760,0.0,20.907136917114258,1.7881393432617188e-07,9.313225746154785e-10,0.351347827911377,FP8_E5M2,Marginal,0.029358268453944767,0.1641909279072756,0.0,0.0,
begin,layer3.1.relu2,ReLU,activation,activation,10485760,0.0,20.907136917114258,1.7881393432617188e-07,9.313225746154785e-10,0.351347827911377,INT16,Sufficient,0.00039513204854504854,1.0,,,0.00031155035494084533
begin,layer3.1.relu2,ReLU,activation,activation,10485760,0.0,20.907136917114258,1.7881393432617188e-07,9.313225746154785e-10,0.351347827911377,INT8,Marginal,0.042868639527170356,1.0,,,0.08038244472713921
begin,layer4.0.relu1,ReLU,activation,input,5242880,0.0,10.463813781738281,6.453651053561771e-07,2.3283064365386963e-10,0.49817771911621095,FP16,Sufficient,8.849827487179474e-05,0.0004847088176056908,0.0,0.0,
begin,layer4.0.relu1,ReLU,activation,input,5242880,0.0,10.463813781738281,6.453651053561771e-07,2.3283064365386963e-10,0.49817771911621095,FP8_E4M3,Sufficient,0.012367172246590607,1.0,0.0,0.0011961722488038277,
begin,layer4.0.relu1,ReLU,activation,input,5242880,0.0,10.463813781738281,6.453651053561771e-07,2.3283064365386963e-10,0.49817771911621095,FP8_E5M2,Marginal,0.022747076365071454,0.11105577720903945,0.0,0.0,
begin,layer4.0.relu1,ReLU,activation,input,5242880,0.0,10.463813781738281,6.453651053561771e-07,2.3283064365386963e-10,0.49817771911621095,INT16,Sufficient,0.0002694216999368082,1.0,,,0.0002289911678131548
begin,layer4.0.relu1,ReLU,activation,input,5242880,0.0,10.463813781738281,6.453651053561771e-07,2.3283064365386963e-10,0.49817771911621095,INT8,Marginal,0.035136156752577315,1.0,,,0.059081524375855454
begin,layer4.0.relu1,ReLU,activation,activation,5242880,0.0,10.463813781738281,6.453651053561771e-07,2.3283064365386963e-10,0.49817771911621095,FP16,Sufficient,8.849827487179474e-05,0.0004847088176056908,0.0,0.0,
begin,layer4.0.relu1,ReLU,activation,activation,5242880,0.0,10.463813781738281,6.453651053561771e-07,2.3283064365386963e-10,0.49817771911621095,FP8_E4M3,Sufficient,0.012367172246590607,1.0,0.0,0.0011961722488038277,
begin,layer4.0.relu1,ReLU,activation,activation,5242880,0.0,10.463813781738281,6.453651053561771e-07,2.3283064365386963e-10,0.49817771911621095,FP8_E5M2,Marginal,0.022747076365071454,0.11105577720903945,0.0,0.0,
begin,layer4.0.relu1,ReLU,activation,activation,5242880,0.0,10.463813781738281,6.453651053561771e-07,2.3283064365386963e-10,0.49817771911621095,INT16,Sufficient,0.0002694216999368082,1.0,,,0.0002289911678131548
begin,layer4.0.relu1,ReLU,activation,activation,5242880,0.0,10.463813781738281,6.453651053561771e-07,2.3283064365386963e-10,0.49817771911621095,INT8,Marginal,0.035136156752577315,1.0,,,0.059081524375855454
begin,layer4.0.relu2,ReLU,activation,input,5242880,0.0,16.34659194946289,2.384185791015625e-07,7.450580596923828e-09,0.49575004577636717,FP16,Sufficient,8.930191271061166e-05,0.00048178403956605656,0.0,0.0,
begin,layer4.0.relu2,ReLU,activation,input,5242880,0.0,16.34659194946289,2.384185791015625e-07,7.450580596923828e-09,0.49575004577636717,FP8_E4M3,Sufficient,0.012028594079112654,1.0,0.0,0.0007888768366038852,
begin,layer4.0.relu2,ReLU,activation,input,5242880,0.0,16.34659194946289,2.384185791015625e-07,7.450580596923828e-09,0.49575004577636717,FP8_E5M2,Marginal,0.022818804276112287,0.11110922731318612,0.0,0.0,
begin,layer4.0.relu2,ReLU,activation,input,5242880,0.0,16.34659194946289,2.384185791015625e-07,7.450580596923828e-09,0.49575004577636717,INT16,Sufficient,0.0002544293733720439,1.0,,,0.00023308048265171751
begin,layer4.0.relu2,ReLU,activation,input,5242880,0.0,16.34659194946289,2.384185791015625e-07,7.450580596923828e-09,0.49575004577636717,INT8,Marginal,0.02861759056120232,1.0,,,0.06013659980353408
begin,layer4.0.relu2,ReLU,activation,activation,5242880,0.0,16.34659194946289,2.384185791015625e-07,7.450580596923828e-09,0.49575004577636717,FP16,Sufficient,8.930191271061166e-05,0.00048178403956605656,0.0,0.0,
begin,layer4.0.relu2,ReLU,activation,activation,5242880,0.0,16.34659194946289,2.384185791015625e-07,7.450580596923828e-09,0.49575004577636717,FP8_E4M3,Sufficient,0.012028594079112654,1.0,0.0,0.0007888768366038852,
begin,layer4.0.relu2,ReLU,activation,activation,5242880,0.0,16.34659194946289,2.384185791015625e-07,7.450580596923828e-09,0.49575004577636717,FP8_E5M2,Marginal,0.022818804276112287,0.11110922731318612,0.0,0.0,
begin,layer4.0.relu2,ReLU,activation,activation,5242880,0.0,16.34659194946289,2.384185791015625e-07,7.450580596923828e-09,0.49575004577636717,INT16,Sufficient,0.0002544293733720439,1.0,,,0.00023308048265171751
begin,layer4.0.relu2,ReLU,activation,activation,5242880,0.0,16.34659194946289,2.384185791015625e-07,7.450580596923828e-09,0.49575004577636717,INT8,Marginal,0.02861759056120232,1.0,,,0.06013659980353408
begin,layer4.1.relu1,ReLU,activation,input,5242880,0.0,10.837824821472168,4.656729402086057e-07,1.1641532182693481e-10,0.49902496337890623,FP16,Sufficient,8.868191346595145e-05,0.00048400745831993154,0.0,0.0,
begin,layer4.1.relu1,ReLU,activation,input,5242880,0.0,10.837824821472168,4.656729402086057e-07,1.1641532182693481e-10,0.49902496337890623,FP8_E4M3,Sufficient,0.011906853678731818,1.0,0.0,0.0003951397806974217,
begin,layer4.1.relu1,ReLU,activation,input,5242880,0.0,10.837824821472168,4.656729402086057e-07,1.1641532182693481e-10,0.49902496337890623,FP8_E5M2,Marginal,0.02264244598224365,0.11110329326771007,0.0,0.0,
begin,layer4.1.relu1,ReLU,activation,input,5242880,0.0,10.837824821472168,4.656729402086057e-07,1.1641532182693481e-10,0.49902496337890623,INT16,Sufficient,0.0002463803497387175,0.8795625254852615,,,0.0002496550669402196
begin,layer4.1.relu1,ReLU,activation,input,5242880,0.0,10.837824821472168,4.656729402086057e-07,1.1641532182693481e-10,0.49902496337890623,INT8,Marginal,0.03849123379753959,1.0,,,0.06441297305850532
begin,layer4.1.relu1,ReLU,activation,activation,5242880,0.0,10.837824821472168,4.656729402086057e-07,1.1641532182693481e-10,0.49902496337890623,FP16,Sufficient,8.868191346595145e-05,0.00048400745831993154,0.0,0.0,
begin,layer4.1.relu1,ReLU,activation,activation,5242880,0.0,10.837824821472168,4.656729402086057e-07,1.1641532182693481e-10,0.49902496337890623,FP8_E4M3,Sufficient,0.011906853678731818,1.0,0.0,0.0003951397806974217,
begin,layer4.1.relu1,ReLU,activation,activation,5242880,0.0,10.837824821472168,4.656729402086057e-07,1.1641532182693481e-10,0.49902496337890623,FP8_E5M2,Marginal,0.02264244598224365,0.11110329326771007,0.0,0.0,
begin,layer4.1.relu1,ReLU,activation,activation,5242880,0.0,10.837824821472168,4.656729402086057e-07,1.1641532182693481e-10,0.49902496337890623,INT16,Sufficient,0.0002463803497387175,0.8795625254852615,,,0.0002496550669402196
begin,layer4.1.relu1,ReLU,activation,activation,5242880,0.0,10.837824821472168,4.656729402086057e-07,1.1641532182693481e-10,0.49902496337890623,INT8,Marginal,0.03849123379753959,1.0,,,0.06441297305850532
begin,layer4.1.relu2,ReLU,activation,input,5242880,0.0,24.34416389465332,2.8000633278679743e-07,9.313225746154785e-10,0.34849205017089846,FP16,Sufficient,0.00011468928048001241,0.0004818958036286423,0.0,0.0,
begin,layer4.1.relu2,ReLU,activation,input,5242880,0.0,24.34416389465332,2.8000633278679743e-07,9.313225746154785e-10,0.34849205017089846,FP8_E4M3,Sufficient,0.015358194747063129,1.0,0.0,0.0005383373067753595,
begin,layer4.1.relu2,ReLU,activation,input,5242880,0.0,24.34416389465332,2.8000633278679743e-07,9.313225746154785e-10,0.34849205017089846,FP8_E5M2,Marginal,0.029003517210632452,0.11109622883310907,0.0,0.0,
begin,layer4.1.relu2,ReLU,activation,input,5242880,0.0,24.34416389465332,2.8000633278679743e-07,9.313225746154785e-10,0.34849205017089846,INT16,Sufficient,0.00036902241430101607,1.0,,,0.00032473636414965656
begin,layer4.1.relu2,ReLU,activation,input,5242880,0.0,24.34416389465332,2.8000633278679743e-07,9.313225746154785e-10,0.34849205017089846,INT8,Marginal,0.04286532413350663,1.0,,,0.08378453892985667
begin,layer4.1.relu2,ReLU,activation,activation,5242880,0.0,24.34416389465332,2.8000633278679743e-07,9.313225746154785e-10,0.34849205017089846,FP16,Sufficient,0.00011468928048001241,0.0004818958036286423,0.0,0.0,
begin,layer4.1.relu2,ReLU,activation,activation,5242880,0.0,24.34416389465332,2.8000633278679743e-07,9.313225746154785e-10,0.34849205017089846,FP8_E4M3,Sufficient,0.015358194747063129,1.0,0.0,0.0005383373067753595,
begin,layer4.1.relu2,ReLU,activation,activation,5242880,0.0,24.34416389465332,2.8000633278679743e-07,9.313225746154785e-10,0.34849205017089846,FP8_E5M2,Marginal,0.029003517210632452,0.11109622883310907,0.0,0.0,
begin,layer4.1.relu2,ReLU,activation,activation,5242880,0.0,24.34416389465332,2.8000633278679743e-07,9.313225746154785e-10,0.34849205017089846,INT16,Sufficient,0.00036902241430101607,1.0,,,0.00032473636414965656
begin,layer4.1.relu2,ReLU,activation,activation,5242880,0.0,24.34416389465332,2.8000633278679743e-07,9.313225746154785e-10,0.34849205017089846,INT8,Marginal,0.04286532413350663,1.0,,,0.08378453892985667
begin,avgpool,AdaptiveAvgPool2d,pooling,input,5242880,0.0,24.34416389465332,2.8000633278679743e-07,9.313225746154785e-10,0.34849205017089846,FP16,Sufficient,0.00011468928048001241,0.0004818958036286423,0.0,0.0,
begin,avgpool,AdaptiveAvgPool2d,pooling,input,5242880,0.0,24.34416389465332,2.8000633278679743e-07,9.313225746154785e-10,0.34849205017089846,FP8_E4M3,Sufficient,0.015358194747063129,1.0,0.0,0.0005383373067753595,
begin,avgpool,AdaptiveAvgPool2d,pooling,input,5242880,0.0,24.34416389465332,2.8000633278679743e-07,9.313225746154785e-10,0.34849205017089846,FP8_E5M2,Marginal,0.029003517210632452,0.11109622883310907,0.0,0.0,
begin,avgpool,AdaptiveAvgPool2d,pooling,input,5242880,0.0,24.34416389465332,2.8000633278679743e-07,9.313225746154785e-10,0.34849205017089846,INT16,Sufficient,0.00036902241430101607,1.0,,,0.00032473636414965656
begin,avgpool,AdaptiveAvgPool2d,pooling,input,5242880,0.0,24.34416389465332,2.8000633278679743e-07,9.313225746154785e-10,0.34849205017089846,INT8,Marginal,0.04286532413350663,1.0,,,0.08378453892985667
begin,avgpool,AdaptiveAvgPool2d,pooling,activation,327680,0.0,8.33338451385498,0.0005297651514410973,1.4901161193847656e-08,3.662109375e-05,FP16,Sufficient,0.00017644932588160004,0.00048330695677719547,0.0,0.0,
begin,avgpool,AdaptiveAvgPool2d,pooling,activation,327680,0.0,8.33338451385498,0.0005297651514410973,1.4901161193847656e-08,3.662109375e-05,FP8_E4M3,Marginal,0.02244494590214873,0.05881343178000716,0.0,0.0,
begin,avgpool,AdaptiveAvgPool2d,pooling,activation,327680,0.0,8.33338451385498,0.0005297651514410973,1.4901161193847656e-08,3.662109375e-05,FP8_E5M2,Marginal,0.044211027733441655,0.11109486356404921,0.0,0.0,
begin,avgpool,AdaptiveAvgPool2d,pooling,activation,327680,0.0,8.33338451385498,0.0005297651514410973,1.4901161193847656e-08,3.662109375e-05,INT16,Sufficient,7.928010916516016e-05,0.002484163128585806,,,0.00019345263280521311
begin,avgpool,AdaptiveAvgPool2d,pooling,activation,327680,0.0,8.33338451385498,0.0005297651514410973,1.4901161193847656e-08,3.662109375e-05,INT8,Marginal,0.02028534961308273,1.0,,,0.049912302512822186
