stage,layer,layer_type,layer_category,tensor_type,count,min,max,min_abs_nonzero,empirical_min_spacing,frac_zero,format,verdict,mean_rel_error,max_rel_error,frac_overflow,frac_underflow_of_nonzero,scale
end,conv1,Conv2d,conv,weight,1728,-0.4184210002422333,0.5127167701721191,0.0001424413057975471,1.4528632164001465e-07,0.0,FP16,Sufficient,0.0001783132462866021,0.00046597821745365147,0.0,0.0,
end,conv1,Conv2d,conv,weight,1728,-0.4184210002422333,0.5127167701721191,0.0001424413057975471,1.4528632164001465e-07,0.0,FP8_E4M3,Marginal,0.033009987197339455,1.0,0.0,0.004629629629629629,
end,conv1,Conv2d,conv,weight,1728,-0.4184210002422333,0.5127167701721191,0.0001424413057975471,1.4528632164001465e-07,0.0,FP8_E5M2,Marginal,0.04599872256281084,0.1109104410001257,0.0,0.0,
end,conv1,Conv2d,conv,weight,1728,-0.4184210002422333,0.5127167701721191,0.0001424413057975471,1.4528632164001465e-07,0.0,INT16,Sufficient,0.0001789863633219403,0.04973820911603298,,,1.5647351609000492e-05
end,conv1,Conv2d,conv,weight,1728,-0.4184210002422333,0.5127167701721191,0.0001424413057975471,1.4528632164001465e-07,0.0,INT8,Marginal,0.0386760406575612,1.0,,,0.004037139922615111
end,conv1,Conv2d,conv,input,1966080,-1.9894737005233765,2.12648868560791,0.0006281130481511354,5.5283308029174805e-06,0.0,FP16,Sufficient,0.00016851225053719177,0.0004725976472912634,0.0,0.0,
end,conv1,Conv2d,conv,input,1966080,-1.9894737005233765,2.12648868560791,0.0006281130481511354,5.5283308029174805e-06,0.0,FP8_E4M3,Marginal,0.02434137827757667,1.0,0.0,0.0019,
end,conv1,Conv2d,conv,input,1966080,-1.9894737005233765,2.12648868560791,0.0006281130481511354,5.5283308029174805e-06,0.0,FP8_E5M2,Marginal,0.039627521154092064,0.11003156559107093,0.0,0.0,
end,conv1,Conv2d,conv,input,1966080,-1.9894737005233765,2.12648868560791,0.0006281130481511354,5.5283308029174805e-06,0.0,INT16,Sufficient,0.0001156418303709469,0.03320994991828842,,,6.489726510232582e-05
end,conv1,Conv2d,conv,input,1966080,-1.9894737005233765,2.12648868560791,0.0006281130481511354,5.5283308029174805e-06,0.0,INT8,Sufficient,0.017501713636636412,1.0,,,0.016744005398487482
end,conv1,Conv2d,conv,activation,41943040,-6.330824851989746,6.285386085510254,4.776204320933175e-09,2.3283064365386963e-10,0.0,FP16,Sufficient,0.00017719756102566086,0.004873623029752675,0.0,0.0,
end,conv1,Conv2d,conv,activation,41943040,-6.330824851989746,6.285386085510254,4.776204320933175e-09,2.3283064365386963e-10,0.0,FP8_E4M3,Marginal,0.02675208691480493,1.0,0.0,0.0021,
end,conv1,Conv2d,conv,activation,41943040,-6.330824851989746,6.285386085510254,4.776204320933175e-09,2.3283064365386963e-10,0.0,FP8_E5M2,Marginal,0.04489573267781833,1.0,0.0,0.0001,
end,conv1,Conv2d,conv,activation,41943040,-6.330824851989746,6.285386085510254,4.776204320933175e-09,2.3283064365386963e-10,0.0,INT16,Sufficient,0.0010802181727880605,1.0,,,0.0001875947406324195
end,conv1,Conv2d,conv,activation,41943040,-6.330824851989746,6.285386085510254,4.776204320933175e-09,2.3283064365386963e-10,0.0,INT8,Not sufficient,0.12031940520965206,1.0,,,0.04840092020710622
end,conv1,Conv2d,conv,weight_gradient,8640,-0.06943349540233612,0.08086073398590088,3.0358569347299635e-07,1.3096723705530167e-10,0.0,FP16,Sufficient,0.0001858761177673806,0.02512122634131081,0.0,0.0,
end,conv1,Conv2d,conv,weight_gradient,8640,-0.06943349540233612,0.08086073398590088,3.0358569347299635e-07,1.3096723705530167e-10,0.0,FP8_E4M3,Not sufficient,0.2352290753612323,1.0,0.0,0.1259259259259259,
end,conv1,Conv2d,conv,weight_gradient,8640,-0.06943349540233612,0.08086073398590088,3.0358569347299635e-07,1.3096723705530167e-10,0.0,FP8_E5M2,Marginal,0.046107039964725836,1.0,0.0,0.0006944444444444445,
end,conv1,Conv2d,conv,weight_gradient,8640,-0.06943349540233612,0.08086073398590088,3.0358569347299635e-07,1.3096723705530167e-10,0.0,INT16,Sufficient,0.00085914286678273,1.0,,,2.4677490763848044e-06
end,conv1,Conv2d,conv,weight_gradient,8640,-0.06943349540233612,0.08086073398590088,3.0358569347299635e-07,1.3096723705530167e-10,0.0,INT8,Not sufficient,0.10148325799575486,1.0,,,0.0006366986928023692
end,conv1,Conv2d,conv,weight_update,8640,-0.00022605061531066895,0.00023249536752700806,7.450580596923828e-09,1.1641532182693481e-10,0.00011574074074074075,FP16,Sufficient,0.003822670826124327,1.0,0.0,0.0013890496585252923,
end,conv1,Conv2d,conv,weight_update,8640,-0.00022605061531066895,0.00023249536752700806,7.450580596923828e-09,1.1641532182693481e-10,0.00011574074074074075,FP8_E4M3,Not sufficient,0.9998842592592593,1.0,0.0,1.0,
end,conv1,Conv2d,conv,weight_update,8640,-0.00022605061531066895,0.00023249536752700806,7.450580596923828e-09,1.1641532182693481e-10,0.00011574074074074075,FP8_E5M2,Not sufficient,0.3299289868028971,1.0,0.0,0.19539298529922444,
end,conv1,Conv2d,conv,weight_update,8640,-0.00022605061531066895,0.00023249536752700806,7.450580596923828e-09,1.1641532182693481e-10,0.00011574074074074075,INT16,Sufficient,0.000402239456549256,0.0883772436554199,,,7.0954120769984455e-09
end,conv1,Conv2d,conv,weight_update,8640,-0.00022605061531066895,0.00023249536752700806,7.450580596923828e-09,1.1641532182693481e-10,0.00011574074074074075,INT8,Marginal,0.06432615886840988,1.0,,,1.830672185252032e-06
end,bn1,BatchNorm2d,batchnorm,weight,64,0.43794679641723633,0.8218967318534851,0.43794679641723633,7.748603820800781e-07,0.0,FP16,Sufficient,0.00017307076759288064,0.0004328763565979175,0.0,0.0,
end,bn1,BatchNorm2d,batchnorm,weight,64,0.43794679641723633,0.8218967318534851,0.43794679641723633,7.748603820800781e-07,0.0,FP8_E4M3,Marginal,0.023143264496684773,0.057066948993733775,0.0,0.0,
end,bn1,BatchNorm2d,batchnorm,weight,64,0.43794679641723633,0.8218967318534851,0.43794679641723633,7.748603820800781e-07,0.0,FP8_E5M2,Marginal,0.05200069729722065,0.11077510240503696,0.0,0.0,
end,bn1,BatchNorm2d,batchnorm,weight,64,0.43794679641723633,0.8218967318534851,0.43794679641723633,7.748603820800781e-07,0.0,INT16,Sufficient,9.342386972539692e-06,2.70515357545756e-05,,,2.508306319936171e-05
end,bn1,BatchNorm2d,batchnorm,weight,64,0.43794679641723633,0.8218967318534851,0.43794679641723633,7.748603820800781e-07,0.0,INT8,Sufficient,0.0026189869444797403,0.005811676085815972,,,0.006471627809869962
end,bn1,BatchNorm2d,batchnorm,bias,64,-0.26696717739105225,0.28559163212776184,0.0012592573184520006,5.0514936447143555e-05,0.0,FP16,Sufficient,0.0001923490516710243,0.000455015733542072,0.0,0.0,
end,bn1,BatchNorm2d,batchnorm,bias,64,-0.26696717739105225,0.28559163212776184,0.0012592573184520006,5.0514936447143555e-05,0.0,FP8_E4M3,Marginal,0.03739039072660985,0.5510134198790823,0.0,0.0,
end,bn1,BatchNorm2d,batchnorm,bias,64,-0.26696717739105225,0.28559163212776184,0.0012592573184520006,5.0514936447143555e-05,0.0,FP8_E5M2,Marginal,0.04671290761637934,0.1099234679350103,0.0,0.0,
end,bn1,BatchNorm2d,batchnorm,bias,64,-0.26696717739105225,0.28559163212776184,0.0012592573184520006,5.0514936447143555e-05,0.0,INT16,Sufficient,0.00013503142772702492,0.003317562086345666,,,8.715830931356604e-06
end,bn1,BatchNorm2d,batchnorm,bias,64,-0.26696717739105225,0.28559163212776184,0.0012592573184520006,5.0514936447143555e-05,0.0,INT8,Marginal,0.03170973788930603,0.78577720052038,,,0.0022487530088800144
end,bn1,BatchNorm2d,batchnorm,input,41943040,-6.330824851989746,6.285386085510254,4.776204320933175e-09,2.3283064365386963e-10,0.0,FP16,Sufficient,0.00017719756102566086,0.004873623029752675,0.0,0.0,
end,bn1,BatchNorm2d,batchnorm,input,41943040,-6.330824851989746,6.285386085510254,4.776204320933175e-09,2.3283064365386963e-10,0.0,FP8_E4M3,Marginal,0.02675208691480493,1.0,0.0,0.0021,
end,bn1,BatchNorm2d,batchnorm,input,41943040,-6.330824851989746,6.285386085510254,4.776204320933175e-09,2.3283064365386963e-10,0.0,FP8_E5M2,Marginal,0.04489573267781833,1.0,0.0,0.0001,
end,bn1,BatchNorm2d,batchnorm,input,41943040,-6.330824851989746,6.285386085510254,4.776204320933175e-09,2.3283064365386963e-10,0.0,INT16,Sufficient,0.0010802181727880605,1.0,,,0.0001875947406324195
end,bn1,BatchNorm2d,batchnorm,input,41943040,-6.330824851989746,6.285386085510254,4.776204320933175e-09,2.3283064365386963e-10,0.0,INT8,Not sufficient,0.12031940520965206,1.0,,,0.04840092020710622
end,bn1,BatchNorm2d,batchnorm,activation,41943040,-7.591340065002441,7.349648952484131,1.7158084730795053e-08,3.4924596548080444e-10,0.0,FP16,Sufficient,0.00017476074154578857,0.00048614302299223645,0.0,0.0,
end,bn1,BatchNorm2d,batchnorm,activation,41943040,-7.591340065002441,7.349648952484131,1.7158084730795053e-08,3.4924596548080444e-10,0.0,FP8_E4M3,Marginal,0.02629710662855382,1.0,0.0,0.00195,
end,bn1,BatchNorm2d,batchnorm,activation,41943040,-7.591340065002441,7.349648952484131,1.7158084730795053e-08,3.4924596548080444e-10,0.0,FP8_E5M2,Marginal,0.044524202908678784,0.11109886623516195,0.0,0.0,
end,bn1,BatchNorm2d,batchnorm,activation,41943040,-7.591340065002441,7.349648952484131,1.7158084730795053e-08,3.4924596548080444e-10,0.0,INT16,Sufficient,0.0007033480486687762,1.0,,,0.0001565850890289967
end,bn1,BatchNorm2d,batchnorm,activation,41943040,-7.591340065002441,7.349648952484131,1.7158084730795053e-08,3.4924596548080444e-10,0.0,INT8,Marginal,0.09179562935570862,1.0,,,0.04040018592293807
end,bn1,BatchNorm2d,batchnorm,weight_gradient,320,-0.024325551465153694,0.03272533789277077,1.1012654795194976e-05,3.725290298461914e-08,0.0,FP16,Sufficient,0.0001786243704064388,0.0012898332433417664,0.0,0.0,
end,bn1,BatchNorm2d,batchnorm,weight_gradient,320,-0.024325551465153694,0.03272533789277077,1.1012654795194976e-05,3.725290298461914e-08,0.0,FP8_E4M3,Not sufficient,0.25156618543992515,1.0,0.0,0.121875,
end,bn1,BatchNorm2d,batchnorm,weight_gradient,320,-0.024325551465153694,0.03272533789277077,1.1012654795194976e-05,3.725290298461914e-08,0.0,FP8_E5M2,Marginal,0.04556059948364944,0.3855686341097054,0.0,0.0,
end,bn1,BatchNorm2d,batchnorm,weight_gradient,320,-0.024325551465153694,0.03272533789277077,1.1012654795194976e-05,3.725290298461914e-08,0.0,INT16,Sufficient,0.00022939586381124808,0.017918763213711476,,,9.987285345857347e-07
end,bn1,BatchNorm2d,batchnorm,weight_gradient,320,-0.024325551465153694,0.03272533789277077,1.1012654795194976e-05,3.725290298461914e-08,0.0,INT8,Marginal,0.05218907658208325,1.0,,,0.0002576798259273289
end,bn1,BatchNorm2d,batchnorm,weight_update,320,-8.64267349243164e-05,0.0001448988914489746,2.980232238769531e-07,2.9802322387695312e-08,0.0,FP16,Sufficient,0.00031202997762492916,0.05263157894736842,0.0,0.0,
end,bn1,BatchNorm2d,batchnorm,weight_update,320,-8.64267349243164e-05,0.0001448988914489746,2.980232238769531e-07,2.9802322387695312e-08,0.0,FP8_E4M3,Not sufficient,1.0,1.0,0.0,1.0,
end,bn1,BatchNorm2d,batchnorm,weight_update,320,-8.64267349243164e-05,0.0001448988914489746,2.980232238769531e-07,2.9802322387695312e-08,0.0,FP8_E5M2,Not sufficient,0.33458194000804375,1.0,0.0,0.196875,
end,bn1,BatchNorm2d,batchnorm,weight_update,320,-8.64267349243164e-05,0.0001448988914489746,2.980232238769531e-07,2.9802322387695312e-08,0.0,INT16,Sufficient,0.0001543618271556343,0.005847346415601073,,,4.42209819174702e-09
end,bn1,BatchNorm2d,batchnorm,weight_update,320,-8.64267349243164e-05,0.0001448988914489746,2.980232238769531e-07,2.9802322387695312e-08,0.0,INT8,Marginal,0.04207814005887359,1.0,,,1.1409361531415323e-06
end,layer1.0.conv1,Conv2d,conv,weight,36864,-0.14568807184696198,0.14763611555099487,1.7982912936531648e-08,4.656612873077393e-10,0.0,FP16,Sufficient,0.00022729863965789966,1.0,0.0,5e-05,
end,layer1.0.conv1,Conv2d,conv,weight,36864,-0.14568807184696198,0.14763611555099487,1.7982912936531648e-08,4.656612873077393e-10,0.0,FP8_E4M3,Not sufficient,0.07803218655176665,1.0,0.0,0.02695,
end,layer1.0.conv1,Conv2d,conv,weight,36864,-0.14568807184696198,0.14763611555099487,1.7982912936531648e-08,4.656612873077393e-10,0.0,FP8_E5M2,Marginal,0.04573049316146919,1.0,0.0,0.00015,
end,layer1.0.conv1,Conv2d,conv,weight,36864,-0.14568807184696198,0.14763611555099487,1.7982912936531648e-08,4.656612873077393e-10,0.0,INT16,Sufficient,0.00038402558986158056,1.0,,,4.505634191442453e-06
end,layer1.0.conv1,Conv2d,conv,weight,36864,-0.14568807184696198,0.14763611555099487,1.7982912936531648e-08,4.656612873077393e-10,0.0,INT8,Marginal,0.04829799482740418,1.0,,,0.0011624890988267314
end,layer1.0.conv1,Conv2d,conv,input,41943040,0.0,7.349648952484131,3.588321106917647e-08,4.656612873077393e-10,0.4732583284378052,FP16,Sufficient,9.082708278824433e-05,0.00047938223156995455,0.0,0.0,
end,layer1.0.conv1,Conv2d,conv,input,41943040,0.0,7.349648952484131,3.588321106917647e-08,4.656612873077393e-10,0.4732583284378052,FP8_E4M3,Sufficient,0.013685090600873053,1.0,0.0,0.0020089926336936763,
end,layer1.0.conv1,Conv2d,conv,input,41943040,0.0,7.349648952484131,3.588321106917647e-08,4.656612873077393e-10,0.4732583284378052,FP8_E5M2,Marginal,0.023269145809346945,0.11109085978771362,0.0,0.0,
end,layer1.0.conv1,Conv2d,conv,input,41943040,0.0,7.349648952484131,3.588321106917647e-08,4.656612873077393e-10,0.4732583284378052,INT16,Sufficient,0.00030575089517062874,1.0,,,0.00013224555498207515
end,layer1.0.conv1,Conv2d,conv,input,41943040,0.0,7.349648952484131,3.588321106917647e-08,4.656612873077393e-10,0.4732583284378052,INT8,Marginal,0.042283581684664784,1.0,,,0.03412039448895792
end,layer1.0.conv1,Conv2d,conv,activation,41943040,-9.884387016296387,10.883831024169922,3.2654497772455215e-08,4.656612873077393e-10,0.0,FP16,Sufficient,0.00017745010973160662,0.0004848422472254372,0.0,0.0,
end,layer1.0.conv1,Conv2d,conv,activation,41943040,-9.884387016296387,10.883831024169922,3.2654497772455215e-08,4.656612873077393e-10,0.0,FP8_E4M3,Marginal,0.023784658231995933,1.0,0.0,0.00055,
end,layer1.0.conv1,Conv2d,conv,activation,41943040,-9.884387016296387,10.883831024169922,3.2654497772455215e-08,4.656612873077393e-10,0.0,FP8_E5M2,Marginal,0.044665420712387785,0.11108351256785735,0.0,0.0,
end,layer1.0.conv1,Conv2d,conv,activation,41943040,-9.884387016296387,10.883831024169922,3.2654497772455215e-08,4.656612873077393e-10,0.0,INT16,Sufficient,0.0004977031857669167,1.0,,,0.0002682425626761222
end,layer1.0.conv1,Conv2d,conv,activation,41943040,-9.884387016296387,10.883831024169922,3.2654497772455215e-08,4.656612873077393e-10,0.0,INT8,Marginal,0.07834349258435236,1.0,,,0.06920869331660233
end,layer1.0.conv1,Conv2d,conv,weight_gradient,184320,-0.01648062840104103,0.022015182301402092,1.433363649994135e-09,7.275957614183426e-12,0.0,FP16,Sufficient,0.000218994265370105,0.0654349543526808,0.0,0.0,
end,layer1.0.conv1,Conv2d,conv,weight_gradient,184320,-0.01648062840104103,0.022015182301402092,1.433363649994135e-09,7.275957614183426e-12,0.0,FP8_E4M3,Not sufficient,0.6360432468454513,1.0,0.0,0.47815,
end,layer1.0.conv1,Conv2d,conv,weight_gradient,184320,-0.01648062840104103,0.022015182301402092,1.433363649994135e-09,7.275957614183426e-12,0.0,FP8_E5M2,Marginal,0.051855782436837784,1.0,0.0,0.0043,
end,layer1.0.conv1,Conv2d,conv,weight_gradient,184320,-0.01648062840104103,0.022015182301402092,1.433363649994135e-09,7.275957614183426e-12,0.0,INT16,Sufficient,0.000794072352727717,0.8879986029347524,,,5.853403452081785e-07
end,layer1.0.conv1,Conv2d,conv,weight_gradient,184320,-0.01648062840104103,0.022015182301402092,1.433363649994135e-09,7.275957614183426e-12,0.0,INT8,Not sufficient,0.10280931782966034,1.0,,,0.0001510224180428062
end,layer1.0.conv1,Conv2d,conv,weight_update,184320,-7.402710616588593e-05,6.541609764099121e-05,4.656612873077393e-10,2.7284841053187847e-12,8.138020833333333e-05,FP16,Sufficient,0.011412565485167373,1.0,0.0,0.002750137506875344,
end,layer1.0.conv1,Conv2d,conv,weight_update,184320,-7.402710616588593e-05,6.541609764099121e-05,4.656612873077393e-10,2.7284841053187847e-12,8.138020833333333e-05,FP8_E4M3,Not sufficient,0.99995,1.0,0.0,1.0,
end,layer1.0.conv1,Conv2d,conv,weight_update,184320,-7.402710616588593e-05,6.541609764099121e-05,4.656612873077393e-10,2.7284841053187847e-12,8.138020833333333e-05,FP8_E5M2,Not sufficient,0.7841932645937424,1.0,0.0,0.6486324316215811,
end,layer1.0.conv1,Conv2d,conv,weight_update,184320,-7.402710616588593e-05,6.541609764099121e-05,4.656612873077393e-10,2.7284841053187847e-12,8.138020833333333e-05,INT16,Sufficient,0.0005035555721433928,1.0,,,2.2134934374799107e-09
end,layer1.0.conv1,Conv2d,conv,weight_update,184320,-7.402710616588593e-05,6.541609764099121e-05,4.656612873077393e-10,2.7284841053187847e-12,8.138020833333333e-05,INT8,Marginal,0.0787891030833009,1.0,,,5.710987359520018e-07
end,layer1.0.bn1,BatchNorm2d,batchnorm,weight,64,0.4968973994255066,0.8603403568267822,0.4968973994255066,0.0001703500747680664,0.0,FP16,Sufficient,0.0001859356762824818,0.0004232801819347999,0.0,0.0,
end,layer1.0.bn1,BatchNorm2d,batchnorm,weight,64,0.4968973994255066,0.8603403568267822,0.4968973994255066,0.0001703500747680664,0.0,FP8_E4M3,Marginal,0.026232918166187516,0.052228645356136444,0.0,0.0,
end,layer1.0.bn1,BatchNorm2d,batchnorm,weight,64,0.4968973994255066,0.8603403568267822,0.4968973994255066,0.0001703500747680664,0.0,FP8_E5M2,Marginal,0.04911317142409098,0.110494209353152,0.0,0.0,
end,layer1.0.bn1,BatchNorm2d,batchnorm,weight,64,0.4968973994255066,0.8603403568267822,0.4968973994255066,0.0001703500747680664,0.0,INT16,Sufficient,1.0096287708614768e-05,2.187262344596865e-05,,,2.6256305332400958e-05
end,layer1.0.bn1,BatchNorm2d,batchnorm,weight,64,0.4968973994255066,0.8603403568267822,0.4968973994255066,0.0001703500747680664,0.0,INT8,Sufficient,0.0027354148077573847,0.0057915746940369935,,,0.00677433351832112
end,layer1.0.bn1,BatchNorm2d,batchnorm,bias,64,-0.18191088736057281,0.28354039788246155,0.0004071305156685412,0.00013393163681030273,0.0,FP16,Sufficient,0.00017537960242649904,0.00038547651969884623,0.0,0.0,
end,layer1.0.bn1,BatchNorm2d,batchnorm,bias,64,-0.18191088736057281,0.28354039788246155,0.0004071305156685412,0.00013393163681030273,0.0,FP8_E4M3,Not sufficient,0.040074643202107484,1.0,0.0,0.015625,
end,layer1.0.bn1,BatchNorm2d,batchnorm,bias,64,-0.18191088736057281,0.28354039788246155,0.0004071305156685412,0.00013393163681030273,0.0,FP8_E5M2,Marginal,0.0508402935798583,0.10952854291298512,0.0,0.0,
end,layer1.0.bn1,BatchNorm2d,batchnorm,bias,64,-0.18191088736057281,0.28354039788246155,0.0004071305156685412,0.00013393163681030273,0.0,INT16,Sufficient,9.618982258957187e-05,0.0014750148258209344,,,8.653230319603918e-06
end,layer1.0.bn1,BatchNorm2d,batchnorm,bias,64,-0.18191088736057281,0.28354039788246155,0.0004071305156685412,0.00013393163681030273,0.0,INT8,Marginal,0.033603351046537895,1.0,,,0.0022326015581296183
end,layer1.0.bn1,BatchNorm2d,batchnorm,input,41943040,-9.884387016296387,10.883831024169922,3.2654497772455215e-08,4.656612873077393e-10,0.0,FP16,Sufficient,0.00017745010973160662,0.0004848422472254372,0.0,0.0,
end,layer1.0.bn1,BatchNorm2d,batchnorm,input,41943040,-9.884387016296387,10.883831024169922,3.2654497772455215e-08,4.656612873077393e-10,0.0,FP8_E4M3,Marginal,0.023784658231995933,1.0,0.0,0.00055,
end,layer1.0.bn1,BatchNorm2d,batchnorm,input,41943040,-9.884387016296387,10.883831024169922,3.2654497772455215e-08,4.656612873077393e-10,0.0,FP8_E5M2,Marginal,0.044665420712387785,0.11108351256785735,0.0,0.0,
end,layer1.0.bn1,BatchNorm2d,batchnorm,input,41943040,-9.884387016296387,10.883831024169922,3.2654497772455215e-08,4.656612873077393e-10,0.0,INT16,Sufficient,0.0004977031857669167,1.0,,,0.0002682425626761222
end,layer1.0.bn1,BatchNorm2d,batchnorm,input,41943040,-9.884387016296387,10.883831024169922,3.2654497772455215e-08,4.656612873077393e-10,0.0,INT8,Marginal,0.07834349258435236,1.0,,,0.06920869331660233
end,layer1.0.bn1,BatchNorm2d,batchnorm,activation,41943040,-10.16038990020752,6.433615684509277,3.093961975508819e-09,4.656612873077393e-10,0.0,FP16,Sufficient,0.00017532990021622836,0.0004856671174848716,0.0,0.0,
end,layer1.0.bn1,BatchNorm2d,batchnorm,activation,41943040,-10.16038990020752,6.433615684509277,3.093961975508819e-09,4.656612873077393e-10,0.0,FP8_E4M3,Marginal,0.024882985223770186,1.0,0.0,0.001,
end,layer1.0.bn1,BatchNorm2d,batchnorm,activation,41943040,-10.16038990020752,6.433615684509277,3.093961975508819e-09,4.656612873077393e-10,0.0,FP8_E5M2,Marginal,0.044832652633270575,0.11109519270659207,0.0,0.0,
end,layer1.0.bn1,BatchNorm2d,batchnorm,activation,41943040,-10.16038990020752,6.433615684509277,3.093961975508819e-09,4.656612873077393e-10,0.0,INT16,Sufficient,0.0006513963854357845,1.0,,,0.00019364415640637012
end,layer1.0.bn1,BatchNorm2d,batchnorm,activation,41943040,-10.16038990020752,6.433615684509277,3.093961975508819e-09,4.656612873077393e-10,0.0,INT8,Marginal,0.09579066040748625,1.0,,,0.04996171710998055
end,layer1.0.bn1,BatchNorm2d,batchnorm,weight_gradient,320,-0.027484918013215065,0.017776422202587128,1.5270299627445638e-05,1.42405042424798e-07,0.0,FP16,Sufficient,0.00018328119279098205,0.0007537877596684477,0.0,0.0,
end,layer1.0.bn1,BatchNorm2d,batchnorm,weight_gradient,320,-0.027484918013215065,0.017776422202587128,1.5270299627445638e-05,1.42405042424798e-07,0.0,FP8_E4M3,Not sufficient,0.31921605554134497,1.0,0.0,0.1875,
end,layer1.0.bn1,BatchNorm2d,batchnorm,weight_gradient,320,-0.027484918013215065,0.017776422202587128,1.5270299627445638e-05,1.42405042424798e-07,0.0,FP8_E5M2,Marginal,0.04641759852027273,0.11085214882666072,0.0,0.0,
end,layer1.0.bn1,BatchNorm2d,batchnorm,weight_gradient,320,-0.027484918013215065,0.017776422202587128,1.5270299627445638e-05,1.42405042424798e-07,0.0,INT16,Sufficient,0.0002158752751339791,0.011258618143750085,,,8.387987308333099e-07
end,layer1.0.bn1,BatchNorm2d,batchnorm,weight_gradient,320,-0.027484918013215065,0.017776422202587128,1.5270299627445638e-05,1.42405042424798e-07,0.0,INT8,Marginal,0.05658701549763758,1.0,,,0.00021641667726940997
end,layer1.0.bn1,BatchNorm2d,batchnorm,weight_update,320,-9.357929229736328e-05,0.00010824203491210938,5.960464477539063e-08,2.9802322387695312e-08,0.0,FP16,Sufficient,6.359914815224798e-06,0.0011587485515643105,0.0,0.0,
end,layer1.0.bn1,BatchNorm2d,batchnorm,weight_update,320,-9.357929229736328e-05,0.00010824203491210938,5.960464477539063e-08,2.9802322387695312e-08,0.0,FP8_E4M3,Not sufficient,1.0,1.0,0.0,1.0,
end,layer1.0.bn1,BatchNorm2d,batchnorm,weight_update,320,-9.357929229736328e-05,0.00010824203491210938,5.960464477539063e-08,2.9802322387695312e-08,0.0,FP8_E5M2,Not sufficient,0.4002312552295491,1.0,0.0,0.234375,
end,layer1.0.bn1,BatchNorm2d,batchnorm,weight_update,320,-9.357929229736328e-05,0.00010824203491210938,5.960464477539063e-08,2.9802322387695312e-08,0.0,INT16,Sufficient,0.00014800579350082054,0.0024109622486038367,,,3.303385568166429e-09
end,layer1.0.bn1,BatchNorm2d,batchnorm,weight_update,320,-9.357929229736328e-05,0.00010824203491210938,5.960464477539063e-08,2.9802322387695312e-08,0.0,INT8,Marginal,0.04229600789078291,1.0,,,8.522994874969242e-07
end,layer1.0.conv2,Conv2d,conv,weight,36864,-0.13924363255500793,0.18641556799411774,1.3182501561459503e-06,4.656612873077393e-10,0.0,FP16,Sufficient,0.0001770161474409841,0.003113916896413249,0.0,0.0,
end,layer1.0.conv2,Conv2d,conv,weight,36864,-0.13924363255500793,0.18641556799411774,1.3182501561459503e-06,4.656612873077393e-10,0.0,FP8_E4M3,Not sufficient,0.07983526461469431,1.0,0.0,0.02865,
end,layer1.0.conv2,Conv2d,conv,weight,36864,-0.13924363255500793,0.18641556799411774,1.3182501561459503e-06,4.656612873077393e-10,0.0,FP8_E5M2,Marginal,0.04542725594269674,1.0,0.0,0.0001,
end,layer1.0.conv2,Conv2d,conv,weight,36864,-0.13924363255500793,0.18641556799411774,1.3182501561459503e-06,4.656612873077393e-10,0.0,INT16,Sufficient,0.00039601283864924874,1.0,,,5.689125278301881e-06
end,layer1.0.conv2,Conv2d,conv,weight,36864,-0.13924363255500793,0.18641556799411774,1.3182501561459503e-06,4.656612873077393e-10,0.0,INT8,Marginal,0.06042088293942525,1.0,,,0.0014678391180639192
end,layer1.0.conv2,Conv2d,conv,input,41943040,0.0,6.433615684509277,1.2741358190737628e-08,4.656612873077393e-10,0.47407333850860595,FP16,Sufficient,9.170427665514632e-05,0.0004856671174848716,0.0,0.0,
end,layer1.0.conv2,Conv2d,conv,input,41943040,0.0,6.433615684509277,1.2741358190737628e-08,4.656612873077393e-10,0.47407333850860595,FP8_E4M3,Sufficient,0.01316541761727823,1.0,0.0,0.0012355065576886524,
end,layer1.0.conv2,Conv2d,conv,input,41943040,0.0,6.433615684509277,1.2741358190737628e-08,4.656612873077393e-10,0.47407333850860595,FP8_E5M2,Marginal,0.023558374882264633,0.11098855981924567,0.0,0.0,
end,layer1.0.conv2,Conv2d,conv,input,41943040,0.0,6.433615684509277,1.2741358190737628e-08,4.656612873077393e-10,0.47407333850860595,INT16,Sufficient,0.00019124315429694413,0.28421334504899476,,,0.00011300236631561017
end,layer1.0.conv2,Conv2d,conv,input,41943040,0.0,6.433615684509277,1.2741358190737628e-08,4.656612873077393e-10,0.47407333850860595,INT8,Marginal,0.03207035091856625,1.0,,,0.02915550029183936
end,layer1.0.conv2,Conv2d,conv,activation,41943040,-7.216784954071045,4.90189790725708,8.381903171539307e-09,9.313225746154785e-10,0.0,FP16,Sufficient,0.000176552887137488,0.0007387343018960847,0.0,0.0,
end,layer1.0.conv2,Conv2d,conv,activation,41943040,-7.216784954071045,4.90189790725708,8.381903171539307e-09,9.313225746154785e-10,0.0,FP8_E4M3,Marginal,0.025128670101106327,1.0,0.0,0.00105,
end,layer1.0.conv2,Conv2d,conv,activation,41943040,-7.216784954071045,4.90189790725708,8.381903171539307e-09,9.313225746154785e-10,0.0,FP8_E5M2,Marginal,0.044796185853641445,0.19310514651563654,0.0,0.0,
end,layer1.0.conv2,Conv2d,conv,activation,41943040,-7.216784954071045,4.90189790725708,8.381903171539307e-09,9.313225746154785e-10,0.0,INT16,Sufficient,0.0004703811286576336,1.0,,,0.0001450034628840832
end,layer1.0.conv2,Conv2d,conv,activation,41943040,-7.216784954071045,4.90189790725708,8.381903171539307e-09,9.313225746154785e-10,0.0,INT8,Marginal,0.06759381006694246,1.0,,,0.03741203518364373
end,layer1.0.conv2,Conv2d,conv,weight_gradient,184320,-0.012539681978523731,0.014600342139601707,1.548323780298233e-08,7.275957614183426e-12,0.0,FP16,Sufficient,0.00022651504719390397,0.267262969588551,0.0,0.0,
end,layer1.0.conv2,Conv2d,conv,weight_gradient,184320,-0.012539681978523731,0.014600342139601707,1.548323780298233e-08,7.275957614183426e-12,0.0,FP8_E4M3,Not sufficient,0.6113114868002685,1.0,0.0,0.44505,
end,layer1.0.conv2,Conv2d,conv,weight_gradient,184320,-0.012539681978523731,0.014600342139601707,1.548323780298233e-08,7.275957614183426e-12,0.0,FP8_E5M2,Marginal,0.05056978456073635,1.0,0.0,0.00345,
end,layer1.0.conv2,Conv2d,conv,weight_gradient,184320,-0.012539681978523731,0.014600342139601707,1.548323780298233e-08,7.275957614183426e-12,0.0,INT16,Sufficient,0.00047162107579150396,1.0,,,3.5673349542759247e-07
end,layer1.0.conv2,Conv2d,conv,weight_gradient,184320,-0.012539681978523731,0.014600342139601707,1.548323780298233e-08,7.275957614183426e-12,0.0,INT8,Marginal,0.0633828793221349,1.0,,,9.204005074547971e-05
end,layer1.0.conv2,Conv2d,conv,weight_update,184320,-4.92781400680542e-05,4.638358950614929e-05,4.0745362639427185e-10,4.547473508864641e-13,9.765625e-05,FP16,Sufficient,0.011555737195153529,1.0,0.0,0.003000300030003,
end,layer1.0.conv2,Conv2d,conv,weight_update,184320,-4.92781400680542e-05,4.638358950614929e-05,4.0745362639427185e-10,4.547473508864641e-13,9.765625e-05,FP8_E4M3,Not sufficient,0.9999,1.0,0.0,1.0,
end,layer1.0.conv2,Conv2d,conv,weight_update,184320,-4.92781400680542e-05,4.638358950614929e-05,4.0745362639427185e-10,4.547473508864641e-13,9.765625e-05,FP8_E5M2,Not sufficient,0.7910816470094885,1.0,0.0,0.6476147614761476,
end,layer1.0.conv2,Conv2d,conv,weight_update,184320,-4.92781400680542e-05,4.638358950614929e-05,4.0745362639427185e-10,4.547473508864641e-13,9.765625e-05,INT16,Sufficient,0.0003338124010867129,0.44419690542313917,,,1.3450131802103847e-09
end,layer1.0.conv2,Conv2d,conv,weight_update,184320,-4.92781400680542e-05,4.638358950614929e-05,4.0745362639427185e-10,4.547473508864641e-13,9.765625e-05,INT8,Marginal,0.05176382342395601,1.0,,,3.470239911492415e-07
end,layer1.0.bn2,BatchNorm2d,batchnorm,weight,64,0.49036097526550293,0.8607527017593384,0.49036097526550293,8.213520050048828e-05,0.0,FP16,Sufficient,0.00018349115799022717,0.0004338994050601134,0.0,0.0,
end,layer1.0.bn2,BatchNorm2d,batchnorm,weight,64,0.49036097526550293,0.8607527017593384,0.49036097526550293,8.213520050048828e-05,0.0,FP8_E4M3,Marginal,0.0211470754249542,0.05153755035682496,0.0,0.0,
end,layer1.0.bn2,BatchNorm2d,batchnorm,weight,64,0.49036097526550293,0.8607527017593384,0.49036097526550293,8.213520050048828e-05,0.0,FP8_E5M2,Marginal,0.045539899379263504,0.11035269276750571,0.0,0.0,
end,layer1.0.bn2,BatchNorm2d,batchnorm,weight,64,0.49036097526550293,0.8607527017593384,0.49036097526550293,8.213520050048828e-05,0.0,INT16,Sufficient,8.851588668861034e-06,2.0485250181942723e-05,,,2.6268889485132552e-05
end,layer1.0.bn2,BatchNorm2d,batchnorm,weight,64,0.49036097526550293,0.8607527017593384,0.49036097526550293,8.213520050048828e-05,0.0,INT8,Sufficient,0.0026812826301974733,0.005261025902106059,,,0.006777580328813688
end,layer1.0.bn2,BatchNorm2d,batchnorm,bias,64,-0.19565893709659576,0.08688165247440338,0.0007540883962064981,9.295064955949783e-06,0.0,FP16,Sufficient,0.00016975547379252356,0.0004261965743510622,0.0,0.0,
end,layer1.0.bn2,BatchNorm2d,batchnorm,bias,64,-0.19565893709659576,0.08688165247440338,0.0007540883962064981,9.295064955949783e-06,0.0,FP8_E4M3,Not sufficient,0.06426428004822439,1.0,0.0,0.015625,
end,layer1.0.bn2,BatchNorm2d,batchnorm,bias,64,-0.19565893709659576,0.08688165247440338,0.0007540883962064981,9.295064955949783e-06,0.0,FP8_E5M2,Marginal,0.0396016658266971,0.10064662337546772,0.0,0.0,
end,layer1.0.bn2,BatchNorm2d,batchnorm,bias,64,-0.19565893709659576,0.08688165247440338,0.0007540883962064981,9.295064955949783e-06,0.0,INT16,Sufficient,0.0001658538360404788,0.0022739858596538274,,,5.9712191258459965e-06
end,layer1.0.bn2,BatchNorm2d,batchnorm,bias,64,-0.19565893709659576,0.08688165247440338,0.0007540883962064981,9.295064955949783e-06,0.0,INT8,Marginal,0.048954902967213554,1.0,,,0.001540621551941699
end,layer1.0.bn2,BatchNorm2d,batchnorm,input,41943040,-7.216784954071045,4.90189790725708,8.381903171539307e-09,9.313225746154785e-10,0.0,FP16,Sufficient,0.000176552887137488,0.0007387343018960847,0.0,0.0,
end,layer1.0.bn2,BatchNorm2d,batchnorm,input,41943040,-7.216784954071045,4.90189790725708,8.381903171539307e-09,9.313225746154785e-10,0.0,FP8_E4M3,Marginal,0.025128670101106327,1.0,0.0,0.00105,
end,layer1.0.bn2,BatchNorm2d,batchnorm,input,41943040,-7.216784954071045,4.90189790725708,8.381903171539307e-09,9.313225746154785e-10,0.0,FP8_E5M2,Marginal,0.044796185853641445,0.19310514651563654,0.0,0.0,
end,layer1.0.bn2,BatchNorm2d,batchnorm,input,41943040,-7.216784954071045,4.90189790725708,8.381903171539307e-09,9.313225746154785e-10,0.0,INT16,Sufficient,0.0004703811286576336,1.0,,,0.0001450034628840832
end,layer1.0.bn2,BatchNorm2d,batchnorm,input,41943040,-7.216784954071045,4.90189790725708,8.381903171539307e-09,9.313225746154785e-10,0.0,INT8,Marginal,0.06759381006694246,1.0,,,0.03741203518364373
end,layer1.0.bn2,BatchNorm2d,batchnorm,activation,41943040,-6.475458145141602,5.831896781921387,2.0729757466142473e-08,5.820766091346741e-11,0.0,FP16,Sufficient,0.00017584914544110228,0.0004843636931610007,0.0,0.0,
end,layer1.0.bn2,BatchNorm2d,batchnorm,activation,41943040,-6.475458145141602,5.831896781921387,2.0729757466142473e-08,5.820766091346741e-11,0.0,FP8_E4M3,Marginal,0.025230633288967325,1.0,0.0,0.00095,
end,layer1.0.bn2,BatchNorm2d,batchnorm,activation,41943040,-6.475458145141602,5.831896781921387,2.0729757466142473e-08,5.820766091346741e-11,0.0,FP8_E5M2,Marginal,0.044908367795821316,0.11108209962703759,0.0,0.0,
end,layer1.0.bn2,BatchNorm2d,batchnorm,activation,41943040,-6.475458145141602,5.831896781921387,2.0729757466142473e-08,5.820766091346741e-11,0.0,INT16,Sufficient,0.0005570942262440241,0.3216701939748827,,,0.00018705155926802578
end,layer1.0.bn2,BatchNorm2d,batchnorm,activation,41943040,-6.475458145141602,5.831896781921387,2.0729757466142473e-08,5.820766091346741e-11,0.0,INT8,Marginal,0.08848864570120338,1.0,,,0.048260775138074016
end,layer1.0.bn2,BatchNorm2d,batchnorm,weight_gradient,320,-0.021252838894724846,0.029083041474223137,2.5414483388885856e-05,4.3050386011600494e-07,0.0,FP16,Sufficient,0.00018114176417676818,0.0009012465143976135,0.0,0.0,
end,layer1.0.bn2,BatchNorm2d,batchnorm,weight_gradient,320,-0.021252838894724846,0.029083041474223137,2.5414483388885856e-05,4.3050386011600494e-07,0.0,FP8_E4M3,Not sufficient,0.30644986864835366,1.0,0.0,0.1875,
end,layer1.0.bn2,BatchNorm2d,batchnorm,weight_gradient,320,-0.021252838894724846,0.029083041474223137,2.5414483388885856e-05,4.3050386011600494e-07,0.0,FP8_E5M2,Marginal,0.04732631638997731,0.20079474597330615,0.0,0.0,
end,layer1.0.bn2,BatchNorm2d,batchnorm,weight_gradient,320,-0.021252838894724846,0.029083041474223137,2.5414483388885856e-05,4.3050386011600494e-07,0.0,INT16,Sufficient,0.00026632129478733276,0.012791046505842152,,,8.875710768218982e-07
end,layer1.0.bn2,BatchNorm2d,batchnorm,weight_gradient,320,-0.021252838894724846,0.029083041474223137,2.5414483388885856e-05,4.3050386011600494e-07,0.0,INT8,Marginal,0.06193111879445821,1.0,,,0.0002290003265686861
end,layer1.0.bn2,BatchNorm2d,batchnorm,weight_update,320,-5.6743621826171875e-05,8.159875869750977e-05,5.960464477539063e-08,5.960464477539063e-08,0.00625,FP16,Sufficient,4.322268326417704e-06,0.0013831258644536654,0.0,0.0,
end,layer1.0.bn2,BatchNorm2d,batchnorm,weight_update,320,-5.6743621826171875e-05,8.159875869750977e-05,5.960464477539063e-08,5.960464477539063e-08,0.00625,FP8_E4M3,Not sufficient,0.99375,1.0,0.0,1.0,
end,layer1.0.bn2,BatchNorm2d,batchnorm,weight_update,320,-5.6743621826171875e-05,8.159875869750977e-05,5.960464477539063e-08,5.960464477539063e-08,0.00625,FP8_E5M2,Not sufficient,0.4614698731631724,1.0,0.0,0.3081761006289308,
end,layer1.0.bn2,BatchNorm2d,batchnorm,weight_update,320,-5.6743621826171875e-05,8.159875869750977e-05,5.960464477539063e-08,5.960464477539063e-08,0.00625,INT16,Sufficient,0.00014183158642531725,0.002716147343363673,,,2.49027249053956e-09
end,layer1.0.bn2,BatchNorm2d,batchnorm,weight_update,320,-5.6743621826171875e-05,8.159875869750977e-05,5.960464477539063e-08,5.960464477539063e-08,0.00625,INT8,Marginal,0.0346597384351998,1.0,,,6.425099110040139e-07
end,layer1.1.conv1,Conv2d,conv,weight,36864,-0.1762494295835495,0.1461860090494156,2.9025038372765266e-08,1.1641532182693481e-10,0.0,FP16,Sufficient,0.000179663014629442,0.034704198368260594,0.0,0.0,
end,layer1.1.conv1,Conv2d,conv,weight,36864,-0.1762494295835495,0.1461860090494156,2.9025038372765266e-08,1.1641532182693481e-10,0.0,FP8_E4M3,Not sufficient,0.08662001975723833,1.0,0.0,0.03205,
end,layer1.1.conv1,Conv2d,conv,weight,36864,-0.1762494295835495,0.1461860090494156,2.9025038372765266e-08,1.1641532182693481e-10,0.0,FP8_E5M2,Marginal,0.045612566774247076,1.0,0.0,0.00025,
end,layer1.1.conv1,Conv2d,conv,weight,36864,-0.1762494295835495,0.1461860090494156,2.9025038372765266e-08,1.1641532182693481e-10,0.0,INT16,Sufficient,0.00042984395915402623,1.0,,,4.461379102432801e-06
end,layer1.1.conv1,Conv2d,conv,weight,36864,-0.1762494295835495,0.1461860090494156,2.9025038372765266e-08,1.1641532182693481e-10,0.0,INT8,Marginal,0.054709052218238886,1.0,,,0.0011510709373969731
end,layer1.1.conv1,Conv2d,conv,input,41943040,0.0,8.438817024230957,4.2675910805201056e-08,4.656612873077393e-10,0.38823091983795166,FP16,Sufficient,0.0001078369385731658,0.0004864977548681586,0.0,0.0,
end,layer1.1.conv1,Conv2d,conv,input,41943040,0.0,8.438817024230957,4.2675910805201056e-08,4.656612873077393e-10,0.38823091983795166,FP8_E4M3,Sufficient,0.015283528932199437,1.0,0.0,0.0008124796880077998,
end,layer1.1.conv1,Conv2d,conv,input,41943040,0.0,8.438817024230957,4.2675910805201056e-08,4.656612873077393e-10,0.38823091983795166,FP8_E5M2,Marginal,0.027651866698213144,0.11110508290664949,0.0,0.0,
end,layer1.1.conv1,Conv2d,conv,input,41943040,0.0,8.438817024230957,4.2675910805201056e-08,4.656612873077393e-10,0.38823091983795166,INT16,Sufficient,0.00020758310473052908,0.17991842728051136,,,0.0001588499600258564
end,layer1.1.conv1,Conv2d,conv,input,41943040,0.0,8.438817024230957,4.2675910805201056e-08,4.656612873077393e-10,0.38823091983795166,INT8,Marginal,0.0360385669159867,1.0,,,0.04098454047375777
end,layer1.1.conv1,Conv2d,conv,activation,41943040,-10.915694236755371,8.886839866638184,5.4016709327697754e-08,9.313225746154785e-10,0.0,FP16,Sufficient,0.00017610712520314624,0.0006304252946025896,0.0,0.0,
end,layer1.1.conv1,Conv2d,conv,activation,41943040,-10.915694236755371,8.886839866638184,5.4016709327697754e-08,9.313225746154785e-10,0.0,FP8_E4M3,Marginal,0.023647045507345008,1.0,0.0,0.0006,
end,layer1.1.conv1,Conv2d,conv,activation,41943040,-10.915694236755371,8.886839866638184,5.4016709327697754e-08,9.313225746154785e-10,0.0,FP8_E5M2,Marginal,0.04495252277073856,0.19179477231948014,0.0,0.0,
end,layer1.1.conv1,Conv2d,conv,activation,41943040,-10.915694236755371,8.886839866638184,5.4016709327697754e-08,9.313225746154785e-10,0.0,INT16,Sufficient,0.00033784206001198684,1.0,,,0.00022685806843003847
end,layer1.1.conv1,Conv2d,conv,activation,41943040,-10.915694236755371,8.886839866638184,5.4016709327697754e-08,9.313225746154785e-10,0.0,INT8,Marginal,0.05004245744498126,1.0,,,0.05853116793895331
end,layer1.1.conv1,Conv2d,conv,weight_gradient,184320,-0.015581630170345306,0.012727691791951656,1.4741090126335621e-08,5.4569682106375694e-12,0.0,FP16,Sufficient,0.00023042758260471586,0.13877207737594618,0.0,0.0,
end,layer1.1.conv1,Conv2d,conv,weight_gradient,184320,-0.015581630170345306,0.012727691791951656,1.4741090126335621e-08,5.4569682106375694e-12,0.0,FP8_E4M3,Not sufficient,0.6296168415020016,1.0,0.0,0.46315,
end,layer1.1.conv1,Conv2d,conv,weight_gradient,184320,-0.015581630170345306,0.012727691791951656,1.4741090126335621e-08,5.4569682106375694e-12,0.0,FP8_E5M2,Marginal,0.05194150411421072,1.0,0.0,0.0041,
end,layer1.1.conv1,Conv2d,conv,weight_gradient,184320,-0.015581630170345306,0.012727691791951656,1.4741090126335621e-08,5.4569682106375694e-12,0.0,INT16,Sufficient,0.0007786889238133052,1.0,,,4.7552812800516696e-07
end,layer1.1.conv1,Conv2d,conv,weight_gradient,184320,-0.015581630170345306,0.012727691791951656,1.4741090126335621e-08,5.4569682106375694e-12,0.0,INT8,Marginal,0.08503691448903168,1.0,,,0.00012269000134130161
end,layer1.1.conv1,Conv2d,conv,weight_update,184320,-6.0852617025375366e-05,5.7406723499298096e-05,4.656612873077393e-10,1.3642420526593924e-12,5.967881944444444e-05,FP16,Sufficient,0.012508595689748705,1.0,0.0,0.0034501725086254313,
end,layer1.1.conv1,Conv2d,conv,weight_update,184320,-6.0852617025375366e-05,5.7406723499298096e-05,4.656612873077393e-10,1.3642420526593924e-12,5.967881944444444e-05,FP8_E4M3,Not sufficient,0.99995,1.0,0.0,1.0,
end,layer1.1.conv1,Conv2d,conv,weight_update,184320,-6.0852617025375366e-05,5.7406723499298096e-05,4.656612873077393e-10,1.3642420526593924e-12,5.967881944444444e-05,FP8_E5M2,Not sufficient,0.8170074679161529,1.0,0.0,0.687734386719336,
end,layer1.1.conv1,Conv2d,conv,weight_update,184320,-6.0852617025375366e-05,5.7406723499298096e-05,4.656612873077393e-10,1.3642420526593924e-12,5.967881944444444e-05,INT16,Sufficient,0.00042309071682803155,1.0,,,1.515264415353874e-09
end,layer1.1.conv1,Conv2d,conv,weight_update,184320,-6.0852617025375366e-05,5.7406723499298096e-05,4.656612873077393e-10,1.3642420526593924e-12,5.967881944444444e-05,INT8,Marginal,0.061558105884730346,1.0,,,3.909501503771684e-07
end,layer1.1.bn1,BatchNorm2d,batchnorm,weight,64,0.5616410970687866,0.8274248242378235,0.5616410970687866,3.6656856536865234e-05,0.0,FP16,Sufficient,0.00017926982188274382,0.0004043011002380608,0.0,0.0,
end,layer1.1.bn1,BatchNorm2d,batchnorm,weight,64,0.5616410970687866,0.8274248242378235,0.5616410970687866,3.6656856536865234e-05,0.0,FP8_E4M3,Marginal,0.026446319005856173,0.05246340654300569,0.0,0.0,
end,layer1.1.bn1,BatchNorm2d,batchnorm,weight,64,0.5616410970687866,0.8274248242378235,0.5616410970687866,3.6656856536865234e-05,0.0,FP8_E5M2,Marginal,0.050158144776300526,0.10975175675443347,0.0,0.0,
end,layer1.1.bn1,BatchNorm2d,batchnorm,weight,64,0.5616410970687866,0.8274248242378235,0.5616410970687866,3.6656856536865234e-05,0.0,INT16,Sufficient,9.44472662811587e-06,2.221033035289398e-05,,,2.5251772339177326e-05
end,layer1.1.bn1,BatchNorm2d,batchnorm,weight,64,0.5616410970687866,0.8274248242378235,0.5616410970687866,3.6656856536865234e-05,0.0,INT8,Sufficient,0.0027452325821936754,0.005589258145735943,,,0.0065151560963608145
end,layer1.1.bn1,BatchNorm2d,batchnorm,bias,64,-0.16315299272537231,0.061027150601148605,0.0005520640406757593,0.000120554119348526,0.0,FP16,Sufficient,0.00018439095211070667,0.00045084211247863255,0.0,0.0,
end,layer1.1.bn1,BatchNorm2d,batchnorm,bias,64,-0.16315299272537231,0.061027150601148605,0.0005520640406757593,0.000120554119348526,0.0,FP8_E4M3,Not sufficient,0.04265004956864552,1.0,0.0,0.015625,
end,layer1.1.bn1,BatchNorm2d,batchnorm,bias,64,-0.16315299272537231,0.061027150601148605,0.0005520640406757593,0.000120554119348526,0.0,FP8_E5M2,Marginal,0.04118912463944123,0.10727567307396836,0.0,0.0,
end,layer1.1.bn1,BatchNorm2d,batchnorm,bias,64,-0.16315299272537231,0.061027150601148605,0.0005520640406757593,0.000120554119348526,0.0,INT16,Sufficient,4.947311035322143e-05,0.0011332425780255686,,,4.979186154526576e-06
end,layer1.1.bn1,BatchNorm2d,batchnorm,bias,64,-0.16315299272537231,0.061027150601148605,0.0005520640406757593,0.000120554119348526,0.0,INT8,Marginal,0.02387687758569374,1.0,,,0.0012846692340580496
end,layer1.1.bn1,BatchNorm2d,batchnorm,input,41943040,-10.915694236755371,8.886839866638184,5.4016709327697754e-08,9.313225746154785e-10,0.0,FP16,Sufficient,0.00017610712520314624,0.0006304252946025896,0.0,0.0,
end,layer1.1.bn1,BatchNorm2d,batchnorm,input,41943040,-10.915694236755371,8.886839866638184,5.4016709327697754e-08,9.313225746154785e-10,0.0,FP8_E4M3,Marginal,0.023647045507345008,1.0,0.0,0.0006,
end,layer1.1.bn1,BatchNorm2d,batchnorm,input,41943040,-10.915694236755371,8.886839866638184,5.4016709327697754e-08,9.313225746154785e-10,0.0,FP8_E5M2,Marginal,0.04495252277073856,0.19179477231948014,0.0,0.0,
end,layer1.1.bn1,BatchNorm2d,batchnorm,input,41943040,-10.915694236755371,8.886839866638184,5.4016709327697754e-08,9.313225746154785e-10,0.0,INT16,Sufficient,0.00033784206001198684,1.0,,,0.00022685806843003847
end,layer1.1.bn1,BatchNorm2d,batchnorm,input,41943040,-10.915694236755371,8.886839866638184,5.4016709327697754e-08,9.313225746154785e-10,0.0,INT8,Marginal,0.05004245744498126,1.0,,,0.05853116793895331
end,layer1.1.bn1,BatchNorm2d,batchnorm,activation,41943040,-7.404432773590088,5.042816162109375,2.7371868327463744e-08,2.3283064365386963e-10,0.0,FP16,Sufficient,0.00017614106648400585,0.0028939398603086207,0.0,0.0,
end,layer1.1.bn1,BatchNorm2d,batchnorm,activation,41943040,-7.404432773590088,5.042816162109375,2.7371868327463744e-08,2.3283064365386963e-10,0.0,FP8_E4M3,Marginal,0.025355993490941565,1.0,0.0,0.00135,
end,layer1.1.bn1,BatchNorm2d,batchnorm,activation,41943040,-7.404432773590088,5.042816162109375,2.7371868327463744e-08,2.3283064365386963e-10,0.0,FP8_E5M2,Marginal,0.04457736306669232,0.9635319338135461,0.0,0.0,
end,layer1.1.bn1,BatchNorm2d,batchnorm,activation,41943040,-7.404432773590088,5.042816162109375,2.7371868327463744e-08,2.3283064365386963e-10,0.0,INT16,Sufficient,0.0005169276947770043,1.0,,,0.00011989630643480387
end,layer1.1.bn1,BatchNorm2d,batchnorm,activation,41943040,-7.404432773590088,5.042816162109375,2.7371868327463744e-08,2.3283064365386963e-10,0.0,INT8,Marginal,0.06245566307959466,1.0,,,0.0309341911255844
end,layer1.1.bn1,BatchNorm2d,batchnorm,weight_gradient,320,-0.011724783107638359,0.012465967796742916,1.4181320693751331e-05,5.494803190231323e-08,0.0,FP16,Sufficient,0.000172508700568479,0.00107259488763337,0.0,0.0,
end,layer1.1.bn1,BatchNorm2d,batchnorm,weight_gradient,320,-0.011724783107638359,0.012465967796742916,1.4181320693751331e-05,5.494803190231323e-08,0.0,FP8_E4M3,Not sufficient,0.44404956366451875,1.0,0.0,0.2875,
end,layer1.1.bn1,BatchNorm2d,batchnorm,weight_gradient,320,-0.011724783107638359,0.012465967796742916,1.4181320693751331e-05,5.494803190231323e-08,0.0,FP8_E5M2,Marginal,0.043155202725858974,0.14153489662019664,0.0,0.0,
end,layer1.1.bn1,BatchNorm2d,batchnorm,weight_gradient,320,-0.011724783107638359,0.012465967796742916,1.4181320693751331e-05,5.494803190231323e-08,0.0,INT16,Sufficient,0.00014682619701695933,0.007399783963683472,,,3.8044275633237454e-07
end,layer1.1.bn1,BatchNorm2d,batchnorm,weight_gradient,320,-0.011724783107638359,0.012465967796742916,1.4181320693751331e-05,5.494803190231323e-08,0.0,INT8,Marginal,0.037148477965000114,1.0,,,9.815722674600721e-05
end,layer1.1.bn1,BatchNorm2d,batchnorm,weight_update,320,-6.300210952758789e-05,6.467103958129883e-05,5.960464477539063e-08,5.960464477539063e-08,0.0,FP16,Sufficient,0.0,0.0,0.0,0.0,
end,layer1.1.bn1,BatchNorm2d,batchnorm,weight_update,320,-6.300210952758789e-05,6.467103958129883e-05,5.960464477539063e-08,5.960464477539063e-08,0.0,FP8_E4M3,Not sufficient,1.0,1.0,0.0,1.0,
end,layer1.1.bn1,BatchNorm2d,batchnorm,weight_update,320,-6.300210952758789e-05,6.467103958129883e-05,5.960464477539063e-08,5.960464477539063e-08,0.0,FP8_E5M2,Not sufficient,0.524617357676519,1.0,0.0,0.353125,
end,layer1.1.bn1,BatchNorm2d,batchnorm,weight_update,320,-6.300210952758789e-05,6.467103958129883e-05,5.960464477539063e-08,5.960464477539063e-08,0.0,INT16,Sufficient,0.0001443229322482085,0.0066225165562913135,,,1.973663734284458e-09
end,layer1.1.bn1,BatchNorm2d,batchnorm,weight_update,320,-6.300210952758789e-05,6.467103958129883e-05,5.960464477539063e-08,5.960464477539063e-08,0.0,INT8,Marginal,0.029482501829011576,1.0,,,5.092207841047152e-07
end,layer1.1.conv2,Conv2d,conv,weight,36864,-0.1329801380634308,0.12473559379577637,3.2863197247934295e-06,9.313225746154785e-10,0.0,FP16,Sufficient,0.00017743241771050843,0.005254240458003888,0.0,0.0,
end,layer1.1.conv2,Conv2d,conv,weight,36864,-0.1329801380634308,0.12473559379577637,3.2863197247934295e-06,9.313225746154785e-10,0.0,FP8_E4M3,Not sufficient,0.08405255770475462,1.0,0.0,0.0285,
end,layer1.1.conv2,Conv2d,conv,weight,36864,-0.1329801380634308,0.12473559379577637,3.2863197247934295e-06,9.313225746154785e-10,0.0,FP8_E5M2,Marginal,0.045434751692760185,1.0,0.0,0.0002,
end,layer1.1.conv2,Conv2d,conv,weight,36864,-0.1329801380634308,0.12473559379577637,3.2863197247934295e-06,9.313225746154785e-10,0.0,INT16,Sufficient,0.0002330471293232918,0.302838060784051,,,3.5065837995968247e-06
end,layer1.1.conv2,Conv2d,conv,weight,36864,-0.1329801380634308,0.12473559379577637,3.2863197247934295e-06,9.313225746154785e-10,0.0,INT8,Marginal,0.04378811923639725,1.0,,,0.0009047262311920407
end,layer1.1.conv2,Conv2d,conv,input,41943040,0.0,5.042816162109375,2.7371868327463744e-08,2.3283064365386963e-10,0.517538595199585,FP16,Sufficient,8.583279786134028e-05,0.000664524467540917,0.0,0.0,
end,layer1.1.conv2,Conv2d,conv,input,41943040,0.0,5.042816162109375,2.7371868327463744e-08,2.3283064365386963e-10,0.517538595199585,FP8_E4M3,Sufficient,0.01269109443368071,1.0,0.0,0.001960986685932501,
end,layer1.1.conv2,Conv2d,conv,input,41943040,0.0,5.042816162109375,2.7371868327463744e-08,2.3283064365386963e-10,0.517538595199585,FP8_E5M2,Marginal,0.02169982372832978,0.301011252086586,0.0,0.0,
end,layer1.1.conv2,Conv2d,conv,input,41943040,0.0,5.042816162109375,2.7371868327463744e-08,2.3283064365386963e-10,0.517538595199585,INT16,Sufficient,0.00020511122771787815,1.0,,,9.064856718503825e-05
end,layer1.1.conv2,Conv2d,conv,input,41943040,0.0,5.042816162109375,2.7371868327463744e-08,2.3283064365386963e-10,0.517538595199585,INT8,Marginal,0.024740028850853347,1.0,,,0.02338804410198542
end,layer1.1.conv2,Conv2d,conv,activation,41943040,-7.37634801864624,6.00469970703125,1.6880221664905548e-08,4.656612873077393e-10,0.0,FP16,Sufficient,0.00017508882452312434,0.0005557408024897188,0.0,0.0,
end,layer1.1.conv2,Conv2d,conv,activation,41943040,-7.37634801864624,6.00469970703125,1.6880221664905548e-08,4.656612873077393e-10,0.0,FP8_E4M3,Marginal,0.025442154420000362,1.0,0.0,0.00125,
end,layer1.1.conv2,Conv2d,conv,activation,41943040,-7.37634801864624,6.00469970703125,1.6880221664905548e-08,4.656612873077393e-10,0.0,FP8_E5M2,Marginal,0.04519089225886425,0.11104837610652574,0.0,0.0,
end,layer1.1.conv2,Conv2d,conv,activation,41943040,-7.37634801864624,6.00469970703125,1.6880221664905548e-08,4.656612873077393e-10,0.0,INT16,Sufficient,0.000781975816869002,1.0,,,0.0001849373197426026
end,layer1.1.conv2,Conv2d,conv,activation,41943040,-7.37634801864624,6.00469970703125,1.6880221664905548e-08,4.656612873077393e-10,0.0,INT8,Marginal,0.09171909297366347,1.0,,,0.04771528469295952
end,layer1.1.conv2,Conv2d,conv,weight_gradient,184320,-0.013850257731974125,0.015534269623458385,7.53789208829403e-09,7.275957614183426e-12,0.0,FP16,Sufficient,0.0002230723704924804,0.10541642399534071,0.0,0.0,
end,layer1.1.conv2,Conv2d,conv,weight_gradient,184320,-0.013850257731974125,0.015534269623458385,7.53789208829403e-09,7.275957614183426e-12,0.0,FP8_E4M3,Not sufficient,0.6425975799968745,1.0,0.0,0.4786,
end,layer1.1.conv2,Conv2d,conv,weight_gradient,184320,-0.013850257731974125,0.015534269623458385,7.53789208829403e-09,7.275957614183426e-12,0.0,FP8_E5M2,Marginal,0.05287714626185916,1.0,0.0,0.005,
end,layer1.1.conv2,Conv2d,conv,weight_gradient,184320,-0.013850257731974125,0.015534269623458385,7.53789208829403e-09,7.275957614183426e-12,0.0,INT16,Sufficient,0.0005437621776190169,0.9677946718948293,,,3.9333284968084445e-07
end,layer1.1.conv2,Conv2d,conv,weight_gradient,184320,-0.013850257731974125,0.015534269623458385,7.53789208829403e-09,7.275957614183426e-12,0.0,INT8,Marginal,0.07660567045551654,1.0,,,0.00010148297232671047
end,layer1.1.conv2,Conv2d,conv,weight_update,184320,-6.103888154029846e-05,5.087628960609436e-05,4.4019543565809727e-10,1.8189894035458565e-12,0.00011393229166666667,FP16,Sufficient,0.012572075204358029,1.0,0.0,0.0030501525076253814,
end,layer1.1.conv2,Conv2d,conv,weight_update,184320,-6.103888154029846e-05,5.087628960609436e-05,4.4019543565809727e-10,1.8189894035458565e-12,0.00011393229166666667,FP8_E4M3,Not sufficient,0.99995,1.0,0.0,1.0,
end,layer1.1.conv2,Conv2d,conv,weight_update,184320,-6.103888154029846e-05,5.087628960609436e-05,4.4019543565809727e-10,1.8189894035458565e-12,0.00011393229166666667,FP8_E5M2,Not sufficient,0.8454759740484198,1.0,0.0,0.7184359217960898,
end,layer1.1.conv2,Conv2d,conv,weight_update,184320,-6.103888154029846e-05,5.087628960609436e-05,4.4019543565809727e-10,1.8189894035458565e-12,0.00011393229166666667,INT16,Sufficient,0.000434748564166708,0.8315988647114474,,,1.7058093703458527e-09
end,layer1.1.conv2,Conv2d,conv,weight_update,184320,-6.103888154029846e-05,5.087628960609436e-05,4.4019543565809727e-10,1.8189894035458565e-12,0.00011393229166666667,INT8,Marginal,0.07177087676447812,1.0,,,4.4011224911907525e-07
end,layer1.1.bn2,BatchNorm2d,batchnorm,weight,64,0.4450282156467438,0.8414690494537354,0.4450282156467438,1.990795135498047e-05,0.0,FP16,Sufficient,0.00020252145027394968,0.00041744558462094265,0.0,0.0,
end,layer1.1.bn2,BatchNorm2d,batchnorm,weight,64,0.4450282156467438,0.8414690494537354,0.4450282156467438,1.990795135498047e-05,0.0,FP8_E4M3,Marginal,0.02297865568730932,0.05032208618745212,0.0,0.0,
end,layer1.1.bn2,BatchNorm2d,batchnorm,weight,64,0.4450282156467438,0.8414690494537354,0.4450282156467438,1.990795135498047e-05,0.0,FP8_E5M2,Marginal,0.037313806510651304,0.10979691512017295,0.0,0.0,
end,layer1.1.bn2,BatchNorm2d,batchnorm,weight,64,0.4450282156467438,0.8414690494537354,0.4450282156467438,1.990795135498047e-05,0.0,INT16,Sufficient,1.1353815873378032e-05,2.8739408317248235e-05,,,2.568038115951217e-05
end,layer1.1.bn2,BatchNorm2d,batchnorm,weight,64,0.4450282156467438,0.8414690494537354,0.4450282156467438,1.990795135498047e-05,0.0,INT8,Sufficient,0.002686874487008545,0.005584519359930611,,,0.006625740546879806
end,layer1.1.bn2,BatchNorm2d,batchnorm,bias,64,-0.28148072957992554,0.035853322595357895,0.00026868260465562344,7.078051567077637e-08,0.0,FP16,Sufficient,0.0001667602211954952,0.0004682542496260182,0.0,0.0,
end,layer1.1.bn2,BatchNorm2d,batchnorm,bias,64,-0.28148072957992554,0.035853322595357895,0.00026868260465562344,7.078051567077637e-08,0.0,FP8_E4M3,Not sufficient,0.04182277486939725,1.0,0.0,0.015625,
end,layer1.1.bn2,BatchNorm2d,batchnorm,bias,64,-0.28148072957992554,0.035853322595357895,0.00026868260465562344,7.078051567077637e-08,0.0,FP8_E5M2,Marginal,0.04419021329734025,0.11020033402061594,0.0,0.0,
end,layer1.1.bn2,BatchNorm2d,batchnorm,bias,64,-0.28148072957992554,0.035853322595357895,0.00026868260465562344,7.078051567077637e-08,0.0,INT16,Sufficient,0.0002622053410272492,0.008861991478059765,,,8.59037231299556e-06
end,layer1.1.bn2,BatchNorm2d,batchnorm,bias,64,-0.28148072957992554,0.035853322595357895,0.00026868260465562344,7.078051567077637e-08,0.0,INT8,Marginal,0.04339254655082471,1.0,,,0.0022163836974797286
end,layer1.1.bn2,BatchNorm2d,batchnorm,input,41943040,-7.37634801864624,6.00469970703125,1.6880221664905548e-08,4.656612873077393e-10,0.0,FP16,Sufficient,0.00017508882452312434,0.0005557408024897188,0.0,0.0,
end,layer1.1.bn2,BatchNorm2d,batchnorm,input,41943040,-7.37634801864624,6.00469970703125,1.6880221664905548e-08,4.656612873077393e-10,0.0,FP8_E4M3,Marginal,0.025442154420000362,1.0,0.0,0.00125,
end,layer1.1.bn2,BatchNorm2d,batchnorm,input,41943040,-7.37634801864624,6.00469970703125,1.6880221664905548e-08,4.656612873077393e-10,0.0,FP8_E5M2,Marginal,0.04519089225886425,0.11104837610652574,0.0,0.0,
end,layer1.1.bn2,BatchNorm2d,batchnorm,input,41943040,-7.37634801864624,6.00469970703125,1.6880221664905548e-08,4.656612873077393e-10,0.0,INT16,Sufficient,0.000781975816869002,1.0,,,0.0001849373197426026
end,layer1.1.bn2,BatchNorm2d,batchnorm,input,41943040,-7.37634801864624,6.00469970703125,1.6880221664905548e-08,4.656612873077393e-10,0.0,INT8,Marginal,0.09171909297366347,1.0,,,0.04771528469295952
end,layer1.1.bn2,BatchNorm2d,batchnorm,activation,41943040,-5.855313777923584,6.187885761260986,1.578671060542547e-08,1.4551915228366852e-10,0.0,FP16,Sufficient,0.00017685975819318908,0.001344777273645032,0.0,0.0,
end,layer1.1.bn2,BatchNorm2d,batchnorm,activation,41943040,-5.855313777923584,6.187885761260986,1.578671060542547e-08,1.4551915228366852e-10,0.0,FP8_E4M3,Marginal,0.024856601795434505,1.0,0.0,0.00105,
end,layer1.1.bn2,BatchNorm2d,batchnorm,activation,41943040,-5.855313777923584,6.187885761260986,1.578671060542547e-08,1.4551915228366852e-10,0.0,FP8_E5M2,Marginal,0.04524171234069786,1.0,0.0,5e-05,
end,layer1.1.bn2,BatchNorm2d,batchnorm,activation,41943040,-5.855313777923584,6.187885761260986,1.578671060542547e-08,1.4551915228366852e-10,0.0,INT16,Sufficient,0.0004662748923659029,1.0,,,0.00011578964518391843
end,layer1.1.bn2,BatchNorm2d,batchnorm,activation,41943040,-5.855313777923584,6.187885761260986,1.578671060542547e-08,1.4551915228366852e-10,0.0,INT8,Marginal,0.05969634884346567,1.0,,,0.029874640186940592
end,layer1.1.bn2,BatchNorm2d,batchnorm,weight_gradient,320,-0.014957145787775517,0.01104028895497322,1.0174896488024388e-05,4.2782630771398544e-08,0.0,FP16,Sufficient,0.00018682726542047708,0.0017196999092820085,0.0,0.0,
end,layer1.1.bn2,BatchNorm2d,batchnorm,weight_gradient,320,-0.014957145787775517,0.01104028895497322,1.0174896488024388e-05,4.2782630771398544e-08,0.0,FP8_E4M3,Not sufficient,0.3558054370395474,1.0,0.0,0.203125,
end,layer1.1.bn2,BatchNorm2d,batchnorm,weight_gradient,320,-0.014957145787775517,0.01104028895497322,1.0174896488024388e-05,4.2782630771398544e-08,0.0,FP8_E5M2,Marginal,0.049424331765743214,0.49965054489342803,0.0,0.0,
end,layer1.1.bn2,BatchNorm2d,batchnorm,weight_gradient,320,-0.014957145787775517,0.01104028895497322,1.0174896488024388e-05,4.2782630771398544e-08,0.0,INT16,Sufficient,0.0002175018654290567,0.013028239461918707,,,4.564697954580986e-07
end,layer1.1.bn2,BatchNorm2d,batchnorm,weight_gradient,320,-0.014957145787775517,0.01104028895497322,1.0174896488024388e-05,4.2782630771398544e-08,0.0,INT8,Marginal,0.04125269633545488,1.0,,,0.00011777280147854737
end,layer1.1.bn2,BatchNorm2d,batchnorm,weight_update,320,-4.369020462036133e-05,5.072355270385742e-05,1.7881393432617188e-07,2.9802322387695312e-08,0.0,FP16,Sufficient,5.1286925869093826e-05,0.007874015748031496,0.0,0.0,
end,layer1.1.bn2,BatchNorm2d,batchnorm,weight_update,320,-4.369020462036133e-05,5.072355270385742e-05,1.7881393432617188e-07,2.9802322387695312e-08,0.0,FP8_E4M3,Not sufficient,1.0,1.0,0.0,1.0,
end,layer1.1.bn2,BatchNorm2d,batchnorm,weight_update,320,-4.369020462036133e-05,5.072355270385742e-05,1.7881393432617188e-07,2.9802322387695312e-08,0.0,FP8_E5M2,Not sufficient,0.5043750311672341,1.0,0.0,0.33125,
end,layer1.1.bn2,BatchNorm2d,batchnorm,weight_update,320,-4.369020462036133e-05,5.072355270385742e-05,1.7881393432617188e-07,2.9802322387695312e-08,0.0,INT16,Sufficient,7.961692857325285e-05,0.004221727144179639,,,1.5480072238489158e-09
end,layer1.1.bn2,BatchNorm2d,batchnorm,weight_update,320,-4.369020462036133e-05,5.072355270385742e-05,1.7881393432617188e-07,2.9802322387695312e-08,0.0,INT8,Marginal,0.022609845599887535,1.0,,,3.993980527862789e-07
end,layer2.0.conv1,Conv2d,conv,weight,73728,-0.08873488754034042,0.13053260743618011,1.0619825161484187e-06,2.3283064365386963e-10,0.0,FP16,Sufficient,0.0001791250100840621,0.011180521937699979,0.0,0.0,
end,layer2.0.conv1,Conv2d,conv,weight,73728,-0.08873488754034042,0.13053260743618011,1.0619825161484187e-06,2.3283064365386963e-10,0.0,FP8_E4M3,Not sufficient,0.08717709286449397,1.0,0.0,0.0297,
end,layer2.0.conv1,Conv2d,conv,weight,73728,-0.08873488754034042,0.13053260743618011,1.0619825161484187e-06,2.3283064365386963e-10,0.0,FP8_E5M2,Marginal,0.04537476938508886,1.0,0.0,0.00055,
end,layer2.0.conv1,Conv2d,conv,weight,73728,-0.08873488754034042,0.13053260743618011,1.0619825161484187e-06,2.3283064365386963e-10,0.0,INT16,Sufficient,0.00035909371237089014,0.9907952353994375,,,3.0619514673547187e-06
end,layer2.0.conv1,Conv2d,conv,weight,73728,-0.08873488754034042,0.13053260743618011,1.0619825161484187e-06,2.3283064365386963e-10,0.0,INT8,Marginal,0.039763160647920105,1.0,,,0.0007900075884315911
end,layer2.0.conv1,Conv2d,conv,input,41943040,0.0,12.149358749389648,2.9802322387695312e-08,4.656612873077393e-10,0.3485328197479248,FP16,Sufficient,0.00011496316684296512,0.00048271818027435294,0.0,0.0,
end,layer2.0.conv1,Conv2d,conv,input,41943040,0.0,12.149358749389648,2.9802322387695312e-08,4.656612873077393e-10,0.3485328197479248,FP8_E4M3,Sufficient,0.01568844131533716,1.0,0.0,0.0007698229407236335,
end,layer2.0.conv1,Conv2d,conv,input,41943040,0.0,12.149358749389648,2.9802322387695312e-08,4.656612873077393e-10,0.3485328197479248,FP8_E5M2,Marginal,0.029264842427726204,0.11109392169183445,0.0,0.0,
end,layer2.0.conv1,Conv2d,conv,input,41943040,0.0,12.149358749389648,2.9802322387695312e-08,4.656612873077393e-10,0.3485328197479248,INT16,Sufficient,0.0003101808643525895,1.0,,,0.00022882720638057094
end,layer2.0.conv1,Conv2d,conv,input,41943040,0.0,12.149358749389648,2.9802322387695312e-08,4.656612873077393e-10,0.3485328197479248,INT8,Marginal,0.04279695318442075,1.0,,,0.05903922103521392
end,layer2.0.conv1,Conv2d,conv,activation,20971520,-9.339177131652832,10.409513473510742,4.9003364921418324e-08,3.4924596548080444e-10,0.0,FP16,Sufficient,0.0001778437806133463,0.0004843677281849253,0.0,0.0,
end,layer2.0.conv1,Conv2d,conv,activation,20971520,-9.339177131652832,10.409513473510742,4.9003364921418324e-08,3.4924596548080444e-10,0.0,FP8_E4M3,Marginal,0.0238715997113432,1.0,0.0,0.0008,
end,layer2.0.conv1,Conv2d,conv,activation,20971520,-9.339177131652832,10.409513473510742,4.9003364921418324e-08,3.4924596548080444e-10,0.0,FP8_E5M2,Marginal,0.044963091299211326,0.11110056169964583,0.0,0.0,
end,layer2.0.conv1,Conv2d,conv,activation,20971520,-9.339177131652832,10.409513473510742,4.9003364921418324e-08,3.4924596548080444e-10,0.0,INT16,Sufficient,0.0004753186699228255,1.0,,,0.00022284806394983037
end,layer2.0.conv1,Conv2d,conv,activation,20971520,-9.339177131652832,10.409513473510742,4.9003364921418324e-08,3.4924596548080444e-10,0.0,INT8,Marginal,0.056021501389942226,1.0,,,0.057496555208221195
end,layer2.0.conv1,Conv2d,conv,weight_gradient,368640,-0.010617907159030437,0.011594383977353573,1.7067236512957606e-10,1.8189894035458565e-12,0.0,FP16,Sufficient,0.00023105667248872298,0.0880306008606492,0.0,0.0,
end,layer2.0.conv1,Conv2d,conv,weight_gradient,368640,-0.010617907159030437,0.011594383977353573,1.7067236512957606e-10,1.8189894035458565e-12,0.0,FP8_E4M3,Not sufficient,0.7277747879907549,1.0,0.0,0.57125,
end,layer2.0.conv1,Conv2d,conv,weight_gradient,368640,-0.010617907159030437,0.011594383977353573,1.7067236512957606e-10,1.8189894035458565e-12,0.0,FP8_E5M2,Marginal,0.05392488271582964,1.0,0.0,0.00495,
end,layer2.0.conv1,Conv2d,conv,weight_gradient,368640,-0.010617907159030437,0.011594383977353573,1.7067236512957606e-10,1.8189894035458565e-12,0.0,INT16,Sufficient,0.00043177992196267247,1.0,,,2.642888085218637e-07
end,layer2.0.conv1,Conv2d,conv,weight_gradient,368640,-0.010617907159030437,0.011594383977353573,1.7067236512957606e-10,1.8189894035458565e-12,0.0,INT8,Marginal,0.06511375089908969,1.0,,,6.818859361288116e-05
end,layer2.0.conv1,Conv2d,conv,weight_update,368640,-5.006324499845505e-05,4.067458212375641e-05,4.3655745685100555e-11,1.8189894035458565e-12,8.951822916666666e-05,FP16,Sufficient,0.015874173461034848,1.0,0.0,0.0040506075911386705,
end,layer2.0.conv1,Conv2d,conv,weight_update,368640,-5.006324499845505e-05,4.067458212375641e-05,4.3655745685100555e-11,1.8189894035458565e-12,8.951822916666666e-05,FP8_E4M3,Not sufficient,0.99985,1.0,0.0,1.0,
end,layer2.0.conv1,Conv2d,conv,weight_update,368640,-5.006324499845505e-05,4.067458212375641e-05,4.3655745685100555e-11,1.8189894035458565e-12,8.951822916666666e-05,FP8_E5M2,Not sufficient,0.9005693673611451,1.0,0.0,0.8063709556433465,
end,layer2.0.conv1,Conv2d,conv,weight_update,368640,-5.006324499845505e-05,4.067458212375641e-05,4.3655745685100555e-11,1.8189894035458565e-12,8.951822916666666e-05,INT16,Sufficient,0.00036513120309027744,0.23444318979461043,,,1.1496648097360604e-09
end,layer2.0.conv1,Conv2d,conv,weight_update,368640,-5.006324499845505e-05,4.067458212375641e-05,4.3655745685100555e-11,1.8189894035458565e-12,8.951822916666666e-05,INT8,Marginal,0.06160073462173149,1.0,,,2.966225733907204e-07
end,layer2.0.bn1,BatchNorm2d,batchnorm,weight,128,0.5768190026283264,0.7629515528678894,0.5768190026283264,2.384185791015625e-07,0.0,FP16,Sufficient,0.00020668905121639704,0.000382921581262758,0.0,0.0,
end,layer2.0.bn1,BatchNorm2d,batchnorm,weight,128,0.5768190026283264,0.7629515528678894,0.5768190026283264,2.384185791015625e-07,0.0,FP8_E4M3,Marginal,0.022475773253810147,0.049238174211745034,0.0,0.0,
end,layer2.0.bn1,BatchNorm2d,batchnorm,weight,128,0.5768190026283264,0.7629515528678894,0.5768190026283264,2.384185791015625e-07,0.0,FP8_E5M2,Marginal,0.03400203707083041,0.08950045150121883,0.0,0.0,
end,layer2.0.bn1,BatchNorm2d,batchnorm,weight,128,0.5768190026283264,0.7629515528678894,0.5768190026283264,2.384185791015625e-07,0.0,INT16,Sufficient,9.041188738231577e-06,1.8178905337427606e-05,,,2.3284144195925456e-05
end,layer2.0.bn1,BatchNorm2d,batchnorm,weight,128,0.5768190026283264,0.7629515528678894,0.5768190026283264,2.384185791015625e-07,0.0,INT8,Sufficient,0.0022986164793320106,0.004825718606922213,,,0.006007492542266846
end,layer2.0.bn1,BatchNorm2d,batchnorm,bias,128,-0.11947265267372131,0.010709960013628006,0.002665522275492549,7.657334208488464e-06,0.0,FP16,Sufficient,0.00017240516274660863,0.00042177036900405634,0.0,0.0,
end,layer2.0.bn1,BatchNorm2d,batchnorm,bias,128,-0.11947265267372131,0.010709960013628006,0.002665522275492549,7.657334208488464e-06,0.0,FP8_E4M3,Marginal,0.026885936105471485,0.2672636736306803,0.0,0.0,
end,layer2.0.bn1,BatchNorm2d,batchnorm,bias,128,-0.11947265267372131,0.010709960013628006,0.002665522275492549,7.657334208488464e-06,0.0,FP8_E5M2,Marginal,0.0387518657190179,0.10715331444243009,0.0,0.0,
end,layer2.0.bn1,BatchNorm2d,batchnorm,bias,128,-0.11947265267372131,0.010709960013628006,0.002665522275492549,7.657334208488464e-06,0.0,INT16,Sufficient,3.67988911836275e-05,0.00021373526502089518,,,3.6461272827454853e-06
end,layer2.0.bn1,BatchNorm2d,batchnorm,bias,128,-0.11947265267372131,0.010709960013628006,0.002665522275492549,7.657334208488464e-06,0.0,INT8,Sufficient,0.010891945102325551,0.08318408451853238,,,0.0009407295486119788
end,layer2.0.bn1,BatchNorm2d,batchnorm,input,20971520,-9.339177131652832,10.409513473510742,4.9003364921418324e-08,3.4924596548080444e-10,0.0,FP16,Sufficient,0.0001778437806133463,0.0004843677281849253,0.0,0.0,
end,layer2.0.bn1,BatchNorm2d,batchnorm,input,20971520,-9.339177131652832,10.409513473510742,4.9003364921418324e-08,3.4924596548080444e-10,0.0,FP8_E4M3,Marginal,0.0238715997113432,1.0,0.0,0.0008,
end,layer2.0.bn1,BatchNorm2d,batchnorm,input,20971520,-9.339177131652832,10.409513473510742,4.9003364921418324e-08,3.4924596548080444e-10,0.0,FP8_E5M2,Marginal,0.044963091299211326,0.11110056169964583,0.0,0.0,
end,layer2.0.bn1,BatchNorm2d,batchnorm,input,20971520,-9.339177131652832,10.409513473510742,4.9003364921418324e-08,3.4924596548080444e-10,0.0,INT16,Sufficient,0.0004753186699228255,1.0,,,0.00022284806394983037
end,layer2.0.bn1,BatchNorm2d,batchnorm,input,20971520,-9.339177131652832,10.409513473510742,4.9003364921418324e-08,3.4924596548080444e-10,0.0,INT8,Marginal,0.056021501389942226,1.0,,,0.057496555208221195
end,layer2.0.bn1,BatchNorm2d,batchnorm,activation,20971520,-4.82840633392334,5.222721576690674,2.9271049584167486e-08,2.3283064365386963e-10,0.0,FP16,Sufficient,0.00017563896641534268,0.0005050635448846578,0.0,0.0,
end,layer2.0.bn1,BatchNorm2d,batchnorm,activation,20971520,-4.82840633392334,5.222721576690674,2.9271049584167486e-08,2.3283064365386963e-10,0.0,FP8_E4M3,Marginal,0.025538987853037754,1.0,0.0,0.00155,
end,layer2.0.bn1,BatchNorm2d,batchnorm,activation,20971520,-4.82840633392334,5.222721576690674,2.9271049584167486e-08,2.3283064365386963e-10,0.0,FP8_E5M2,Marginal,0.04487183301198312,0.2598305780755966,0.0,0.0,
end,layer2.0.bn1,BatchNorm2d,batchnorm,activation,20971520,-4.82840633392334,5.222721576690674,2.9271049584167486e-08,2.3283064365386963e-10,0.0,INT16,Sufficient,0.0004443113644360164,1.0,,,0.00010583044702847323
end,layer2.0.bn1,BatchNorm2d,batchnorm,activation,20971520,-4.82840633392334,5.222721576690674,2.9271049584167486e-08,2.3283064365386963e-10,0.0,INT8,Marginal,0.053974718144550515,1.0,,,0.02730508864395262
end,layer2.0.bn1,BatchNorm2d,batchnorm,weight_gradient,640,-0.01352457981556654,0.02079066075384617,1.8583611449685122e-07,2.6309862732887268e-08,0.0,FP16,Sufficient,0.00025574844089861566,0.03778695109770136,0.0,0.0,
end,layer2.0.bn1,BatchNorm2d,batchnorm,weight_gradient,640,-0.01352457981556654,0.02079066075384617,1.8583611449685122e-07,2.6309862732887268e-08,0.0,FP8_E4M3,Not sufficient,0.4787845024995246,1.0,0.0,0.3203125,
end,layer2.0.bn1,BatchNorm2d,batchnorm,weight_gradient,640,-0.01352457981556654,0.02079066075384617,1.8583611449685122e-07,2.6309862732887268e-08,0.0,FP8_E5M2,Marginal,0.0495737859656104,1.0,0.0,0.00625,
end,layer2.0.bn1,BatchNorm2d,batchnorm,weight_gradient,640,-0.01352457981556654,0.02079066075384617,1.8583611449685122e-07,2.6309862732887268e-08,0.0,INT16,Sufficient,0.0021186389581984563,1.0,,,6.344999772284972e-07
end,layer2.0.bn1,BatchNorm2d,batchnorm,weight_gradient,640,-0.01352457981556654,0.02079066075384617,1.8583611449685122e-07,2.6309862732887268e-08,0.0,INT8,Marginal,0.08275615446016205,1.0,,,0.0001637059901877651
end,layer2.0.bn1,BatchNorm2d,batchnorm,weight_update,640,-4.8041343688964844e-05,4.1425228118896484e-05,5.960464477539063e-08,5.960464477539063e-08,0.0015625,FP16,Sufficient,0.0,0.0,0.0,0.0,
end,layer2.0.bn1,BatchNorm2d,batchnorm,weight_update,640,-4.8041343688964844e-05,4.1425228118896484e-05,5.960464477539063e-08,5.960464477539063e-08,0.0015625,FP8_E4M3,Not sufficient,0.9984375,1.0,0.0,1.0,
end,layer2.0.bn1,BatchNorm2d,batchnorm,weight_update,640,-4.8041343688964844e-05,4.1425228118896484e-05,5.960464477539063e-08,5.960464477539063e-08,0.0015625,FP8_E5M2,Not sufficient,0.6596274475374472,1.0,0.0,0.5070422535211268,
end,layer2.0.bn1,BatchNorm2d,batchnorm,weight_update,640,-4.8041343688964844e-05,4.1425228118896484e-05,5.960464477539063e-08,5.960464477539063e-08,0.0015625,INT16,Sufficient,0.00014027788176184487,0.008514664143803197,,,1.4661502026113116e-09
end,layer2.0.bn1,BatchNorm2d,batchnorm,weight_update,640,-4.8041343688964844e-05,4.1425228118896484e-05,5.960464477539063e-08,5.960464477539063e-08,0.0015625,INT8,Marginal,0.03538894384611139,1.0,,,3.782782967635027e-07
end,layer2.0.conv2,Conv2d,conv,weight,147456,-0.09027111530303955,0.0939822643995285,7.191862749778011e-08,5.820766091346741e-11,0.0,FP16,Sufficient,0.00018097163967502442,0.019098273803571382,0.0,0.0,
end,layer2.0.conv2,Conv2d,conv,weight,147456,-0.09027111530303955,0.0939822643995285,7.191862749778011e-08,5.820766091346741e-11,0.0,FP8_E4M3,Not sufficient,0.10728869864285784,1.0,0.0,0.0421,
end,layer2.0.conv2,Conv2d,conv,weight,147456,-0.09027111530303955,0.0939822643995285,7.191862749778011e-08,5.820766091346741e-11,0.0,FP8_E5M2,Marginal,0.04558178553125595,1.0,0.0,0.00035,
end,layer2.0.conv2,Conv2d,conv,weight,147456,-0.09027111530303955,0.0939822643995285,7.191862749778011e-08,5.820766091346741e-11,0.0,INT16,Sufficient,0.0002659248384229974,1.0,,,2.446751158773057e-06
end,layer2.0.conv2,Conv2d,conv,weight,147456,-0.09027111530303955,0.0939822643995285,7.191862749778011e-08,5.820766091346741e-11,0.0,INT8,Marginal,0.04182691135162671,1.0,,,0.0006312810647206043
end,layer2.0.conv2,Conv2d,conv,input,20971520,0.0,5.222721576690674,2.9271049584167486e-08,9.313225746154785e-10,0.5262411117553711,FP16,Sufficient,8.368790503959844e-05,0.0005050635448846578,0.0,0.0,
end,layer2.0.conv2,Conv2d,conv,input,20971520,0.0,5.222721576690674,2.9271049584167486e-08,9.313225746154785e-10,0.5262411117553711,FP8_E4M3,Sufficient,0.012432243162044814,1.0,0.0,0.0019945412555112322,
end,layer2.0.conv2,Conv2d,conv,input,20971520,0.0,5.222721576690674,2.9271049584167486e-08,9.313225746154785e-10,0.5262411117553711,FP8_E5M2,Marginal,0.02135686515220274,0.2598305780755966,0.0,0.0,
end,layer2.0.conv2,Conv2d,conv,input,20971520,0.0,5.222721576690674,2.9271049584167486e-08,9.313225746154785e-10,0.5262411117553711,INT16,Sufficient,0.0003035638474247011,1.0,,,0.00010583044702847323
end,layer2.0.conv2,Conv2d,conv,input,20971520,0.0,5.222721576690674,2.9271049584167486e-08,9.313225746154785e-10,0.5262411117553711,INT8,Marginal,0.0277088203748703,1.0,,,0.02730508864395262
end,layer2.0.conv2,Conv2d,conv,activation,20971520,-6.227690696716309,5.999314785003662,1.3969838619232178e-09,4.656612873077393e-10,0.0,FP16,Sufficient,0.0001761563327034662,0.00048637402090717213,0.0,0.0,
end,layer2.0.conv2,Conv2d,conv,activation,20971520,-6.227690696716309,5.999314785003662,1.3969838619232178e-09,4.656612873077393e-10,0.0,FP8_E4M3,Marginal,0.02459371072717623,1.0,0.0,0.001,
end,layer2.0.conv2,Conv2d,conv,activation,20971520,-6.227690696716309,5.999314785003662,1.3969838619232178e-09,4.656612873077393e-10,0.0,FP8_E5M2,Marginal,0.044741454231603216,0.11104565287876123,0.0,0.0,
end,layer2.0.conv2,Conv2d,conv,activation,20971520,-6.227690696716309,5.999314785003662,1.3969838619232178e-09,4.656612873077393e-10,0.0,INT16,Sufficient,0.00031100811143472407,0.1995113985662838,,,0.00012681748129448578
end,layer2.0.conv2,Conv2d,conv,activation,20971520,-6.227690696716309,5.999314785003662,1.3969838619232178e-09,4.656612873077393e-10,0.0,INT8,Marginal,0.052844258597765134,1.0,,,0.03271990873682217
end,layer2.0.conv2,Conv2d,conv,weight_gradient,737280,-0.008710904978215694,0.0102486377581954,1.2223608791828156e-09,3.637978807091713e-12,0.0,FP16,Sufficient,0.00026672357865271907,0.41926541926541927,0.0,0.0,
end,layer2.0.conv2,Conv2d,conv,weight_gradient,737280,-0.008710904978215694,0.0102486377581954,1.2223608791828156e-09,3.637978807091713e-12,0.0,FP8_E4M3,Not sufficient,0.7408685034139783,1.0,0.0,0.5868,
end,layer2.0.conv2,Conv2d,conv,weight_gradient,737280,-0.008710904978215694,0.0102486377581954,1.2223608791828156e-09,3.637978807091713e-12,0.0,FP8_E5M2,Marginal,0.05439301083318167,1.0,0.0,0.0057,
end,layer2.0.conv2,Conv2d,conv,weight_gradient,737280,-0.008710904978215694,0.0102486377581954,1.2223608791828156e-09,3.637978807091713e-12,0.0,INT16,Sufficient,0.0005480522874646285,1.0,,,2.8834809346016693e-07
end,layer2.0.conv2,Conv2d,conv,weight_gradient,737280,-0.008710904978215694,0.0102486377581954,1.2223608791828156e-09,3.637978807091713e-12,0.0,INT8,Marginal,0.07059857786196046,1.0,,,7.439607857015189e-05
end,layer2.0.conv2,Conv2d,conv,weight_update,737280,-3.927573561668396e-05,3.527756780385971e-05,1.7462298274040222e-10,4.547473508864641e-13,0.00010986328125,FP16,Sufficient,0.01643156411543323,1.0,0.0,0.00465046504650465,
end,layer2.0.conv2,Conv2d,conv,weight_update,737280,-3.927573561668396e-05,3.527756780385971e-05,1.7462298274040222e-10,4.547473508864641e-13,0.00010986328125,FP8_E4M3,Not sufficient,0.9999,1.0,0.0,1.0,
end,layer2.0.conv2,Conv2d,conv,weight_update,737280,-3.927573561668396e-05,3.527756780385971e-05,1.7462298274040222e-10,4.547473508864641e-13,0.00010986328125,FP8_E5M2,Not sufficient,0.9223103031930717,1.0,0.0,0.8318831883188319,
end,layer2.0.conv2,Conv2d,conv,weight_update,737280,-3.927573561668396e-05,3.527756780385971e-05,1.7462298274040222e-10,4.547473508864641e-13,0.00010986328125,INT16,Sufficient,0.00027319342944382666,0.18919644764549695,,,9.229379144539878e-10
end,layer2.0.conv2,Conv2d,conv,weight_update,737280,-3.927573561668396e-05,3.527756780385971e-05,1.7462298274040222e-10,4.547473508864641e-13,0.00010986328125,INT8,Marginal,0.0531364714759159,1.0,,,2.381252491568017e-07
end,layer2.0.bn2,BatchNorm2d,batchnorm,weight,128,0.5511055588722229,0.7412242889404297,0.5511055588722229,8.225440979003906e-06,0.0,FP16,Sufficient,0.0001869202584624544,0.0003925574207082355,0.0,0.0,
end,layer2.0.bn2,BatchNorm2d,batchnorm,weight,128,0.5511055588722229,0.7412242889404297,0.5511055588722229,8.225440979003906e-06,0.0,FP8_E4M3,Marginal,0.02485706517986425,0.047608234862314656,0.0,0.0,
end,layer2.0.bn2,BatchNorm2d,batchnorm,weight,128,0.5511055588722229,0.7412242889404297,0.5511055588722229,8.225440979003906e-06,0.0,FP8_E5M2,Marginal,0.03530124019382803,0.0927327951051788,0.0,0.0,
end,layer2.0.bn2,BatchNorm2d,batchnorm,weight,128,0.5511055588722229,0.7412242889404297,0.5511055588722229,8.225440979003906e-06,0.0,INT16,Sufficient,8.790521316471352e-06,2.0473964252897454e-05,,,2.2621060485867785e-05
end,layer2.0.bn2,BatchNorm2d,batchnorm,weight,128,0.5511055588722229,0.7412242889404297,0.5511055588722229,8.225440979003906e-06,0.0,INT8,Sufficient,0.002406058106055109,0.005021281127684343,,,0.005836411723940391
end,layer2.0.bn2,BatchNorm2d,batchnorm,bias,128,-0.10196266323328018,0.02088530920445919,0.0004361561732366681,2.284906804561615e-05,0.0,FP16,Sufficient,0.000159322615217073,0.00041917373265957483,0.0,0.0,
end,layer2.0.bn2,BatchNorm2d,batchnorm,bias,128,-0.10196266323328018,0.02088530920445919,0.0004361561732366681,2.284906804561615e-05,0.0,FP8_E4M3,Not sufficient,0.041939735234755936,1.0,0.0,0.015625,
end,layer2.0.bn2,BatchNorm2d,batchnorm,bias,128,-0.10196266323328018,0.02088530920445919,0.0004361561732366681,2.284906804561615e-05,0.0,FP8_E5M2,Marginal,0.040697953253734445,0.10923836021494286,0.0,0.0,
end,layer2.0.bn2,BatchNorm2d,batchnorm,bias,128,-0.10196266323328018,0.02088530920445919,0.0004361561732366681,2.284906804561615e-05,0.0,INT16,Sufficient,5.130167480671117e-05,0.0011724760451862393,,,3.1117485040827716e-06
end,layer2.0.bn2,BatchNorm2d,batchnorm,bias,128,-0.10196266323328018,0.02088530920445919,0.0004361561732366681,2.284906804561615e-05,0.0,INT8,Sufficient,0.017097535424632687,0.8407526140285368,,,0.0008028556160100802
end,layer2.0.bn2,BatchNorm2d,batchnorm,input,20971520,-6.227690696716309,5.999314785003662,1.3969838619232178e-09,4.656612873077393e-10,0.0,FP16,Sufficient,0.0001761563327034662,0.00048637402090717213,0.0,0.0,
end,layer2.0.bn2,BatchNorm2d,batchnorm,input,20971520,-6.227690696716309,5.999314785003662,1.3969838619232178e-09,4.656612873077393e-10,0.0,FP8_E4M3,Marginal,0.02459371072717623,1.0,0.0,0.001,
end,layer2.0.bn2,BatchNorm2d,batchnorm,input,20971520,-6.227690696716309,5.999314785003662,1.3969838619232178e-09,4.656612873077393e-10,0.0,FP8_E5M2,Marginal,0.044741454231603216,0.11104565287876123,0.0,0.0,
end,layer2.0.bn2,BatchNorm2d,batchnorm,input,20971520,-6.227690696716309,5.999314785003662,1.3969838619232178e-09,4.656612873077393e-10,0.0,INT16,Sufficient,0.00031100811143472407,0.1995113985662838,,,0.00012681748129448578
end,layer2.0.bn2,BatchNorm2d,batchnorm,input,20971520,-6.227690696716309,5.999314785003662,1.3969838619232178e-09,4.656612873077393e-10,0.0,INT8,Marginal,0.052844258597765134,1.0,,,0.03271990873682217
end,layer2.0.bn2,BatchNorm2d,batchnorm,activation,20971520,-5.37431526184082,5.974532604217529,2.8085821668355493e-08,1.1641532182693481e-10,0.0,FP16,Sufficient,0.0001769429134602794,0.0009805646313459176,0.0,0.0,
end,layer2.0.bn2,BatchNorm2d,batchnorm,activation,20971520,-5.37431526184082,5.974532604217529,2.8085821668355493e-08,1.1641532182693481e-10,0.0,FP8_E4M3,Marginal,0.02554034054121123,1.0,0.0,0.0017,
end,layer2.0.bn2,BatchNorm2d,batchnorm,activation,20971520,-5.37431526184082,5.974532604217529,2.8085821668355493e-08,1.1641532182693481e-10,0.0,FP8_E5M2,Marginal,0.044852595442159304,0.2891393311343558,0.0,0.0,
end,layer2.0.bn2,BatchNorm2d,batchnorm,activation,20971520,-5.37431526184082,5.974532604217529,2.8085821668355493e-08,1.1641532182693481e-10,0.0,INT16,Sufficient,0.0005737911875888726,1.0,,,0.00012983259917666187
end,layer2.0.bn2,BatchNorm2d,batchnorm,activation,20971520,-5.37431526184082,5.974532604217529,2.8085821668355493e-08,1.1641532182693481e-10,0.0,INT8,Marginal,0.06294588163463191,1.0,,,0.03349783289150929
end,layer2.0.bn2,BatchNorm2d,batchnorm,weight_gradient,640,-0.01886623352766037,0.02174909971654415,2.2738415736967e-06,1.6298145055770874e-09,0.0,FP16,Sufficient,0.0001870928448371823,0.0038987202689955993,0.0,0.0,
end,layer2.0.bn2,BatchNorm2d,batchnorm,weight_gradient,640,-0.01886623352766037,0.02174909971654415,2.2738415736967e-06,1.6298145055770874e-09,0.0,FP8_E4M3,Not sufficient,0.40385083747863393,1.0,0.0,0.246875,
end,layer2.0.bn2,BatchNorm2d,batchnorm,weight_gradient,640,-0.01886623352766037,0.02174909971654415,2.2738415736967e-06,1.6298145055770874e-09,0.0,FP8_E5M2,Marginal,0.04851070720501405,1.0,0.0,0.0015625,
end,layer2.0.bn2,BatchNorm2d,batchnorm,weight_gradient,640,-0.01886623352766037,0.02174909971654415,2.2738415736967e-06,1.6298145055770874e-09,0.0,INT16,Sufficient,0.0004573855150456019,0.12427921961862771,,,6.637501057937606e-07
end,layer2.0.bn2,BatchNorm2d,batchnorm,weight_gradient,640,-0.01886623352766037,0.02174909971654415,2.2738415736967e-06,1.6298145055770874e-09,0.0,INT8,Marginal,0.06000512703951903,1.0,,,0.000171252753673576
end,layer2.0.bn2,BatchNorm2d,batchnorm,weight_update,640,-7.981061935424805e-05,4.976987838745117e-05,5.960464477539063e-08,5.960464477539063e-08,0.0015625,FP16,Sufficient,0.0,0.0,0.0,0.0,
end,layer2.0.bn2,BatchNorm2d,batchnorm,weight_update,640,-7.981061935424805e-05,4.976987838745117e-05,5.960464477539063e-08,5.960464477539063e-08,0.0015625,FP8_E4M3,Not sufficient,0.9984375,1.0,0.0,1.0,
end,layer2.0.bn2,BatchNorm2d,batchnorm,weight_update,640,-7.981061935424805e-05,4.976987838745117e-05,5.960464477539063e-08,5.960464477539063e-08,0.0015625,FP8_E5M2,Not sufficient,0.5558672367227921,1.0,0.0,0.38028169014084506,
end,layer2.0.bn2,BatchNorm2d,batchnorm,weight_update,640,-7.981061935424805e-05,4.976987838745117e-05,5.960464477539063e-08,5.960464477539063e-08,0.0015625,INT16,Sufficient,0.00018293010430988762,0.019257179479354347,,,2.4357011430478238e-09
end,layer2.0.bn2,BatchNorm2d,batchnorm,weight_update,640,-7.981061935424805e-05,4.976987838745117e-05,5.960464477539063e-08,5.960464477539063e-08,0.0015625,INT8,Marginal,0.05451459645712449,1.0,,,6.284300736554965e-07
end,layer2.0.shortcut.0,Conv2d,conv,weight,8192,-0.19344107806682587,0.28574156761169434,2.4195858259190572e-06,1.1175870895385742e-08,0.0,FP16,Sufficient,0.00017790803303330938,0.010003616987946475,0.0,0.0,
end,layer2.0.shortcut.0,Conv2d,conv,weight,8192,-0.19344107806682587,0.28574156761169434,2.4195858259190572e-06,1.1175870895385742e-08,0.0,FP8_E4M3,Not sufficient,0.04602890379972404,1.0,0.0,0.011474609375,
end,layer2.0.shortcut.0,Conv2d,conv,weight,8192,-0.19344107806682587,0.28574156761169434,2.4195858259190572e-06,1.1175870895385742e-08,0.0,FP8_E5M2,Marginal,0.044749060975856056,1.0,0.0,0.0001220703125,
end,layer2.0.shortcut.0,Conv2d,conv,weight,8192,-0.19344107806682587,0.28574156761169434,2.4195858259190572e-06,1.1175870895385742e-08,0.0,INT16,Sufficient,0.0003759834129288518,1.0,,,8.720406738843785e-06
end,layer2.0.shortcut.0,Conv2d,conv,weight,8192,-0.19344107806682587,0.28574156761169434,2.4195858259190572e-06,1.1175870895385742e-08,0.0,INT8,Marginal,0.041097050330170644,1.0,,,0.0022499336032416875
end,layer2.0.shortcut.0,Conv2d,conv,input,41943040,0.0,12.149358749389648,2.9802322387695312e-08,4.656612873077393e-10,0.3485328197479248,FP16,Sufficient,0.00011496316684296512,0.00048271818027435294,0.0,0.0,
end,layer2.0.shortcut.0,Conv2d,conv,input,41943040,0.0,12.149358749389648,2.9802322387695312e-08,4.656612873077393e-10,0.3485328197479248,FP8_E4M3,Sufficient,0.01568844131533716,1.0,0.0,0.0007698229407236335,
end,layer2.0.shortcut.0,Conv2d,conv,input,41943040,0.0,12.149358749389648,2.9802322387695312e-08,4.656612873077393e-10,0.3485328197479248,FP8_E5M2,Marginal,0.029264842427726204,0.11109392169183445,0.0,0.0,
end,layer2.0.shortcut.0,Conv2d,conv,input,41943040,0.0,12.149358749389648,2.9802322387695312e-08,4.656612873077393e-10,0.3485328197479248,INT16,Sufficient,0.0003101808643525895,1.0,,,0.00022882720638057094
end,layer2.0.shortcut.0,Conv2d,conv,input,41943040,0.0,12.149358749389648,2.9802322387695312e-08,4.656612873077393e-10,0.3485328197479248,INT8,Marginal,0.04279695318442075,1.0,,,0.05903922103521392
end,layer2.0.shortcut.0,Conv2d,conv,activation,20971520,-4.50870943069458,4.414087772369385,3.1505464903602842e-09,4.656612873077393e-10,0.0,FP16,Sufficient,0.00017560639831439563,0.0004869731993497035,0.0,0.0,
end,layer2.0.shortcut.0,Conv2d,conv,activation,20971520,-4.50870943069458,4.414087772369385,3.1505464903602842e-09,4.656612873077393e-10,0.0,FP8_E4M3,Marginal,0.026078089522652975,1.0,0.0,0.00215,
end,layer2.0.shortcut.0,Conv2d,conv,activation,20971520,-4.50870943069458,4.414087772369385,3.1505464903602842e-09,4.656612873077393e-10,0.0,FP8_E5M2,Marginal,0.04470244128312057,0.11109898427376427,0.0,0.0,
end,layer2.0.shortcut.0,Conv2d,conv,activation,20971520,-4.50870943069458,4.414087772369385,3.1505464903602842e-09,4.656612873077393e-10,0.0,INT16,Sufficient,0.0004855322968512683,0.7193446900144712,,,0.00010598733601442214
end,layer2.0.shortcut.0,Conv2d,conv,activation,20971520,-4.50870943069458,4.414087772369385,3.1505464903602842e-09,4.656612873077393e-10,0.0,INT8,Marginal,0.06354490306633462,1.0,,,0.02734556723767378
end,layer2.0.shortcut.0,Conv2d,conv,weight_gradient,40960,-0.025777367874979973,0.022189734503626823,1.2244072422618046e-08,1.8189894035458565e-12,0.0,FP16,Sufficient,0.0002452147645337906,0.4755043227665706,0.0,0.0,
end,layer2.0.shortcut.0,Conv2d,conv,weight_gradient,40960,-0.025777367874979973,0.022189734503626823,1.2244072422618046e-08,1.8189894035458565e-12,0.0,FP8_E4M3,Not sufficient,0.4421005163491101,1.0,0.0,0.27815,
end,layer2.0.shortcut.0,Conv2d,conv,weight_gradient,40960,-0.025777367874979973,0.022189734503626823,1.2244072422618046e-08,1.8189894035458565e-12,0.0,FP8_E5M2,Marginal,0.04890130621396207,1.0,0.0,0.0023,
end,layer2.0.shortcut.0,Conv2d,conv,weight_gradient,40960,-0.025777367874979973,0.022189734503626823,1.2244072422618046e-08,1.8189894035458565e-12,0.0,INT16,Sufficient,0.0007486162125106863,1.0,,,6.673553391277407e-07
end,layer2.0.shortcut.0,Conv2d,conv,weight_gradient,40960,-0.025777367874979973,0.022189734503626823,1.2244072422618046e-08,1.8189894035458565e-12,0.0,INT8,Marginal,0.07037890746733884,1.0,,,0.0001721829322614069
end,layer2.0.shortcut.0,Conv2d,conv,weight_update,40960,-8.477270603179932e-05,6.99404627084732e-05,1.862645149230957e-09,7.275957614183426e-12,0.000146484375,FP16,Sufficient,0.007327882945490619,1.0,0.0,0.0015000750037501875,
end,layer2.0.shortcut.0,Conv2d,conv,weight_update,40960,-8.477270603179932e-05,6.99404627084732e-05,1.862645149230957e-09,7.275957614183426e-12,0.000146484375,FP8_E4M3,Not sufficient,0.99995,1.0,0.0,1.0,
end,layer2.0.shortcut.0,Conv2d,conv,weight_update,40960,-8.477270603179932e-05,6.99404627084732e-05,1.862645149230957e-09,7.275957614183426e-12,0.000146484375,FP8_E5M2,Not sufficient,0.6214985120062072,1.0,0.0,0.4555727786389319,
end,layer2.0.shortcut.0,Conv2d,conv,weight_update,40960,-8.477270603179932e-05,6.99404627084732e-05,1.862645149230957e-09,7.275957614183426e-12,0.000146484375,INT16,Sufficient,0.0003872963335087631,0.38895840327158426,,,2.587136632337392e-09
end,layer2.0.shortcut.0,Conv2d,conv,weight_update,40960,-8.477270603179932e-05,6.99404627084732e-05,1.862645149230957e-09,7.275957614183426e-12,0.000146484375,INT8,Marginal,0.061392582800947774,1.0,,,6.675016222976324e-07
end,layer2.0.shortcut.1,BatchNorm2d,batchnorm,weight,128,0.590414822101593,0.7211745977401733,0.590414822101593,3.933906555175781e-06,0.0,FP16,Sufficient,0.00018431806583295258,0.0003707043567946109,0.0,0.0,
end,layer2.0.shortcut.1,BatchNorm2d,batchnorm,weight,128,0.590414822101593,0.7211745977401733,0.590414822101593,3.933906555175781e-06,0.0,FP8_E4M3,Marginal,0.02142459271172045,0.051574248497315546,0.0,0.0,
end,layer2.0.shortcut.1,BatchNorm2d,batchnorm,weight,128,0.590414822101593,0.7211745977401733,0.590414822101593,3.933906555175781e-06,0.0,FP8_E5M2,Marginal,0.03100496025472798,0.08713760858009302,0.0,0.0,
end,layer2.0.shortcut.1,BatchNorm2d,batchnorm,weight,128,0.590414822101593,0.7211745977401733,0.590414822101593,3.933906555175781e-06,0.0,INT16,Sufficient,7.572681576999832e-06,1.8067242561761375e-05,,,2.2009173794981945e-05
end,layer2.0.shortcut.1,BatchNorm2d,batchnorm,weight,128,0.590414822101593,0.7211745977401733,0.590414822101593,3.933906555175781e-06,0.0,INT8,Sufficient,0.0021696682233269034,0.004538086557396719,,,0.005678540139686404
end,layer2.0.shortcut.1,BatchNorm2d,batchnorm,bias,128,-0.10196266323328018,0.02088530920445919,0.0004361561732366681,2.284906804561615e-05,0.0,FP16,Sufficient,0.000159322615217073,0.00041917373265957483,0.0,0.0,
end,layer2.0.shortcut.1,BatchNorm2d,batchnorm,bias,128,-0.10196266323328018,0.02088530920445919,0.0004361561732366681,2.284906804561615e-05,0.0,FP8_E4M3,Not sufficient,0.041939735234755936,1.0,0.0,0.015625,
end,layer2.0.shortcut.1,BatchNorm2d,batchnorm,bias,128,-0.10196266323328018,0.02088530920445919,0.0004361561732366681,2.284906804561615e-05,0.0,FP8_E5M2,Marginal,0.040697953253734445,0.10923836021494286,0.0,0.0,
end,layer2.0.shortcut.1,BatchNorm2d,batchnorm,bias,128,-0.10196266323328018,0.02088530920445919,0.0004361561732366681,2.284906804561615e-05,0.0,INT16,Sufficient,5.130167480671117e-05,0.0011724760451862393,,,3.1117485040827716e-06
end,layer2.0.shortcut.1,BatchNorm2d,batchnorm,bias,128,-0.10196266323328018,0.02088530920445919,0.0004361561732366681,2.284906804561615e-05,0.0,INT8,Sufficient,0.017097535424632687,0.8407526140285368,,,0.0008028556160100802
end,layer2.0.shortcut.1,BatchNorm2d,batchnorm,input,20971520,-4.50870943069458,4.414087772369385,3.1505464903602842e-09,4.656612873077393e-10,0.0,FP16,Sufficient,0.00017560639831439563,0.0004869731993497035,0.0,0.0,
end,layer2.0.shortcut.1,BatchNorm2d,batchnorm,input,20971520,-4.50870943069458,4.414087772369385,3.1505464903602842e-09,4.656612873077393e-10,0.0,FP8_E4M3,Marginal,0.026078089522652975,1.0,0.0,0.00215,
end,layer2.0.shortcut.1,BatchNorm2d,batchnorm,input,20971520,-4.50870943069458,4.414087772369385,3.1505464903602842e-09,4.656612873077393e-10,0.0,FP8_E5M2,Marginal,0.04470244128312057,0.11109898427376427,0.0,0.0,
end,layer2.0.shortcut.1,BatchNorm2d,batchnorm,input,20971520,-4.50870943069458,4.414087772369385,3.1505464903602842e-09,4.656612873077393e-10,0.0,INT16,Sufficient,0.0004855322968512683,0.7193446900144712,,,0.00010598733601442214
end,layer2.0.shortcut.1,BatchNorm2d,batchnorm,input,20971520,-4.50870943069458,4.414087772369385,3.1505464903602842e-09,4.656612873077393e-10,0.0,INT8,Marginal,0.06354490306633462,1.0,,,0.02734556723767378
end,layer2.0.shortcut.1,BatchNorm2d,batchnorm,activation,20971520,-5.658700466156006,5.4015727043151855,2.4530557141133613e-08,2.3283064365386963e-10,0.0,FP16,Sufficient,0.00017553775409682223,0.0004874480635694173,0.0,0.0,
end,layer2.0.shortcut.1,BatchNorm2d,batchnorm,activation,20971520,-5.658700466156006,5.4015727043151855,2.4530557141133613e-08,2.3283064365386963e-10,0.0,FP8_E4M3,Marginal,0.02534439606557041,1.0,0.0,0.0014,
end,layer2.0.shortcut.1,BatchNorm2d,batchnorm,activation,20971520,-5.658700466156006,5.4015727043151855,2.4530557141133613e-08,2.3283064365386963e-10,0.0,FP8_E5M2,Marginal,0.04499008911445931,0.11110724930203983,0.0,0.0,
end,layer2.0.shortcut.1,BatchNorm2d,batchnorm,activation,20971520,-5.658700466156006,5.4015727043151855,2.4530557141133613e-08,2.3283064365386963e-10,0.0,INT16,Sufficient,0.0005658412783910838,0.8966066127014797,,,0.00015494292804027536
end,layer2.0.shortcut.1,BatchNorm2d,batchnorm,activation,20971520,-5.658700466156006,5.4015727043151855,2.4530557141133613e-08,2.3283064365386963e-10,0.0,INT8,Marginal,0.07550769280151028,1.0,,,0.039976495457446484
end,layer2.0.shortcut.1,BatchNorm2d,batchnorm,weight_gradient,640,-0.018461573868989944,0.02165207453072071,5.789860097138444e-06,1.5832483768463135e-08,0.0,FP16,Sufficient,0.00017613419915036348,0.0014179192221951602,0.0,0.0,
end,layer2.0.shortcut.1,BatchNorm2d,batchnorm,weight_gradient,640,-0.018461573868989944,0.02165207453072071,5.789860097138444e-06,1.5832483768463135e-08,0.0,FP8_E4M3,Not sufficient,0.4183581920662032,1.0,0.0,0.25625,
end,layer2.0.shortcut.1,BatchNorm2d,batchnorm,weight_gradient,640,-0.018461573868989944,0.02165207453072071,5.789860097138444e-06,1.5832483768463135e-08,0.0,FP8_E5M2,Marginal,0.04545304934285253,1.0,0.0,0.0015625,
end,layer2.0.shortcut.1,BatchNorm2d,batchnorm,weight_gradient,640,-0.018461573868989944,0.02165207453072071,5.789860097138444e-06,1.5832483768463135e-08,0.0,INT16,Sufficient,0.0002370416594319945,0.027158044562501166,,,6.607890417407975e-07
end,layer2.0.shortcut.1,BatchNorm2d,batchnorm,weight_gradient,640,-0.018461573868989944,0.02165207453072071,5.789860097138444e-06,1.5832483768463135e-08,0.0,INT8,Marginal,0.06526289382542375,1.0,,,0.00017048877583244654
end,layer2.0.shortcut.1,BatchNorm2d,batchnorm,weight_update,640,-6.443262100219727e-05,6.753206253051758e-05,5.960464477539063e-08,5.960464477539063e-08,0.0,FP16,Sufficient,0.0,0.0,0.0,0.0,
end,layer2.0.shortcut.1,BatchNorm2d,batchnorm,weight_update,640,-6.443262100219727e-05,6.753206253051758e-05,5.960464477539063e-08,5.960464477539063e-08,0.0,FP8_E4M3,Not sufficient,1.0,1.0,0.0,1.0,
end,layer2.0.shortcut.1,BatchNorm2d,batchnorm,weight_update,640,-6.443262100219727e-05,6.753206253051758e-05,5.960464477539063e-08,5.960464477539063e-08,0.0,FP8_E5M2,Not sufficient,0.5173277268481724,1.0,0.0,0.3375,
end,layer2.0.shortcut.1,BatchNorm2d,batchnorm,weight_update,640,-6.443262100219727e-05,6.753206253051758e-05,5.960464477539063e-08,5.960464477539063e-08,0.0,INT16,Sufficient,0.00013309113421783688,0.0027466658528398913,,,2.0609778902712358e-09
end,layer2.0.shortcut.1,BatchNorm2d,batchnorm,weight_update,640,-6.443262100219727e-05,6.753206253051758e-05,5.960464477539063e-08,5.960464477539063e-08,0.0,INT8,Marginal,0.03740355321673853,1.0,,,5.317485238623431e-07
end,layer2.1.conv1,Conv2d,conv,weight,147456,-0.07311056554317474,0.08182597905397415,4.1175830745032727e-08,1.1641532182693481e-10,0.0,FP16,Sufficient,0.0001833853708092988,0.05758726572270448,0.0,0.0,
end,layer2.1.conv1,Conv2d,conv,weight,147456,-0.07311056554317474,0.08182597905397415,4.1175830745032727e-08,1.1641532182693481e-10,0.0,FP8_E4M3,Not sufficient,0.11217643859825849,1.0,0.0,0.04535,
end,layer2.1.conv1,Conv2d,conv,weight,147456,-0.07311056554317474,0.08182597905397415,4.1175830745032727e-08,1.1641532182693481e-10,0.0,FP8_E5M2,Marginal,0.045319622567627345,1.0,0.0,0.00055,
end,layer2.1.conv1,Conv2d,conv,weight,147456,-0.07311056554317474,0.08182597905397415,4.1175830745032727e-08,1.1641532182693481e-10,0.0,INT16,Sufficient,0.00037215736603470767,1.0,,,2.3724856941133967e-06
end,layer2.1.conv1,Conv2d,conv,weight,147456,-0.07311056554317474,0.08182597905397415,4.1175830745032727e-08,1.1641532182693481e-10,0.0,INT8,Marginal,0.041814121950965885,1.0,,,0.0006121199900709738
end,layer2.1.conv1,Conv2d,conv,input,20971520,0.0,8.917831420898438,8.940696716308594e-08,3.725290298461914e-09,0.5467770576477051,FP16,Sufficient,7.985875563934925e-05,0.00048283106740729196,0.0,0.0,
end,layer2.1.conv1,Conv2d,conv,input,20971520,0.0,8.917831420898438,8.940696716308594e-08,3.725290298461914e-09,0.5467770576477051,FP8_E4M3,Sufficient,0.011131208843875242,1.0,0.0,0.0011063170704723973,
end,layer2.1.conv1,Conv2d,conv,input,20971520,0.0,8.917831420898438,8.940696716308594e-08,3.725290298461914e-09,0.5467770576477051,FP8_E5M2,Marginal,0.02033386621627776,0.11110903892504971,0.0,0.0,
end,layer2.1.conv1,Conv2d,conv,input,20971520,0.0,8.917831420898438,8.940696716308594e-08,3.725290298461914e-09,0.5467770576477051,INT16,Sufficient,0.00021680781187079172,1.0,,,0.00017228018692896262
end,layer2.1.conv1,Conv2d,conv,input,20971520,0.0,8.917831420898438,8.940696716308594e-08,3.725290298461914e-09,0.5467770576477051,INT8,Marginal,0.027223930217367992,1.0,,,0.04444964476457731
end,layer2.1.conv1,Conv2d,conv,activation,20971520,-9.563939094543457,8.152605056762695,4.21423465013504e-08,4.656612873077393e-10,0.0,FP16,Sufficient,0.00017442839369914885,0.0011913271384322134,0.0,0.0,
end,layer2.1.conv1,Conv2d,conv,activation,20971520,-9.563939094543457,8.152605056762695,4.21423465013504e-08,4.656612873077393e-10,0.0,FP8_E4M3,Marginal,0.023608325179863974,1.0,0.0,0.00045,
end,layer2.1.conv1,Conv2d,conv,activation,20971520,-9.563939094543457,8.152605056762695,4.21423465013504e-08,4.656612873077393e-10,0.0,FP8_E5M2,Marginal,0.04483755023190202,0.30124692240489237,0.0,0.0,
end,layer2.1.conv1,Conv2d,conv,activation,20971520,-9.563939094543457,8.152605056762695,4.21423465013504e-08,4.656612873077393e-10,0.0,INT16,Sufficient,0.00029041274662934937,1.0,,,0.00017777296040613817
end,layer2.1.conv1,Conv2d,conv,activation,20971520,-9.563939094543457,8.152605056762695,4.21423465013504e-08,4.656612873077393e-10,0.0,INT8,Marginal,0.047943227353716054,1.0,,,0.04586682357187346
end,layer2.1.conv1,Conv2d,conv,weight_gradient,737280,-0.010363425128161907,0.010731374844908714,3.157765604555607e-09,1.8189894035458565e-12,0.0,FP16,Sufficient,0.0002515830363423668,0.28361015355687874,0.0,0.0,
end,layer2.1.conv1,Conv2d,conv,weight_gradient,737280,-0.010363425128161907,0.010731374844908714,3.157765604555607e-09,1.8189894035458565e-12,0.0,FP8_E4M3,Not sufficient,0.7330188143384213,1.0,0.0,0.5821,
end,layer2.1.conv1,Conv2d,conv,weight_gradient,737280,-0.010363425128161907,0.010731374844908714,3.157765604555607e-09,1.8189894035458565e-12,0.0,FP8_E5M2,Marginal,0.05431130644616201,1.0,0.0,0.0056,
end,layer2.1.conv1,Conv2d,conv,weight_gradient,737280,-0.010363425128161907,0.010731374844908714,3.157765604555607e-09,1.8189894035458565e-12,0.0,INT16,Sufficient,0.0004779482829775912,1.0,,,2.619672808698962e-07
end,layer2.1.conv1,Conv2d,conv,weight_gradient,737280,-0.010363425128161907,0.010731374844908714,3.157765604555607e-09,1.8189894035458565e-12,0.0,INT8,Marginal,0.06562197215212291,1.0,,,6.758962119892827e-05
end,layer2.1.conv1,Conv2d,conv,weight_update,737280,-4.451349377632141e-05,4.787743091583252e-05,2.3283064365386963e-10,1.1368683772161603e-13,0.00010579427083333334,FP16,Sufficient,0.016153245992163764,1.0,0.0,0.004300860172034407,
end,layer2.1.conv1,Conv2d,conv,weight_update,737280,-4.451349377632141e-05,4.787743091583252e-05,2.3283064365386963e-10,1.1368683772161603e-13,0.00010579427083333334,FP8_E4M3,Not sufficient,0.9998,1.0,0.0,1.0,
end,layer2.1.conv1,Conv2d,conv,weight_update,737280,-4.451349377632141e-05,4.787743091583252e-05,2.3283064365386963e-10,1.1368683772161603e-13,0.00010579427083333334,FP8_E5M2,Not sufficient,0.9119481189775801,1.0,0.0,0.8251650330066013,
end,layer2.1.conv1,Conv2d,conv,weight_update,737280,-4.451349377632141e-05,4.787743091583252e-05,2.3283064365386963e-10,1.1368683772161603e-13,0.00010579427083333334,INT16,Sufficient,0.0006136797967257262,1.0,,,1.4611478290912357e-09
end,layer2.1.conv1,Conv2d,conv,weight_update,737280,-4.451349377632141e-05,4.787743091583252e-05,2.3283064365386963e-10,1.1368683772161603e-13,0.00010579427083333334,INT8,Marginal,0.07759866719098717,1.0,,,3.7698764500655526e-07
end,layer2.1.bn1,BatchNorm2d,batchnorm,weight,128,0.5580651164054871,0.7479879856109619,0.5580651164054871,1.7285346984863281e-06,0.0,FP16,Sufficient,0.00019685578522500328,0.0003916960438699569,0.0,0.0,
end,layer2.1.bn1,BatchNorm2d,batchnorm,weight,128,0.5580651164054871,0.7479879856109619,0.5580651164054871,1.7285346984863281e-06,0.0,FP8_E4M3,Marginal,0.02334097332463496,0.05254673924610816,0.0,0.0,
end,layer2.1.bn1,BatchNorm2d,batchnorm,weight,128,0.5580651164054871,0.7479879856109619,0.5580651164054871,1.7285346984863281e-06,0.0,FP8_E5M2,Marginal,0.03283122755236821,0.10404720649713083,0.0,0.0,
end,layer2.1.bn1,BatchNorm2d,batchnorm,weight,128,0.5580651164054871,0.7479879856109619,0.5580651164054871,1.7285346984863281e-06,0.0,INT16,Sufficient,8.932366364130865e-06,1.7600230597437573e-05,,,2.282747842680019e-05
end,layer2.1.bn1,BatchNorm2d,batchnorm,weight,128,0.5580651164054871,0.7479879856109619,0.5580651164054871,1.7285346984863281e-06,0.0,INT8,Sufficient,0.001958596856868201,0.004781510041089204,,,0.005889669178039071
end,layer2.1.bn1,BatchNorm2d,batchnorm,bias,128,-0.1336016058921814,0.002297069411724806,0.0016451140400022268,4.056841135025024e-06,0.0,FP16,Sufficient,0.0001926756631748407,0.0004641123299175648,0.0,0.0,
end,layer2.1.bn1,BatchNorm2d,batchnorm,bias,128,-0.1336016058921814,0.002297069411724806,0.0016451140400022268,4.056841135025024e-06,0.0,FP8_E4M3,Marginal,0.026924399790284492,0.18722772556081052,0.0,0.0,
end,layer2.1.bn1,BatchNorm2d,batchnorm,bias,128,-0.1336016058921814,0.002297069411724806,0.0016451140400022268,4.056841135025024e-06,0.0,FP8_E5M2,Marginal,0.04609628756287004,0.11096066287070923,0.0,0.0,
end,layer2.1.bn1,BatchNorm2d,batchnorm,bias,128,-0.1336016058921814,0.002297069411724806,0.0016451140400022268,4.056841135025024e-06,0.0,INT16,Sufficient,3.892719064937387e-05,0.0011873488140342152,,,4.0773218754289804e-06
end,layer2.1.bn1,BatchNorm2d,batchnorm,bias,128,-0.1336016058921814,0.002297069411724806,0.0016451140400022268,4.056841135025024e-06,0.0,INT8,Sufficient,0.009654441004242743,0.2789157750497467,,,0.001051981148757334
end,layer2.1.bn1,BatchNorm2d,batchnorm,input,20971520,-9.563939094543457,8.152605056762695,4.21423465013504e-08,4.656612873077393e-10,0.0,FP16,Sufficient,0.00017442839369914885,0.0011913271384322134,0.0,0.0,
end,layer2.1.bn1,BatchNorm2d,batchnorm,input,20971520,-9.563939094543457,8.152605056762695,4.21423465013504e-08,4.656612873077393e-10,0.0,FP8_E4M3,Marginal,0.023608325179863974,1.0,0.0,0.00045,
end,layer2.1.bn1,BatchNorm2d,batchnorm,input,20971520,-9.563939094543457,8.152605056762695,4.21423465013504e-08,4.656612873077393e-10,0.0,FP8_E5M2,Marginal,0.04483755023190202,0.30124692240489237,0.0,0.0,
end,layer2.1.bn1,BatchNorm2d,batchnorm,input,20971520,-9.563939094543457,8.152605056762695,4.21423465013504e-08,4.656612873077393e-10,0.0,INT16,Sufficient,0.00029041274662934937,1.0,,,0.00017777296040613817
end,layer2.1.bn1,BatchNorm2d,batchnorm,input,20971520,-9.563939094543457,8.152605056762695,4.21423465013504e-08,4.656612873077393e-10,0.0,INT8,Marginal,0.047943227353716054,1.0,,,0.04586682357187346
end,layer2.1.bn1,BatchNorm2d,batchnorm,activation,20971520,-4.7808051109313965,4.704848289489746,8.953387009569269e-08,4.656612873077393e-10,0.0,FP16,Sufficient,0.00017712659576212594,0.0004835178962329171,0.0,0.0,
end,layer2.1.bn1,BatchNorm2d,batchnorm,activation,20971520,-4.7808051109313965,4.704848289489746,8.953387009569269e-08,4.656612873077393e-10,0.0,FP8_E4M3,Marginal,0.02480465897479917,1.0,0.0,0.001,
end,layer2.1.bn1,BatchNorm2d,batchnorm,activation,20971520,-4.7808051109313965,4.704848289489746,8.953387009569269e-08,4.656612873077393e-10,0.0,FP8_E5M2,Marginal,0.04483702189275224,0.11108021569895736,0.0,0.0,
end,layer2.1.bn1,BatchNorm2d,batchnorm,activation,20971520,-4.7808051109313965,4.704848289489746,8.953387009569269e-08,4.656612873077393e-10,0.0,INT16,Sufficient,0.0002726088632990006,0.41054529452239635,,,9.999443432793399e-05
end,layer2.1.bn1,BatchNorm2d,batchnorm,activation,20971520,-4.7808051109313965,4.704848289489746,8.953387009569269e-08,4.656612873077393e-10,0.0,INT8,Marginal,0.049630734125906795,1.0,,,0.025799351414357585
end,layer2.1.bn1,BatchNorm2d,batchnorm,weight_gradient,640,-0.016196023672819138,0.014874677173793316,1.05412800621707e-06,9.487848728895187e-08,0.0,FP16,Sufficient,0.0002191951804720189,0.017792525793209127,0.0,0.0,
end,layer2.1.bn1,BatchNorm2d,batchnorm,weight_gradient,640,-0.016196023672819138,0.014874677173793316,1.05412800621707e-06,9.487848728895187e-08,0.0,FP8_E4M3,Not sufficient,0.41088797947064004,1.0,0.0,0.234375,
end,layer2.1.bn1,BatchNorm2d,batchnorm,weight_gradient,640,-0.016196023672819138,0.014874677173793316,1.05412800621707e-06,9.487848728895187e-08,0.0,FP8_E5M2,Marginal,0.05092378837834124,1.0,0.0,0.003125,
end,layer2.1.bn1,BatchNorm2d,batchnorm,weight_gradient,640,-0.016196023672819138,0.014874677173793316,1.05412800621707e-06,9.487848728895187e-08,0.0,INT16,Sufficient,0.00037977634979519126,0.06220402262868617,,,4.942785019324057e-07
end,layer2.1.bn1,BatchNorm2d,batchnorm,weight_gradient,640,-0.016196023672819138,0.014874677173793316,1.05412800621707e-06,9.487848728895187e-08,0.0,INT8,Marginal,0.04849808103637189,1.0,,,0.0001275277454552688
end,layer2.1.bn1,BatchNorm2d,batchnorm,weight_update,640,-5.543231964111328e-05,9.560585021972656e-05,1.1920928955078125e-07,5.960464477539063e-08,0.0,FP16,Sufficient,0.0,0.0,0.0,0.0,
end,layer2.1.bn1,BatchNorm2d,batchnorm,weight_update,640,-5.543231964111328e-05,9.560585021972656e-05,1.1920928955078125e-07,5.960464477539063e-08,0.0,FP8_E4M3,Not sufficient,1.0,1.0,0.0,1.0,
end,layer2.1.bn1,BatchNorm2d,batchnorm,weight_update,640,-5.543231964111328e-05,9.560585021972656e-05,1.1920928955078125e-07,5.960464477539063e-08,0.0,FP8_E5M2,Not sufficient,0.49030905351337617,1.0,0.0,0.3171875,
end,layer2.1.bn1,BatchNorm2d,batchnorm,weight_update,640,-5.543231964111328e-05,9.560585021972656e-05,1.1920928955078125e-07,5.960464477539063e-08,0.0,INT16,Sufficient,0.00016550768756943158,0.0046489862768434405,,,2.9177480458914936e-09
end,layer2.1.bn1,BatchNorm2d,batchnorm,weight_update,640,-5.543231964111328e-05,9.560585021972656e-05,1.1920928955078125e-07,5.960464477539063e-08,0.0,INT8,Marginal,0.04265163758803675,1.0,,,7.528019702340675e-07
end,layer2.1.conv2,Conv2d,conv,weight,147456,-0.07304058969020844,0.08021653443574905,1.333158738958673e-08,2.9103830456733704e-11,0.0,FP16,Sufficient,0.0001807069757490938,0.018082595955201217,0.0,0.0,
end,layer2.1.conv2,Conv2d,conv,weight,147456,-0.07304058969020844,0.08021653443574905,1.333158738958673e-08,2.9103830456733704e-11,0.0,FP8_E4M3,Not sufficient,0.11287397529363562,1.0,0.0,0.04435,
end,layer2.1.conv2,Conv2d,conv,weight,147456,-0.07304058969020844,0.08021653443574905,1.333158738958673e-08,2.9103830456733704e-11,0.0,FP8_E5M2,Marginal,0.04539334682327866,1.0,0.0,0.0004,
end,layer2.1.conv2,Conv2d,conv,weight,147456,-0.07304058969020844,0.08021653443574905,1.333158738958673e-08,2.9103830456733704e-11,0.0,INT16,Sufficient,0.0002831959758761855,0.45284570192596024,,,2.2929679646382717e-06
end,layer2.1.conv2,Conv2d,conv,weight,147456,-0.07304058969020844,0.08021653443574905,1.333158738958673e-08,2.9103830456733704e-11,0.0,INT8,Marginal,0.04173670381404637,1.0,,,0.0005916037897425373
end,layer2.1.conv2,Conv2d,conv,input,20971520,0.0,4.704848289489746,8.953387009569269e-08,9.313225746154785e-10,0.5324785709381104,FP16,Sufficient,8.252749364311395e-05,0.0004832884927868241,0.0,0.0,
end,layer2.1.conv2,Conv2d,conv,input,20971520,0.0,4.704848289489746,8.953387009569269e-08,9.313225746154785e-10,0.5324785709381104,FP8_E4M3,Sufficient,0.011605383360942672,1.0,0.0,0.000640888698995941,
end,layer2.1.conv2,Conv2d,conv,input,20971520,0.0,4.704848289489746,8.953387009569269e-08,9.313225746154785e-10,0.5324785709381104,FP8_E5M2,Marginal,0.021036535278168195,0.11108021569895736,0.0,0.0,
end,layer2.1.conv2,Conv2d,conv,input,20971520,0.0,4.704848289489746,8.953387009569269e-08,9.313225746154785e-10,0.5324785709381104,INT16,Sufficient,0.0001344031270106566,0.41054529452239635,,,9.999443432793399e-05
end,layer2.1.conv2,Conv2d,conv,input,20971520,0.0,4.704848289489746,8.953387009569269e-08,9.313225746154785e-10,0.5324785709381104,INT8,Marginal,0.02407086186818305,1.0,,,0.025799351414357585
end,layer2.1.conv2,Conv2d,conv,activation,20971520,-4.657619476318359,5.272048473358154,1.0710209608078003e-08,4.656612873077393e-10,0.0,FP16,Sufficient,0.0001769005668724112,0.0004872097617171686,0.0,0.0,
end,layer2.1.conv2,Conv2d,conv,activation,20971520,-4.657619476318359,5.272048473358154,1.0710209608078003e-08,4.656612873077393e-10,0.0,FP8_E4M3,Marginal,0.025039202195969282,1.0,0.0,0.0011,
end,layer2.1.conv2,Conv2d,conv,activation,20971520,-4.657619476318359,5.272048473358154,1.0710209608078003e-08,4.656612873077393e-10,0.0,FP8_E5M2,Marginal,0.04512828764372495,0.11110715511115547,0.0,0.0,
end,layer2.1.conv2,Conv2d,conv,activation,20971520,-4.657619476318359,5.272048473358154,1.0710209608078003e-08,4.656612873077393e-10,0.0,INT16,Sufficient,0.0003600863363229026,0.7488450712367973,,,0.00010960598389513816
end,layer2.1.conv2,Conv2d,conv,activation,20971520,-4.657619476318359,5.272048473358154,1.0710209608078003e-08,4.656612873077393e-10,0.0,INT8,Marginal,0.05026579146791021,1.0,,,0.028279206884188914
end,layer2.1.conv2,Conv2d,conv,weight_gradient,737280,-0.011125713586807251,0.010110224597156048,6.766640581190586e-10,1.8189894035458565e-12,0.0,FP16,Sufficient,0.0002826030366953041,0.829388119696293,0.0,0.0,
end,layer2.1.conv2,Conv2d,conv,weight_gradient,737280,-0.011125713586807251,0.010110224597156048,6.766640581190586e-10,1.8189894035458565e-12,0.0,FP8_E4M3,Not sufficient,0.7587479211531211,1.0,0.0,0.60575,
end,layer2.1.conv2,Conv2d,conv,weight_gradient,737280,-0.011125713586807251,0.010110224597156048,6.766640581190586e-10,1.8189894035458565e-12,0.0,FP8_E5M2,Marginal,0.05466410849651698,1.0,0.0,0.00545,
end,layer2.1.conv2,Conv2d,conv,weight_gradient,737280,-0.011125713586807251,0.010110224597156048,6.766640581190586e-10,1.8189894035458565e-12,0.0,INT16,Sufficient,0.0005421094802576024,1.0,,,2.47563713728412e-07
end,layer2.1.conv2,Conv2d,conv,weight_gradient,737280,-0.011125713586807251,0.010110224597156048,6.766640581190586e-10,1.8189894035458565e-12,0.0,INT8,Marginal,0.0645081643323239,1.0,,,6.387338746251084e-05
end,layer2.1.conv2,Conv2d,conv,weight_update,737280,-3.2386742532253265e-05,3.0277296900749207e-05,2.9103830456733704e-11,1.3642420526593924e-12,8.544921875e-05,FP16,Sufficient,0.016488527316481778,1.0,0.0,0.004300215010750537,
end,layer2.1.conv2,Conv2d,conv,weight_update,737280,-3.2386742532253265e-05,3.0277296900749207e-05,2.9103830456733704e-11,1.3642420526593924e-12,8.544921875e-05,FP8_E4M3,Not sufficient,0.99995,1.0,0.0,1.0,
end,layer2.1.conv2,Conv2d,conv,weight_update,737280,-3.2386742532253265e-05,3.0277296900749207e-05,2.9103830456733704e-11,1.3642420526593924e-12,8.544921875e-05,FP8_E5M2,Not sufficient,0.9361702806975698,1.0,0.0,0.8541927096354818,
end,layer2.1.conv2,Conv2d,conv,weight_update,737280,-3.2386742532253265e-05,3.0277296900749207e-05,2.9103830456733704e-11,1.3642420526593924e-12,8.544921875e-05,INT16,Sufficient,0.0002612894899602577,0.1642200994903409,,,7.783806887545242e-10
end,layer2.1.conv2,Conv2d,conv,weight_update,737280,-3.2386742532253265e-05,3.0277296900749207e-05,2.9103830456733704e-11,1.3642420526593924e-12,8.544921875e-05,INT8,Marginal,0.046492956074591515,1.0,,,2.0082834668046846e-07
end,layer2.1.bn2,BatchNorm2d,batchnorm,weight,128,0.5758638381958008,0.720495879650116,0.5758638381958008,8.285045623779297e-06,0.0,FP16,Sufficient,0.00015990505748349144,0.00038637425024013594,0.0,0.0,
end,layer2.1.bn2,BatchNorm2d,batchnorm,weight,128,0.5758638381958008,0.720495879650116,0.5758638381958008,8.285045623779297e-06,0.0,FP8_E4M3,Marginal,0.025412173219002306,0.0458541888787875,0.0,0.0,
end,layer2.1.bn2,BatchNorm2d,batchnorm,weight,128,0.5758638381958008,0.720495879650116,0.5758638381958008,8.285045623779297e-06,0.0,FP8_E5M2,Marginal,0.04079785769988255,0.09010405918674878,0.0,0.0,
end,layer2.1.bn2,BatchNorm2d,batchnorm,weight,128,0.5758638381958008,0.720495879650116,0.5758638381958008,8.285045623779297e-06,0.0,INT16,Sufficient,8.27738399401292e-06,1.7129857526452467e-05,,,2.1988460330518997e-05
end,layer2.1.bn2,BatchNorm2d,batchnorm,weight,128,0.5758638381958008,0.720495879650116,0.5758638381958008,8.285045623779297e-06,0.0,INT8,Sufficient,0.002189283055628933,0.004865983414020031,,,0.005673195902756819
end,layer2.1.bn2,BatchNorm2d,batchnorm,bias,128,-0.07952342182397842,0.015580668114125729,0.00014500334509648383,1.9371509552001953e-07,0.0,FP16,Sufficient,0.00018069983332461275,0.0004219987543573746,0.0,0.0,
end,layer2.1.bn2,BatchNorm2d,batchnorm,bias,128,-0.07952342182397842,0.015580668114125729,0.00014500334509648383,1.9371509552001953e-07,0.0,FP8_E4M3,Marginal,0.06008865802918901,1.0,0.0,0.0078125,
end,layer2.1.bn2,BatchNorm2d,batchnorm,bias,128,-0.07952342182397842,0.015580668114125729,0.00014500334509648383,1.9371509552001953e-07,0.0,FP8_E5M2,Marginal,0.044485639239898137,0.11034496874926093,0.0,0.0,
end,layer2.1.bn2,BatchNorm2d,batchnorm,bias,128,-0.07952342182397842,0.015580668114125729,0.00014500334509648383,1.9371509552001953e-07,0.0,INT16,Sufficient,9.094600112749543e-05,0.004226337351299217,,,2.4269363024988073e-06
end,layer2.1.bn2,BatchNorm2d,batchnorm,bias,128,-0.07952342182397842,0.015580668114125729,0.00014500334509648383,1.9371509552001953e-07,0.0,INT8,Marginal,0.02003002930183524,1.0,,,0.0006261686757793577
end,layer2.1.bn2,BatchNorm2d,batchnorm,input,20971520,-4.657619476318359,5.272048473358154,1.0710209608078003e-08,4.656612873077393e-10,0.0,FP16,Sufficient,0.0001769005668724112,0.0004872097617171686,0.0,0.0,
end,layer2.1.bn2,BatchNorm2d,batchnorm,input,20971520,-4.657619476318359,5.272048473358154,1.0710209608078003e-08,4.656612873077393e-10,0.0,FP8_E4M3,Marginal,0.025039202195969282,1.0,0.0,0.0011,
end,layer2.1.bn2,BatchNorm2d,batchnorm,input,20971520,-4.657619476318359,5.272048473358154,1.0710209608078003e-08,4.656612873077393e-10,0.0,FP8_E5M2,Marginal,0.04512828764372495,0.11110715511115547,0.0,0.0,
end,layer2.1.bn2,BatchNorm2d,batchnorm,input,20971520,-4.657619476318359,5.272048473358154,1.0710209608078003e-08,4.656612873077393e-10,0.0,INT16,Sufficient,0.0003600863363229026,0.7488450712367973,,,0.00010960598389513816
end,layer2.1.bn2,BatchNorm2d,batchnorm,input,20971520,-4.657619476318359,5.272048473358154,1.0710209608078003e-08,4.656612873077393e-10,0.0,INT8,Marginal,0.05026579146791021,1.0,,,0.028279206884188914
end,layer2.1.bn2,BatchNorm2d,batchnorm,activation,20971520,-4.62963342666626,5.1481122970581055,4.122537422546202e-09,2.3283064365386963e-10,0.0,FP16,Sufficient,0.00017701520506374134,0.000486260032457768,0.0,0.0,
end,layer2.1.bn2,BatchNorm2d,batchnorm,activation,20971520,-4.62963342666626,5.1481122970581055,4.122537422546202e-09,2.3283064365386963e-10,0.0,FP8_E4M3,Marginal,0.02496243833380085,1.0,0.0,0.00085,
end,layer2.1.bn2,BatchNorm2d,batchnorm,activation,20971520,-4.62963342666626,5.1481122970581055,4.122537422546202e-09,2.3283064365386963e-10,0.0,FP8_E5M2,Marginal,0.04482943397851049,0.11109097835145547,0.0,0.0,
end,layer2.1.bn2,BatchNorm2d,batchnorm,activation,20971520,-4.62963342666626,5.1481122970581055,4.122537422546202e-09,2.3283064365386963e-10,0.0,INT16,Sufficient,0.00034321022244325776,0.9032097347616539,,,0.00010812808266236696
end,layer2.1.bn2,BatchNorm2d,batchnorm,activation,20971520,-4.62963342666626,5.1481122970581055,4.122537422546202e-09,2.3283064365386963e-10,0.0,INT8,Marginal,0.05254141345052315,1.0,,,0.027897896729116366
end,layer2.1.bn2,BatchNorm2d,batchnorm,weight_gradient,640,-0.01362625602632761,0.01617874577641487,1.1010427442670334e-05,4.842877388000488e-08,0.0,FP16,Sufficient,0.00018350157073441627,0.0016267773993112143,0.0,0.0,
end,layer2.1.bn2,BatchNorm2d,batchnorm,weight_gradient,640,-0.01362625602632761,0.01617874577641487,1.1010427442670334e-05,4.842877388000488e-08,0.0,FP8_E4M3,Not sufficient,0.44967080230716105,1.0,0.0,0.290625,
end,layer2.1.bn2,BatchNorm2d,batchnorm,weight_gradient,640,-0.01362625602632761,0.01617874577641487,1.1010427442670334e-05,4.842877388000488e-08,0.0,FP8_E5M2,Marginal,0.04522139901080583,0.3858489274780889,0.0,0.0,
end,layer2.1.bn2,BatchNorm2d,batchnorm,weight_gradient,640,-0.01362625602632761,0.01617874577641487,1.1010427442670334e-05,4.842877388000488e-08,0.0,INT16,Sufficient,0.0002845537977286006,0.01563956294351114,,,4.937512062872668e-07
end,layer2.1.bn2,BatchNorm2d,batchnorm,weight_gradient,640,-0.01362625602632761,0.01617874577641487,1.1010427442670334e-05,4.842877388000488e-08,0.0,INT8,Marginal,0.06369308984536345,1.0,,,0.00012739169902688876
end,layer2.1.bn2,BatchNorm2d,batchnorm,weight_update,640,-5.4001808166503906e-05,4.225969314575195e-05,5.960464477539063e-08,5.960464477539063e-08,0.0015625,FP16,Sufficient,0.0,0.0,0.0,0.0,
end,layer2.1.bn2,BatchNorm2d,batchnorm,weight_update,640,-5.4001808166503906e-05,4.225969314575195e-05,5.960464477539063e-08,5.960464477539063e-08,0.0015625,FP8_E4M3,Not sufficient,0.9984375,1.0,0.0,1.0,
end,layer2.1.bn2,BatchNorm2d,batchnorm,weight_update,640,-5.4001808166503906e-05,4.225969314575195e-05,5.960464477539063e-08,5.960464477539063e-08,0.0015625,FP8_E5M2,Not sufficient,0.6098942760803491,1.0,0.0,0.4460093896713615,
end,layer2.1.bn2,BatchNorm2d,batchnorm,weight_update,640,-5.4001808166503906e-05,4.225969314575195e-05,5.960464477539063e-08,5.960464477539063e-08,0.0015625,INT16,Sufficient,0.00014336741268603897,0.004608294930875556,,,1.6480546942504321e-09
end,layer2.1.bn2,BatchNorm2d,batchnorm,weight_update,640,-5.4001808166503906e-05,4.225969314575195e-05,5.960464477539063e-08,5.960464477539063e-08,0.0015625,INT8,Marginal,0.03947136962492633,1.0,,,4.252110879252276e-07
end,layer3.0.conv1,Conv2d,conv,weight,294912,-0.06622733175754547,0.07482410967350006,6.26416536420038e-08,1.4551915228366852e-11,0.0,FP16,Sufficient,0.0001807817586503734,0.020794399877727722,0.0,0.0,
end,layer3.0.conv1,Conv2d,conv,weight,294912,-0.06622733175754547,0.07482410967350006,6.26416536420038e-08,1.4551915228366852e-11,0.0,FP8_E4M3,Not sufficient,0.11749726696853334,1.0,0.0,0.0466,
end,layer3.0.conv1,Conv2d,conv,weight,294912,-0.06622733175754547,0.07482410967350006,6.26416536420038e-08,1.4551915228366852e-11,0.0,FP8_E5M2,Marginal,0.04619663294251627,1.0,0.0,0.0007,
end,layer3.0.conv1,Conv2d,conv,weight,294912,-0.06622733175754547,0.07482410967350006,6.26416536420038e-08,1.4551915228366852e-11,0.0,INT16,Sufficient,0.0004209801929655254,1.0,,,2.2835203001037647e-06
end,layer3.0.conv1,Conv2d,conv,weight,294912,-0.06622733175754547,0.07482410967350006,6.26416536420038e-08,1.4551915228366852e-11,0.0,INT8,Marginal,0.044635090428708675,1.0,,,0.0005891662179015753
end,layer3.0.conv1,Conv2d,conv,input,20971520,0.0,12.171319961547852,4.122537422546202e-09,4.656612873077393e-10,0.4072962760925293,FP16,Sufficient,0.00010644288789450158,0.0004870906688569082,0.0,0.0,
end,layer3.0.conv1,Conv2d,conv,input,20971520,0.0,12.171319961547852,4.122537422546202e-09,4.656612873077393e-10,0.4072962760925293,FP8_E4M3,Sufficient,0.014625322759883068,1.0,0.0,0.0005846487931178485,
end,layer3.0.conv1,Conv2d,conv,input,20971520,0.0,12.171319961547852,4.122537422546202e-09,4.656612873077393e-10,0.4072962760925293,FP8_E5M2,Marginal,0.02700035608141519,0.11109097835145547,0.0,0.0,
end,layer3.0.conv1,Conv2d,conv,input,20971520,0.0,12.171319961547852,4.122537422546202e-09,4.656612873077393e-10,0.4072962760925293,INT16,Sufficient,0.0002035488987676627,0.2905598335355781,,,0.00019549482359958786
end,layer3.0.conv1,Conv2d,conv,input,20971520,0.0,12.171319961547852,4.122537422546202e-09,4.656612873077393e-10,0.4072962760925293,INT8,Marginal,0.036531223392659753,1.0,,,0.050439203818013346
end,layer3.0.conv1,Conv2d,conv,activation,10485760,-7.72663688659668,9.133121490478516,3.4552067518234253e-07,9.313225746154785e-10,0.0,FP16,Sufficient,0.00017532660867869293,0.000483670647599647,0.0,0.0,
end,layer3.0.conv1,Conv2d,conv,activation,10485760,-7.72663688659668,9.133121490478516,3.4552067518234253e-07,9.313225746154785e-10,0.0,FP8_E4M3,Marginal,0.02402487947748367,1.0,0.0,0.0006,
end,layer3.0.conv1,Conv2d,conv,activation,10485760,-7.72663688659668,9.133121490478516,3.4552067518234253e-07,9.313225746154785e-10,0.0,FP8_E5M2,Marginal,0.044829242102103095,0.11108238221556088,0.0,0.0,
end,layer3.0.conv1,Conv2d,conv,activation,10485760,-7.72663688659668,9.133121490478516,3.4552067518234253e-07,9.313225746154785e-10,0.0,INT16,Sufficient,0.0003980366456433114,1.0,,,0.0002061470778681781
end,layer3.0.conv1,Conv2d,conv,activation,10485760,-7.72663688659668,9.133121490478516,3.4552067518234253e-07,9.313225746154785e-10,0.0,INT8,Marginal,0.05696967615886901,1.0,,,0.053187569295327496
end,layer3.0.conv1,Conv2d,conv,weight_gradient,1474560,-0.007971186190843582,0.008191157132387161,3.8562575355172157e-10,1.8189894035458565e-12,0.0,FP16,Sufficient,0.0002658698787399426,0.3164218958611482,0.0,0.0,
end,layer3.0.conv1,Conv2d,conv,weight_gradient,1474560,-0.007971186190843582,0.008191157132387161,3.8562575355172157e-10,1.8189894035458565e-12,0.0,FP8_E4M3,Not sufficient,0.8483087533356649,1.0,0.0,0.72865,
end,layer3.0.conv1,Conv2d,conv,weight_gradient,1474560,-0.007971186190843582,0.008191157132387161,3.8562575355172157e-10,1.8189894035458565e-12,0.0,FP8_E5M2,Marginal,0.05661004453156481,1.0,0.0,0.00675,
end,layer3.0.conv1,Conv2d,conv,weight_gradient,1474560,-0.007971186190843582,0.008191157132387161,3.8562575355172157e-10,1.8189894035458565e-12,0.0,INT16,Sufficient,0.00044607033250412494,1.0,,,1.9270225699508827e-07
end,layer3.0.conv1,Conv2d,conv,weight_gradient,1474560,-0.007971186190843582,0.008191157132387161,3.8562575355172157e-10,1.8189894035458565e-12,0.0,INT8,Marginal,0.06523219251327234,1.0,,,4.9718699645339033e-05
end,layer3.0.conv1,Conv2d,conv,weight_update,1474560,-2.6413239538669586e-05,2.5097280740737915e-05,6.275513442233205e-11,9.094947017729282e-13,0.00010782877604166666,FP16,Marginal,0.020896959775142086,1.0,0.0,0.006350952642896435,
end,layer3.0.conv1,Conv2d,conv,weight_update,1474560,-2.6413239538669586e-05,2.5097280740737915e-05,6.275513442233205e-11,9.094947017729282e-13,0.00010782877604166666,FP8_E4M3,Not sufficient,0.99985,1.0,0.0,1.0,
end,layer3.0.conv1,Conv2d,conv,weight_update,1474560,-2.6413239538669586e-05,2.5097280740737915e-05,6.275513442233205e-11,9.094947017729282e-13,0.00010782877604166666,FP8_E5M2,Not sufficient,0.9714721072422406,1.0,0.0,0.925038755813372,
end,layer3.0.conv1,Conv2d,conv,weight_update,1474560,-2.6413239538669586e-05,2.5097280740737915e-05,6.275513442233205e-11,9.094947017729282e-13,0.00010782877604166666,INT16,Sufficient,0.00045768251461694574,1.0,,,8.018577372066982e-10
end,layer3.0.conv1,Conv2d,conv,weight_update,1474560,-2.6413239538669586e-05,2.5097280740737915e-05,6.275513442233205e-11,9.094947017729282e-13,0.00010782877604166666,INT8,Marginal,0.05787419269945895,1.0,,,2.0688561003977858e-07
end,layer3.0.bn1,BatchNorm2d,batchnorm,weight,256,0.6071737408638,0.6919366717338562,0.6071737408638,2.86102294921875e-06,0.0,FP16,Sufficient,0.00018768953331038804,0.0003955163038809976,0.0,0.0,
end,layer3.0.bn1,BatchNorm2d,batchnorm,weight,256,0.6071737408638,0.6919366717338562,0.6071737408638,2.86102294921875e-06,0.0,FP8_E4M3,Marginal,0.026671311046459416,0.047300963478246964,0.0,0.0,
end,layer3.0.bn1,BatchNorm2d,batchnorm,weight,256,0.6071737408638,0.6919366717338562,0.6071737408638,2.86102294921875e-06,0.0,FP8_E5M2,Marginal,0.03256314004409593,0.0839142231335255,0.0,0.0,
end,layer3.0.bn1,BatchNorm2d,batchnorm,weight,256,0.6071737408638,0.6919366717338562,0.6071737408638,2.86102294921875e-06,0.0,INT16,Sufficient,8.224982839230385e-06,1.6632559868971035e-05,,,2.111687587309965e-05
end,layer3.0.bn1,BatchNorm2d,batchnorm,weight,256,0.6071737408638,0.6919366717338562,0.6071737408638,2.86102294921875e-06,0.0,INT8,Sufficient,0.0020931454233735084,0.004256900437136986,,,0.005448320249872883
end,layer3.0.bn1,BatchNorm2d,batchnorm,bias,256,-0.07091956585645676,0.0046206144616007805,0.00010910876153502613,1.1958181858062744e-06,0.0,FP16,Sufficient,0.0001842211526443227,0.0004598635944674584,0.0,0.0,
end,layer3.0.bn1,BatchNorm2d,batchnorm,bias,256,-0.07091956585645676,0.0046206144616007805,0.00010910876153502613,1.1958181858062744e-06,0.0,FP8_E4M3,Not sufficient,0.03738953560624893,1.0,0.0,0.01171875,
end,layer3.0.bn1,BatchNorm2d,batchnorm,bias,256,-0.07091956585645676,0.0046206144616007805,0.00010910876153502613,1.1958181858062744e-06,0.0,FP8_E5M2,Marginal,0.04426680527624802,0.11050618793849831,0.0,0.0,
end,layer3.0.bn1,BatchNorm2d,batchnorm,bias,256,-0.07091956585645676,0.0046206144616007805,0.00010910876153502613,1.1958181858062744e-06,0.0,INT16,Sufficient,6.570457478454579e-05,0.008164233479508799,,,2.1643594426238826e-06
end,layer3.0.bn1,BatchNorm2d,batchnorm,bias,256,-0.07091956585645676,0.0046206144616007805,0.00010910876153502613,1.1958181858062744e-06,0.0,INT8,Sufficient,0.01242524812162805,1.0,,,0.0005584217783972973
end,layer3.0.bn1,BatchNorm2d,batchnorm,input,10485760,-7.72663688659668,9.133121490478516,3.4552067518234253e-07,9.313225746154785e-10,0.0,FP16,Sufficient,0.00017532660867869293,0.000483670647599647,0.0,0.0,
end,layer3.0.bn1,BatchNorm2d,batchnorm,input,10485760,-7.72663688659668,9.133121490478516,3.4552067518234253e-07,9.313225746154785e-10,0.0,FP8_E4M3,Marginal,0.02402487947748367,1.0,0.0,0.0006,
end,layer3.0.bn1,BatchNorm2d,batchnorm,input,10485760,-7.72663688659668,9.133121490478516,3.4552067518234253e-07,9.313225746154785e-10,0.0,FP8_E5M2,Marginal,0.044829242102103095,0.11108238221556088,0.0,0.0,
end,layer3.0.bn1,BatchNorm2d,batchnorm,input,10485760,-7.72663688659668,9.133121490478516,3.4552067518234253e-07,9.313225746154785e-10,0.0,INT16,Sufficient,0.0003980366456433114,1.0,,,0.0002061470778681781
end,layer3.0.bn1,BatchNorm2d,batchnorm,input,10485760,-7.72663688659668,9.133121490478516,3.4552067518234253e-07,9.313225746154785e-10,0.0,INT8,Marginal,0.05696967615886901,1.0,,,0.053187569295327496
end,layer3.0.bn1,BatchNorm2d,batchnorm,activation,10485760,-3.9206039905548096,5.60892915725708,9.006041068460036e-08,2.3283064365386963e-10,0.0,FP16,Sufficient,0.0001748862129603435,0.0123669168494731,0.0,0.0,
end,layer3.0.bn1,BatchNorm2d,batchnorm,activation,10485760,-3.9206039905548096,5.60892915725708,9.006041068460036e-08,2.3283064365386963e-10,0.0,FP8_E4M3,Marginal,0.025368030556842013,1.0,0.0,0.0014,
end,layer3.0.bn1,BatchNorm2d,batchnorm,activation,10485760,-3.9206039905548096,5.60892915725708,9.006041068460036e-08,2.3283064365386963e-10,0.0,FP8_E5M2,Marginal,0.04472092715237959,1.0,0.0,5e-05,
end,layer3.0.bn1,BatchNorm2d,batchnorm,activation,10485760,-3.9206039905548096,5.60892915725708,9.006041068460036e-08,2.3283064365386963e-10,0.0,INT16,Sufficient,0.0005379946236280144,1.0,,,0.00012351178190118573
end,layer3.0.bn1,BatchNorm2d,batchnorm,activation,10485760,-3.9206039905548096,5.60892915725708,9.006041068460036e-08,2.3283064365386963e-10,0.0,INT8,Marginal,0.06069422086970337,1.0,,,0.03186701226422167
end,layer3.0.bn1,BatchNorm2d,batchnorm,weight_gradient,1280,-0.0119056086987257,0.010981322266161442,2.9301857011887478e-06,4.249159246683121e-09,0.0,FP16,Sufficient,0.00020176438247854726,0.004850536851752433,0.0,0.0,
end,layer3.0.bn1,BatchNorm2d,batchnorm,weight_gradient,1280,-0.0119056086987257,0.010981322266161442,2.9301857011887478e-06,4.249159246683121e-09,0.0,FP8_E4M3,Not sufficient,0.5799692395517688,1.0,0.0,0.40546875,
end,layer3.0.bn1,BatchNorm2d,batchnorm,weight_gradient,1280,-0.0119056086987257,0.010981322266161442,2.9301857011887478e-06,4.249159246683121e-09,0.0,FP8_E5M2,Marginal,0.052524148880895835,1.0,0.0,0.00390625,
end,layer3.0.bn1,BatchNorm2d,batchnorm,weight_gradient,1280,-0.0119056086987257,0.010981322266161442,2.9301857011887478e-06,4.249159246683121e-09,0.0,INT16,Sufficient,0.00032605452679335757,0.03765478327424902,,,3.633414318895749e-07
end,layer3.0.bn1,BatchNorm2d,batchnorm,weight_gradient,1280,-0.0119056086987257,0.010981322266161442,2.9301857011887478e-06,4.249159246683121e-09,0.0,INT8,Marginal,0.06426091804061758,1.0,,,9.374495038366694e-05
end,layer3.0.bn1,BatchNorm2d,batchnorm,weight_update,1280,-4.0531158447265625e-05,3.3974647521972656e-05,5.960464477539063e-08,5.960464477539063e-08,0.00234375,FP16,Sufficient,0.0,0.0,0.0,0.0,
end,layer3.0.bn1,BatchNorm2d,batchnorm,weight_update,1280,-4.0531158447265625e-05,3.3974647521972656e-05,5.960464477539063e-08,5.960464477539063e-08,0.00234375,FP8_E4M3,Not sufficient,0.99765625,1.0,0.0,1.0,
end,layer3.0.bn1,BatchNorm2d,batchnorm,weight_update,1280,-4.0531158447265625e-05,3.3974647521972656e-05,5.960464477539063e-08,5.960464477539063e-08,0.00234375,FP8_E5M2,Not sufficient,0.6437572130324982,1.0,0.0,0.4643696162881754,
end,layer3.0.bn1,BatchNorm2d,batchnorm,weight_update,1280,-4.0531158447265625e-05,3.3974647521972656e-05,5.960464477539063e-08,5.960464477539063e-08,0.00234375,INT16,Sufficient,0.00011551603541059843,0.0038758507034516443,,,1.2369505431460196e-09
end,layer3.0.bn1,BatchNorm2d,batchnorm,weight_update,1280,-4.0531158447265625e-05,3.3974647521972656e-05,5.960464477539063e-08,5.960464477539063e-08,0.00234375,INT8,Marginal,0.02980404671101685,1.0,,,3.1914297989972935e-07
end,layer3.0.conv2,Conv2d,conv,weight,589824,-0.06116586551070213,0.061261311173439026,2.111101160551243e-08,7.275957614183426e-12,0.0,FP16,Sufficient,0.00018014961628522131,0.01754741781486249,0.0,0.0,
end,layer3.0.conv2,Conv2d,conv,weight,589824,-0.06116586551070213,0.061261311173439026,2.111101160551243e-08,7.275957614183426e-12,0.0,FP8_E4M3,Not sufficient,0.1500919041215728,1.0,0.0,0.064,
end,layer3.0.conv2,Conv2d,conv,weight,589824,-0.06116586551070213,0.061261311173439026,2.111101160551243e-08,7.275957614183426e-12,0.0,FP8_E5M2,Marginal,0.045472507231483425,1.0,0.0,0.00035,
end,layer3.0.conv2,Conv2d,conv,weight,589824,-0.06116586551070213,0.061261311173439026,2.111101160551243e-08,7.275957614183426e-12,0.0,INT16,Sufficient,0.0002906022550851604,1.0,,,1.6579616676263277e-06
end,layer3.0.conv2,Conv2d,conv,weight,589824,-0.06116586551070213,0.061261311173439026,2.111101160551243e-08,7.275957614183426e-12,0.0,INT8,Marginal,0.04227236165181634,1.0,,,0.00042776716506387306
end,layer3.0.conv2,Conv2d,conv,input,10485760,0.0,5.60892915725708,2.287938514200505e-07,2.3283064365386963e-10,0.5345296859741211,FP16,Sufficient,8.100929985778035e-05,0.002080276275726125,0.0,0.0,
end,layer3.0.conv2,Conv2d,conv,input,10485760,0.0,5.60892915725708,2.287938514200505e-07,2.3283064365386963e-10,0.5345296859741211,FP8_E4M3,Sufficient,0.012114773586126781,1.0,0.0,0.001940700808625337,
end,layer3.0.conv2,Conv2d,conv,input,10485760,0.0,5.60892915725708,2.287938514200505e-07,2.3283064365386963e-10,0.5345296859741211,FP8_E5M2,Marginal,0.02061354807920344,0.9958394474485478,0.0,0.0,
end,layer3.0.conv2,Conv2d,conv,input,10485760,0.0,5.60892915725708,2.287938514200505e-07,2.3283064365386963e-10,0.5345296859741211,INT16,Sufficient,0.0002693617738248304,1.0,,,0.00012351178190118573
end,layer3.0.conv2,Conv2d,conv,input,10485760,0.0,5.60892915725708,2.287938514200505e-07,2.3283064365386963e-10,0.5345296859741211,INT8,Marginal,0.028998004545433,1.0,,,0.03186701226422167
end,layer3.0.conv2,Conv2d,conv,activation,10485760,-4.667360305786133,6.950409889221191,1.1175870895385742e-08,1.3969838619232178e-09,0.0,FP16,Sufficient,0.00017625847870327872,0.00048649473690857916,0.0,0.0,
end,layer3.0.conv2,Conv2d,conv,activation,10485760,-4.667360305786133,6.950409889221191,1.1175870895385742e-08,1.3969838619232178e-09,0.0,FP8_E4M3,Marginal,0.025262280353125395,1.0,0.0,0.00125,
end,layer3.0.conv2,Conv2d,conv,activation,10485760,-4.667360305786133,6.950409889221191,1.1175870895385742e-08,1.3969838619232178e-09,0.0,FP8_E5M2,Marginal,0.0448564605305888,0.11110993373665944,0.0,0.0,
end,layer3.0.conv2,Conv2d,conv,activation,10485760,-4.667360305786133,6.950409889221191,1.1175870895385742e-08,1.3969838619232178e-09,0.0,INT16,Sufficient,0.0002994975127999186,0.19305491639278158,,,0.00010912460640082373
end,layer3.0.conv2,Conv2d,conv,activation,10485760,-4.667360305786133,6.950409889221191,1.1175870895385742e-08,1.3969838619232178e-09,0.0,INT8,Marginal,0.053010356296034344,1.0,,,0.028155007700281818
end,layer3.0.conv2,Conv2d,conv,weight_gradient,2949120,-0.008637802675366402,0.007687279488891363,2.9103830456733704e-10,9.094947017729282e-13,0.0,FP16,Sufficient,0.00027654181896218143,0.1484739420240895,0.0,0.0,
end,layer3.0.conv2,Conv2d,conv,weight_gradient,2949120,-0.008637802675366402,0.007687279488891363,2.9103830456733704e-10,9.094947017729282e-13,0.0,FP8_E4M3,Not sufficient,0.8940725270196562,1.0,0.0,0.78985,
end,layer3.0.conv2,Conv2d,conv,weight_gradient,2949120,-0.008637802675366402,0.007687279488891363,2.9103830456733704e-10,9.094947017729282e-13,0.0,FP8_E5M2,Marginal,0.05929566744891505,1.0,0.0,0.00815,
end,layer3.0.conv2,Conv2d,conv,weight_gradient,2949120,-0.008637802675366402,0.007687279488891363,2.9103830456733704e-10,9.094947017729282e-13,0.0,INT16,Sufficient,0.00047853781447619657,1.0,,,1.7991994205791454e-07
end,layer3.0.conv2,Conv2d,conv,weight_gradient,2949120,-0.008637802675366402,0.007687279488891363,2.9103830456733704e-10,9.094947017729282e-13,0.0,INT8,Marginal,0.07087433163763245,1.0,,,4.6420761743399104e-05
end,layer3.0.conv2,Conv2d,conv,weight_update,2949120,-2.8518959879875183e-05,2.4551525712013245e-05,5.820766091346741e-11,1.1368683772161603e-13,8.307562934027778e-05,FP16,Marginal,0.023068620882013637,1.0,0.0,0.006450322516125807,
end,layer3.0.conv2,Conv2d,conv,weight_update,2949120,-2.8518959879875183e-05,2.4551525712013245e-05,5.820766091346741e-11,1.1368683772161603e-13,8.307562934027778e-05,FP8_E4M3,Not sufficient,0.99995,1.0,0.0,1.0,
end,layer3.0.conv2,Conv2d,conv,weight_update,2949120,-2.8518959879875183e-05,2.4551525712013245e-05,5.820766091346741e-11,1.1368683772161603e-13,8.307562934027778e-05,FP8_E5M2,Not sufficient,0.985452241891688,1.0,0.0,0.9592479623981199,
end,layer3.0.conv2,Conv2d,conv,weight_update,2949120,-2.8518959879875183e-05,2.4551525712013245e-05,5.820766091346741e-11,1.1368683772161603e-13,8.307562934027778e-05,INT16,Sufficient,0.00043656074307133375,1.0,,,7.061873436352482e-10
end,layer3.0.conv2,Conv2d,conv,weight_update,2949120,-2.8518959879875183e-05,2.4551525712013245e-05,5.820766091346741e-11,1.1368683772161603e-13,8.307562934027778e-05,INT8,Marginal,0.06104899881482609,1.0,,,1.822018951881589e-07
end,layer3.0.bn2,BatchNorm2d,batchnorm,weight,256,0.6009802222251892,0.7251571416854858,0.6009802222251892,1.1920928955078125e-07,0.0,FP16,Sufficient,0.00018141521754447428,0.00037370062766452363,0.0,0.0,
end,layer3.0.bn2,BatchNorm2d,batchnorm,weight,256,0.6009802222251892,0.7251571416854858,0.6009802222251892,1.1920928955078125e-07,0.0,FP8_E4M3,Marginal,0.02765328145053828,0.04755073352753115,0.0,0.0,
end,layer3.0.bn2,BatchNorm2d,batchnorm,weight,256,0.6009802222251892,0.7251571416854858,0.6009802222251892,1.1920928955078125e-07,0.0,FP8_E5M2,Marginal,0.047746961628807386,0.09065026411724932,0.0,0.0,
end,layer3.0.bn2,BatchNorm2d,batchnorm,weight,256,0.6009802222251892,0.7251571416854858,0.6009802222251892,1.1920928955078125e-07,0.0,INT16,Sufficient,8.699504312936361e-06,1.7596323921408938e-05,,,2.213071510011554e-05
end,layer3.0.bn2,BatchNorm2d,batchnorm,weight,256,0.6009802222251892,0.7251571416854858,0.6009802222251892,1.1920928955078125e-07,0.0,INT8,Sufficient,0.002233480289473105,0.004431251984920814,,,0.005709898753429022
end,layer3.0.bn2,BatchNorm2d,batchnorm,bias,256,-0.06991198658943176,0.003496043151244521,0.0002587307244539261,2.0489096641540527e-07,0.0,FP16,Sufficient,0.00018506706288964366,0.0004763364583479885,0.0,0.0,
end,layer3.0.bn2,BatchNorm2d,batchnorm,bias,256,-0.06991198658943176,0.003496043151244521,0.0002587307244539261,2.0489096641540527e-07,0.0,FP8_E4M3,Marginal,0.035146557429550765,1.0,0.0,0.00390625,
end,layer3.0.bn2,BatchNorm2d,batchnorm,bias,256,-0.06991198658943176,0.003496043151244521,0.0002587307244539261,2.0489096641540527e-07,0.0,FP8_E5M2,Marginal,0.041842907489626005,0.1110726122597367,0.0,0.0,
end,layer3.0.bn2,BatchNorm2d,batchnorm,bias,256,-0.06991198658943176,0.003496043151244521,0.0002587307244539261,2.0489096641540527e-07,0.0,INT16,Sufficient,3.733081243831249e-05,0.002179717171424457,,,2.133609625215362e-06
end,layer3.0.bn2,BatchNorm2d,batchnorm,bias,256,-0.06991198658943176,0.003496043151244521,0.0002587307244539261,2.0489096641540527e-07,0.0,INT8,Sufficient,0.011017096312962969,1.0,,,0.0005504880833813525
end,layer3.0.bn2,BatchNorm2d,batchnorm,input,10485760,-4.667360305786133,6.950409889221191,1.1175870895385742e-08,1.3969838619232178e-09,0.0,FP16,Sufficient,0.00017625847870327872,0.00048649473690857916,0.0,0.0,
end,layer3.0.bn2,BatchNorm2d,batchnorm,input,10485760,-4.667360305786133,6.950409889221191,1.1175870895385742e-08,1.3969838619232178e-09,0.0,FP8_E4M3,Marginal,0.025262280353125395,1.0,0.0,0.00125,
end,layer3.0.bn2,BatchNorm2d,batchnorm,input,10485760,-4.667360305786133,6.950409889221191,1.1175870895385742e-08,1.3969838619232178e-09,0.0,FP8_E5M2,Marginal,0.0448564605305888,0.11110993373665944,0.0,0.0,
end,layer3.0.bn2,BatchNorm2d,batchnorm,input,10485760,-4.667360305786133,6.950409889221191,1.1175870895385742e-08,1.3969838619232178e-09,0.0,INT16,Sufficient,0.0002994975127999186,0.19305491639278158,,,0.00010912460640082373
end,layer3.0.bn2,BatchNorm2d,batchnorm,input,10485760,-4.667360305786133,6.950409889221191,1.1175870895385742e-08,1.3969838619232178e-09,0.0,INT8,Marginal,0.053010356296034344,1.0,,,0.028155007700281818
end,layer3.0.bn2,BatchNorm2d,batchnorm,activation,10485760,-4.673025608062744,7.3736958503723145,1.0381025816741385e-07,4.656612873077393e-10,0.0,FP16,Sufficient,0.00017726770809011226,0.00546675303399482,0.0,0.0,
end,layer3.0.bn2,BatchNorm2d,batchnorm,activation,10485760,-4.673025608062744,7.3736958503723145,1.0381025816741385e-07,4.656612873077393e-10,0.0,FP8_E4M3,Marginal,0.024853659084241888,1.0,0.0,0.00105,
end,layer3.0.bn2,BatchNorm2d,batchnorm,activation,10485760,-4.673025608062744,7.3736958503723145,1.0381025816741385e-07,4.656612873077393e-10,0.0,FP8_E5M2,Marginal,0.04484742946542526,1.0,0.0,5e-05,
end,layer3.0.bn2,BatchNorm2d,batchnorm,activation,10485760,-4.673025608062744,7.3736958503723145,1.0381025816741385e-07,4.656612873077393e-10,0.0,INT16,Sufficient,0.00034920371579021727,1.0,,,0.00010450063788043527
end,layer3.0.bn2,BatchNorm2d,batchnorm,activation,10485760,-4.673025608062744,7.3736958503723145,1.0381025816741385e-07,4.656612873077393e-10,0.0,INT8,Marginal,0.050511667014614695,1.0,,,0.026961987412820652
end,layer3.0.bn2,BatchNorm2d,batchnorm,weight_gradient,1280,-0.01572614163160324,0.015676019713282585,2.8045546969224233e-06,2.10275175049901e-09,0.0,FP16,Sufficient,0.0002044774251252767,0.0101153955141901,0.0,0.0,
end,layer3.0.bn2,BatchNorm2d,batchnorm,weight_gradient,1280,-0.01572614163160324,0.015676019713282585,2.8045546969224233e-06,2.10275175049901e-09,0.0,FP8_E4M3,Not sufficient,0.5297022389161781,1.0,0.0,0.36484375,
end,layer3.0.bn2,BatchNorm2d,batchnorm,weight_gradient,1280,-0.01572614163160324,0.015676019713282585,2.8045546969224233e-06,2.10275175049901e-09,0.0,FP8_E5M2,Marginal,0.052663565314642204,1.0,0.0,0.003125,
end,layer3.0.bn2,BatchNorm2d,batchnorm,weight_gradient,1280,-0.01572614163160324,0.015676019713282585,2.8045546969224233e-06,2.10275175049901e-09,0.0,INT16,Sufficient,0.00043642233839224977,0.06514229267005273,,,4.799384024049575e-07
end,layer3.0.bn2,BatchNorm2d,batchnorm,weight_gradient,1280,-0.01572614163160324,0.015676019713282585,2.8045546969224233e-06,2.10275175049901e-09,0.0,INT8,Marginal,0.07869431342008644,1.0,,,0.00012382788686301764
end,layer3.0.bn2,BatchNorm2d,batchnorm,weight_update,1280,-6.67572021484375e-05,4.6312808990478516e-05,5.960464477539063e-08,5.960464477539063e-08,0.0015625,FP16,Sufficient,0.0,0.0,0.0,0.0,
end,layer3.0.bn2,BatchNorm2d,batchnorm,weight_update,1280,-6.67572021484375e-05,4.6312808990478516e-05,5.960464477539063e-08,5.960464477539063e-08,0.0015625,FP8_E4M3,Not sufficient,0.9984375,1.0,0.0,1.0,
end,layer3.0.bn2,BatchNorm2d,batchnorm,weight_update,1280,-6.67572021484375e-05,4.6312808990478516e-05,5.960464477539063e-08,5.960464477539063e-08,0.0015625,FP8_E5M2,Not sufficient,0.6123433846573525,1.0,0.0,0.431924882629108,
end,layer3.0.bn2,BatchNorm2d,batchnorm,weight_update,1280,-6.67572021484375e-05,4.6312808990478516e-05,5.960464477539063e-08,5.960464477539063e-08,0.0015625,INT16,Sufficient,0.00024186522455540066,0.008758812219611167,,,2.03733030635815e-09
end,layer3.0.bn2,BatchNorm2d,batchnorm,weight_update,1280,-6.67572021484375e-05,4.6312808990478516e-05,5.960464477539063e-08,5.960464477539063e-08,0.0015625,INT8,Marginal,0.05464031218236433,1.0,,,5.256472610113189e-07
end,layer3.0.shortcut.0,Conv2d,conv,weight,32768,-0.1234765574336052,0.1222902238368988,1.9834931208606577e-06,1.3969838619232178e-09,0.0,FP16,Sufficient,0.000176564621426339,0.008338744964031045,0.0,0.0,
end,layer3.0.shortcut.0,Conv2d,conv,weight,32768,-0.1234765574336052,0.1222902238368988,1.9834931208606577e-06,1.3969838619232178e-09,0.0,FP8_E4M3,Not sufficient,0.05578614079416998,1.0,0.0,0.016,
end,layer3.0.shortcut.0,Conv2d,conv,weight,32768,-0.1234765574336052,0.1222902238368988,1.9834931208606577e-06,1.3969838619232178e-09,0.0,FP8_E5M2,Marginal,0.04480560987822844,1.0,0.0,0.00025,
end,layer3.0.shortcut.0,Conv2d,conv,weight,32768,-0.1234765574336052,0.1222902238368988,1.9834931208606577e-06,1.3969838619232178e-09,0.0,INT16,Sufficient,0.00020776908559701806,0.8998404624997536,,,3.7683204881009915e-06
end,layer3.0.shortcut.0,Conv2d,conv,weight,32768,-0.1234765574336052,0.1222902238368988,1.9834931208606577e-06,1.3969838619232178e-09,0.0,INT8,Marginal,0.027308688619600268,1.0,,,0.0009722563577449228
end,layer3.0.shortcut.0,Conv2d,conv,input,20971520,0.0,12.171319961547852,4.122537422546202e-09,4.656612873077393e-10,0.4072962760925293,FP16,Sufficient,0.00010644288789450158,0.0004870906688569082,0.0,0.0,
end,layer3.0.shortcut.0,Conv2d,conv,input,20971520,0.0,12.171319961547852,4.122537422546202e-09,4.656612873077393e-10,0.4072962760925293,FP8_E4M3,Sufficient,0.014625322759883068,1.0,0.0,0.0005846487931178485,
end,layer3.0.shortcut.0,Conv2d,conv,input,20971520,0.0,12.171319961547852,4.122537422546202e-09,4.656612873077393e-10,0.4072962760925293,FP8_E5M2,Marginal,0.02700035608141519,0.11109097835145547,0.0,0.0,
end,layer3.0.shortcut.0,Conv2d,conv,input,20971520,0.0,12.171319961547852,4.122537422546202e-09,4.656612873077393e-10,0.4072962760925293,INT16,Sufficient,0.0002035488987676627,0.2905598335355781,,,0.00019549482359958786
end,layer3.0.shortcut.0,Conv2d,conv,input,20971520,0.0,12.171319961547852,4.122537422546202e-09,4.656612873077393e-10,0.4072962760925293,INT8,Marginal,0.036531223392659753,1.0,,,0.050439203818013346
end,layer3.0.shortcut.0,Conv2d,conv,activation,10485760,-3.995529890060425,4.558560371398926,4.364855854532834e-08,4.656612873077393e-10,0.0,FP16,Sufficient,0.0001764351073294878,0.0004868543382717218,0.0,0.0,
end,layer3.0.shortcut.0,Conv2d,conv,activation,10485760,-3.995529890060425,4.558560371398926,4.364855854532834e-08,4.656612873077393e-10,0.0,FP8_E4M3,Marginal,0.025375923464527828,1.0,0.0,0.0014,
end,layer3.0.shortcut.0,Conv2d,conv,activation,10485760,-3.995529890060425,4.558560371398926,4.364855854532834e-08,4.656612873077393e-10,0.0,FP8_E5M2,Marginal,0.044622561315717325,0.11108784555836285,0.0,0.0,
end,layer3.0.shortcut.0,Conv2d,conv,activation,10485760,-3.995529890060425,4.558560371398926,4.364855854532834e-08,4.656612873077393e-10,0.0,INT16,Sufficient,0.0003068529098518547,0.2813074465292454,,,8.533390730989606e-05
end,layer3.0.shortcut.0,Conv2d,conv,activation,10485760,-3.995529890060425,4.558560371398926,4.364855854532834e-08,4.656612873077393e-10,0.0,INT8,Marginal,0.051406636606335904,1.0,,,0.02201682000648318
end,layer3.0.shortcut.0,Conv2d,conv,weight_gradient,163840,-0.012928490526974201,0.013072177767753601,7.887138053774834e-09,5.4569682106375694e-12,0.0,FP16,Sufficient,0.000216881032854438,0.12337157745577547,0.0,0.0,
end,layer3.0.shortcut.0,Conv2d,conv,weight_gradient,163840,-0.012928490526974201,0.013072177767753601,7.887138053774834e-09,5.4569682106375694e-12,0.0,FP8_E4M3,Not sufficient,0.6088653980150773,1.0,0.0,0.44175,
end,layer3.0.shortcut.0,Conv2d,conv,weight_gradient,163840,-0.012928490526974201,0.013072177767753601,7.887138053774834e-09,5.4569682106375694e-12,0.0,FP8_E5M2,Marginal,0.051410561797457274,1.0,0.0,0.0039,
end,layer3.0.shortcut.0,Conv2d,conv,weight_gradient,163840,-0.012928490526974201,0.013072177767753601,7.887138053774834e-09,5.4569682106375694e-12,0.0,INT16,Sufficient,0.000354583057891346,0.9763955141577111,,,3.1459497886846835e-07
end,layer3.0.shortcut.0,Conv2d,conv,weight_gradient,163840,-0.012928490526974201,0.013072177767753601,7.887138053774834e-09,5.4569682106375694e-12,0.0,INT8,Marginal,0.056613035952093764,1.0,,,8.11679816738827e-05
end,layer3.0.shortcut.0,Conv2d,conv,weight_update,163840,-5.8945268392562866e-05,4.688650369644165e-05,4.511093720793724e-10,5.002220859751105e-12,0.00018310546875,FP16,Sufficient,0.012123327607852223,1.0,0.0,0.003600540081012152,
end,layer3.0.shortcut.0,Conv2d,conv,weight_update,163840,-5.8945268392562866e-05,4.688650369644165e-05,4.511093720793724e-10,5.002220859751105e-12,0.00018310546875,FP8_E4M3,Not sufficient,0.99985,1.0,0.0,1.0,
end,layer3.0.shortcut.0,Conv2d,conv,weight_update,163840,-5.8945268392562866e-05,4.688650369644165e-05,4.511093720793724e-10,5.002220859751105e-12,0.00018310546875,FP8_E5M2,Not sufficient,0.812604214346043,1.0,0.0,0.6770515577336601,
end,layer3.0.shortcut.0,Conv2d,conv,weight_update,163840,-5.8945268392562866e-05,4.688650369644165e-05,4.511093720793724e-10,5.002220859751105e-12,0.00018310546875,INT16,Sufficient,0.00039914586849930985,0.21134067812128055,,,1.4689924602931728e-09
end,layer3.0.shortcut.0,Conv2d,conv,weight_update,163840,-5.8945268392562866e-05,4.688650369644165e-05,4.511093720793724e-10,5.002220859751105e-12,0.00018310546875,INT8,Marginal,0.058474696466607905,1.0,,,3.7901162162540467e-07
end,layer3.0.shortcut.1,BatchNorm2d,batchnorm,weight,256,0.5888078808784485,0.6639251112937927,0.5888078808784485,1.7881393432617188e-07,0.0,FP16,Sufficient,0.00019786982120771464,0.000381041928835741,0.0,0.0,
end,layer3.0.shortcut.1,BatchNorm2d,batchnorm,weight,256,0.5888078808784485,0.6639251112937927,0.5888078808784485,1.7881393432617188e-07,0.0,FP8_E4M3,Sufficient,0.018310640298260152,0.04683140787552962,0.0,0.0,
end,layer3.0.shortcut.1,BatchNorm2d,batchnorm,weight,256,0.5888078808784485,0.6639251112937927,0.5888078808784485,1.7881393432617188e-07,0.0,FP8_E5M2,Sufficient,0.018667794792616363,0.061466770905912675,0.0,0.0,
end,layer3.0.shortcut.1,BatchNorm2d,batchnorm,weight,256,0.5888078808784485,0.6639251112937927,0.5888078808784485,1.7881393432617188e-07,0.0,INT16,Sufficient,7.670290379342875e-06,1.6606243819137806e-05,,,2.0262004800372102e-05
end,layer3.0.shortcut.1,BatchNorm2d,batchnorm,weight,256,0.5888078808784485,0.6639251112937927,0.5888078808784485,1.7881393432617188e-07,0.0,INT8,Sufficient,0.001981180275962461,0.0040958303375180595,,,0.005227756781840887
end,layer3.0.shortcut.1,BatchNorm2d,batchnorm,bias,256,-0.06991198658943176,0.003496043151244521,0.0002587307244539261,2.0489096641540527e-07,0.0,FP16,Sufficient,0.00018506706288964366,0.0004763364583479885,0.0,0.0,
end,layer3.0.shortcut.1,BatchNorm2d,batchnorm,bias,256,-0.06991198658943176,0.003496043151244521,0.0002587307244539261,2.0489096641540527e-07,0.0,FP8_E4M3,Marginal,0.035146557429550765,1.0,0.0,0.00390625,
end,layer3.0.shortcut.1,BatchNorm2d,batchnorm,bias,256,-0.06991198658943176,0.003496043151244521,0.0002587307244539261,2.0489096641540527e-07,0.0,FP8_E5M2,Marginal,0.041842907489626005,0.1110726122597367,0.0,0.0,
end,layer3.0.shortcut.1,BatchNorm2d,batchnorm,bias,256,-0.06991198658943176,0.003496043151244521,0.0002587307244539261,2.0489096641540527e-07,0.0,INT16,Sufficient,3.733081243831249e-05,0.002179717171424457,,,2.133609625215362e-06
end,layer3.0.shortcut.1,BatchNorm2d,batchnorm,bias,256,-0.06991198658943176,0.003496043151244521,0.0002587307244539261,2.0489096641540527e-07,0.0,INT8,Sufficient,0.011017096312962969,1.0,,,0.0005504880833813525
end,layer3.0.shortcut.1,BatchNorm2d,batchnorm,input,10485760,-3.995529890060425,4.558560371398926,4.364855854532834e-08,4.656612873077393e-10,0.0,FP16,Sufficient,0.0001764351073294878,0.0004868543382717218,0.0,0.0,
end,layer3.0.shortcut.1,BatchNorm2d,batchnorm,input,10485760,-3.995529890060425,4.558560371398926,4.364855854532834e-08,4.656612873077393e-10,0.0,FP8_E4M3,Marginal,0.025375923464527828,1.0,0.0,0.0014,
end,layer3.0.shortcut.1,BatchNorm2d,batchnorm,input,10485760,-3.995529890060425,4.558560371398926,4.364855854532834e-08,4.656612873077393e-10,0.0,FP8_E5M2,Marginal,0.044622561315717325,0.11108784555836285,0.0,0.0,
end,layer3.0.shortcut.1,BatchNorm2d,batchnorm,input,10485760,-3.995529890060425,4.558560371398926,4.364855854532834e-08,4.656612873077393e-10,0.0,INT16,Sufficient,0.0003068529098518547,0.2813074465292454,,,8.533390730989606e-05
end,layer3.0.shortcut.1,BatchNorm2d,batchnorm,input,10485760,-3.995529890060425,4.558560371398926,4.364855854532834e-08,4.656612873077393e-10,0.0,INT8,Marginal,0.051406636606335904,1.0,,,0.02201682000648318
end,layer3.0.shortcut.1,BatchNorm2d,batchnorm,activation,10485760,-4.995608329772949,5.184092044830322,1.329743781752768e-08,1.1641532182693481e-10,0.0,FP16,Sufficient,0.0001771099289631975,0.009516516622417467,0.0,0.0,
end,layer3.0.shortcut.1,BatchNorm2d,batchnorm,activation,10485760,-4.995608329772949,5.184092044830322,1.329743781752768e-08,1.1641532182693481e-10,0.0,FP8_E4M3,Marginal,0.02548887141827756,1.0,0.0,0.0014,
end,layer3.0.shortcut.1,BatchNorm2d,batchnorm,activation,10485760,-4.995608329772949,5.184092044830322,1.329743781752768e-08,1.1641532182693481e-10,0.0,FP8_E5M2,Marginal,0.04486573744973294,1.0,0.0,5e-05,
end,layer3.0.shortcut.1,BatchNorm2d,batchnorm,activation,10485760,-4.995608329772949,5.184092044830322,1.329743781752768e-08,1.1641532182693481e-10,0.0,INT16,Sufficient,0.0005812196686549041,1.0,,,0.00012958969119470666
end,layer3.0.shortcut.1,BatchNorm2d,batchnorm,activation,10485760,-4.995608329772949,5.184092044830322,1.329743781752768e-08,1.1641532182693481e-10,0.0,INT8,Marginal,0.0616664472962957,1.0,,,0.033435160719503566
end,layer3.0.shortcut.1,BatchNorm2d,batchnorm,weight_gradient,1280,-0.007809577044099569,0.007896671071648598,1.995175047397879e-08,1.3969838619232178e-09,0.0,FP16,Sufficient,0.0009959229905257753,1.0,0.0,0.00078125,
end,layer3.0.shortcut.1,BatchNorm2d,batchnorm,weight_gradient,1280,-0.007809577044099569,0.007896671071648598,1.995175047397879e-08,1.3969838619232178e-09,0.0,FP8_E4M3,Not sufficient,0.5910764039265832,1.0,0.0,0.4234375,
end,layer3.0.shortcut.1,BatchNorm2d,batchnorm,weight_gradient,1280,-0.007809577044099569,0.007896671071648598,1.995175047397879e-08,1.3969838619232178e-09,0.0,FP8_E5M2,Marginal,0.054018170183267586,1.0,0.0,0.00390625,
end,layer3.0.shortcut.1,BatchNorm2d,batchnorm,weight_gradient,1280,-0.007809577044099569,0.007896671071648598,1.995175047397879e-08,1.3969838619232178e-09,0.0,INT16,Sufficient,0.0009840410682592337,1.0,,,2.409946309289406e-07
end,layer3.0.shortcut.1,BatchNorm2d,batchnorm,weight_gradient,1280,-0.007809577044099569,0.007896671071648598,1.995175047397879e-08,1.3969838619232178e-09,0.0,INT8,Marginal,0.050916260267796144,1.0,,,6.21785123751858e-05
end,layer3.0.shortcut.1,BatchNorm2d,batchnorm,weight_update,1280,-3.439188003540039e-05,2.205371856689453e-05,5.960464477539063e-08,5.960464477539063e-08,0.00234375,FP16,Sufficient,0.0,0.0,0.0,0.0,
end,layer3.0.shortcut.1,BatchNorm2d,batchnorm,weight_update,1280,-3.439188003540039e-05,2.205371856689453e-05,5.960464477539063e-08,5.960464477539063e-08,0.00234375,FP8_E4M3,Not sufficient,0.99765625,1.0,0.0,1.0,
end,layer3.0.shortcut.1,BatchNorm2d,batchnorm,weight_update,1280,-3.439188003540039e-05,2.205371856689453e-05,5.960464477539063e-08,5.960464477539063e-08,0.00234375,FP8_E5M2,Not sufficient,0.6971306672022285,1.0,0.0,0.5129209083790133,
end,layer3.0.shortcut.1,BatchNorm2d,batchnorm,weight_update,1280,-3.439188003540039e-05,2.205371856689453e-05,5.960464477539063e-08,5.960464477539063e-08,0.00234375,INT16,Sufficient,0.0001329494391450389,0.0037232581560715516,,,1.0495889167577254e-09
end,layer3.0.shortcut.1,BatchNorm2d,batchnorm,weight_update,1280,-3.439188003540039e-05,2.205371856689453e-05,5.960464477539063e-08,5.960464477539063e-08,0.00234375,INT8,Marginal,0.03372908972295723,1.0,,,2.708022050031527e-07
end,layer3.1.conv1,Conv2d,conv,weight,589824,-0.05064108222723007,0.06725242733955383,1.2528439619075016e-08,1.4551915228366852e-11,0.0,FP16,Sufficient,0.00018305938624719263,0.057738051448932695,0.0,0.0,
end,layer3.1.conv1,Conv2d,conv,weight,589824,-0.05064108222723007,0.06725242733955383,1.2528439619075016e-08,1.4551915228366852e-11,0.0,FP8_E4M3,Not sufficient,0.1570375061641512,1.0,0.0,0.0673,
end,layer3.1.conv1,Conv2d,conv,weight,589824,-0.05064108222723007,0.06725242733955383,1.2528439619075016e-08,1.4551915228366852e-11,0.0,FP8_E5M2,Marginal,0.04578112918836805,1.0,0.0,0.0004,
end,layer3.1.conv1,Conv2d,conv,weight,589824,-0.05064108222723007,0.06725242733955383,1.2528439619075016e-08,1.4551915228366852e-11,0.0,INT16,Sufficient,0.0002760967342474626,1.0,,,1.2003401040878085e-06
end,layer3.1.conv1,Conv2d,conv,weight,589824,-0.05064108222723007,0.06725242733955383,1.2528439619075016e-08,1.4551915228366852e-11,0.0,INT8,Marginal,0.03500307324921729,1.0,,,0.0003096971983515371
end,layer3.1.conv1,Conv2d,conv,input,10485760,0.0,8.337425231933594,5.960464477539063e-08,3.725290298461914e-09,0.5351992607116699,FP16,Sufficient,8.279125517307917e-05,0.0004870920603994155,0.0,0.0,
end,layer3.1.conv1,Conv2d,conv,input,10485760,0.0,8.337425231933594,5.960464477539063e-08,3.725290298461914e-09,0.5351992607116699,FP8_E4M3,Sufficient,0.011519282383755169,1.0,0.0,0.0009646302250803858,
end,layer3.1.conv1,Conv2d,conv,input,10485760,0.0,8.337425231933594,5.960464477539063e-08,3.725290298461914e-09,0.5351992607116699,FP8_E5M2,Marginal,0.020863462442487032,0.11110487105494966,0.0,0.0,
end,layer3.1.conv1,Conv2d,conv,input,10485760,0.0,8.337425231933594,5.960464477539063e-08,3.725290298461914e-09,0.5351992607116699,INT16,Sufficient,0.00021481046621103016,1.0,,,0.0001594598785101427
end,layer3.1.conv1,Conv2d,conv,input,10485760,0.0,8.337425231933594,5.960464477539063e-08,3.725290298461914e-09,0.5351992607116699,INT8,Marginal,0.025597125960079063,1.0,,,0.041141904245211386
end,layer3.1.conv1,Conv2d,conv,activation,10485760,-7.842504501342773,6.633510112762451,2.9802322387695312e-08,9.313225746154785e-10,0.0,FP16,Sufficient,0.0001762609094333607,0.00048449440393578925,0.0,0.0,
end,layer3.1.conv1,Conv2d,conv,activation,10485760,-7.842504501342773,6.633510112762451,2.9802322387695312e-08,9.313225746154785e-10,0.0,FP8_E4M3,Marginal,0.02456467960523576,1.0,0.0,0.00115,
end,layer3.1.conv1,Conv2d,conv,activation,10485760,-7.842504501342773,6.633510112762451,2.9802322387695312e-08,9.313225746154785e-10,0.0,FP8_E5M2,Marginal,0.044986389954224944,0.11108803394829615,0.0,0.0,
end,layer3.1.conv1,Conv2d,conv,activation,10485760,-7.842504501342773,6.633510112762451,2.9802322387695312e-08,9.313225746154785e-10,0.0,INT16,Sufficient,0.0003514718180454423,0.29827630240474134,,,0.00018565220439474434
end,layer3.1.conv1,Conv2d,conv,activation,10485760,-7.842504501342773,6.633510112762451,2.9802322387695312e-08,9.313225746154785e-10,0.0,INT8,Marginal,0.05981769708522204,1.0,,,0.0478997305622251
end,layer3.1.conv1,Conv2d,conv,weight_gradient,2949120,-0.010531826876103878,0.00864397082477808,4.94765117764473e-10,4.547473508864641e-13,0.0,FP16,Sufficient,0.0002773461356969416,0.2147093712930012,0.0,0.0,
end,layer3.1.conv1,Conv2d,conv,weight_gradient,2949120,-0.010531826876103878,0.00864397082477808,4.94765117764473e-10,4.547473508864641e-13,0.0,FP8_E4M3,Not sufficient,0.8799378876966917,1.0,0.0,0.77655,
end,layer3.1.conv1,Conv2d,conv,weight_gradient,2949120,-0.010531826876103878,0.00864397082477808,4.94765117764473e-10,4.547473508864641e-13,0.0,FP8_E5M2,Marginal,0.058928952023138484,1.0,0.0,0.00865,
end,layer3.1.conv1,Conv2d,conv,weight_gradient,2949120,-0.010531826876103878,0.00864397082477808,4.94765117764473e-10,4.547473508864641e-13,0.0,INT16,Sufficient,0.0006494665047038196,1.0,,,2.1561750479386558e-07
end,layer3.1.conv1,Conv2d,conv,weight_gradient,2949120,-0.010531826876103878,0.00864397082477808,4.94765117764473e-10,4.547473508864641e-13,0.0,INT8,Marginal,0.08123932799115119,1.0,,,5.563101401244561e-05
end,layer3.1.conv1,Conv2d,conv,weight_update,2949120,-3.2377662137150764e-05,3.630295395851135e-05,5.820766091346741e-11,4.547473508864641e-13,7.9345703125e-05,FP16,Marginal,0.023241867545316562,1.0,0.0,0.006200620062006201,
end,layer3.1.conv1,Conv2d,conv,weight_update,2949120,-3.2377662137150764e-05,3.630295395851135e-05,5.820766091346741e-11,4.547473508864641e-13,7.9345703125e-05,FP8_E4M3,Not sufficient,0.9999,1.0,0.0,1.0,
end,layer3.1.conv1,Conv2d,conv,weight_update,2949120,-3.2377662137150764e-05,3.630295395851135e-05,5.820766091346741e-11,4.547473508864641e-13,7.9345703125e-05,FP8_E5M2,Not sufficient,0.9796014013115076,1.0,0.0,0.948044804480448,
end,layer3.1.conv1,Conv2d,conv,weight_update,2949120,-3.2377662137150764e-05,3.630295395851135e-05,5.820766091346741e-11,4.547473508864641e-13,7.9345703125e-05,INT16,Sufficient,0.00044877268985677577,1.0,,,7.273905859419332e-10
end,layer3.1.conv1,Conv2d,conv,weight_update,2949120,-3.2377662137150764e-05,3.630295395851135e-05,5.820766091346741e-11,4.547473508864641e-13,7.9345703125e-05,INT8,Marginal,0.06203993252929904,1.0,,,1.8767249865794745e-07
end,layer3.1.bn1,BatchNorm2d,batchnorm,weight,256,0.6027334332466125,0.6896945238113403,0.6027334332466125,1.0728836059570312e-06,0.0,FP16,Sufficient,0.00020230683090262922,0.0003770142584826817,0.0,0.0,
end,layer3.1.bn1,BatchNorm2d,batchnorm,weight,256,0.6027334332466125,0.6896945238113403,0.6027334332466125,1.0728836059570312e-06,0.0,FP8_E4M3,Marginal,0.027412598750951745,0.04759440404341132,0.0,0.0,
end,layer3.1.bn1,BatchNorm2d,batchnorm,weight,256,0.6027334332466125,0.6896945238113403,0.6027334332466125,1.0728836059570312e-06,0.0,FP8_E5M2,Marginal,0.03225132997998641,0.08743795130546184,0.0,0.0,
end,layer3.1.bn1,BatchNorm2d,batchnorm,weight,256,0.6027334332466125,0.6896945238113403,0.6027334332466125,1.0728836059570312e-06,0.0,INT16,Sufficient,8.220736951112413e-06,1.6793733349218886e-05,,,2.1048448860479763e-05
end,layer3.1.bn1,BatchNorm2d,batchnorm,weight,256,0.6027334332466125,0.6896945238113403,0.6027334332466125,1.0728836059570312e-06,0.0,INT8,Sufficient,0.0020888498695772187,0.004253507673139453,,,0.0054306655418215775
end,layer3.1.bn1,BatchNorm2d,batchnorm,bias,256,-0.07519510388374329,-0.0020129764452576637,0.0020129764452576637,2.7567148208618164e-07,0.0,FP16,Sufficient,0.0001804146547284488,0.00044193647071556926,0.0,0.0,
end,layer3.1.bn1,BatchNorm2d,batchnorm,bias,256,-0.07519510388374329,-0.0020129764452576637,0.0020129764452576637,2.7567148208618164e-07,0.0,FP8_E4M3,Marginal,0.025341889699500277,0.1381918944982899,0.0,0.0,
end,layer3.1.bn1,BatchNorm2d,batchnorm,bias,256,-0.07519510388374329,-0.0020129764452576637,0.0020129764452576637,2.7567148208618164e-07,0.0,FP8_E5M2,Marginal,0.0459884291429199,0.10975654542216005,0.0,0.0,
end,layer3.1.bn1,BatchNorm2d,batchnorm,bias,256,-0.07519510388374329,-0.0020129764452576637,0.0020129764452576637,2.7567148208618164e-07,0.0,INT16,Sufficient,2.656987801181625e-05,0.000322252323926901,,,2.2948424904246128e-06
end,layer3.1.bn1,BatchNorm2d,batchnorm,bias,256,-0.07519510388374329,-0.0020129764452576637,0.0020129764452576637,2.7567148208618164e-07,0.0,INT8,Sufficient,0.0064616226049883305,0.11759409770986522,,,0.0005920874321554589
end,layer3.1.bn1,BatchNorm2d,batchnorm,input,10485760,-7.842504501342773,6.633510112762451,2.9802322387695312e-08,9.313225746154785e-10,0.0,FP16,Sufficient,0.0001762609094333607,0.00048449440393578925,0.0,0.0,
end,layer3.1.bn1,BatchNorm2d,batchnorm,input,10485760,-7.842504501342773,6.633510112762451,2.9802322387695312e-08,9.313225746154785e-10,0.0,FP8_E4M3,Marginal,0.02456467960523576,1.0,0.0,0.00115,
end,layer3.1.bn1,BatchNorm2d,batchnorm,input,10485760,-7.842504501342773,6.633510112762451,2.9802322387695312e-08,9.313225746154785e-10,0.0,FP8_E5M2,Marginal,0.044986389954224944,0.11108803394829615,0.0,0.0,
end,layer3.1.bn1,BatchNorm2d,batchnorm,input,10485760,-7.842504501342773,6.633510112762451,2.9802322387695312e-08,9.313225746154785e-10,0.0,INT16,Sufficient,0.0003514718180454423,0.29827630240474134,,,0.00018565220439474434
end,layer3.1.bn1,BatchNorm2d,batchnorm,input,10485760,-7.842504501342773,6.633510112762451,2.9802322387695312e-08,9.313225746154785e-10,0.0,INT8,Marginal,0.05981769708522204,1.0,,,0.0478997305622251
end,layer3.1.bn1,BatchNorm2d,batchnorm,activation,10485760,-4.26429557800293,4.984918594360352,7.478099206537081e-08,2.3283064365386963e-10,0.0,FP16,Sufficient,0.00017617610239953075,0.00144409855875033,0.0,0.0,
end,layer3.1.bn1,BatchNorm2d,batchnorm,activation,10485760,-4.26429557800293,4.984918594360352,7.478099206537081e-08,2.3283064365386963e-10,0.0,FP8_E4M3,Marginal,0.025629657939494614,1.0,0.0,0.0015,
end,layer3.1.bn1,BatchNorm2d,batchnorm,activation,10485760,-4.26429557800293,4.984918594360352,7.478099206537081e-08,2.3283064365386963e-10,0.0,FP8_E5M2,Marginal,0.04506057612497233,1.0,0.0,5e-05,
end,layer3.1.bn1,BatchNorm2d,batchnorm,activation,10485760,-4.26429557800293,4.984918594360352,7.478099206537081e-08,2.3283064365386963e-10,0.0,INT16,Sufficient,0.0005385893689336828,1.0,,,0.00011895781022917999
end,layer3.1.bn1,BatchNorm2d,batchnorm,activation,10485760,-4.26429557800293,4.984918594360352,7.478099206537081e-08,2.3283064365386963e-10,0.0,INT8,Marginal,0.0585421171344877,1.0,,,0.030692051714799537
end,layer3.1.bn1,BatchNorm2d,batchnorm,weight_gradient,1280,-0.008087815716862679,0.011271987110376358,3.0318682320285006e-07,5.995389074087143e-09,0.0,FP16,Sufficient,0.00022943074455993975,0.017116584055173484,0.0,0.0,
end,layer3.1.bn1,BatchNorm2d,batchnorm,weight_gradient,1280,-0.008087815716862679,0.011271987110376358,3.0318682320285006e-07,5.995389074087143e-09,0.0,FP8_E4M3,Not sufficient,0.6229822131928465,1.0,0.0,0.4578125,
end,layer3.1.bn1,BatchNorm2d,batchnorm,weight_gradient,1280,-0.008087815716862679,0.011271987110376358,3.0318682320285006e-07,5.995389074087143e-09,0.0,FP8_E5M2,Marginal,0.05453082138605545,1.0,0.0,0.00625,
end,layer3.1.bn1,BatchNorm2d,batchnorm,weight_gradient,1280,-0.008087815716862679,0.011271987110376358,3.0318682320285006e-07,5.995389074087143e-09,0.0,INT16,Sufficient,0.0005696869893323631,0.16895753557384224,,,3.440042454413391e-07
end,layer3.1.bn1,BatchNorm2d,batchnorm,weight_gradient,1280,-0.008087815716862679,0.011271987110376358,3.0318682320285006e-07,5.995389074087143e-09,0.0,INT8,Marginal,0.06280878208345671,1.0,,,8.875580401871149e-05
end,layer3.1.bn1,BatchNorm2d,batchnorm,weight_update,1280,-4.684925079345703e-05,2.1219253540039062e-05,5.960464477539063e-08,5.960464477539063e-08,0.0015625,FP16,Sufficient,0.0,0.0,0.0,0.0,
end,layer3.1.bn1,BatchNorm2d,batchnorm,weight_update,1280,-4.684925079345703e-05,2.1219253540039062e-05,5.960464477539063e-08,5.960464477539063e-08,0.0015625,FP8_E4M3,Not sufficient,0.9984375,1.0,0.0,1.0,
end,layer3.1.bn1,BatchNorm2d,batchnorm,weight_update,1280,-4.684925079345703e-05,2.1219253540039062e-05,5.960464477539063e-08,5.960464477539063e-08,0.0015625,FP8_E5M2,Not sufficient,0.7371353433097685,1.0,0.0,0.5915492957746479,
end,layer3.1.bn1,BatchNorm2d,batchnorm,weight_update,1280,-4.684925079345703e-05,2.1219253540039062e-05,5.960464477539063e-08,5.960464477539063e-08,0.0015625,INT16,Sufficient,0.00015270801788450685,0.007477034821619322,,,1.4297693042834875e-09
end,layer3.1.bn1,BatchNorm2d,batchnorm,weight_update,1280,-4.684925079345703e-05,2.1219253540039062e-05,5.960464477539063e-08,5.960464477539063e-08,0.0015625,INT8,Marginal,0.039005896207951994,1.0,,,3.688917385311577e-07
end,layer3.1.conv2,Conv2d,conv,weight,589824,-0.04454464092850685,0.051274821162223816,7.087557207796635e-08,1.0913936421275139e-11,0.0,FP16,Sufficient,0.000180276769688907,0.021330545544953398,0.0,0.0,
end,layer3.1.conv2,Conv2d,conv,weight,589824,-0.04454464092850685,0.051274821162223816,7.087557207796635e-08,1.0913936421275139e-11,0.0,FP8_E4M3,Not sufficient,0.15671028867733697,1.0,0.0,0.0674,
end,layer3.1.conv2,Conv2d,conv,weight,589824,-0.04454464092850685,0.051274821162223816,7.087557207796635e-08,1.0913936421275139e-11,0.0,FP8_E5M2,Marginal,0.04593549603215437,1.0,0.0,0.0007,
end,layer3.1.conv2,Conv2d,conv,weight,589824,-0.04454464092850685,0.051274821162223816,7.087557207796635e-08,1.0913936421275139e-11,0.0,INT16,Sufficient,0.00025705085045271605,0.21942739906322245,,,1.4843680511392767e-06
end,layer3.1.conv2,Conv2d,conv,weight,589824,-0.04454464092850685,0.051274821162223816,7.087557207796635e-08,1.0913936421275139e-11,0.0,INT8,Marginal,0.04332801595287518,1.0,,,0.0003829786451313439
end,layer3.1.conv2,Conv2d,conv,input,10485760,0.0,4.984918594360352,7.478099206537081e-08,4.511093720793724e-10,0.5107577323913575,FP16,Sufficient,8.57790991277867e-05,0.0006936624750676393,0.0,0.0,
end,layer3.1.conv2,Conv2d,conv,input,10485760,0.0,4.984918594360352,7.478099206537081e-08,4.511093720793724e-10,0.5107577323913575,FP8_E4M3,Sufficient,0.012595438580559845,1.0,0.0,0.0018354236769654328,
end,layer3.1.conv2,Conv2d,conv,input,10485760,0.0,4.984918594360352,7.478099206537081e-08,4.511093720793724e-10,0.5107577323913575,FP8_E5M2,Marginal,0.021994395532300166,0.19729682873502036,0.0,0.0,
end,layer3.1.conv2,Conv2d,conv,input,10485760,0.0,4.984918594360352,7.478099206537081e-08,4.511093720793724e-10,0.5107577323913575,INT16,Sufficient,0.00023898567544028925,1.0,,,0.00011895781022917999
end,layer3.1.conv2,Conv2d,conv,input,10485760,0.0,4.984918594360352,7.478099206537081e-08,4.511093720793724e-10,0.5107577323913575,INT8,Marginal,0.02898657513211734,1.0,,,0.030692051714799537
end,layer3.1.conv2,Conv2d,conv,activation,10485760,-6.689810276031494,6.37016487121582,4.0978193283081055e-08,9.313225746154785e-10,0.0,FP16,Sufficient,0.00017725340937110168,0.007712082262210797,0.0,0.0,
end,layer3.1.conv2,Conv2d,conv,activation,10485760,-6.689810276031494,6.37016487121582,4.0978193283081055e-08,9.313225746154785e-10,0.0,FP8_E4M3,Marginal,0.025195559761929717,1.0,0.0,0.0016,
end,layer3.1.conv2,Conv2d,conv,activation,10485760,-6.689810276031494,6.37016487121582,4.0978193283081055e-08,9.313225746154785e-10,0.0,FP8_E5M2,Marginal,0.04517528181431326,1.0,0.0,5e-05,
end,layer3.1.conv2,Conv2d,conv,activation,10485760,-6.689810276031494,6.37016487121582,4.0978193283081055e-08,9.313225746154785e-10,0.0,INT16,Sufficient,0.00039634788192379557,1.0,,,0.0001088627657993787
end,layer3.1.conv2,Conv2d,conv,activation,10485760,-6.689810276031494,6.37016487121582,4.0978193283081055e-08,9.313225746154785e-10,0.0,INT8,Marginal,0.05561592426632542,1.0,,,0.028087450763371987
end,layer3.1.conv2,Conv2d,conv,weight_gradient,2949120,-0.007821084931492805,0.006667939946055412,1.6007106751203537e-10,1.3642420526593924e-12,0.0,FP16,Sufficient,0.00032432559198362513,1.0,0.0,5e-05,
end,layer3.1.conv2,Conv2d,conv,weight_gradient,2949120,-0.007821084931492805,0.006667939946055412,1.6007106751203537e-10,1.3642420526593924e-12,0.0,FP8_E4M3,Not sufficient,0.9158240768421423,1.0,0.0,0.827,
end,layer3.1.conv2,Conv2d,conv,weight_gradient,2949120,-0.007821084931492805,0.006667939946055412,1.6007106751203537e-10,1.3642420526593924e-12,0.0,FP8_E5M2,Marginal,0.06006010681270383,1.0,0.0,0.0088,
end,layer3.1.conv2,Conv2d,conv,weight_gradient,2949120,-0.007821084931492805,0.006667939946055412,1.6007106751203537e-10,1.3642420526593924e-12,0.0,INT16,Sufficient,0.0004775227065581048,1.0,,,1.6496524694062904e-07
end,layer3.1.conv2,Conv2d,conv,weight_gradient,2949120,-0.007821084931492805,0.006667939946055412,1.6007106751203537e-10,1.3642420526593924e-12,0.0,INT8,Marginal,0.07049731448683666,1.0,,,4.256233264963458e-05
end,layer3.1.conv2,Conv2d,conv,weight_update,2949120,-2.6293913833796978e-05,2.3977248929440975e-05,7.275957614183426e-12,2.2737367544323206e-13,8.748372395833333e-05,FP16,Marginal,0.026036551714898094,1.0,0.0,0.00695069506950695,
end,layer3.1.conv2,Conv2d,conv,weight_update,2949120,-2.6293913833796978e-05,2.3977248929440975e-05,7.275957614183426e-12,2.2737367544323206e-13,8.748372395833333e-05,FP8_E4M3,Not sufficient,0.9999,1.0,0.0,1.0,
end,layer3.1.conv2,Conv2d,conv,weight_update,2949120,-2.6293913833796978e-05,2.3977248929440975e-05,7.275957614183426e-12,2.2737367544323206e-13,8.748372395833333e-05,FP8_E5M2,Not sufficient,0.9917752178005707,1.0,0.0,0.974947494749475,
end,layer3.1.conv2,Conv2d,conv,weight_update,2949120,-2.6293913833796978e-05,2.3977248929440975e-05,7.275957614183426e-12,2.2737367544323206e-13,8.748372395833333e-05,INT16,Sufficient,0.00036490569212154557,0.30651646473586225,,,6.083941388576581e-10
end,layer3.1.conv2,Conv2d,conv,weight_update,2949120,-2.6293913833796978e-05,2.3977248929440975e-05,7.275957614183426e-12,2.2737367544323206e-13,8.748372395833333e-05,INT8,Marginal,0.06130024018096874,1.0,,,1.5697047833030618e-07
end,layer3.1.bn2,BatchNorm2d,batchnorm,weight,256,0.607886552810669,0.6870215535163879,0.607886552810669,1.2516975402832031e-06,0.0,FP16,Sufficient,0.0001866578721640474,0.00038521182642741727,0.0,0.0,
end,layer3.1.bn2,BatchNorm2d,batchnorm,weight,256,0.607886552810669,0.6870215535163879,0.607886552810669,1.2516975402832031e-06,0.0,FP8_E4M3,Marginal,0.025850291922887837,0.04753998295685567,0.0,0.0,
end,layer3.1.bn2,BatchNorm2d,batchnorm,weight,256,0.607886552810669,0.6870215535163879,0.607886552810669,1.2516975402832031e-06,0.0,FP8_E5M2,Marginal,0.0319848684167033,0.09027599381553973,0.0,0.0,
end,layer3.1.bn2,BatchNorm2d,batchnorm,weight,256,0.607886552810669,0.6870215535163879,0.607886552810669,1.2516975402832031e-06,0.0,INT16,Sufficient,8.043836175458787e-06,1.640534121092877e-05,,,2.0966873791204196e-05
end,layer3.1.bn2,BatchNorm2d,batchnorm,weight,256,0.607886552810669,0.6870215535163879,0.607886552810669,1.2516975402832031e-06,0.0,INT8,Sufficient,0.002096040184183215,0.004226671422289382,,,0.005409618531625102
end,layer3.1.bn2,BatchNorm2d,batchnorm,bias,256,-0.06050568446516991,0.0024280205834656954,1.3969595784146804e-05,6.798654794692993e-07,0.0,FP16,Sufficient,0.0001877682759216195,0.001582644698316045,0.0,0.0,
end,layer3.1.bn2,BatchNorm2d,batchnorm,bias,256,-0.06050568446516991,0.0024280205834656954,1.3969595784146804e-05,6.798654794692993e-07,0.0,FP8_E4M3,Not sufficient,0.05825803361504024,1.0,0.0,0.01953125,
end,layer3.1.bn2,BatchNorm2d,batchnorm,bias,256,-0.06050568446516991,0.0024280205834656954,1.3969595784146804e-05,6.798654794692993e-07,0.0,FP8_E5M2,Marginal,0.044164741434588595,0.11062318550458462,0.0,0.0,
end,layer3.1.bn2,BatchNorm2d,batchnorm,bias,256,-0.06050568446516991,0.0024280205834656954,1.3969595784146804e-05,6.798654794692993e-07,0.0,INT16,Sufficient,0.0003049307407511048,0.057464128946383426,,,1.8465433047019838e-06
end,layer3.1.bn2,BatchNorm2d,batchnorm,bias,256,-0.06050568446516991,0.0024280205834656954,1.3969595784146804e-05,6.798654794692993e-07,0.0,INT8,Marginal,0.026770759742576276,1.0,,,0.00047642271232417247
end,layer3.1.bn2,BatchNorm2d,batchnorm,input,10485760,-6.689810276031494,6.37016487121582,4.0978193283081055e-08,9.313225746154785e-10,0.0,FP16,Sufficient,0.00017725340937110168,0.007712082262210797,0.0,0.0,
end,layer3.1.bn2,BatchNorm2d,batchnorm,input,10485760,-6.689810276031494,6.37016487121582,4.0978193283081055e-08,9.313225746154785e-10,0.0,FP8_E4M3,Marginal,0.025195559761929717,1.0,0.0,0.0016,
end,layer3.1.bn2,BatchNorm2d,batchnorm,input,10485760,-6.689810276031494,6.37016487121582,4.0978193283081055e-08,9.313225746154785e-10,0.0,FP8_E5M2,Marginal,0.04517528181431326,1.0,0.0,5e-05,
end,layer3.1.bn2,BatchNorm2d,batchnorm,input,10485760,-6.689810276031494,6.37016487121582,4.0978193283081055e-08,9.313225746154785e-10,0.0,INT16,Sufficient,0.00039634788192379557,1.0,,,0.0001088627657993787
end,layer3.1.bn2,BatchNorm2d,batchnorm,input,10485760,-6.689810276031494,6.37016487121582,4.0978193283081055e-08,9.313225746154785e-10,0.0,INT8,Marginal,0.05561592426632542,1.0,,,0.028087450763371987
end,layer3.1.bn2,BatchNorm2d,batchnorm,activation,10485760,-7.159925937652588,8.389364242553711,1.1283457723720858e-07,4.656612873077393e-10,0.0,FP16,Sufficient,0.00017769323721382414,0.0005841269060188357,0.0,0.0,
end,layer3.1.bn2,BatchNorm2d,batchnorm,activation,10485760,-7.159925937652588,8.389364242553711,1.1283457723720858e-07,4.656612873077393e-10,0.0,FP8_E4M3,Marginal,0.025759656329120657,1.0,0.0,0.0019,
end,layer3.1.bn2,BatchNorm2d,batchnorm,activation,10485760,-7.159925937652588,8.389364242553711,1.1283457723720858e-07,4.656612873077393e-10,0.0,FP8_E5M2,Marginal,0.04498249772712301,0.8428024207765527,0.0,0.0,
end,layer3.1.bn2,BatchNorm2d,batchnorm,activation,10485760,-7.159925937652588,8.389364242553711,1.1283457723720858e-07,4.656612873077393e-10,0.0,INT16,Sufficient,0.0007669092437072056,1.0,,,0.0001617142427035653
end,layer3.1.bn2,BatchNorm2d,batchnorm,activation,10485760,-7.159925937652588,8.389364242553711,1.1283457723720858e-07,4.656612873077393e-10,0.0,INT8,Marginal,0.07599112115079247,1.0,,,0.04172354795801358
end,layer3.1.bn2,BatchNorm2d,batchnorm,weight_gradient,1280,-0.008105327375233173,0.008168775588274002,6.214038990037807e-07,1.1641532182693481e-10,0.0,FP16,Sufficient,0.00022385733279711153,0.0408067141041871,0.0,0.0,
end,layer3.1.bn2,BatchNorm2d,batchnorm,weight_gradient,1280,-0.008105327375233173,0.008168775588274002,6.214038990037807e-07,1.1641532182693481e-10,0.0,FP8_E4M3,Not sufficient,0.6815546384038914,1.0,0.0,0.52421875,
end,layer3.1.bn2,BatchNorm2d,batchnorm,weight_gradient,1280,-0.008105327375233173,0.008168775588274002,6.214038990037807e-07,1.1641532182693481e-10,0.0,FP8_E5M2,Marginal,0.05171239572114561,1.0,0.0,0.0046875,
end,layer3.1.bn2,BatchNorm2d,batchnorm,weight_gradient,1280,-0.008105327375233173,0.008168775588274002,6.214038990037807e-07,1.1641532182693481e-10,0.0,INT16,Sufficient,0.0003850585417243181,0.1976270004172667,,,2.492988551980347e-07
end,layer3.1.bn2,BatchNorm2d,batchnorm,weight_gradient,1280,-0.008105327375233173,0.008168775588274002,6.214038990037807e-07,1.1641532182693481e-10,0.0,INT8,Marginal,0.049103995138871925,1.0,,,6.432106762420473e-05
end,layer3.1.bn2,BatchNorm2d,batchnorm,weight_update,1280,-3.36766242980957e-05,1.430511474609375e-05,5.960464477539063e-08,5.960464477539063e-08,0.0046875,FP16,Sufficient,0.0,0.0,0.0,0.0,
end,layer3.1.bn2,BatchNorm2d,batchnorm,weight_update,1280,-3.36766242980957e-05,1.430511474609375e-05,5.960464477539063e-08,5.960464477539063e-08,0.0046875,FP8_E4M3,Not sufficient,0.9953125,1.0,0.0,1.0,
end,layer3.1.bn2,BatchNorm2d,batchnorm,weight_update,1280,-3.36766242980957e-05,1.430511474609375e-05,5.960464477539063e-08,5.960464477539063e-08,0.0046875,FP8_E5M2,Not sufficient,0.7960474724256091,1.0,0.0,0.6279434850863422,
end,layer3.1.bn2,BatchNorm2d,batchnorm,weight_update,1280,-3.36766242980957e-05,1.430511474609375e-05,5.960464477539063e-08,5.960464477539063e-08,0.0046875,INT16,Sufficient,5.923064593880951e-05,9.155552842798897e-05,,,1.027760377761031e-09
end,layer3.1.bn2,BatchNorm2d,batchnorm,weight_update,1280,-3.36766242980957e-05,1.430511474609375e-05,5.960464477539063e-08,5.960464477539063e-08,0.0046875,INT8,Marginal,0.030740417001147526,1.0,,,2.651702700637457e-07
end,layer4.0.conv1,Conv2d,conv,weight,1179648,-0.04126701131463051,0.04717031866312027,8.55083825967995e-09,7.275957614183426e-12,0.0,FP16,Sufficient,0.0001795774897232354,0.008474030189513976,0.0,0.0,
end,layer4.0.conv1,Conv2d,conv,weight,1179648,-0.04126701131463051,0.04717031866312027,8.55083825967995e-09,7.275957614183426e-12,0.0,FP8_E4M3,Not sufficient,0.16176444519476915,1.0,0.0,0.06715,
end,layer4.0.conv1,Conv2d,conv,weight,1179648,-0.04126701131463051,0.04717031866312027,8.55083825967995e-09,7.275957614183426e-12,0.0,FP8_E5M2,Marginal,0.045374222038442984,1.0,0.0,0.00055,
end,layer4.0.conv1,Conv2d,conv,weight,1179648,-0.04126701131463051,0.04717031866312027,8.55083825967995e-09,7.275957614183426e-12,0.0,INT16,Sufficient,0.00018225038946353278,0.2565431658521591,,,1.113997090705769e-06
end,layer4.0.conv1,Conv2d,conv,weight,1179648,-0.04126701131463051,0.04717031866312027,8.55083825967995e-09,7.275957614183426e-12,0.0,INT8,Marginal,0.03301407712048099,1.0,,,0.00028742002103272383
end,layer4.0.conv1,Conv2d,conv,input,10485760,0.0,11.785938262939453,3.5762786865234375e-07,4.656612873077393e-10,0.3984023094177246,FP16,Sufficient,0.00010612874203505212,0.0004828033447701542,0.0,0.0,
end,layer4.0.conv1,Conv2d,conv,input,10485760,0.0,11.785938262939453,3.5762786865234375e-07,4.656612873077393e-10,0.3984023094177246,FP8_E4M3,Sufficient,0.014808315915933554,1.0,0.0,0.001328462304882099,
end,layer4.0.conv1,Conv2d,conv,input,10485760,0.0,11.785938262939453,3.5762786865234375e-07,4.656612873077393e-10,0.3984023094177246,FP8_E5M2,Marginal,0.02695141611831068,0.11108982364868,0.0,0.0,
end,layer4.0.conv1,Conv2d,conv,input,10485760,0.0,11.785938262939453,3.5762786865234375e-07,4.656612873077393e-10,0.3984023094177246,INT16,Sufficient,0.00042680570240206744,1.0,,,0.00023346831758025145
end,layer4.0.conv1,Conv2d,conv,input,10485760,0.0,11.785938262939453,3.5762786865234375e-07,4.656612873077393e-10,0.3984023094177246,INT8,Marginal,0.04035637660783035,1.0,,,0.06023666426891417
end,layer4.0.conv1,Conv2d,conv,activation,5242880,-9.959699630737305,11.243680953979492,5.960464477539063e-08,9.313225746154785e-10,0.0,FP16,Sufficient,0.00017599778224307528,0.0004868508565882264,0.0,0.0,
end,layer4.0.conv1,Conv2d,conv,activation,5242880,-9.959699630737305,11.243680953979492,5.960464477539063e-08,9.313225746154785e-10,0.0,FP8_E4M3,Marginal,0.02453582373298146,1.0,0.0,0.00105,
end,layer4.0.conv1,Conv2d,conv,activation,5242880,-9.959699630737305,11.243680953979492,5.960464477539063e-08,9.313225746154785e-10,0.0,FP8_E5M2,Marginal,0.04492217146015076,0.11110301069248195,0.0,0.0,
end,layer4.0.conv1,Conv2d,conv,activation,5242880,-9.959699630737305,11.243680953979492,5.960464477539063e-08,9.313225746154785e-10,0.0,INT16,Sufficient,0.00046826923820492323,0.5553016561962352,,,0.00021215127946168686
end,layer4.0.conv1,Conv2d,conv,activation,5242880,-9.959699630737305,11.243680953979492,5.960464477539063e-08,9.313225746154785e-10,0.0,INT8,Marginal,0.0703760422106253,1.0,,,0.05473670058363066
end,layer4.0.conv1,Conv2d,conv,weight_gradient,5898240,-0.004838237538933754,0.00824094470590353,1.1641532182693481e-10,9.094947017729282e-13,0.0,FP16,Sufficient,0.00039331869270368394,1.0,0.0,5e-05,
end,layer4.0.conv1,Conv2d,conv,weight_gradient,5898240,-0.004838237538933754,0.00824094470590353,1.1641532182693481e-10,9.094947017729282e-13,0.0,FP8_E4M3,Not sufficient,0.967333305699546,1.0,0.0,0.92365,
end,layer4.0.conv1,Conv2d,conv,weight_gradient,5898240,-0.004838237538933754,0.00824094470590353,1.1641532182693481e-10,9.094947017729282e-13,0.0,FP8_E5M2,Not sufficient,0.06763819101287484,1.0,0.0,0.0128,
end,layer4.0.conv1,Conv2d,conv,weight_gradient,5898240,-0.004838237538933754,0.00824094470590353,1.1641532182693481e-10,9.094947017729282e-13,0.0,INT16,Sufficient,0.00048511083154872384,1.0,,,1.1002770296916187e-07
end,layer4.0.conv1,Conv2d,conv,weight_gradient,5898240,-0.004838237538933754,0.00824094470590353,1.1641532182693481e-10,9.094947017729282e-13,0.0,INT8,Marginal,0.06766394072029722,1.0,,,2.838801372590966e-05
end,layer4.0.conv1,Conv2d,conv,weight_update,5898240,-2.374313771724701e-05,1.7451122403144836e-05,5.820766091346741e-11,1.1368683772161603e-13,0.00011647542317708334,FP16,Not sufficient,0.035470189222111696,1.0,0.0,0.012100605030251512,
end,layer4.0.conv1,Conv2d,conv,weight_update,5898240,-2.374313771724701e-05,1.7451122403144836e-05,5.820766091346741e-11,1.1368683772161603e-13,0.00011647542317708334,FP8_E4M3,Not sufficient,0.99995,1.0,0.0,1.0,
end,layer4.0.conv1,Conv2d,conv,weight_update,5898240,-2.374313771724701e-05,1.7451122403144836e-05,5.820766091346741e-11,1.1368683772161603e-13,0.00011647542317708334,FP8_E5M2,Not sufficient,0.9984847254398171,1.0,0.0,0.9935996799839992,
end,layer4.0.conv1,Conv2d,conv,weight_update,5898240,-2.374313771724701e-05,1.7451122403144836e-05,5.820766091346741e-11,1.1368683772161603e-13,0.00011647542317708334,INT16,Sufficient,0.0003715200522090723,1.0,,,4.031600408836102e-10
end,layer4.0.conv1,Conv2d,conv,weight_update,5898240,-2.374313771724701e-05,1.7451122403144836e-05,5.820766091346741e-11,1.1368683772161603e-13,0.00011647542317708334,INT8,Marginal,0.05524774231654958,1.0,,,1.0401846503648232e-07
end,layer4.0.bn1,BatchNorm2d,batchnorm,weight,512,0.6193742156028748,0.6888297200202942,0.6193742156028748,1.1920928955078125e-07,0.0,FP16,Sufficient,0.00018964197661173077,0.0003810092871597256,0.0,0.0,
end,layer4.0.bn1,BatchNorm2d,batchnorm,weight,512,0.6193742156028748,0.6888297200202942,0.6193742156028748,1.1920928955078125e-07,0.0,FP8_E4M3,Marginal,0.02851359892731415,0.047605726267664336,0.0,0.0,
end,layer4.0.bn1,BatchNorm2d,batchnorm,weight,512,0.6193742156028748,0.6888297200202942,0.6193742156028748,1.1920928955078125e-07,0.0,FP8_E5M2,Marginal,0.03179944993364113,0.0888031950449287,0.0,0.0,
end,layer4.0.bn1,BatchNorm2d,batchnorm,weight,512,0.6193742156028748,0.6888297200202942,0.6193742156028748,1.1920928955078125e-07,0.0,INT16,Sufficient,8.062127339563827e-06,1.638133413449874e-05,,,2.102205633778784e-05
end,layer4.0.bn1,BatchNorm2d,batchnorm,weight,512,0.6193742156028748,0.6888297200202942,0.6193742156028748,1.1920928955078125e-07,0.0,INT8,Sufficient,0.0020981659909720604,0.00424735147510919,,,0.005423856063151922
end,layer4.0.bn1,BatchNorm2d,batchnorm,bias,512,-0.05243036895990372,0.006748163141310215,5.5862838053144515e-05,3.958120942115784e-08,0.0,FP16,Sufficient,0.00017926053513082029,0.0004558819667296846,0.0,0.0,
end,layer4.0.bn1,BatchNorm2d,batchnorm,bias,512,-0.05243036895990372,0.006748163141310215,5.5862838053144515e-05,3.958120942115784e-08,0.0,FP8_E4M3,Not sufficient,0.08171890339690534,1.0,0.0,0.021484375,
end,layer4.0.bn1,BatchNorm2d,batchnorm,bias,512,-0.05243036895990372,0.006748163141310215,5.5862838053144515e-05,3.958120942115784e-08,0.0,FP8_E5M2,Marginal,0.04658370322564745,0.11052873328515919,0.0,0.0,
end,layer4.0.bn1,BatchNorm2d,batchnorm,bias,512,-0.05243036895990372,0.006748163141310215,5.5862838053144515e-05,3.958120942115784e-08,0.0,INT16,Sufficient,8.486470072889714e-05,0.003329738186732009,,,1.6000967119328507e-06
end,layer4.0.bn1,BatchNorm2d,batchnorm,bias,512,-0.05243036895990372,0.006748163141310215,5.5862838053144515e-05,3.958120942115784e-08,0.0,INT8,Marginal,0.026096406926019826,1.0,,,0.0004128375508653836
end,layer4.0.bn1,BatchNorm2d,batchnorm,input,5242880,-9.959699630737305,11.243680953979492,5.960464477539063e-08,9.313225746154785e-10,0.0,FP16,Sufficient,0.00017599778224307528,0.0004868508565882264,0.0,0.0,
end,layer4.0.bn1,BatchNorm2d,batchnorm,input,5242880,-9.959699630737305,11.243680953979492,5.960464477539063e-08,9.313225746154785e-10,0.0,FP8_E4M3,Marginal,0.02453582373298146,1.0,0.0,0.00105,
end,layer4.0.bn1,BatchNorm2d,batchnorm,input,5242880,-9.959699630737305,11.243680953979492,5.960464477539063e-08,9.313225746154785e-10,0.0,FP8_E5M2,Marginal,0.04492217146015076,0.11110301069248195,0.0,0.0,
end,layer4.0.bn1,BatchNorm2d,batchnorm,input,5242880,-9.959699630737305,11.243680953979492,5.960464477539063e-08,9.313225746154785e-10,0.0,INT16,Sufficient,0.00046826923820492323,0.5553016561962352,,,0.00021215127946168686
end,layer4.0.bn1,BatchNorm2d,batchnorm,input,5242880,-9.959699630737305,11.243680953979492,5.960464477539063e-08,9.313225746154785e-10,0.0,INT8,Marginal,0.0703760422106253,1.0,,,0.05473670058363066
end,layer4.0.bn1,BatchNorm2d,batchnorm,activation,5242880,-6.5613932609558105,8.952974319458008,2.2166592827943532e-07,4.656612873077393e-10,0.0,FP16,Sufficient,0.00017738213000873884,0.0004868508565882264,0.0,0.0,
end,layer4.0.bn1,BatchNorm2d,batchnorm,activation,5242880,-6.5613932609558105,8.952974319458008,2.2166592827943532e-07,4.656612873077393e-10,0.0,FP8_E4M3,Marginal,0.025324963533078147,1.0,0.0,0.0012,
end,layer4.0.bn1,BatchNorm2d,batchnorm,activation,5242880,-6.5613932609558105,8.952974319458008,2.2166592827943532e-07,4.656612873077393e-10,0.0,FP8_E5M2,Marginal,0.04483756800410952,0.11109010623229236,0.0,0.0,
end,layer4.0.bn1,BatchNorm2d,batchnorm,activation,5242880,-6.5613932609558105,8.952974319458008,2.2166592827943532e-07,4.656612873077393e-10,0.0,INT16,Sufficient,0.0006682431487533492,1.0,,,0.00018855883443810685
end,layer4.0.bn1,BatchNorm2d,batchnorm,activation,5242880,-6.5613932609558105,8.952974319458008,2.2166592827943532e-07,4.656612873077393e-10,0.0,INT8,Marginal,0.08738707715614666,1.0,,,0.04864966400026336
end,layer4.0.bn1,BatchNorm2d,batchnorm,weight_gradient,2560,-0.004081591963768005,0.0053647905588150024,3.06163343566368e-07,7.566995918750763e-10,0.0,FP16,Sufficient,0.00026094965451870617,0.050531985503809544,0.0,0.0,
end,layer4.0.bn1,BatchNorm2d,batchnorm,weight_gradient,2560,-0.004081591963768005,0.0053647905588150024,3.06163343566368e-07,7.566995918750763e-10,0.0,FP8_E4M3,Not sufficient,0.8655130976827955,1.0,0.0,0.774609375,
end,layer4.0.bn1,BatchNorm2d,batchnorm,weight_gradient,2560,-0.004081591963768005,0.0053647905588150024,3.06163343566368e-07,7.566995918750763e-10,0.0,FP8_E5M2,Marginal,0.06239659886570563,1.0,0.0,0.009375,
end,layer4.0.bn1,BatchNorm2d,batchnorm,weight_gradient,2560,-0.004081591963768005,0.0053647905588150024,3.06163343566368e-07,7.566995918750763e-10,0.0,INT16,Sufficient,0.00037777107912933096,0.13430178667330916,,,1.6372541150593593e-07
end,layer4.0.bn1,BatchNorm2d,batchnorm,weight_gradient,2560,-0.004081591963768005,0.0053647905588150024,3.06163343566368e-07,7.566995918750763e-10,0.0,INT8,Marginal,0.06510470093703738,1.0,,,4.224244534500002e-05
end,layer4.0.bn1,BatchNorm2d,batchnorm,weight_update,2560,-3.2782554626464844e-05,1.1861324310302734e-05,5.960464477539063e-08,5.960464477539063e-08,0.00078125,FP16,Sufficient,0.0,0.0,0.0,0.0,
end,layer4.0.bn1,BatchNorm2d,batchnorm,weight_update,2560,-3.2782554626464844e-05,1.1861324310302734e-05,5.960464477539063e-08,5.960464477539063e-08,0.00078125,FP8_E4M3,Not sufficient,0.99921875,1.0,0.0,1.0,
end,layer4.0.bn1,BatchNorm2d,batchnorm,weight_update,2560,-3.2782554626464844e-05,1.1861324310302734e-05,5.960464477539063e-08,5.960464477539063e-08,0.00078125,FP8_E5M2,Not sufficient,0.8560507390570476,1.0,0.0,0.6782642689601251,
end,layer4.0.bn1,BatchNorm2d,batchnorm,weight_update,2560,-3.2782554626464844e-05,1.1861324310302734e-05,5.960464477539063e-08,5.960464477539063e-08,0.00078125,INT16,Sufficient,9.604836676956626e-05,0.007110812707907366,,,1.000474704015163e-09
end,layer4.0.bn1,BatchNorm2d,batchnorm,weight_update,2560,-3.2782554626464844e-05,1.1861324310302734e-05,5.960464477539063e-08,5.960464477539063e-08,0.00078125,INT8,Marginal,0.02390974058674358,1.0,,,2.58130351389487e-07
end,layer4.0.conv2,Conv2d,conv,weight,2359296,-0.04116932675242424,0.04990879446268082,1.0144219686480938e-08,7.275957614183426e-12,0.0,FP16,Sufficient,0.00018312030371053252,0.05491930513314454,0.0,0.0,
end,layer4.0.conv2,Conv2d,conv,weight,2359296,-0.04116932675242424,0.04990879446268082,1.0144219686480938e-08,7.275957614183426e-12,0.0,FP8_E4M3,Not sufficient,0.21185620415624704,1.0,0.0,0.09705,
end,layer4.0.conv2,Conv2d,conv,weight,2359296,-0.04116932675242424,0.04990879446268082,1.0144219686480938e-08,7.275957614183426e-12,0.0,FP8_E5M2,Marginal,0.046239845963005635,1.0,0.0,0.0005,
end,layer4.0.conv2,Conv2d,conv,weight,2359296,-0.04116932675242424,0.04990879446268082,1.0144219686480938e-08,7.275957614183426e-12,0.0,INT16,Sufficient,0.00026244416735156264,1.0,,,9.868084469389303e-07
end,layer4.0.conv2,Conv2d,conv,weight,2359296,-0.04116932675242424,0.04990879446268082,1.0144219686480938e-08,7.275957614183426e-12,0.0,INT8,Marginal,0.04086454492298308,1.0,,,0.00025460434945549554
end,layer4.0.conv2,Conv2d,conv,input,5242880,0.0,8.952974319458008,1.1178990462212823e-06,4.656612873077393e-10,0.5090536117553711,FP16,Sufficient,8.829507717891408e-05,0.00048268373586964514,0.0,0.0,
end,layer4.0.conv2,Conv2d,conv,input,5242880,0.0,8.952974319458008,1.1178990462212823e-06,4.656612873077393e-10,0.5090536117553711,FP8_E4M3,Sufficient,0.012250889439885776,1.0,0.0,0.0009107468123861566,
end,layer4.0.conv2,Conv2d,conv,input,5242880,0.0,8.952974319458008,1.1178990462212823e-06,4.656612873077393e-10,0.5090536117553711,FP8_E5M2,Marginal,0.022043611080481026,0.11104413693548426,0.0,0.0,
end,layer4.0.conv2,Conv2d,conv,input,5242880,0.0,8.952974319458008,1.1178990462212823e-06,4.656612873077393e-10,0.5090536117553711,INT16,Sufficient,0.00024475088119799886,0.2306141611797524,,,0.00018855883443810685
end,layer4.0.conv2,Conv2d,conv,input,5242880,0.0,8.952974319458008,1.1178990462212823e-06,4.656612873077393e-10,0.5090536117553711,INT8,Marginal,0.04321797439838259,1.0,,,0.04864966400026336
end,layer4.0.conv2,Conv2d,conv,activation,5242880,-10.664606094360352,10.815978050231934,3.986060619354248e-07,9.313225746154785e-10,0.0,FP16,Sufficient,0.00017679647435137245,0.002680965147453083,0.0,0.0,
end,layer4.0.conv2,Conv2d,conv,activation,5242880,-10.664606094360352,10.815978050231934,3.986060619354248e-07,9.313225746154785e-10,0.0,FP8_E4M3,Marginal,0.024953575851943334,1.0,0.0,0.0011,
end,layer4.0.conv2,Conv2d,conv,activation,5242880,-10.664606094360352,10.815978050231934,3.986060619354248e-07,9.313225746154785e-10,0.0,FP8_E5M2,Marginal,0.0444503755442468,1.0,0.0,5e-05,
end,layer4.0.conv2,Conv2d,conv,activation,5242880,-10.664606094360352,10.815978050231934,3.986060619354248e-07,9.313225746154785e-10,0.0,INT16,Sufficient,0.0006112216249102659,1.0,,,0.00019067266649746875
end,layer4.0.conv2,Conv2d,conv,activation,5242880,-10.664606094360352,10.815978050231934,3.986060619354248e-07,9.313225746154785e-10,0.0,INT8,Marginal,0.07899720184934961,1.0,,,0.04919504931592566
end,layer4.0.conv2,Conv2d,conv,weight_gradient,11796480,-0.004532668739557266,0.0051237838342785835,5.093170329928398e-11,9.094947017729282e-13,8.477105034722223e-08,FP16,Sufficient,0.0005108693025171526,1.0,0.0,0.0001,
end,layer4.0.conv2,Conv2d,conv,weight_gradient,11796480,-0.004532668739557266,0.0051237838342785835,5.093170329928398e-11,9.094947017729282e-13,8.477105034722223e-08,FP8_E4M3,Not sufficient,0.9854075168537535,1.0,0.0,0.9622,
end,layer4.0.conv2,Conv2d,conv,weight_gradient,11796480,-0.004532668739557266,0.0051237838342785835,5.093170329928398e-11,9.094947017729282e-13,8.477105034722223e-08,FP8_E5M2,Not sufficient,0.07608184161482254,1.0,0.0,0.01805,
end,layer4.0.conv2,Conv2d,conv,weight_gradient,11796480,-0.004532668739557266,0.0051237838342785835,5.093170329928398e-11,9.094947017729282e-13,8.477105034722223e-08,INT16,Sufficient,0.0006616629210286955,1.0,,,1.0262265534030145e-07
end,layer4.0.conv2,Conv2d,conv,weight_gradient,11796480,-0.004532668739557266,0.0051237838342785835,5.093170329928398e-11,9.094947017729282e-13,8.477105034722223e-08,INT8,Marginal,0.08297406644062023,1.0,,,2.6477453130202032e-05
end,layer4.0.conv2,Conv2d,conv,weight_update,11796480,-1.7173122614622116e-05,1.3776123523712158e-05,5.4569682106375694e-12,2.2737367544323206e-13,0.0001308865017361111,FP16,Not sufficient,0.045681186252868544,1.0,0.0,0.014601460146014602,
end,layer4.0.conv2,Conv2d,conv,weight_update,11796480,-1.7173122614622116e-05,1.3776123523712158e-05,5.4569682106375694e-12,2.2737367544323206e-13,0.0001308865017361111,FP8_E4M3,Not sufficient,0.9999,1.0,0.0,1.0,
end,layer4.0.conv2,Conv2d,conv,weight_update,11796480,-1.7173122614622116e-05,1.3776123523712158e-05,5.4569682106375694e-12,2.2737367544323206e-13,0.0001308865017361111,FP8_E5M2,Not sufficient,0.9997067909609734,1.0,0.0,0.9991499149914992,
end,layer4.0.conv2,Conv2d,conv,weight_update,11796480,-1.7173122614622116e-05,1.3776123523712158e-05,5.4569682106375694e-12,2.2737367544323206e-13,0.0001308865017361111,INT16,Sufficient,0.00044273098026543226,0.41361735892818996,,,3.291334395595337e-10
end,layer4.0.conv2,Conv2d,conv,weight_update,11796480,-1.7173122614622116e-05,1.3776123523712158e-05,5.4569682106375694e-12,2.2737367544323206e-13,0.0001308865017361111,INT8,Marginal,0.06072903709449016,1.0,,,8.4919019008246e-08
end,layer4.0.bn2,BatchNorm2d,batchnorm,weight,512,0.5541521906852722,0.6850394010543823,0.5541521906852722,5.960464477539063e-08,0.0,FP16,Sufficient,0.00018603172216614716,0.000396886048539503,0.0,0.0,
end,layer4.0.bn2,BatchNorm2d,batchnorm,weight,512,0.5541521906852722,0.6850394010543823,0.5541521906852722,5.960464477539063e-08,0.0,FP8_E4M3,Sufficient,0.015490420329616478,0.04700178522492409,0.0,0.0,
end,layer4.0.bn2,BatchNorm2d,batchnorm,weight,512,0.5541521906852722,0.6850394010543823,0.5541521906852722,5.960464477539063e-08,0.0,FP8_E5M2,Sufficient,0.016380108352865765,0.0977207915000875,0.0,0.0,
end,layer4.0.bn2,BatchNorm2d,batchnorm,weight,512,0.5541521906852722,0.6850394010543823,0.5541521906852722,5.960464477539063e-08,0.0,INT16,Sufficient,8.205623731817889e-06,1.6726373079499608e-05,,,2.0906381452509607e-05
end,layer4.0.bn2,BatchNorm2d,batchnorm,weight,512,0.5541521906852722,0.6850394010543823,0.5541521906852722,5.960464477539063e-08,0.0,INT8,Sufficient,0.0021631300598684245,0.0044148217930271684,,,0.00539401103192427
end,layer4.0.bn2,BatchNorm2d,batchnorm,bias,512,-0.12902040779590607,-0.0179356150329113,0.0179356150329113,1.3783574104309082e-07,0.0,FP16,Sufficient,0.00017077877411542368,0.0004229673096139177,0.0,0.0,
end,layer4.0.bn2,BatchNorm2d,batchnorm,bias,512,-0.12902040779590607,-0.0179356150329113,0.0179356150329113,1.3783574104309082e-07,0.0,FP8_E4M3,Marginal,0.021455364467007756,0.05829672729068884,0.0,0.0,
end,layer4.0.bn2,BatchNorm2d,batchnorm,bias,512,-0.12902040779590607,-0.0179356150329113,0.0179356150329113,1.3783574104309082e-07,0.0,FP8_E5M2,Marginal,0.04557924059791966,0.11022899441949938,0.0,0.0,
end,layer4.0.bn2,BatchNorm2d,batchnorm,bias,512,-0.12902040779590607,-0.0179356150329113,0.0179356150329113,1.3783574104309082e-07,0.0,INT16,Sufficient,1.7695754768342663e-05,5.207429712210688e-05,,,3.937510537916382e-06
end,layer4.0.bn2,BatchNorm2d,batchnorm,bias,512,-0.12902040779590607,-0.0179356150329113,0.0179356150329113,1.3783574104309082e-07,0.0,INT8,Sufficient,0.004536967328482593,0.01955561473015991,,,0.00101590872280241
end,layer4.0.bn2,BatchNorm2d,batchnorm,input,5242880,-10.664606094360352,10.815978050231934,3.986060619354248e-07,9.313225746154785e-10,0.0,FP16,Sufficient,0.00017679647435137245,0.002680965147453083,0.0,0.0,
end,layer4.0.bn2,BatchNorm2d,batchnorm,input,5242880,-10.664606094360352,10.815978050231934,3.986060619354248e-07,9.313225746154785e-10,0.0,FP8_E4M3,Marginal,0.024953575851943334,1.0,0.0,0.0011,
end,layer4.0.bn2,BatchNorm2d,batchnorm,input,5242880,-10.664606094360352,10.815978050231934,3.986060619354248e-07,9.313225746154785e-10,0.0,FP8_E5M2,Marginal,0.0444503755442468,1.0,0.0,5e-05,
end,layer4.0.bn2,BatchNorm2d,batchnorm,input,5242880,-10.664606094360352,10.815978050231934,3.986060619354248e-07,9.313225746154785e-10,0.0,INT16,Sufficient,0.0006112216249102659,1.0,,,0.00019067266649746875
end,layer4.0.bn2,BatchNorm2d,batchnorm,input,5242880,-10.664606094360352,10.815978050231934,3.986060619354248e-07,9.313225746154785e-10,0.0,INT8,Marginal,0.07899720184934961,1.0,,,0.04919504931592566
end,layer4.0.bn2,BatchNorm2d,batchnorm,activation,5242880,-10.37641429901123,11.353446006774902,6.52104432674605e-08,2.3283064365386963e-10,0.0,FP16,Sufficient,0.00017632550009016407,0.002210663018175658,0.0,0.0,
end,layer4.0.bn2,BatchNorm2d,batchnorm,activation,5242880,-10.37641429901123,11.353446006774902,6.52104432674605e-08,2.3283064365386963e-10,0.0,FP8_E4M3,Marginal,0.025484918275249492,1.0,0.0,0.0014,
end,layer4.0.bn2,BatchNorm2d,batchnorm,activation,5242880,-10.37641429901123,11.353446006774902,6.52104432674605e-08,2.3283064365386963e-10,0.0,FP8_E5M2,Marginal,0.04480683442352609,0.6660125307315128,0.0,0.0,
end,layer4.0.bn2,BatchNorm2d,batchnorm,activation,5242880,-10.37641429901123,11.353446006774902,6.52104432674605e-08,2.3283064365386963e-10,0.0,INT16,Sufficient,0.0010058384669464503,1.0,,,0.0002450373995914215
end,layer4.0.bn2,BatchNorm2d,batchnorm,activation,5242880,-10.37641429901123,11.353446006774902,6.52104432674605e-08,2.3283064365386963e-10,0.0,INT8,Not sufficient,0.10769393420150154,1.0,,,0.06322157852292999
end,layer4.0.bn2,BatchNorm2d,batchnorm,weight_gradient,2560,-0.006057472433894873,0.006182515528053045,3.6230673572390515e-07,6.984919309616089e-10,0.0,FP16,Sufficient,0.00024741004174942883,0.03257355736895072,0.0,0.0,
end,layer4.0.bn2,BatchNorm2d,batchnorm,weight_gradient,2560,-0.006057472433894873,0.006182515528053045,3.6230673572390515e-07,6.984919309616089e-10,0.0,FP8_E4M3,Not sufficient,0.7827851163646488,1.0,0.0,0.647265625,
end,layer4.0.bn2,BatchNorm2d,batchnorm,weight_gradient,2560,-0.006057472433894873,0.006182515528053045,3.6230673572390515e-07,6.984919309616089e-10,0.0,FP8_E5M2,Marginal,0.05699755638539512,1.0,0.0,0.00703125,
end,layer4.0.bn2,BatchNorm2d,batchnorm,weight_gradient,2560,-0.006057472433894873,0.006182515528053045,3.6230673572390515e-07,6.984919309616089e-10,0.0,INT16,Sufficient,0.00034866762455535523,0.08824592952099973,,,1.8868115872838664e-07
end,layer4.0.bn2,BatchNorm2d,batchnorm,weight_gradient,2560,-0.006057472433894873,0.006182515528053045,3.6230673572390515e-07,6.984919309616089e-10,0.0,INT8,Marginal,0.0576336182627046,1.0,,,4.868122463033894e-05
end,layer4.0.bn2,BatchNorm2d,batchnorm,weight_update,2560,-3.4749507904052734e-05,2.2530555725097656e-05,5.960464477539063e-08,5.960464477539063e-08,0.002734375,FP16,Sufficient,0.0,0.0,0.0,0.0,
end,layer4.0.bn2,BatchNorm2d,batchnorm,weight_update,2560,-3.4749507904052734e-05,2.2530555725097656e-05,5.960464477539063e-08,5.960464477539063e-08,0.002734375,FP8_E4M3,Not sufficient,0.997265625,1.0,0.0,1.0,
end,layer4.0.bn2,BatchNorm2d,batchnorm,weight_update,2560,-3.4749507904052734e-05,2.2530555725097656e-05,5.960464477539063e-08,5.960464477539063e-08,0.002734375,FP8_E5M2,Not sufficient,0.7706697715667653,1.0,0.0,0.5871523697610654,
end,layer4.0.bn2,BatchNorm2d,batchnorm,weight_update,2560,-3.4749507904052734e-05,2.2530555725097656e-05,5.960464477539063e-08,5.960464477539063e-08,0.002734375,INT16,Sufficient,0.00010869476866044016,0.0036317026276435627,,,1.0605031862560728e-09
end,layer4.0.bn2,BatchNorm2d,batchnorm,weight_update,2560,-3.4749507904052734e-05,2.2530555725097656e-05,5.960464477539063e-08,5.960464477539063e-08,0.002734375,INT8,Marginal,0.028631859114295933,1.0,,,2.7361817247285617e-07
end,layer4.0.shortcut.0,Conv2d,conv,weight,131072,-0.09484145790338516,0.11481022834777832,1.233634918662574e-07,1.1641532182693481e-10,0.0,FP16,Sufficient,0.00017944993013044652,0.0336744871001208,0.0,0.0,
end,layer4.0.shortcut.0,Conv2d,conv,weight,131072,-0.09484145790338516,0.11481022834777832,1.233634918662574e-07,1.1641532182693481e-10,0.0,FP8_E4M3,Not sufficient,0.07050749059910684,1.0,0.0,0.02295,
end,layer4.0.shortcut.0,Conv2d,conv,weight,131072,-0.09484145790338516,0.11481022834777832,1.233634918662574e-07,1.1641532182693481e-10,0.0,FP8_E5M2,Marginal,0.045051690575585834,1.0,0.0,0.0001,
end,layer4.0.shortcut.0,Conv2d,conv,weight,131072,-0.09484145790338516,0.11481022834777832,1.233634918662574e-07,1.1641532182693481e-10,0.0,INT16,Sufficient,0.00021666396987811168,1.0,,,3.1530608331789324e-06
end,layer4.0.shortcut.0,Conv2d,conv,weight,131072,-0.09484145790338516,0.11481022834777832,1.233634918662574e-07,1.1641532182693481e-10,0.0,INT8,Marginal,0.032275428319652084,1.0,,,0.0008135145222108195
end,layer4.0.shortcut.0,Conv2d,conv,input,10485760,0.0,11.785938262939453,3.5762786865234375e-07,4.656612873077393e-10,0.3984023094177246,FP16,Sufficient,0.00010612874203505212,0.0004828033447701542,0.0,0.0,
end,layer4.0.shortcut.0,Conv2d,conv,input,10485760,0.0,11.785938262939453,3.5762786865234375e-07,4.656612873077393e-10,0.3984023094177246,FP8_E4M3,Sufficient,0.014808315915933554,1.0,0.0,0.001328462304882099,
end,layer4.0.shortcut.0,Conv2d,conv,input,10485760,0.0,11.785938262939453,3.5762786865234375e-07,4.656612873077393e-10,0.3984023094177246,FP8_E5M2,Marginal,0.02695141611831068,0.11108982364868,0.0,0.0,
end,layer4.0.shortcut.0,Conv2d,conv,input,10485760,0.0,11.785938262939453,3.5762786865234375e-07,4.656612873077393e-10,0.3984023094177246,INT16,Sufficient,0.00042680570240206744,1.0,,,0.00023346831758025145
end,layer4.0.shortcut.0,Conv2d,conv,input,10485760,0.0,11.785938262939453,3.5762786865234375e-07,4.656612873077393e-10,0.3984023094177246,INT8,Marginal,0.04035637660783035,1.0,,,0.06023666426891417
end,layer4.0.shortcut.0,Conv2d,conv,activation,5242880,-7.029232501983643,7.387512683868408,1.0786413895402802e-06,2.3283064365386963e-10,0.0,FP16,Sufficient,0.00017644343905676708,0.0004848243080827921,0.0,0.0,
end,layer4.0.shortcut.0,Conv2d,conv,activation,5242880,-7.029232501983643,7.387512683868408,1.0786413895402802e-06,2.3283064365386963e-10,0.0,FP8_E4M3,Marginal,0.024792194486141443,1.0,0.0,0.0009,
end,layer4.0.shortcut.0,Conv2d,conv,activation,5242880,-7.029232501983643,7.387512683868408,1.0786413895402802e-06,2.3283064365386963e-10,0.0,FP8_E5M2,Marginal,0.045313329464760216,0.11111101692104519,0.0,0.0,
end,layer4.0.shortcut.0,Conv2d,conv,activation,5242880,-7.029232501983643,7.387512683868408,1.0786413895402802e-06,2.3283064365386963e-10,0.0,INT16,Sufficient,0.0005776213268956265,1.0,,,0.0002072555165260709
end,layer4.0.shortcut.0,Conv2d,conv,activation,5242880,-7.029232501983643,7.387512683868408,1.0786413895402802e-06,2.3283064365386963e-10,0.0,INT8,Marginal,0.0787092223484427,1.0,,,0.053473555196927286
end,layer4.0.shortcut.0,Conv2d,conv,weight_gradient,655360,-0.008381516672670841,0.008469623513519764,1.1932570487260818e-09,9.094947017729282e-13,0.0,FP16,Sufficient,0.0003177135299303634,1.0,0.0,5e-05,
end,layer4.0.shortcut.0,Conv2d,conv,weight_gradient,655360,-0.008381516672670841,0.008469623513519764,1.1932570487260818e-09,9.094947017729282e-13,0.0,FP8_E4M3,Not sufficient,0.8778928212933464,1.0,0.0,0.7745,
end,layer4.0.shortcut.0,Conv2d,conv,weight_gradient,655360,-0.008381516672670841,0.008469623513519764,1.1932570487260818e-09,9.094947017729282e-13,0.0,FP8_E5M2,Marginal,0.0597908464654245,1.0,0.0,0.009,
end,layer4.0.shortcut.0,Conv2d,conv,weight_gradient,655360,-0.008381516672670841,0.008469623513519764,1.1932570487260818e-09,9.094947017729282e-13,0.0,INT16,Sufficient,0.0005901880045495472,1.0,,,2.0730952874463148e-07
end,layer4.0.shortcut.0,Conv2d,conv,weight_gradient,655360,-0.008381516672670841,0.008469623513519764,1.1932570487260818e-09,9.094947017729282e-13,0.0,INT8,Marginal,0.07961960743069689,1.0,,,5.348749077460897e-05
end,layer4.0.shortcut.0,Conv2d,conv,weight_update,655360,-3.715790808200836e-05,3.0584633350372314e-05,2.0736479200422764e-10,9.094947017729282e-13,0.00020751953125,FP16,Marginal,0.02381458890992182,1.0,0.0,0.0065506550655065506,
end,layer4.0.shortcut.0,Conv2d,conv,weight_update,655360,-3.715790808200836e-05,3.0584633350372314e-05,2.0736479200422764e-10,9.094947017729282e-13,0.00020751953125,FP8_E4M3,Not sufficient,0.9999,1.0,0.0,1.0,
end,layer4.0.shortcut.0,Conv2d,conv,weight_update,655360,-3.715790808200836e-05,3.0584633350372314e-05,2.0736479200422764e-10,9.094947017729282e-13,0.00020751953125,FP8_E5M2,Not sufficient,0.9796102189004585,1.0,0.0,0.9467946794679468,
end,layer4.0.shortcut.0,Conv2d,conv,weight_update,655360,-3.715790808200836e-05,3.0584633350372314e-05,2.0736479200422764e-10,9.094947017729282e-13,0.00020751953125,INT16,Sufficient,0.00042083482296009273,1.0,,,7.829851461991394e-10
end,layer4.0.shortcut.0,Conv2d,conv,weight_update,655360,-3.715790808200836e-05,3.0584633350372314e-05,2.0736479200422764e-10,9.094947017729282e-13,0.00020751953125,INT8,Marginal,0.06722793144664853,1.0,,,2.0201633295674962e-07
end,layer4.0.shortcut.1,BatchNorm2d,batchnorm,weight,512,0.5469735860824585,0.6679801344871521,0.5469735860824585,1.1920928955078125e-07,0.0,FP16,Sufficient,0.00019616957538820743,0.0004236953088805866,0.0,0.0,
end,layer4.0.shortcut.1,BatchNorm2d,batchnorm,weight,512,0.5469735860824585,0.6679801344871521,0.5469735860824585,1.1920928955078125e-07,0.0,FP8_E4M3,Sufficient,0.01538598918433122,0.051885667899214706,0.0,0.0,
end,layer4.0.shortcut.1,BatchNorm2d,batchnorm,weight,512,0.5469735860824585,0.6679801344871521,0.5469735860824585,1.1920928955078125e-07,0.0,FP8_E5M2,Sufficient,0.0161045230644798,0.10207038634620622,0.0,0.0,
end,layer4.0.shortcut.1,BatchNorm2d,batchnorm,weight,512,0.5469735860824585,0.6679801344871521,0.5469735860824585,1.1920928955078125e-07,0.0,INT16,Sufficient,8.175155834920318e-06,1.6368045213936392e-05,,,2.0385758064124032e-05
end,layer4.0.shortcut.1,BatchNorm2d,batchnorm,weight,512,0.5469735860824585,0.6679801344871521,0.5469735860824585,1.1920928955078125e-07,0.0,INT8,Sufficient,0.0020796734114478252,0.004161026967770671,,,0.0052596860983240325
end,layer4.0.shortcut.1,BatchNorm2d,batchnorm,bias,512,-0.12902040779590607,-0.0179356150329113,0.0179356150329113,1.3783574104309082e-07,0.0,FP16,Sufficient,0.00017077877411542368,0.0004229673096139177,0.0,0.0,
end,layer4.0.shortcut.1,BatchNorm2d,batchnorm,bias,512,-0.12902040779590607,-0.0179356150329113,0.0179356150329113,1.3783574104309082e-07,0.0,FP8_E4M3,Marginal,0.021455364467007756,0.05829672729068884,0.0,0.0,
end,layer4.0.shortcut.1,BatchNorm2d,batchnorm,bias,512,-0.12902040779590607,-0.0179356150329113,0.0179356150329113,1.3783574104309082e-07,0.0,FP8_E5M2,Marginal,0.04557924059791966,0.11022899441949938,0.0,0.0,
end,layer4.0.shortcut.1,BatchNorm2d,batchnorm,bias,512,-0.12902040779590607,-0.0179356150329113,0.0179356150329113,1.3783574104309082e-07,0.0,INT16,Sufficient,1.7695754768342663e-05,5.207429712210688e-05,,,3.937510537916382e-06
end,layer4.0.shortcut.1,BatchNorm2d,batchnorm,bias,512,-0.12902040779590607,-0.0179356150329113,0.0179356150329113,1.3783574104309082e-07,0.0,INT8,Sufficient,0.004536967328482593,0.01955561473015991,,,0.00101590872280241
end,layer4.0.shortcut.1,BatchNorm2d,batchnorm,input,5242880,-7.029232501983643,7.387512683868408,1.0786413895402802e-06,2.3283064365386963e-10,0.0,FP16,Sufficient,0.00017644343905676708,0.0004848243080827921,0.0,0.0,
end,layer4.0.shortcut.1,BatchNorm2d,batchnorm,input,5242880,-7.029232501983643,7.387512683868408,1.0786413895402802e-06,2.3283064365386963e-10,0.0,FP8_E4M3,Marginal,0.024792194486141443,1.0,0.0,0.0009,
end,layer4.0.shortcut.1,BatchNorm2d,batchnorm,input,5242880,-7.029232501983643,7.387512683868408,1.0786413895402802e-06,2.3283064365386963e-10,0.0,FP8_E5M2,Marginal,0.045313329464760216,0.11111101692104519,0.0,0.0,
end,layer4.0.shortcut.1,BatchNorm2d,batchnorm,input,5242880,-7.029232501983643,7.387512683868408,1.0786413895402802e-06,2.3283064365386963e-10,0.0,INT16,Sufficient,0.0005776213268956265,1.0,,,0.0002072555165260709
end,layer4.0.shortcut.1,BatchNorm2d,batchnorm,input,5242880,-7.029232501983643,7.387512683868408,1.0786413895402802e-06,2.3283064365386963e-10,0.0,INT8,Marginal,0.0787092223484427,1.0,,,0.053473555196927286
end,layer4.0.shortcut.1,BatchNorm2d,batchnorm,activation,5242880,-7.95048189163208,8.757896423339844,1.1281643708116462e-07,4.474713932722807e-10,0.0,FP16,Sufficient,0.0001761487259505265,0.0004870892745991999,0.0,0.0,
end,layer4.0.shortcut.1,BatchNorm2d,batchnorm,activation,5242880,-7.95048189163208,8.757896423339844,1.1281643708116462e-07,4.474713932722807e-10,0.0,FP8_E4M3,Marginal,0.02577715806224835,1.0,0.0,0.00155,
end,layer4.0.shortcut.1,BatchNorm2d,batchnorm,activation,5242880,-7.95048189163208,8.757896423339844,1.1281643708116462e-07,4.474713932722807e-10,0.0,FP8_E5M2,Marginal,0.045156029967185714,0.11108261934981001,0.0,0.0,
end,layer4.0.shortcut.1,BatchNorm2d,batchnorm,activation,5242880,-7.95048189163208,8.757896423339844,1.1281643708116462e-07,4.474713932722807e-10,0.0,INT16,Sufficient,0.0008310902703000514,1.0,,,0.00021786743165459527
end,layer4.0.shortcut.1,BatchNorm2d,batchnorm,activation,5242880,-7.95048189163208,8.757896423339844,1.1281643708116462e-07,4.474713932722807e-10,0.0,INT8,Marginal,0.09883701041400332,1.0,,,0.05621151285847341
end,layer4.0.shortcut.1,BatchNorm2d,batchnorm,weight_gradient,2560,-0.0060738432221114635,0.00821816734969616,6.927139395429549e-08,4.511093720793724e-10,0.0,FP16,Sufficient,0.0002692901963499581,0.13954893394065204,0.0,0.0,
end,layer4.0.shortcut.1,BatchNorm2d,batchnorm,weight_gradient,2560,-0.0060738432221114635,0.00821816734969616,6.927139395429549e-08,4.511093720793724e-10,0.0,FP8_E4M3,Not sufficient,0.7939072086688634,1.0,0.0,0.66796875,
end,layer4.0.shortcut.1,BatchNorm2d,batchnorm,weight_gradient,2560,-0.0060738432221114635,0.00821816734969616,6.927139395429549e-08,4.511093720793724e-10,0.0,FP8_E5M2,Marginal,0.05652956959135309,1.0,0.0,0.007421875,
end,layer4.0.shortcut.1,BatchNorm2d,batchnorm,weight_gradient,2560,-0.0060738432221114635,0.00821816734969616,6.927139395429549e-08,4.511093720793724e-10,0.0,INT16,Sufficient,0.0007433201001244714,1.0,,,2.50806218137033e-07
end,layer4.0.shortcut.1,BatchNorm2d,batchnorm,weight_gradient,2560,-0.0060738432221114635,0.00821816734969616,6.927139395429549e-08,4.511093720793724e-10,0.0,INT8,Marginal,0.0745242132097627,1.0,,,6.470997913146583e-05
end,layer4.0.shortcut.1,BatchNorm2d,batchnorm,weight_update,2560,-5.906820297241211e-05,1.436471939086914e-05,5.960464477539063e-08,5.960464477539063e-08,0.001953125,FP16,Sufficient,0.0,0.0,0.0,0.0,
end,layer4.0.shortcut.1,BatchNorm2d,batchnorm,weight_update,2560,-5.906820297241211e-05,1.436471939086914e-05,5.960464477539063e-08,5.960464477539063e-08,0.001953125,FP8_E4M3,Not sufficient,0.998046875,1.0,0.0,1.0,
end,layer4.0.shortcut.1,BatchNorm2d,batchnorm,weight_update,2560,-5.906820297241211e-05,1.436471939086914e-05,5.960464477539063e-08,5.960464477539063e-08,0.001953125,FP8_E5M2,Not sufficient,0.7944366747194221,1.0,0.0,0.6148727984344423,
end,layer4.0.shortcut.1,BatchNorm2d,batchnorm,weight_update,2560,-5.906820297241211e-05,1.436471939086914e-05,5.960464477539063e-08,5.960464477539063e-08,0.001953125,INT16,Sufficient,0.0001697522623152155,0.001953184606463765,,,1.8026735121436845e-09
end,layer4.0.shortcut.1,BatchNorm2d,batchnorm,weight_update,2560,-5.906820297241211e-05,1.436471939086914e-05,5.960464477539063e-08,5.960464477539063e-08,0.001953125,INT8,Marginal,0.045069884592956945,1.0,,,4.651039604126938e-07
end,layer4.1.conv1,Conv2d,conv,weight,2359296,-0.03604071959853172,0.06243019551038742,6.040982380994819e-09,1.1368683772161603e-11,0.0,FP16,Sufficient,0.00018126112086963589,0.031015623066779352,0.0,0.0,
end,layer4.1.conv1,Conv2d,conv,weight,2359296,-0.03604071959853172,0.06243019551038742,6.040982380994819e-09,1.1368683772161603e-11,0.0,FP8_E4M3,Not sufficient,0.21062235469506668,1.0,0.0,0.09545,
end,layer4.1.conv1,Conv2d,conv,weight,2359296,-0.03604071959853172,0.06243019551038742,6.040982380994819e-09,1.1368683772161603e-11,0.0,FP8_E5M2,Marginal,0.0460114140374856,1.0,0.0,0.0004,
end,layer4.1.conv1,Conv2d,conv,weight,2359296,-0.03604071959853172,0.06243019551038742,6.040982380994819e-09,1.1368683772161603e-11,0.0,INT16,Sufficient,0.0003503930987853566,1.0,,,1.5448668701813808e-06
end,layer4.1.conv1,Conv2d,conv,weight,2359296,-0.03604071959853172,0.06243019551038742,6.040982380994819e-09,1.1368683772161603e-11,0.0,INT8,Marginal,0.058554636172763574,1.0,,,0.0003985878168128607
end,layer4.1.conv1,Conv2d,conv,input,5242880,0.0,12.992952346801758,2.384185791015625e-07,1.862645149230957e-09,0.5887964248657227,FP16,Sufficient,7.23670312339317e-05,0.0004853042793552845,0.0,0.0,
end,layer4.1.conv1,Conv2d,conv,input,5242880,0.0,12.992952346801758,2.384185791015625e-07,1.862645149230957e-09,0.5887964248657227,FP8_E4M3,Sufficient,0.010286044260652397,1.0,0.0,0.0012177301509985387,
end,layer4.1.conv1,Conv2d,conv,input,5242880,0.0,12.992952346801758,2.384185791015625e-07,1.862645149230957e-09,0.5887964248657227,FP8_E5M2,Sufficient,0.018379483302300867,0.11105977456592331,0.0,0.0,
end,layer4.1.conv1,Conv2d,conv,input,5242880,0.0,12.992952346801758,2.384185791015625e-07,1.862645149230957e-09,0.5887964248657227,INT16,Sufficient,0.00016561540710762556,0.3296370002412764,,,0.00014586211029405717
end,layer4.1.conv1,Conv2d,conv,input,5242880,0.0,12.992952346801758,2.384185791015625e-07,1.862645149230957e-09,0.5887964248657227,INT8,Marginal,0.025906947541093826,1.0,,,0.03763357297642025
end,layer4.1.conv1,Conv2d,conv,activation,5242880,-5.550543785095215,10.189138412475586,2.2351741790771484e-08,9.313225746154785e-10,1.9073486328125e-07,FP16,Sufficient,0.0001764089882904619,0.0018832391713747645,0.0,0.0,
end,layer4.1.conv1,Conv2d,conv,activation,5242880,-5.550543785095215,10.189138412475586,2.2351741790771484e-08,9.313225746154785e-10,1.9073486328125e-07,FP8_E4M3,Marginal,0.025526944771323425,1.0,0.0,0.0014,
end,layer4.1.conv1,Conv2d,conv,activation,5242880,-5.550543785095215,10.189138412475586,2.2351741790771484e-08,9.313225746154785e-10,1.9073486328125e-07,FP8_E5M2,Marginal,0.04471641395171893,0.11110395260921037,0.0,0.0,
end,layer4.1.conv1,Conv2d,conv,activation,5242880,-5.550543785095215,10.189138412475586,2.2351741790771484e-08,9.313225746154785e-10,1.9073486328125e-07,INT16,Sufficient,0.0010781254496637204,1.0,,,0.00027321420161329065
end,layer4.1.conv1,Conv2d,conv,activation,5242880,-5.550543785095215,10.189138412475586,2.2351741790771484e-08,9.313225746154785e-10,1.9073486328125e-07,INT8,Not sufficient,0.13044217000832684,1.0,,,0.07049141530915508
end,layer4.1.conv1,Conv2d,conv,weight_gradient,11796480,-0.004976178053766489,0.004446906968951225,9.094947017729282e-13,2.2737367544323206e-13,8.477105034722223e-08,FP16,Sufficient,0.0007383284610894879,1.0,0.0,0.00025,
end,layer4.1.conv1,Conv2d,conv,weight_gradient,11796480,-0.004976178053766489,0.004446906968951225,9.094947017729282e-13,2.2737367544323206e-13,8.477105034722223e-08,FP8_E4M3,Not sufficient,0.9933521093417937,1.0,0.0,0.98105,
end,layer4.1.conv1,Conv2d,conv,weight_gradient,11796480,-0.004976178053766489,0.004446906968951225,9.094947017729282e-13,2.2737367544323206e-13,8.477105034722223e-08,FP8_E5M2,Not sufficient,0.09047068768446517,1.0,0.0,0.0266,
end,layer4.1.conv1,Conv2d,conv,weight_gradient,11796480,-0.004976178053766489,0.004446906968951225,9.094947017729282e-13,2.2737367544323206e-13,8.477105034722223e-08,INT16,Sufficient,0.0008718803159793875,1.0,,,8.186232204818091e-08
end,layer4.1.conv1,Conv2d,conv,weight_gradient,11796480,-0.004976178053766489,0.004446906968951225,9.094947017729282e-13,2.2737367544323206e-13,8.477105034722223e-08,INT8,Marginal,0.09220052392595464,1.0,,,2.1121123673643653e-05
end,layer4.1.conv1,Conv2d,conv,weight_update,11796480,-1.8388032913208008e-05,2.078711986541748e-05,7.275957614183426e-12,2.2737367544323206e-13,0.00017632378472222222,FP16,Not sufficient,0.062480817066007055,1.0,0.0,0.022153322998449767,
end,layer4.1.conv1,Conv2d,conv,weight_update,11796480,-1.8388032913208008e-05,2.078711986541748e-05,7.275957614183426e-12,2.2737367544323206e-13,0.00017632378472222222,FP8_E4M3,Not sufficient,0.99985,1.0,0.0,1.0,
end,layer4.1.conv1,Conv2d,conv,weight_update,11796480,-1.8388032913208008e-05,2.078711986541748e-05,7.275957614183426e-12,2.2737367544323206e-13,0.00017632378472222222,FP8_E5M2,Not sufficient,0.9997224252556883,1.0,0.0,0.9994999249887483,
end,layer4.1.conv1,Conv2d,conv,weight_update,11796480,-1.8388032913208008e-05,2.078711986541748e-05,7.275957614183426e-12,2.2737367544323206e-13,0.00017632378472222222,INT16,Sufficient,0.0005515630807366659,0.28867458113345745,,,3.3123671024411104e-10
end,layer4.1.conv1,Conv2d,conv,weight_update,11796480,-1.8388032913208008e-05,2.078711986541748e-05,7.275957614183426e-12,2.2737367544323206e-13,0.00017632378472222222,INT8,Marginal,0.08298911290255918,1.0,,,8.546167940605344e-08
end,layer4.1.bn1,BatchNorm2d,batchnorm,weight,512,0.6286234259605408,0.6968569755554199,0.6286234259605408,1.7881393432617188e-07,0.0,FP16,Sufficient,0.00018409213859064434,0.0003874467260751647,0.0,0.0,
end,layer4.1.bn1,BatchNorm2d,batchnorm,weight,512,0.6286234259605408,0.6968569755554199,0.6286234259605408,1.7881393432617188e-07,0.0,FP8_E4M3,Marginal,0.03014188611213366,0.04760639266511604,0.0,0.0,
end,layer4.1.bn1,BatchNorm2d,batchnorm,weight,512,0.6286234259605408,0.6968569755554199,0.6286234259605408,1.7881393432617188e-07,0.0,FP8_E5M2,Marginal,0.03179754032027215,0.08307668577421373,0.0,0.0,
end,layer4.1.bn1,BatchNorm2d,batchnorm,weight,512,0.6286234259605408,0.6968569755554199,0.6286234259605408,1.7881393432617188e-07,0.0,INT16,Sufficient,8.363604789862167e-06,1.6577828505444074e-05,,,2.1267036211902825e-05
end,layer4.1.bn1,BatchNorm2d,batchnorm,weight,512,0.6286234259605408,0.6968569755554199,0.6286234259605408,1.7881393432617188e-07,0.0,INT8,Sufficient,0.002151401488745955,0.004277219003123081,,,0.0054870627996489755
end,layer4.1.bn1,BatchNorm2d,batchnorm,bias,512,-0.0641140565276146,0.003676427761092782,4.820225149160251e-05,1.30385160446167e-08,0.0,FP16,Sufficient,0.00017494091809058321,0.0004432566055919268,0.0,0.0,
end,layer4.1.bn1,BatchNorm2d,batchnorm,bias,512,-0.0641140565276146,0.003676427761092782,4.820225149160251e-05,1.30385160446167e-08,0.0,FP8_E4M3,Not sufficient,0.08718859084097991,1.0,0.0,0.02734375,
end,layer4.1.bn1,BatchNorm2d,batchnorm,bias,512,-0.0641140565276146,0.003676427761092782,4.820225149160251e-05,1.30385160446167e-08,0.0,FP8_E5M2,Marginal,0.047063338681783556,0.1107069462768323,0.0,0.0,
end,layer4.1.bn1,BatchNorm2d,batchnorm,bias,512,-0.0641140565276146,0.003676427761092782,4.820225149160251e-05,1.30385160446167e-08,0.0,INT16,Sufficient,0.00012795824684164132,0.01482056394373177,,,1.9566654416826257e-06
end,layer4.1.bn1,BatchNorm2d,batchnorm,bias,512,-0.0641140565276146,0.003676427761092782,4.820225149160251e-05,1.30385160446167e-08,0.0,INT8,Marginal,0.02599646136064444,1.0,,,0.0005048350907686189
end,layer4.1.bn1,BatchNorm2d,batchnorm,input,5242880,-5.550543785095215,10.189138412475586,2.2351741790771484e-08,9.313225746154785e-10,1.9073486328125e-07,FP16,Sufficient,0.0001764089882904619,0.0018832391713747645,0.0,0.0,
end,layer4.1.bn1,BatchNorm2d,batchnorm,input,5242880,-5.550543785095215,10.189138412475586,2.2351741790771484e-08,9.313225746154785e-10,1.9073486328125e-07,FP8_E4M3,Marginal,0.025526944771323425,1.0,0.0,0.0014,
end,layer4.1.bn1,BatchNorm2d,batchnorm,input,5242880,-5.550543785095215,10.189138412475586,2.2351741790771484e-08,9.313225746154785e-10,1.9073486328125e-07,FP8_E5M2,Marginal,0.04471641395171893,0.11110395260921037,0.0,0.0,
end,layer4.1.bn1,BatchNorm2d,batchnorm,input,5242880,-5.550543785095215,10.189138412475586,2.2351741790771484e-08,9.313225746154785e-10,1.9073486328125e-07,INT16,Sufficient,0.0010781254496637204,1.0,,,0.00027321420161329065
end,layer4.1.bn1,BatchNorm2d,batchnorm,input,5242880,-5.550543785095215,10.189138412475586,2.2351741790771484e-08,9.313225746154785e-10,1.9073486328125e-07,INT8,Not sufficient,0.13044217000832684,1.0,,,0.07049141530915508
end,layer4.1.bn1,BatchNorm2d,batchnorm,activation,5242880,-5.649565696716309,10.343032836914062,8.134207973853336e-09,1.1641532182693481e-10,0.0,FP16,Sufficient,0.0001752379702261752,0.0004855468645481221,0.0,0.0,
end,layer4.1.bn1,BatchNorm2d,batchnorm,activation,5242880,-5.649565696716309,10.343032836914062,8.134207973853336e-09,1.1641532182693481e-10,0.0,FP8_E4M3,Marginal,0.025712899312735904,1.0,0.0,0.00145,
end,layer4.1.bn1,BatchNorm2d,batchnorm,activation,5242880,-5.649565696716309,10.343032836914062,8.134207973853336e-09,1.1641532182693481e-10,0.0,FP8_E5M2,Marginal,0.044712567801480384,0.12946992525170953,0.0,0.0,
end,layer4.1.bn1,BatchNorm2d,batchnorm,activation,5242880,-5.649565696716309,10.343032836914062,8.134207973853336e-09,1.1641532182693481e-10,0.0,INT16,Sufficient,0.0007377254213673752,1.0,,,0.00018085129373724868
end,layer4.1.bn1,BatchNorm2d,batchnorm,activation,5242880,-5.649565696716309,10.343032836914062,8.134207973853336e-09,1.1641532182693481e-10,0.0,INT8,Marginal,0.08926571130627863,1.0,,,0.0466610578101451
end,layer4.1.bn1,BatchNorm2d,batchnorm,weight_gradient,2560,-0.008139937184751034,0.01376199722290039,2.0838329817252088e-07,5.275069270282984e-10,0.0,FP16,Sufficient,0.0003533985533572477,0.14189891467150348,0.0,0.0,
end,layer4.1.bn1,BatchNorm2d,batchnorm,weight_gradient,2560,-0.008139937184751034,0.01376199722290039,2.0838329817252088e-07,5.275069270282984e-10,0.0,FP8_E4M3,Not sufficient,0.9027252982904141,1.0,0.0,0.835546875,
end,layer4.1.bn1,BatchNorm2d,batchnorm,weight_gradient,2560,-0.008139937184751034,0.01376199722290039,2.0838329817252088e-07,5.275069270282984e-10,0.0,FP8_E5M2,Not sufficient,0.06801675373454905,1.0,0.0,0.0125,
end,layer4.1.bn1,BatchNorm2d,batchnorm,weight_gradient,2560,-0.008139937184751034,0.01376199722290039,2.0838329817252088e-07,5.275069270282984e-10,0.0,INT16,Sufficient,0.0018011554051340826,1.0,,,4.199956426557326e-07
end,layer4.1.bn1,BatchNorm2d,batchnorm,weight_gradient,2560,-0.008139937184751034,0.01376199722290039,2.0838329817252088e-07,5.275069270282984e-10,0.0,INT8,Not sufficient,0.18897357767813805,1.0,,,0.00010836218285748339
end,layer4.1.bn1,BatchNorm2d,batchnorm,weight_update,2560,-5.4717063903808594e-05,1.9550323486328125e-05,5.960464477539063e-08,5.960464477539063e-08,0.00078125,FP16,Sufficient,0.0,0.0,0.0,0.0,
end,layer4.1.bn1,BatchNorm2d,batchnorm,weight_update,2560,-5.4717063903808594e-05,1.9550323486328125e-05,5.960464477539063e-08,5.960464477539063e-08,0.00078125,FP8_E4M3,Not sufficient,0.99921875,1.0,0.0,1.0,
end,layer4.1.bn1,BatchNorm2d,batchnorm,weight_update,2560,-5.4717063903808594e-05,1.9550323486328125e-05,5.960464477539063e-08,5.960464477539063e-08,0.00078125,FP8_E5M2,Not sufficient,0.8942691965692532,1.0,0.0,0.7732603596559813,
end,layer4.1.bn1,BatchNorm2d,batchnorm,weight_update,2560,-5.4717063903808594e-05,1.9550323486328125e-05,5.960464477539063e-08,5.960464477539063e-08,0.00078125,INT16,Sufficient,0.00013658019847243588,0.00857570116275519,,,1.6698832332471266e-09
end,layer4.1.bn1,BatchNorm2d,batchnorm,weight_update,2560,-5.4717063903808594e-05,1.9550323486328125e-05,5.960464477539063e-08,5.960464477539063e-08,0.00078125,INT8,Marginal,0.03380250028075031,1.0,,,4.3084302286463457e-07
end,layer4.1.conv2,Conv2d,conv,weight,2359296,-0.029338210821151733,0.0389978289604187,2.235969631669832e-09,3.637978807091713e-12,0.0,FP16,Sufficient,0.00018783128395059292,0.08438176344663148,0.0,0.0,
end,layer4.1.conv2,Conv2d,conv,weight,2359296,-0.029338210821151733,0.0389978289604187,2.235969631669832e-09,3.637978807091713e-12,0.0,FP8_E4M3,Not sufficient,0.21628185317313736,1.0,0.0,0.10005,
end,layer4.1.conv2,Conv2d,conv,weight,2359296,-0.029338210821151733,0.0389978289604187,2.235969631669832e-09,3.637978807091713e-12,0.0,FP8_E5M2,Marginal,0.04646150568823608,1.0,0.0,0.0009,
end,layer4.1.conv2,Conv2d,conv,weight,2359296,-0.029338210821151733,0.0389978289604187,2.235969631669832e-09,3.637978807091713e-12,0.0,INT16,Sufficient,0.0002477789090019745,1.0,,,7.990577154739894e-07
end,layer4.1.conv2,Conv2d,conv,weight,2359296,-0.029338210821151733,0.0389978289604187,2.235969631669832e-09,3.637978807091713e-12,0.0,INT8,Marginal,0.035566906258275056,1.0,,,0.0002061631823853245
end,layer4.1.conv2,Conv2d,conv,input,5242880,0.0,10.343032836914062,8.134207973853336e-09,1.1641532182693481e-10,0.5202661514282226,FP16,Sufficient,8.42458274497482e-05,0.0004855468645481221,0.0,0.0,
end,layer4.1.conv2,Conv2d,conv,input,5242880,0.0,10.343032836914062,8.134207973853336e-09,1.1641532182693481e-10,0.5202661514282226,FP8_E4M3,Sufficient,0.01258517105724636,1.0,0.0,0.0018722696068233825,
end,layer4.1.conv2,Conv2d,conv,input,5242880,0.0,10.343032836914062,8.134207973853336e-09,1.1641532182693481e-10,0.5202661514282226,FP8_E5M2,Marginal,0.021410484809053672,0.11986153242058745,0.0,0.0,
end,layer4.1.conv2,Conv2d,conv,input,5242880,0.0,10.343032836914062,8.134207973853336e-09,1.1641532182693481e-10,0.5202661514282226,INT16,Sufficient,0.0003926236570636389,1.0,,,0.00018085129373724868
end,layer4.1.conv2,Conv2d,conv,input,5242880,0.0,10.343032836914062,8.134207973853336e-09,1.1641532182693481e-10,0.5202661514282226,INT8,Marginal,0.042969587471979334,1.0,,,0.0466610578101451
end,layer4.1.conv2,Conv2d,conv,activation,5242880,-12.056170463562012,9.842479705810547,5.960464477539063e-08,9.313225746154785e-10,0.0,FP16,Sufficient,0.00017594620156102136,0.000772916988715412,0.0,0.0,
end,layer4.1.conv2,Conv2d,conv,activation,5242880,-12.056170463562012,9.842479705810547,5.960464477539063e-08,9.313225746154785e-10,0.0,FP8_E4M3,Marginal,0.024910492724279906,1.0,0.0,0.0012,
end,layer4.1.conv2,Conv2d,conv,activation,5242880,-12.056170463562012,9.842479705810547,5.960464477539063e-08,9.313225746154785e-10,0.0,FP8_E5M2,Marginal,0.0450306727806718,1.0,0.0,5e-05,
end,layer4.1.conv2,Conv2d,conv,activation,5242880,-12.056170463562012,9.842479705810547,5.960464477539063e-08,9.313225746154785e-10,0.0,INT16,Sufficient,0.0006707289041578157,1.0,,,0.00021919243852405395
end,layer4.1.conv2,Conv2d,conv,activation,5242880,-12.056170463562012,9.842479705810547,5.960464477539063e-08,9.313225746154785e-10,0.0,INT8,Marginal,0.08778462454534398,1.0,,,0.05655337506391871
end,layer4.1.conv2,Conv2d,conv,weight_gradient,11796480,-0.0031318648252636194,0.004110096953809261,2.9103830456733704e-11,4.547473508864641e-13,0.0,FP16,Sufficient,0.0010033327399763693,1.0,0.0,0.0002,
end,layer4.1.conv2,Conv2d,conv,weight_gradient,11796480,-0.0031318648252636194,0.004110096953809261,2.9103830456733704e-11,4.547473508864641e-13,0.0,FP8_E4M3,Not sufficient,0.998949483932077,1.0,0.0,0.9968,
end,layer4.1.conv2,Conv2d,conv,weight_gradient,11796480,-0.0031318648252636194,0.004110096953809261,2.9103830456733704e-11,4.547473508864641e-13,0.0,FP8_E5M2,Not sufficient,0.11111824060539768,1.0,0.0,0.0386,
end,layer4.1.conv2,Conv2d,conv,weight_gradient,11796480,-0.0031318648252636194,0.004110096953809261,2.9103830456733704e-11,4.547473508864641e-13,0.0,INT16,Sufficient,0.0009887934187475184,1.0,,,6.578534727392407e-08
end,layer4.1.conv2,Conv2d,conv,weight_gradient,11796480,-0.0031318648252636194,0.004110096953809261,2.9103830456733704e-11,4.547473508864641e-13,0.0,INT8,Not sufficient,0.10669795332967978,1.0,,,1.6973137591532834e-05
end,layer4.1.conv2,Conv2d,conv,weight_update,11796480,-1.307495404034853e-05,1.0590534657239914e-05,7.275957614183426e-12,1.7053025658242404e-13,0.00025609334309895836,FP16,Not sufficient,0.08646095948311475,1.0,0.0,0.03376688344172086,
end,layer4.1.conv2,Conv2d,conv,weight_update,11796480,-1.307495404034853e-05,1.0590534657239914e-05,7.275957614183426e-12,1.7053025658242404e-13,0.00025609334309895836,FP8_E4M3,Not sufficient,0.9995,1.0,0.0,1.0,
end,layer4.1.conv2,Conv2d,conv,weight_update,11796480,-1.307495404034853e-05,1.0590534657239914e-05,7.275957614183426e-12,1.7053025658242404e-13,0.00025609334309895836,FP8_E5M2,Not sufficient,0.999496201045153,1.0,0.0,0.9999499749874937,
end,layer4.1.conv2,Conv2d,conv,weight_update,11796480,-1.307495404034853e-05,1.0590534657239914e-05,7.275957614183426e-12,1.7053025658242404e-13,0.00025609334309895836,INT16,Sufficient,0.00049977370011166,0.1340234215688179,,,2.4203245289889545e-10
end,layer4.1.conv2,Conv2d,conv,weight_update,11796480,-1.307495404034853e-05,1.0590534657239914e-05,7.275957614183426e-12,1.7053025658242404e-13,0.00025609334309895836,INT8,Marginal,0.08973000211985432,1.0,,,6.244627861526069e-08
end,layer4.1.bn2,BatchNorm2d,batchnorm,weight,512,0.5609040856361389,0.6971091032028198,0.5609040856361389,5.960464477539063e-08,0.0,FP16,Sufficient,0.00019598853533684427,0.0003918244340125885,0.0,0.0,
end,layer4.1.bn2,BatchNorm2d,batchnorm,weight,512,0.5609040856361389,0.6971091032028198,0.5609040856361389,5.960464477539063e-08,0.0,FP8_E4M3,Sufficient,0.011577450315879752,0.0524641181918361,0.0,0.0,
end,layer4.1.bn2,BatchNorm2d,batchnorm,weight,512,0.5609040856361389,0.6971091032028198,0.5609040856361389,5.960464477539063e-08,0.0,FP8_E5M2,Sufficient,0.012430135242879718,0.1085819968080027,0.0,0.0,
end,layer4.1.bn2,BatchNorm2d,batchnorm,weight,512,0.5609040856361389,0.6971091032028198,0.5609040856361389,5.960464477539063e-08,0.0,INT16,Sufficient,8.369263508490158e-06,1.7468345398941307e-05,,,2.127473077189916e-05
end,layer4.1.bn2,BatchNorm2d,batchnorm,weight,512,0.5609040856361389,0.6971091032028198,0.5609040856361389,5.960464477539063e-08,0.0,INT8,Sufficient,0.002169015677119502,0.004522993761254126,,,0.005489048056715117
end,layer4.1.bn2,BatchNorm2d,batchnorm,bias,512,-0.16212274134159088,-0.05324015021324158,0.05324015021324158,4.470348358154297e-08,0.0,FP16,Sufficient,0.00017238626798758488,0.0004685445573105188,0.0,0.0,
end,layer4.1.bn2,BatchNorm2d,batchnorm,bias,512,-0.16212274134159088,-0.05324015021324158,0.05324015021324158,4.470348358154297e-08,0.0,FP8_E4M3,Marginal,0.022286873322835785,0.05787815772491019,0.0,0.0,
end,layer4.1.bn2,BatchNorm2d,batchnorm,bias,512,-0.16212274134159088,-0.05324015021324158,0.05324015021324158,4.470348358154297e-08,0.0,FP8_E5M2,Marginal,0.044421747633686615,0.11100146036146595,0.0,0.0,
end,layer4.1.bn2,BatchNorm2d,batchnorm,bias,512,-0.16212274134159088,-0.05324015021324158,0.05324015021324158,4.470348358154297e-08,0.0,INT16,Sufficient,1.447523716546838e-05,4.545961162730663e-05,,,4.9477444179079835e-06
end,layer4.1.bn2,BatchNorm2d,batchnorm,bias,512,-0.16212274134159088,-0.05324015021324158,0.05324015021324158,4.470348358154297e-08,0.0,INT8,Sufficient,0.0036178463829624925,0.010292709396664095,,,0.0012765570184377236
end,layer4.1.bn2,BatchNorm2d,batchnorm,input,5242880,-12.056170463562012,9.842479705810547,5.960464477539063e-08,9.313225746154785e-10,0.0,FP16,Sufficient,0.00017594620156102136,0.000772916988715412,0.0,0.0,
end,layer4.1.bn2,BatchNorm2d,batchnorm,input,5242880,-12.056170463562012,9.842479705810547,5.960464477539063e-08,9.313225746154785e-10,0.0,FP8_E4M3,Marginal,0.024910492724279906,1.0,0.0,0.0012,
end,layer4.1.bn2,BatchNorm2d,batchnorm,input,5242880,-12.056170463562012,9.842479705810547,5.960464477539063e-08,9.313225746154785e-10,0.0,FP8_E5M2,Marginal,0.0450306727806718,1.0,0.0,5e-05,
end,layer4.1.bn2,BatchNorm2d,batchnorm,input,5242880,-12.056170463562012,9.842479705810547,5.960464477539063e-08,9.313225746154785e-10,0.0,INT16,Sufficient,0.0006707289041578157,1.0,,,0.00021919243852405395
end,layer4.1.bn2,BatchNorm2d,batchnorm,input,5242880,-12.056170463562012,9.842479705810547,5.960464477539063e-08,9.313225746154785e-10,0.0,INT8,Marginal,0.08778462454534398,1.0,,,0.05655337506391871
end,layer4.1.bn2,BatchNorm2d,batchnorm,activation,5242880,-11.78709602355957,6.290449142456055,5.1740038031766744e-08,2.3283064365386963e-10,0.0,FP16,Sufficient,0.00017723068646207957,0.01809645458625332,0.0,0.0,
end,layer4.1.bn2,BatchNorm2d,batchnorm,activation,5242880,-11.78709602355957,6.290449142456055,5.1740038031766744e-08,2.3283064365386963e-10,0.0,FP8_E4M3,Marginal,0.025770784130200453,1.0,0.0,0.0018,
end,layer4.1.bn2,BatchNorm2d,batchnorm,activation,5242880,-11.78709602355957,6.290449142456055,5.1740038031766744e-08,2.3283064365386963e-10,0.0,FP8_E5M2,Marginal,0.04498275755980035,1.0,0.0,0.0001,
end,layer4.1.bn2,BatchNorm2d,batchnorm,activation,5242880,-11.78709602355957,6.290449142456055,5.1740038031766744e-08,2.3283064365386963e-10,0.0,INT16,Sufficient,0.001451610485958252,1.0,,,0.0002823438861821428
end,layer4.1.bn2,BatchNorm2d,batchnorm,activation,5242880,-11.78709602355957,6.290449142456055,5.1740038031766744e-08,2.3283064365386963e-10,0.0,INT8,Not sufficient,0.13637585678135974,1.0,,,0.072846945815199
end,layer4.1.bn2,BatchNorm2d,batchnorm,weight_gradient,2560,-0.005972848739475012,0.008408370427787304,1.0404186667756221e-07,2.9103830456733704e-10,0.0,FP16,Sufficient,0.0003616963334288867,0.1457819179679334,0.0,0.0,
end,layer4.1.bn2,BatchNorm2d,batchnorm,weight_gradient,2560,-0.005972848739475012,0.008408370427787304,1.0404186667756221e-07,2.9103830456733704e-10,0.0,FP8_E4M3,Not sufficient,0.8472525841621031,1.0,0.0,0.747265625,
end,layer4.1.bn2,BatchNorm2d,batchnorm,weight_gradient,2560,-0.005972848739475012,0.008408370427787304,1.0404186667756221e-07,2.9103830456733704e-10,0.0,FP8_E5M2,Not sufficient,0.062178405975719685,1.0,0.0,0.011328125,
end,layer4.1.bn2,BatchNorm2d,batchnorm,weight_gradient,2560,-0.005972848739475012,0.008408370427787304,1.0404186667756221e-07,2.9103830456733704e-10,0.0,INT16,Sufficient,0.0011654765445973444,1.0,,,2.566109325781214e-07
end,layer4.1.bn2,BatchNorm2d,batchnorm,weight_gradient,2560,-0.005972848739475012,0.008408370427787304,1.0404186667756221e-07,2.9103830456733704e-10,0.0,INT8,Not sufficient,0.10191587524260588,1.0,,,6.620764116367956e-05
end,layer4.1.bn2,BatchNorm2d,batchnorm,weight_update,2560,-4.374980926513672e-05,1.1742115020751953e-05,5.960464477539063e-08,5.960464477539063e-08,0.001171875,FP16,Sufficient,0.0,0.0,0.0,0.0,
end,layer4.1.bn2,BatchNorm2d,batchnorm,weight_update,2560,-4.374980926513672e-05,1.1742115020751953e-05,5.960464477539063e-08,5.960464477539063e-08,0.001171875,FP8_E4M3,Not sufficient,0.998828125,1.0,0.0,1.0,
end,layer4.1.bn2,BatchNorm2d,batchnorm,weight_update,2560,-4.374980926513672e-05,1.1742115020751953e-05,5.960464477539063e-08,5.960464477539063e-08,0.001171875,FP8_E5M2,Not sufficient,0.7810565371245778,1.0,0.0,0.5948377004301917,
end,layer4.1.bn2,BatchNorm2d,batchnorm,weight_update,2560,-4.374980926513672e-05,1.1742115020751953e-05,5.960464477539063e-08,5.960464477539063e-08,0.001171875,INT16,Sufficient,0.000120663624393452,0.008026367992187255,,,1.3351789686311448e-09
end,layer4.1.bn2,BatchNorm2d,batchnorm,weight_update,2560,-4.374980926513672e-05,1.1742115020751953e-05,5.960464477539063e-08,5.960464477539063e-08,0.001171875,INT8,Marginal,0.02995558505074224,1.0,,,3.444866871270608e-07
end,fc,Linear,linear,weight,5120,-0.2671869099140167,0.28717103600502014,1.2943141882715281e-05,7.450580596923828e-09,0.0,FP16,Sufficient,0.00017785682771130875,0.0006902471236482543,0.0,0.0,
end,fc,Linear,linear,weight,5120,-0.2671869099140167,0.28717103600502014,1.2943141882715281e-05,7.450580596923828e-09,0.0,FP8_E4M3,Not sufficient,0.04431519925389272,1.0,0.0,0.0111328125,
end,fc,Linear,linear,weight,5120,-0.2671869099140167,0.28717103600502014,1.2943141882715281e-05,7.450580596923828e-09,0.0,FP8_E5M2,Marginal,0.04441394976359413,0.17890920154998177,0.0,0.0,
end,fc,Linear,linear,weight,5120,-0.2671869099140167,0.28717103600502014,1.2943141882715281e-05,7.450580596923828e-09,0.0,INT16,Sufficient,0.00023574949152658213,0.32288218247418504,,,8.764031983551139e-06
end,fc,Linear,linear,weight,5120,-0.2671869099140167,0.28717103600502014,1.2943141882715281e-05,7.450580596923828e-09,0.0,INT8,Marginal,0.03805188773935899,1.0,,,0.0022611892598820484
end,fc,Linear,linear,bias,10,-0.1275474727153778,0.09854039549827576,0.007988328114151955,0.0002352176234126091,0.0,FP16,Sufficient,0.0001563094378722885,0.0003291654185564388,0.0,0.0,
end,fc,Linear,linear,bias,10,-0.1275474727153778,0.09854039549827576,0.007988328114151955,0.0002352176234126091,0.0,FP8_E4M3,Sufficient,0.0169086058692856,0.035257822220265175,0.0,0.0,
end,fc,Linear,linear,bias,10,-0.1275474727153778,0.09854039549827576,0.007988328114151955,0.0002352176234126091,0.0,FP8_E5M2,Marginal,0.03219132092985778,0.07689910465262831,0.0,0.0,
end,fc,Linear,linear,bias,10,-0.1275474727153778,0.09854039549827576,0.007988328114151955,0.0002352176234126091,0.0,INT16,Sufficient,4.290986438251712e-05,0.0001448958049651245,,,3.892558754703751e-06
end,fc,Linear,linear,bias,10,-0.1275474727153778,0.09854039549827576,0.007988328114151955,0.0002352176234126091,0.0,INT8,Sufficient,0.010770022761033088,0.041793475932977255,,,0.0010043108087825024
end,fc,Linear,linear,input,327680,0.0,3.315838575363159,1.9996327864646446e-06,4.656612873077393e-10,0.0324127197265625,FP16,Sufficient,0.0001699866031257968,0.0004799284825376745,0.0,0.0,
end,fc,Linear,linear,input,327680,0.0,3.315838575363159,1.9996327864646446e-06,4.656612873077393e-10,0.0324127197265625,FP8_E4M3,Marginal,0.02806152708209546,1.0,0.0,0.0035262393694254304,
end,fc,Linear,linear,input,327680,0.0,3.315838575363159,1.9996327864646446e-06,4.656612873077393e-10,0.0324127197265625,FP8_E5M2,Marginal,0.04354050850188458,0.15615496719641164,0.0,0.0,
end,fc,Linear,linear,input,327680,0.0,3.315838575363159,1.9996327864646446e-06,4.656612873077393e-10,0.0324127197265625,INT16,Sufficient,0.0005666994680849147,1.0,,,8.927488994979661e-05
end,fc,Linear,linear,input,327680,0.0,3.315838575363159,1.9996327864646446e-06,4.656612873077393e-10,0.0324127197265625,INT8,Marginal,0.07510993753685019,1.0,,,0.023033624558936892
end,fc,Linear,linear,activation,6400,-10.41685676574707,24.139404296875,0.001110181212425232,2.384185791015625e-07,0.0,FP16,Sufficient,0.0001769737049021914,0.00048221403191697976,0.0,0.0,
end,fc,Linear,linear,activation,6400,-10.41685676574707,24.139404296875,0.001110181212425232,2.384185791015625e-07,0.0,FP8_E4M3,Marginal,0.022802845445637692,0.7592848610123082,0.0,0.0,
end,fc,Linear,linear,activation,6400,-10.41685676574707,24.139404296875,0.001110181212425232,2.384185791015625e-07,0.0,FP8_E5M2,Marginal,0.04507677683453511,0.11099750338544664,0.0,0.0,
end,fc,Linear,linear,activation,6400,-10.41685676574707,24.139404296875,0.001110181212425232,2.384185791015625e-07,0.0,INT16,Sufficient,0.0002996543553395714,0.32716826862843695,,,0.000736698638779107
end,fc,Linear,linear,activation,6400,-10.41685676574707,24.139404296875,0.001110181212425232,2.384185791015625e-07,0.0,INT8,Marginal,0.05074984068442232,1.0,,,0.1900740495816929
end,fc,Linear,linear,weight_gradient,25600,-0.034024350345134735,0.03588143736124039,2.20985384657979e-07,5.820766091346741e-11,0.0,FP16,Sufficient,0.00019292330368184785,0.07888844988805478,0.0,0.0,
end,fc,Linear,linear,weight_gradient,25600,-0.034024350345134735,0.03588143736124039,2.20985384657979e-07,5.820766091346741e-11,0.0,FP8_E4M3,Not sufficient,0.3701618788737292,1.0,0.0,0.22565,
end,fc,Linear,linear,weight_gradient,25600,-0.034024350345134735,0.03588143736124039,2.20985384657979e-07,5.820766091346741e-11,0.0,FP8_E5M2,Marginal,0.047983935281068445,1.0,0.0,0.0016,
end,fc,Linear,linear,weight_gradient,25600,-0.034024350345134735,0.03588143736124039,2.20985384657979e-07,5.820766091346741e-11,0.0,INT16,Sufficient,0.0005369905346125447,1.0,,,1.0383724584226427e-06
end,fc,Linear,linear,weight_gradient,25600,-0.034024350345134735,0.03588143736124039,2.20985384657979e-07,5.820766091346741e-11,0.0,INT8,Marginal,0.08195076329994846,1.0,,,0.00026790827043413176
end,fc,Linear,linear,weight_update,25600,-0.00013741850852966309,0.00016705691814422607,3.725290298461914e-09,2.9103830456733704e-11,7.8125e-05,FP16,Sufficient,0.004280473668396435,1.0,0.0,0.0009000900090009,
end,fc,Linear,linear,weight_update,25600,-0.00013741850852966309,0.00016705691814422607,3.725290298461914e-09,2.9103830456733704e-11,7.8125e-05,FP8_E4M3,Not sufficient,0.9999,1.0,0.0,1.0,
end,fc,Linear,linear,weight_update,25600,-0.00013741850852966309,0.00016705691814422607,3.725290298461914e-09,2.9103830456733704e-11,7.8125e-05,FP8_E5M2,Not sufficient,0.40799668698307123,1.0,0.0,0.24687468746874688,
end,fc,Linear,linear,weight_update,25600,-0.00013741850852966309,0.00016705691814422607,3.725290298461914e-09,2.9103830456733704e-11,7.8125e-05,INT16,Sufficient,0.00034555734962678545,0.20902127140110482,,,4.503955212984625e-09
end,fc,Linear,linear,weight_update,25600,-0.00013741850852966309,0.00016705691814422607,3.725290298461914e-09,2.9103830456733704e-11,7.8125e-05,INT8,Marginal,0.05569825258290882,1.0,,,1.1620559091643086e-06
end,relu1,ReLU,activation,input,41943040,0.0,7.349648952484131,3.588321106917647e-08,4.656612873077393e-10,0.4732583284378052,FP16,Sufficient,9.082708278824433e-05,0.00047938223156995455,0.0,0.0,
end,relu1,ReLU,activation,input,41943040,0.0,7.349648952484131,3.588321106917647e-08,4.656612873077393e-10,0.4732583284378052,FP8_E4M3,Sufficient,0.013685090600873053,1.0,0.0,0.0020089926336936763,
end,relu1,ReLU,activation,input,41943040,0.0,7.349648952484131,3.588321106917647e-08,4.656612873077393e-10,0.4732583284378052,FP8_E5M2,Marginal,0.023269145809346945,0.11109085978771362,0.0,0.0,
end,relu1,ReLU,activation,input,41943040,0.0,7.349648952484131,3.588321106917647e-08,4.656612873077393e-10,0.4732583284378052,INT16,Sufficient,0.00030575089517062874,1.0,,,0.00013224555498207515
end,relu1,ReLU,activation,input,41943040,0.0,7.349648952484131,3.588321106917647e-08,4.656612873077393e-10,0.4732583284378052,INT8,Marginal,0.042283581684664784,1.0,,,0.03412039448895792
end,relu1,ReLU,activation,activation,41943040,0.0,7.349648952484131,3.588321106917647e-08,4.656612873077393e-10,0.4732583284378052,FP16,Sufficient,9.082708278824433e-05,0.00047938223156995455,0.0,0.0,
end,relu1,ReLU,activation,activation,41943040,0.0,7.349648952484131,3.588321106917647e-08,4.656612873077393e-10,0.4732583284378052,FP8_E4M3,Sufficient,0.013685090600873053,1.0,0.0,0.0020089926336936763,
end,relu1,ReLU,activation,activation,41943040,0.0,7.349648952484131,3.588321106917647e-08,4.656612873077393e-10,0.4732583284378052,FP8_E5M2,Marginal,0.023269145809346945,0.11109085978771362,0.0,0.0,
end,relu1,ReLU,activation,activation,41943040,0.0,7.349648952484131,3.588321106917647e-08,4.656612873077393e-10,0.4732583284378052,INT16,Sufficient,0.00030575089517062874,1.0,,,0.00013224555498207515
end,relu1,ReLU,activation,activation,41943040,0.0,7.349648952484131,3.588321106917647e-08,4.656612873077393e-10,0.4732583284378052,INT8,Marginal,0.042283581684664784,1.0,,,0.03412039448895792
end,layer1.0.relu1,ReLU,activation,input,41943040,0.0,6.433615684509277,1.2741358190737628e-08,4.656612873077393e-10,0.47407333850860595,FP16,Sufficient,9.170427665514632e-05,0.0004856671174848716,0.0,0.0,
end,layer1.0.relu1,ReLU,activation,input,41943040,0.0,6.433615684509277,1.2741358190737628e-08,4.656612873077393e-10,0.47407333850860595,FP8_E4M3,Sufficient,0.01316541761727823,1.0,0.0,0.0012355065576886524,
end,layer1.0.relu1,ReLU,activation,input,41943040,0.0,6.433615684509277,1.2741358190737628e-08,4.656612873077393e-10,0.47407333850860595,FP8_E5M2,Marginal,0.023558374882264633,0.11098855981924567,0.0,0.0,
end,layer1.0.relu1,ReLU,activation,input,41943040,0.0,6.433615684509277,1.2741358190737628e-08,4.656612873077393e-10,0.47407333850860595,INT16,Sufficient,0.00019124315429694413,0.28421334504899476,,,0.00011300236631561017
end,layer1.0.relu1,ReLU,activation,input,41943040,0.0,6.433615684509277,1.2741358190737628e-08,4.656612873077393e-10,0.47407333850860595,INT8,Marginal,0.03207035091856625,1.0,,,0.02915550029183936
end,layer1.0.relu1,ReLU,activation,activation,41943040,0.0,6.433615684509277,1.2741358190737628e-08,4.656612873077393e-10,0.47407333850860595,FP16,Sufficient,9.170427665514632e-05,0.0004856671174848716,0.0,0.0,
end,layer1.0.relu1,ReLU,activation,activation,41943040,0.0,6.433615684509277,1.2741358190737628e-08,4.656612873077393e-10,0.47407333850860595,FP8_E4M3,Sufficient,0.01316541761727823,1.0,0.0,0.0012355065576886524,
end,layer1.0.relu1,ReLU,activation,activation,41943040,0.0,6.433615684509277,1.2741358190737628e-08,4.656612873077393e-10,0.47407333850860595,FP8_E5M2,Marginal,0.023558374882264633,0.11098855981924567,0.0,0.0,
end,layer1.0.relu1,ReLU,activation,activation,41943040,0.0,6.433615684509277,1.2741358190737628e-08,4.656612873077393e-10,0.47407333850860595,INT16,Sufficient,0.00019124315429694413,0.28421334504899476,,,0.00011300236631561017
end,layer1.0.relu1,ReLU,activation,activation,41943040,0.0,6.433615684509277,1.2741358190737628e-08,4.656612873077393e-10,0.47407333850860595,INT8,Marginal,0.03207035091856625,1.0,,,0.02915550029183936
end,layer1.0.relu2,ReLU,activation,input,41943040,0.0,8.438817024230957,4.2675910805201056e-08,4.656612873077393e-10,0.38823091983795166,FP16,Sufficient,0.0001078369385731658,0.0004864977548681586,0.0,0.0,
end,layer1.0.relu2,ReLU,activation,input,41943040,0.0,8.438817024230957,4.2675910805201056e-08,4.656612873077393e-10,0.38823091983795166,FP8_E4M3,Sufficient,0.015283528932199437,1.0,0.0,0.0008124796880077998,
end,layer1.0.relu2,ReLU,activation,input,41943040,0.0,8.438817024230957,4.2675910805201056e-08,4.656612873077393e-10,0.38823091983795166,FP8_E5M2,Marginal,0.027651866698213144,0.11110508290664949,0.0,0.0,
end,layer1.0.relu2,ReLU,activation,input,41943040,0.0,8.438817024230957,4.2675910805201056e-08,4.656612873077393e-10,0.38823091983795166,INT16,Sufficient,0.00020758310473052908,0.17991842728051136,,,0.0001588499600258564
end,layer1.0.relu2,ReLU,activation,input,41943040,0.0,8.438817024230957,4.2675910805201056e-08,4.656612873077393e-10,0.38823091983795166,INT8,Marginal,0.0360385669159867,1.0,,,0.04098454047375777
end,layer1.0.relu2,ReLU,activation,activation,41943040,0.0,8.438817024230957,4.2675910805201056e-08,4.656612873077393e-10,0.38823091983795166,FP16,Sufficient,0.0001078369385731658,0.0004864977548681586,0.0,0.0,
end,layer1.0.relu2,ReLU,activation,activation,41943040,0.0,8.438817024230957,4.2675910805201056e-08,4.656612873077393e-10,0.38823091983795166,FP8_E4M3,Sufficient,0.015283528932199437,1.0,0.0,0.0008124796880077998,
end,layer1.0.relu2,ReLU,activation,activation,41943040,0.0,8.438817024230957,4.2675910805201056e-08,4.656612873077393e-10,0.38823091983795166,FP8_E5M2,Marginal,0.027651866698213144,0.11110508290664949,0.0,0.0,
end,layer1.0.relu2,ReLU,activation,activation,41943040,0.0,8.438817024230957,4.2675910805201056e-08,4.656612873077393e-10,0.38823091983795166,INT16,Sufficient,0.00020758310473052908,0.17991842728051136,,,0.0001588499600258564
end,layer1.0.relu2,ReLU,activation,activation,41943040,0.0,8.438817024230957,4.2675910805201056e-08,4.656612873077393e-10,0.38823091983795166,INT8,Marginal,0.0360385669159867,1.0,,,0.04098454047375777
end,layer1.1.relu1,ReLU,activation,input,41943040,0.0,5.042816162109375,2.7371868327463744e-08,2.3283064365386963e-10,0.517538595199585,FP16,Sufficient,8.583279786134028e-05,0.000664524467540917,0.0,0.0,
end,layer1.1.relu1,ReLU,activation,input,41943040,0.0,5.042816162109375,2.7371868327463744e-08,2.3283064365386963e-10,0.517538595199585,FP8_E4M3,Sufficient,0.01269109443368071,1.0,0.0,0.001960986685932501,
end,layer1.1.relu1,ReLU,activation,input,41943040,0.0,5.042816162109375,2.7371868327463744e-08,2.3283064365386963e-10,0.517538595199585,FP8_E5M2,Marginal,0.02169982372832978,0.301011252086586,0.0,0.0,
end,layer1.1.relu1,ReLU,activation,input,41943040,0.0,5.042816162109375,2.7371868327463744e-08,2.3283064365386963e-10,0.517538595199585,INT16,Sufficient,0.00020511122771787815,1.0,,,9.064856718503825e-05
end,layer1.1.relu1,ReLU,activation,input,41943040,0.0,5.042816162109375,2.7371868327463744e-08,2.3283064365386963e-10,0.517538595199585,INT8,Marginal,0.024740028850853347,1.0,,,0.02338804410198542
end,layer1.1.relu1,ReLU,activation,activation,41943040,0.0,5.042816162109375,2.7371868327463744e-08,2.3283064365386963e-10,0.517538595199585,FP16,Sufficient,8.583279786134028e-05,0.000664524467540917,0.0,0.0,
end,layer1.1.relu1,ReLU,activation,activation,41943040,0.0,5.042816162109375,2.7371868327463744e-08,2.3283064365386963e-10,0.517538595199585,FP8_E4M3,Sufficient,0.01269109443368071,1.0,0.0,0.001960986685932501,
end,layer1.1.relu1,ReLU,activation,activation,41943040,0.0,5.042816162109375,2.7371868327463744e-08,2.3283064365386963e-10,0.517538595199585,FP8_E5M2,Marginal,0.02169982372832978,0.301011252086586,0.0,0.0,
end,layer1.1.relu1,ReLU,activation,activation,41943040,0.0,5.042816162109375,2.7371868327463744e-08,2.3283064365386963e-10,0.517538595199585,INT16,Sufficient,0.00020511122771787815,1.0,,,9.064856718503825e-05
end,layer1.1.relu1,ReLU,activation,activation,41943040,0.0,5.042816162109375,2.7371868327463744e-08,2.3283064365386963e-10,0.517538595199585,INT8,Marginal,0.024740028850853347,1.0,,,0.02338804410198542
end,layer1.1.relu2,ReLU,activation,input,41943040,0.0,12.149358749389648,2.9802322387695312e-08,4.656612873077393e-10,0.3485328197479248,FP16,Sufficient,0.00011496316684296512,0.00048271818027435294,0.0,0.0,
end,layer1.1.relu2,ReLU,activation,input,41943040,0.0,12.149358749389648,2.9802322387695312e-08,4.656612873077393e-10,0.3485328197479248,FP8_E4M3,Sufficient,0.01568844131533716,1.0,0.0,0.0007698229407236335,
end,layer1.1.relu2,ReLU,activation,input,41943040,0.0,12.149358749389648,2.9802322387695312e-08,4.656612873077393e-10,0.3485328197479248,FP8_E5M2,Marginal,0.029264842427726204,0.11109392169183445,0.0,0.0,
end,layer1.1.relu2,ReLU,activation,input,41943040,0.0,12.149358749389648,2.9802322387695312e-08,4.656612873077393e-10,0.3485328197479248,INT16,Sufficient,0.0003101808643525895,1.0,,,0.00022882720638057094
end,layer1.1.relu2,ReLU,activation,input,41943040,0.0,12.149358749389648,2.9802322387695312e-08,4.656612873077393e-10,0.3485328197479248,INT8,Marginal,0.04279695318442075,1.0,,,0.05903922103521392
end,layer1.1.relu2,ReLU,activation,activation,41943040,0.0,12.149358749389648,2.9802322387695312e-08,4.656612873077393e-10,0.3485328197479248,FP16,Sufficient,0.00011496316684296512,0.00048271818027435294,0.0,0.0,
end,layer1.1.relu2,ReLU,activation,activation,41943040,0.0,12.149358749389648,2.9802322387695312e-08,4.656612873077393e-10,0.3485328197479248,FP8_E4M3,Sufficient,0.01568844131533716,1.0,0.0,0.0007698229407236335,
end,layer1.1.relu2,ReLU,activation,activation,41943040,0.0,12.149358749389648,2.9802322387695312e-08,4.656612873077393e-10,0.3485328197479248,FP8_E5M2,Marginal,0.029264842427726204,0.11109392169183445,0.0,0.0,
end,layer1.1.relu2,ReLU,activation,activation,41943040,0.0,12.149358749389648,2.9802322387695312e-08,4.656612873077393e-10,0.3485328197479248,INT16,Sufficient,0.0003101808643525895,1.0,,,0.00022882720638057094
end,layer1.1.relu2,ReLU,activation,activation,41943040,0.0,12.149358749389648,2.9802322387695312e-08,4.656612873077393e-10,0.3485328197479248,INT8,Marginal,0.04279695318442075,1.0,,,0.05903922103521392
end,layer2.0.relu1,ReLU,activation,input,20971520,0.0,5.222721576690674,2.9271049584167486e-08,9.313225746154785e-10,0.5262411117553711,FP16,Sufficient,8.368790503959844e-05,0.0005050635448846578,0.0,0.0,
end,layer2.0.relu1,ReLU,activation,input,20971520,0.0,5.222721576690674,2.9271049584167486e-08,9.313225746154785e-10,0.5262411117553711,FP8_E4M3,Sufficient,0.012432243162044814,1.0,0.0,0.0019945412555112322,
end,layer2.0.relu1,ReLU,activation,input,20971520,0.0,5.222721576690674,2.9271049584167486e-08,9.313225746154785e-10,0.5262411117553711,FP8_E5M2,Marginal,0.02135686515220274,0.2598305780755966,0.0,0.0,
end,layer2.0.relu1,ReLU,activation,input,20971520,0.0,5.222721576690674,2.9271049584167486e-08,9.313225746154785e-10,0.5262411117553711,INT16,Sufficient,0.0003035638474247011,1.0,,,0.00010583044702847323
end,layer2.0.relu1,ReLU,activation,input,20971520,0.0,5.222721576690674,2.9271049584167486e-08,9.313225746154785e-10,0.5262411117553711,INT8,Marginal,0.0277088203748703,1.0,,,0.02730508864395262
end,layer2.0.relu1,ReLU,activation,activation,20971520,0.0,5.222721576690674,2.9271049584167486e-08,9.313225746154785e-10,0.5262411117553711,FP16,Sufficient,8.368790503959844e-05,0.0005050635448846578,0.0,0.0,
end,layer2.0.relu1,ReLU,activation,activation,20971520,0.0,5.222721576690674,2.9271049584167486e-08,9.313225746154785e-10,0.5262411117553711,FP8_E4M3,Sufficient,0.012432243162044814,1.0,0.0,0.0019945412555112322,
end,layer2.0.relu1,ReLU,activation,activation,20971520,0.0,5.222721576690674,2.9271049584167486e-08,9.313225746154785e-10,0.5262411117553711,FP8_E5M2,Marginal,0.02135686515220274,0.2598305780755966,0.0,0.0,
end,layer2.0.relu1,ReLU,activation,activation,20971520,0.0,5.222721576690674,2.9271049584167486e-08,9.313225746154785e-10,0.5262411117553711,INT16,Sufficient,0.0003035638474247011,1.0,,,0.00010583044702847323
end,layer2.0.relu1,ReLU,activation,activation,20971520,0.0,5.222721576690674,2.9271049584167486e-08,9.313225746154785e-10,0.5262411117553711,INT8,Marginal,0.0277088203748703,1.0,,,0.02730508864395262
end,layer2.0.relu2,ReLU,activation,input,20971520,0.0,8.917831420898438,8.940696716308594e-08,3.725290298461914e-09,0.5467770576477051,FP16,Sufficient,7.985875563934925e-05,0.00048283106740729196,0.0,0.0,
end,layer2.0.relu2,ReLU,activation,input,20971520,0.0,8.917831420898438,8.940696716308594e-08,3.725290298461914e-09,0.5467770576477051,FP8_E4M3,Sufficient,0.011131208843875242,1.0,0.0,0.0011063170704723973,
end,layer2.0.relu2,ReLU,activation,input,20971520,0.0,8.917831420898438,8.940696716308594e-08,3.725290298461914e-09,0.5467770576477051,FP8_E5M2,Marginal,0.02033386621627776,0.11110903892504971,0.0,0.0,
end,layer2.0.relu2,ReLU,activation,input,20971520,0.0,8.917831420898438,8.940696716308594e-08,3.725290298461914e-09,0.5467770576477051,INT16,Sufficient,0.00021680781187079172,1.0,,,0.00017228018692896262
end,layer2.0.relu2,ReLU,activation,input,20971520,0.0,8.917831420898438,8.940696716308594e-08,3.725290298461914e-09,0.5467770576477051,INT8,Marginal,0.027223930217367992,1.0,,,0.04444964476457731
end,layer2.0.relu2,ReLU,activation,activation,20971520,0.0,8.917831420898438,8.940696716308594e-08,3.725290298461914e-09,0.5467770576477051,FP16,Sufficient,7.985875563934925e-05,0.00048283106740729196,0.0,0.0,
end,layer2.0.relu2,ReLU,activation,activation,20971520,0.0,8.917831420898438,8.940696716308594e-08,3.725290298461914e-09,0.5467770576477051,FP8_E4M3,Sufficient,0.011131208843875242,1.0,0.0,0.0011063170704723973,
end,layer2.0.relu2,ReLU,activation,activation,20971520,0.0,8.917831420898438,8.940696716308594e-08,3.725290298461914e-09,0.5467770576477051,FP8_E5M2,Marginal,0.02033386621627776,0.11110903892504971,0.0,0.0,
end,layer2.0.relu2,ReLU,activation,activation,20971520,0.0,8.917831420898438,8.940696716308594e-08,3.725290298461914e-09,0.5467770576477051,INT16,Sufficient,0.00021680781187079172,1.0,,,0.00017228018692896262
end,layer2.0.relu2,ReLU,activation,activation,20971520,0.0,8.917831420898438,8.940696716308594e-08,3.725290298461914e-09,0.5467770576477051,INT8,Marginal,0.027223930217367992,1.0,,,0.04444964476457731
end,layer2.1.relu1,ReLU,activation,input,20971520,0.0,4.704848289489746,8.953387009569269e-08,9.313225746154785e-10,0.5324785709381104,FP16,Sufficient,8.252749364311395e-05,0.0004832884927868241,0.0,0.0,
end,layer2.1.relu1,ReLU,activation,input,20971520,0.0,4.704848289489746,8.953387009569269e-08,9.313225746154785e-10,0.5324785709381104,FP8_E4M3,Sufficient,0.011605383360942672,1.0,0.0,0.000640888698995941,
end,layer2.1.relu1,ReLU,activation,input,20971520,0.0,4.704848289489746,8.953387009569269e-08,9.313225746154785e-10,0.5324785709381104,FP8_E5M2,Marginal,0.021036535278168195,0.11108021569895736,0.0,0.0,
end,layer2.1.relu1,ReLU,activation,input,20971520,0.0,4.704848289489746,8.953387009569269e-08,9.313225746154785e-10,0.5324785709381104,INT16,Sufficient,0.0001344031270106566,0.41054529452239635,,,9.999443432793399e-05
end,layer2.1.relu1,ReLU,activation,input,20971520,0.0,4.704848289489746,8.953387009569269e-08,9.313225746154785e-10,0.5324785709381104,INT8,Marginal,0.02407086186818305,1.0,,,0.025799351414357585
end,layer2.1.relu1,ReLU,activation,activation,20971520,0.0,4.704848289489746,8.953387009569269e-08,9.313225746154785e-10,0.5324785709381104,FP16,Sufficient,8.252749364311395e-05,0.0004832884927868241,0.0,0.0,
end,layer2.1.relu1,ReLU,activation,activation,20971520,0.0,4.704848289489746,8.953387009569269e-08,9.313225746154785e-10,0.5324785709381104,FP8_E4M3,Sufficient,0.011605383360942672,1.0,0.0,0.000640888698995941,
end,layer2.1.relu1,ReLU,activation,activation,20971520,0.0,4.704848289489746,8.953387009569269e-08,9.313225746154785e-10,0.5324785709381104,FP8_E5M2,Marginal,0.021036535278168195,0.11108021569895736,0.0,0.0,
end,layer2.1.relu1,ReLU,activation,activation,20971520,0.0,4.704848289489746,8.953387009569269e-08,9.313225746154785e-10,0.5324785709381104,INT16,Sufficient,0.0001344031270106566,0.41054529452239635,,,9.999443432793399e-05
end,layer2.1.relu1,ReLU,activation,activation,20971520,0.0,4.704848289489746,8.953387009569269e-08,9.313225746154785e-10,0.5324785709381104,INT8,Marginal,0.02407086186818305,1.0,,,0.025799351414357585
end,layer2.1.relu2,ReLU,activation,input,20971520,0.0,12.171319961547852,4.122537422546202e-09,4.656612873077393e-10,0.4072962760925293,FP16,Sufficient,0.00010644288789450158,0.0004870906688569082,0.0,0.0,
end,layer2.1.relu2,ReLU,activation,input,20971520,0.0,12.171319961547852,4.122537422546202e-09,4.656612873077393e-10,0.4072962760925293,FP8_E4M3,Sufficient,0.014625322759883068,1.0,0.0,0.0005846487931178485,
end,layer2.1.relu2,ReLU,activation,input,20971520,0.0,12.171319961547852,4.122537422546202e-09,4.656612873077393e-10,0.4072962760925293,FP8_E5M2,Marginal,0.02700035608141519,0.11109097835145547,0.0,0.0,
end,layer2.1.relu2,ReLU,activation,input,20971520,0.0,12.171319961547852,4.122537422546202e-09,4.656612873077393e-10,0.4072962760925293,INT16,Sufficient,0.0002035488987676627,0.2905598335355781,,,0.00019549482359958786
end,layer2.1.relu2,ReLU,activation,input,20971520,0.0,12.171319961547852,4.122537422546202e-09,4.656612873077393e-10,0.4072962760925293,INT8,Marginal,0.036531223392659753,1.0,,,0.050439203818013346
end,layer2.1.relu2,ReLU,activation,activation,20971520,0.0,12.171319961547852,4.122537422546202e-09,4.656612873077393e-10,0.4072962760925293,FP16,Sufficient,0.00010644288789450158,0.0004870906688569082,0.0,0.0,
end,layer2.1.relu2,ReLU,activation,activation,20971520,0.0,12.171319961547852,4.122537422546202e-09,4.656612873077393e-10,0.4072962760925293,FP8_E4M3,Sufficient,0.014625322759883068,1.0,0.0,0.0005846487931178485,
end,layer2.1.relu2,ReLU,activation,activation,20971520,0.0,12.171319961547852,4.122537422546202e-09,4.656612873077393e-10,0.4072962760925293,FP8_E5M2,Marginal,0.02700035608141519,0.11109097835145547,0.0,0.0,
end,layer2.1.relu2,ReLU,activation,activation,20971520,0.0,12.171319961547852,4.122537422546202e-09,4.656612873077393e-10,0.4072962760925293,INT16,Sufficient,0.0002035488987676627,0.2905598335355781,,,0.00019549482359958786
end,layer2.1.relu2,ReLU,activation,activation,20971520,0.0,12.171319961547852,4.122537422546202e-09,4.656612873077393e-10,0.4072962760925293,INT8,Marginal,0.036531223392659753,1.0,,,0.050439203818013346
end,layer3.0.relu1,ReLU,activation,input,10485760,0.0,5.60892915725708,2.287938514200505e-07,2.3283064365386963e-10,0.5345296859741211,FP16,Sufficient,8.100929985778035e-05,0.002080276275726125,0.0,0.0,
end,layer3.0.relu1,ReLU,activation,input,10485760,0.0,5.60892915725708,2.287938514200505e-07,2.3283064365386963e-10,0.5345296859741211,FP8_E4M3,Sufficient,0.012114773586126781,1.0,0.0,0.001940700808625337,
end,layer3.0.relu1,ReLU,activation,input,10485760,0.0,5.60892915725708,2.287938514200505e-07,2.3283064365386963e-10,0.5345296859741211,FP8_E5M2,Marginal,0.02061354807920344,0.9958394474485478,0.0,0.0,
end,layer3.0.relu1,ReLU,activation,input,10485760,0.0,5.60892915725708,2.287938514200505e-07,2.3283064365386963e-10,0.5345296859741211,INT16,Sufficient,0.0002693617738248304,1.0,,,0.00012351178190118573
end,layer3.0.relu1,ReLU,activation,input,10485760,0.0,5.60892915725708,2.287938514200505e-07,2.3283064365386963e-10,0.5345296859741211,INT8,Marginal,0.028998004545433,1.0,,,0.03186701226422167
end,layer3.0.relu1,ReLU,activation,activation,10485760,0.0,5.60892915725708,2.287938514200505e-07,2.3283064365386963e-10,0.5345296859741211,FP16,Sufficient,8.100929985778035e-05,0.002080276275726125,0.0,0.0,
end,layer3.0.relu1,ReLU,activation,activation,10485760,0.0,5.60892915725708,2.287938514200505e-07,2.3283064365386963e-10,0.5345296859741211,FP8_E4M3,Sufficient,0.012114773586126781,1.0,0.0,0.001940700808625337,
end,layer3.0.relu1,ReLU,activation,activation,10485760,0.0,5.60892915725708,2.287938514200505e-07,2.3283064365386963e-10,0.5345296859741211,FP8_E5M2,Marginal,0.02061354807920344,0.9958394474485478,0.0,0.0,
end,layer3.0.relu1,ReLU,activation,activation,10485760,0.0,5.60892915725708,2.287938514200505e-07,2.3283064365386963e-10,0.5345296859741211,INT16,Sufficient,0.0002693617738248304,1.0,,,0.00012351178190118573
end,layer3.0.relu1,ReLU,activation,activation,10485760,0.0,5.60892915725708,2.287938514200505e-07,2.3283064365386963e-10,0.5345296859741211,INT8,Marginal,0.028998004545433,1.0,,,0.03186701226422167
end,layer3.0.relu2,ReLU,activation,input,10485760,0.0,8.337425231933594,5.960464477539063e-08,3.725290298461914e-09,0.5351992607116699,FP16,Sufficient,8.279125517307917e-05,0.0004870920603994155,0.0,0.0,
end,layer3.0.relu2,ReLU,activation,input,10485760,0.0,8.337425231933594,5.960464477539063e-08,3.725290298461914e-09,0.5351992607116699,FP8_E4M3,Sufficient,0.011519282383755169,1.0,0.0,0.0009646302250803858,
end,layer3.0.relu2,ReLU,activation,input,10485760,0.0,8.337425231933594,5.960464477539063e-08,3.725290298461914e-09,0.5351992607116699,FP8_E5M2,Marginal,0.020863462442487032,0.11110487105494966,0.0,0.0,
end,layer3.0.relu2,ReLU,activation,input,10485760,0.0,8.337425231933594,5.960464477539063e-08,3.725290298461914e-09,0.5351992607116699,INT16,Sufficient,0.00021481046621103016,1.0,,,0.0001594598785101427
end,layer3.0.relu2,ReLU,activation,input,10485760,0.0,8.337425231933594,5.960464477539063e-08,3.725290298461914e-09,0.5351992607116699,INT8,Marginal,0.025597125960079063,1.0,,,0.041141904245211386
end,layer3.0.relu2,ReLU,activation,activation,10485760,0.0,8.337425231933594,5.960464477539063e-08,3.725290298461914e-09,0.5351992607116699,FP16,Sufficient,8.279125517307917e-05,0.0004870920603994155,0.0,0.0,
end,layer3.0.relu2,ReLU,activation,activation,10485760,0.0,8.337425231933594,5.960464477539063e-08,3.725290298461914e-09,0.5351992607116699,FP8_E4M3,Sufficient,0.011519282383755169,1.0,0.0,0.0009646302250803858,
end,layer3.0.relu2,ReLU,activation,activation,10485760,0.0,8.337425231933594,5.960464477539063e-08,3.725290298461914e-09,0.5351992607116699,FP8_E5M2,Marginal,0.020863462442487032,0.11110487105494966,0.0,0.0,
end,layer3.0.relu2,ReLU,activation,activation,10485760,0.0,8.337425231933594,5.960464477539063e-08,3.725290298461914e-09,0.5351992607116699,INT16,Sufficient,0.00021481046621103016,1.0,,,0.0001594598785101427
end,layer3.0.relu2,ReLU,activation,activation,10485760,0.0,8.337425231933594,5.960464477539063e-08,3.725290298461914e-09,0.5351992607116699,INT8,Marginal,0.025597125960079063,1.0,,,0.041141904245211386
end,layer3.1.relu1,ReLU,activation,input,10485760,0.0,4.984918594360352,7.478099206537081e-08,4.511093720793724e-10,0.5107577323913575,FP16,Sufficient,8.57790991277867e-05,0.0006936624750676393,0.0,0.0,
end,layer3.1.relu1,ReLU,activation,input,10485760,0.0,4.984918594360352,7.478099206537081e-08,4.511093720793724e-10,0.5107577323913575,FP8_E4M3,Sufficient,0.012595438580559845,1.0,0.0,0.0018354236769654328,
end,layer3.1.relu1,ReLU,activation,input,10485760,0.0,4.984918594360352,7.478099206537081e-08,4.511093720793724e-10,0.5107577323913575,FP8_E5M2,Marginal,0.021994395532300166,0.19729682873502036,0.0,0.0,
end,layer3.1.relu1,ReLU,activation,input,10485760,0.0,4.984918594360352,7.478099206537081e-08,4.511093720793724e-10,0.5107577323913575,INT16,Sufficient,0.00023898567544028925,1.0,,,0.00011895781022917999
end,layer3.1.relu1,ReLU,activation,input,10485760,0.0,4.984918594360352,7.478099206537081e-08,4.511093720793724e-10,0.5107577323913575,INT8,Marginal,0.02898657513211734,1.0,,,0.030692051714799537
end,layer3.1.relu1,ReLU,activation,activation,10485760,0.0,4.984918594360352,7.478099206537081e-08,4.511093720793724e-10,0.5107577323913575,FP16,Sufficient,8.57790991277867e-05,0.0006936624750676393,0.0,0.0,
end,layer3.1.relu1,ReLU,activation,activation,10485760,0.0,4.984918594360352,7.478099206537081e-08,4.511093720793724e-10,0.5107577323913575,FP8_E4M3,Sufficient,0.012595438580559845,1.0,0.0,0.0018354236769654328,
end,layer3.1.relu1,ReLU,activation,activation,10485760,0.0,4.984918594360352,7.478099206537081e-08,4.511093720793724e-10,0.5107577323913575,FP8_E5M2,Marginal,0.021994395532300166,0.19729682873502036,0.0,0.0,
end,layer3.1.relu1,ReLU,activation,activation,10485760,0.0,4.984918594360352,7.478099206537081e-08,4.511093720793724e-10,0.5107577323913575,INT16,Sufficient,0.00023898567544028925,1.0,,,0.00011895781022917999
end,layer3.1.relu1,ReLU,activation,activation,10485760,0.0,4.984918594360352,7.478099206537081e-08,4.511093720793724e-10,0.5107577323913575,INT8,Marginal,0.02898657513211734,1.0,,,0.030692051714799537
end,layer3.1.relu2,ReLU,activation,input,10485760,0.0,11.785938262939453,3.5762786865234375e-07,4.656612873077393e-10,0.3984023094177246,FP16,Sufficient,0.00010612874203505212,0.0004828033447701542,0.0,0.0,
end,layer3.1.relu2,ReLU,activation,input,10485760,0.0,11.785938262939453,3.5762786865234375e-07,4.656612873077393e-10,0.3984023094177246,FP8_E4M3,Sufficient,0.014808315915933554,1.0,0.0,0.001328462304882099,
end,layer3.1.relu2,ReLU,activation,input,10485760,0.0,11.785938262939453,3.5762786865234375e-07,4.656612873077393e-10,0.3984023094177246,FP8_E5M2,Marginal,0.02695141611831068,0.11108982364868,0.0,0.0,
end,layer3.1.relu2,ReLU,activation,input,10485760,0.0,11.785938262939453,3.5762786865234375e-07,4.656612873077393e-10,0.3984023094177246,INT16,Sufficient,0.00042680570240206744,1.0,,,0.00023346831758025145
end,layer3.1.relu2,ReLU,activation,input,10485760,0.0,11.785938262939453,3.5762786865234375e-07,4.656612873077393e-10,0.3984023094177246,INT8,Marginal,0.04035637660783035,1.0,,,0.06023666426891417
end,layer3.1.relu2,ReLU,activation,activation,10485760,0.0,11.785938262939453,3.5762786865234375e-07,4.656612873077393e-10,0.3984023094177246,FP16,Sufficient,0.00010612874203505212,0.0004828033447701542,0.0,0.0,
end,layer3.1.relu2,ReLU,activation,activation,10485760,0.0,11.785938262939453,3.5762786865234375e-07,4.656612873077393e-10,0.3984023094177246,FP8_E4M3,Sufficient,0.014808315915933554,1.0,0.0,0.001328462304882099,
end,layer3.1.relu2,ReLU,activation,activation,10485760,0.0,11.785938262939453,3.5762786865234375e-07,4.656612873077393e-10,0.3984023094177246,FP8_E5M2,Marginal,0.02695141611831068,0.11108982364868,0.0,0.0,
end,layer3.1.relu2,ReLU,activation,activation,10485760,0.0,11.785938262939453,3.5762786865234375e-07,4.656612873077393e-10,0.3984023094177246,INT16,Sufficient,0.00042680570240206744,1.0,,,0.00023346831758025145
end,layer3.1.relu2,ReLU,activation,activation,10485760,0.0,11.785938262939453,3.5762786865234375e-07,4.656612873077393e-10,0.3984023094177246,INT8,Marginal,0.04035637660783035,1.0,,,0.06023666426891417
end,layer4.0.relu1,ReLU,activation,input,5242880,0.0,8.952974319458008,1.1178990462212823e-06,4.656612873077393e-10,0.5090536117553711,FP16,Sufficient,8.829507717891408e-05,0.00048268373586964514,0.0,0.0,
end,layer4.0.relu1,ReLU,activation,input,5242880,0.0,8.952974319458008,1.1178990462212823e-06,4.656612873077393e-10,0.5090536117553711,FP8_E4M3,Sufficient,0.012250889439885776,1.0,0.0,0.0009107468123861566,
end,layer4.0.relu1,ReLU,activation,input,5242880,0.0,8.952974319458008,1.1178990462212823e-06,4.656612873077393e-10,0.5090536117553711,FP8_E5M2,Marginal,0.022043611080481026,0.11104413693548426,0.0,0.0,
end,layer4.0.relu1,ReLU,activation,input,5242880,0.0,8.952974319458008,1.1178990462212823e-06,4.656612873077393e-10,0.5090536117553711,INT16,Sufficient,0.00024475088119799886,0.2306141611797524,,,0.00018855883443810685
end,layer4.0.relu1,ReLU,activation,input,5242880,0.0,8.952974319458008,1.1178990462212823e-06,4.656612873077393e-10,0.5090536117553711,INT8,Marginal,0.04321797439838259,1.0,,,0.04864966400026336
end,layer4.0.relu1,ReLU,activation,activation,5242880,0.0,8.952974319458008,1.1178990462212823e-06,4.656612873077393e-10,0.5090536117553711,FP16,Sufficient,8.829507717891408e-05,0.00048268373586964514,0.0,0.0,
end,layer4.0.relu1,ReLU,activation,activation,5242880,0.0,8.952974319458008,1.1178990462212823e-06,4.656612873077393e-10,0.5090536117553711,FP8_E4M3,Sufficient,0.012250889439885776,1.0,0.0,0.0009107468123861566,
end,layer4.0.relu1,ReLU,activation,activation,5242880,0.0,8.952974319458008,1.1178990462212823e-06,4.656612873077393e-10,0.5090536117553711,FP8_E5M2,Marginal,0.022043611080481026,0.11104413693548426,0.0,0.0,
end,layer4.0.relu1,ReLU,activation,activation,5242880,0.0,8.952974319458008,1.1178990462212823e-06,4.656612873077393e-10,0.5090536117553711,INT16,Sufficient,0.00024475088119799886,0.2306141611797524,,,0.00018855883443810685
end,layer4.0.relu1,ReLU,activation,activation,5242880,0.0,8.952974319458008,1.1178990462212823e-06,4.656612873077393e-10,0.5090536117553711,INT8,Marginal,0.04321797439838259,1.0,,,0.04864966400026336
end,layer4.0.relu2,ReLU,activation,input,5242880,0.0,12.992952346801758,2.384185791015625e-07,1.862645149230957e-09,0.5887964248657227,FP16,Sufficient,7.23670312339317e-05,0.0004853042793552845,0.0,0.0,
end,layer4.0.relu2,ReLU,activation,input,5242880,0.0,12.992952346801758,2.384185791015625e-07,1.862645149230957e-09,0.5887964248657227,FP8_E4M3,Sufficient,0.010286044260652397,1.0,0.0,0.0012177301509985387,
end,layer4.0.relu2,ReLU,activation,input,5242880,0.0,12.992952346801758,2.384185791015625e-07,1.862645149230957e-09,0.5887964248657227,FP8_E5M2,Sufficient,0.018379483302300867,0.11105977456592331,0.0,0.0,
end,layer4.0.relu2,ReLU,activation,input,5242880,0.0,12.992952346801758,2.384185791015625e-07,1.862645149230957e-09,0.5887964248657227,INT16,Sufficient,0.00016561540710762556,0.3296370002412764,,,0.00014586211029405717
end,layer4.0.relu2,ReLU,activation,input,5242880,0.0,12.992952346801758,2.384185791015625e-07,1.862645149230957e-09,0.5887964248657227,INT8,Marginal,0.025906947541093826,1.0,,,0.03763357297642025
end,layer4.0.relu2,ReLU,activation,activation,5242880,0.0,12.992952346801758,2.384185791015625e-07,1.862645149230957e-09,0.5887964248657227,FP16,Sufficient,7.23670312339317e-05,0.0004853042793552845,0.0,0.0,
end,layer4.0.relu2,ReLU,activation,activation,5242880,0.0,12.992952346801758,2.384185791015625e-07,1.862645149230957e-09,0.5887964248657227,FP8_E4M3,Sufficient,0.010286044260652397,1.0,0.0,0.0012177301509985387,
end,layer4.0.relu2,ReLU,activation,activation,5242880,0.0,12.992952346801758,2.384185791015625e-07,1.862645149230957e-09,0.5887964248657227,FP8_E5M2,Sufficient,0.018379483302300867,0.11105977456592331,0.0,0.0,
end,layer4.0.relu2,ReLU,activation,activation,5242880,0.0,12.992952346801758,2.384185791015625e-07,1.862645149230957e-09,0.5887964248657227,INT16,Sufficient,0.00016561540710762556,0.3296370002412764,,,0.00014586211029405717
end,layer4.0.relu2,ReLU,activation,activation,5242880,0.0,12.992952346801758,2.384185791015625e-07,1.862645149230957e-09,0.5887964248657227,INT8,Marginal,0.025906947541093826,1.0,,,0.03763357297642025
end,layer4.1.relu1,ReLU,activation,input,5242880,0.0,10.343032836914062,8.134207973853336e-09,1.1641532182693481e-10,0.5202661514282226,FP16,Sufficient,8.42458274497482e-05,0.0004855468645481221,0.0,0.0,
end,layer4.1.relu1,ReLU,activation,input,5242880,0.0,10.343032836914062,8.134207973853336e-09,1.1641532182693481e-10,0.5202661514282226,FP8_E4M3,Sufficient,0.01258517105724636,1.0,0.0,0.0018722696068233825,
end,layer4.1.relu1,ReLU,activation,input,5242880,0.0,10.343032836914062,8.134207973853336e-09,1.1641532182693481e-10,0.5202661514282226,FP8_E5M2,Marginal,0.021410484809053672,0.11986153242058745,0.0,0.0,
end,layer4.1.relu1,ReLU,activation,input,5242880,0.0,10.343032836914062,8.134207973853336e-09,1.1641532182693481e-10,0.5202661514282226,INT16,Sufficient,0.0003926236570636389,1.0,,,0.00018085129373724868
end,layer4.1.relu1,ReLU,activation,input,5242880,0.0,10.343032836914062,8.134207973853336e-09,1.1641532182693481e-10,0.5202661514282226,INT8,Marginal,0.042969587471979334,1.0,,,0.0466610578101451
end,layer4.1.relu1,ReLU,activation,activation,5242880,0.0,10.343032836914062,8.134207973853336e-09,1.1641532182693481e-10,0.5202661514282226,FP16,Sufficient,8.42458274497482e-05,0.0004855468645481221,0.0,0.0,
end,layer4.1.relu1,ReLU,activation,activation,5242880,0.0,10.343032836914062,8.134207973853336e-09,1.1641532182693481e-10,0.5202661514282226,FP8_E4M3,Sufficient,0.01258517105724636,1.0,0.0,0.0018722696068233825,
end,layer4.1.relu1,ReLU,activation,activation,5242880,0.0,10.343032836914062,8.134207973853336e-09,1.1641532182693481e-10,0.5202661514282226,FP8_E5M2,Marginal,0.021410484809053672,0.11986153242058745,0.0,0.0,
end,layer4.1.relu1,ReLU,activation,activation,5242880,0.0,10.343032836914062,8.134207973853336e-09,1.1641532182693481e-10,0.5202661514282226,INT16,Sufficient,0.0003926236570636389,1.0,,,0.00018085129373724868
end,layer4.1.relu1,ReLU,activation,activation,5242880,0.0,10.343032836914062,8.134207973853336e-09,1.1641532182693481e-10,0.5202661514282226,INT8,Marginal,0.042969587471979334,1.0,,,0.0466610578101451
end,layer4.1.relu2,ReLU,activation,input,5242880,0.0,10.786931991577148,5.1740038031766744e-08,2.3283064365386963e-10,0.47041168212890627,FP16,Sufficient,9.300013086834684e-05,0.0004874480635694173,0.0,0.0,
end,layer4.1.relu2,ReLU,activation,input,5242880,0.0,10.786931991577148,5.1740038031766744e-08,2.3283064365386963e-10,0.47041168212890627,FP8_E4M3,Sufficient,0.013016264845609526,1.0,0.0,0.0010465226905146988,
end,layer4.1.relu2,ReLU,activation,input,5242880,0.0,10.786931991577148,5.1740038031766744e-08,2.3283064365386963e-10,0.47041168212890627,FP8_E5M2,Marginal,0.023515349608467198,0.11105883808940127,0.0,0.0,
end,layer4.1.relu2,ReLU,activation,input,5242880,0.0,10.786931991577148,5.1740038031766744e-08,2.3283064365386963e-10,0.47041168212890627,INT16,Sufficient,0.0003373634363096174,0.9050061536638776,,,0.00021265802171831547
end,layer4.1.relu2,ReLU,activation,input,5242880,0.0,10.786931991577148,5.1740038031766744e-08,2.3283064365386963e-10,0.47041168212890627,INT8,Marginal,0.04649481034038963,1.0,,,0.05486744407593735
end,layer4.1.relu2,ReLU,activation,activation,5242880,0.0,10.786931991577148,5.1740038031766744e-08,2.3283064365386963e-10,0.47041168212890627,FP16,Sufficient,9.300013086834684e-05,0.0004874480635694173,0.0,0.0,
end,layer4.1.relu2,ReLU,activation,activation,5242880,0.0,10.786931991577148,5.1740038031766744e-08,2.3283064365386963e-10,0.47041168212890627,FP8_E4M3,Sufficient,0.013016264845609526,1.0,0.0,0.0010465226905146988,
end,layer4.1.relu2,ReLU,activation,activation,5242880,0.0,10.786931991577148,5.1740038031766744e-08,2.3283064365386963e-10,0.47041168212890627,FP8_E5M2,Marginal,0.023515349608467198,0.11105883808940127,0.0,0.0,
end,layer4.1.relu2,ReLU,activation,activation,5242880,0.0,10.786931991577148,5.1740038031766744e-08,2.3283064365386963e-10,0.47041168212890627,INT16,Sufficient,0.0003373634363096174,0.9050061536638776,,,0.00021265802171831547
end,layer4.1.relu2,ReLU,activation,activation,5242880,0.0,10.786931991577148,5.1740038031766744e-08,2.3283064365386963e-10,0.47041168212890627,INT8,Marginal,0.04649481034038963,1.0,,,0.05486744407593735
end,avgpool,AdaptiveAvgPool2d,pooling,input,5242880,0.0,10.786931991577148,5.1740038031766744e-08,2.3283064365386963e-10,0.47041168212890627,FP16,Sufficient,9.300013086834684e-05,0.0004874480635694173,0.0,0.0,
end,avgpool,AdaptiveAvgPool2d,pooling,input,5242880,0.0,10.786931991577148,5.1740038031766744e-08,2.3283064365386963e-10,0.47041168212890627,FP8_E4M3,Sufficient,0.013016264845609526,1.0,0.0,0.0010465226905146988,
end,avgpool,AdaptiveAvgPool2d,pooling,input,5242880,0.0,10.786931991577148,5.1740038031766744e-08,2.3283064365386963e-10,0.47041168212890627,FP8_E5M2,Marginal,0.023515349608467198,0.11105883808940127,0.0,0.0,
end,avgpool,AdaptiveAvgPool2d,pooling,input,5242880,0.0,10.786931991577148,5.1740038031766744e-08,2.3283064365386963e-10,0.47041168212890627,INT16,Sufficient,0.0003373634363096174,0.9050061536638776,,,0.00021265802171831547
end,avgpool,AdaptiveAvgPool2d,pooling,input,5242880,0.0,10.786931991577148,5.1740038031766744e-08,2.3283064365386963e-10,0.47041168212890627,INT8,Marginal,0.04649481034038963,1.0,,,0.05486744407593735
end,avgpool,AdaptiveAvgPool2d,pooling,activation,327680,0.0,3.315838575363159,1.9996327864646446e-06,4.656612873077393e-10,0.0324127197265625,FP16,Sufficient,0.0001699866031257968,0.0004799284825376745,0.0,0.0,
end,avgpool,AdaptiveAvgPool2d,pooling,activation,327680,0.0,3.315838575363159,1.9996327864646446e-06,4.656612873077393e-10,0.0324127197265625,FP8_E4M3,Marginal,0.02806152708209546,1.0,0.0,0.0035262393694254304,
end,avgpool,AdaptiveAvgPool2d,pooling,activation,327680,0.0,3.315838575363159,1.9996327864646446e-06,4.656612873077393e-10,0.0324127197265625,FP8_E5M2,Marginal,0.04354050850188458,0.15615496719641164,0.0,0.0,
end,avgpool,AdaptiveAvgPool2d,pooling,activation,327680,0.0,3.315838575363159,1.9996327864646446e-06,4.656612873077393e-10,0.0324127197265625,INT16,Sufficient,0.0005666994680849147,1.0,,,8.927488994979661e-05
end,avgpool,AdaptiveAvgPool2d,pooling,activation,327680,0.0,3.315838575363159,1.9996327864646446e-06,4.656612873077393e-10,0.0324127197265625,INT8,Marginal,0.07510993753685019,1.0,,,0.023033624558936892
